{"type":"FeatureCollection","features":[{"type":"Feature","id":1,"geometry":{"type":"MultiPolygon","coordinates":[[[[-122.16206307230492,37.80332084270357],[-122.16230658138137,37.80352822390509],[-122.16281566152519,37.80369134687151],[-122.16303687893054,37.803753463028393],[-122.16347294040413,37.803979413840509],[-122.16375083168411,37.804330512559517],[-122.16391468946969,37.804536268279541],[-122.16402610397698,37.804641819683042],[-122.16437642056921,37.804748806588144],[-122.16465137153375,37.804891190649627],[-122.16484372960359,37.805042574740163],[-122.16483489989878,37.804648804434386],[-122.16437912636813,37.802883867422388],[-122.16425019116573,37.802798871364907],[-122.16212780894571,37.801643579658652],[-122.16173581331526,37.801430194385198],[-122.16129925690949,37.801442522376291],[-122.16127492929516,37.800041019963324],[-122.15971061801943,37.800061984284028],[-122.15843334831416,37.798029547742203],[-122.15945402842735,37.797464264317021],[-122.15876749512491,37.797104335269367],[-122.15819069606469,37.797415576818196],[-122.15668746877051,37.796675868502469],[-122.15668234202198,37.796482478313003],[-122.15437075019673,37.79648177013906],[-122.15528935430306,37.795579993360853],[-122.15446174718757,37.795123590940364],[-122.15361708388792,37.794654072133206],[-122.15411690124098,37.794094277353871],[-122.15395216732958,37.793939763592476],[-122.15325013736671,37.794736982394831],[-122.15275473089476,37.794471776792662],[-122.15313916571596,37.793427547162302],[-122.15230110482368,37.793430595936904],[-122.15230491465229,37.793087576154633],[-122.1508405306662,37.793074449318787],[-122.15053761725945,37.792527278425602],[-122.15033786607366,37.792416769833366],[-122.15027268399761,37.791897858473384],[-122.14980995867464,37.791635151832381],[-122.14875779184227,37.79280693875058],[-122.14822851435544,37.792508761126761],[-122.14803573395322,37.792400212211611],[-122.14696669246932,37.791798502136317],[-122.14664712757784,37.79205978619003],[-122.14554462319636,37.791743506832084],[-122.14603475501637,37.790666804292094],[-122.14567899936938,37.790154006639114],[-122.14528424085466,37.790145781673957],[-122.14455102346689,37.790796004468746],[-122.14440622934384,37.790921131860443],[-122.14404958790847,37.790514049291424],[-122.14392554107958,37.790372112435954],[-122.14366349103641,37.790104523176844],[-122.14326778157974,37.790366173689073],[-122.1426420289685,37.790320643335669],[-122.14225605502604,37.790083619059786],[-122.14181270333101,37.789756063094678],[-122.14251175624315,37.788890713509709],[-122.14371953611303,37.787398188952984],[-122.14318693289667,37.787025185744284],[-122.14330886624612,37.787061255142603],[-122.14266621286946,37.78640686806694],[-122.14198458481033,37.785711133295479],[-122.1357885247631,37.779384958410269],[-122.13543519175404,37.779023097006075],[-122.1350034672232,37.778798363370626],[-122.13511000514274,37.778690126656457],[-122.13477240241762,37.778344298555332],[-122.13464447210451,37.778214528471963],[-122.1344334376268,37.778000459240047],[-122.13427296074484,37.778099474387318],[-122.13388841131156,37.778336741646044],[-122.13336344069435,37.777800747920686],[-122.1330972660256,37.777528980819817],[-122.13303904432904,37.777469534533324],[-122.13358534623397,37.777132467795703],[-122.13180849975522,37.775318227903874],[-122.13128075036262,37.774386374678038],[-122.13127658695406,37.774379024713539],[-122.12971602712345,37.771623638387723],[-122.12950182665178,37.771244799244052],[-122.12945368232077,37.771179543602358],[-122.12940896488684,37.771112865396823],[-122.12936423476451,37.771045501563421],[-122.12932123320481,37.770978113822309],[-122.1284746452701,37.769611626779991],[-122.12846028296978,37.769587790211212],[-122.12844418886463,37.769563979366517],[-122.1284280958849,37.769540167602955],[-122.12841028836218,37.769517065308456],[-122.12839422550142,37.769494626499949],[-122.1283764180199,37.769471525101032],[-122.12835862673293,37.769449110163599],[-122.12833910360632,37.769426719145997],[-122.1283195978293,37.76940501547459],[-122.12830008977409,37.769383310930344],[-122.12828058284541,37.769361605466209],[-122.12825936141695,37.769340611269698],[-122.12823814000048,37.769319617069314],[-122.12821693366308,37.769299310245906],[-122.12819399885532,37.769279025490263],[-122.12817280756872,37.769259404237886],[-122.1281498705156,37.769239119504896],[-122.12812523514663,37.769220232500693],[-122.12810233052032,37.769201322488769],[-122.12807769290622,37.76918243550589],[-122.1280530726202,37.76916423496646],[-122.12726701839611,37.768584536119313],[-122.12724948330582,37.768573791174397],[-122.12721962960866,37.768553601743115],[-122.12718977596727,37.768533414106017],[-122.12716163682499,37.768512514305336],[-122.12713176817876,37.768491640173202],[-122.12710361176198,37.768470053909581],[-122.1270754437494,37.768447782012842],[-122.12704900531142,37.768425486236978],[-122.12702082004601,37.768402528778978],[-122.12699609502658,37.768379522654556],[-122.12696963933142,37.768356540411673],[-122.12694317086729,37.768332870750349],[-122.12691841697951,37.76830849253404],[-122.12689539033352,37.768284087771015],[-122.12687062030811,37.768259023079857],[-122.12684757869822,37.7682339336288],[-122.12682453937357,37.768208844141775],[-122.1268032134479,37.768183044316835],[-122.1267818725032,37.768156558007618],[-122.12676054547242,37.768130758190352],[-122.12674092019,37.768103560608495],[-122.12672130770525,37.768077050435743],[-122.1267016824909,37.768049854648886],[-122.1266820410837,37.768021970592137],[-122.12666414431123,37.76799475094748],[-122.12664796204683,37.767966820052251],[-122.12663003519599,37.767938225639661],[-122.12661385295672,37.767910294739515],[-122.12659938410798,37.767881653506592],[-122.12514266044586,37.765192757865115],[-122.12513726170506,37.765183216864074],[-122.12511553177305,37.765138882637345],[-122.1250938168845,37.765095234887063],[-122.12507381642479,37.765050874105647],[-122.12505379987634,37.765005828656903],[-122.12503553013627,37.764961446712242],[-122.12501724424675,37.764916377398158],[-122.12500067283825,37.764870597757771],[-122.12498410029576,37.764824817229325],[-122.12496925953653,37.76477901372607],[-122.12495614713326,37.764733186394565],[-122.12494303474617,37.764687359061249],[-122.12493163567504,37.764640820518608],[-122.12492196726171,37.764594259919534],[-122.12491229884074,37.764547698418411],[-122.12490261541626,37.764500450435094],[-122.12483920935522,37.764132573023154],[-122.1248331200415,37.764091453878493],[-122.12482357188031,37.764050385115247],[-122.12481402369039,37.764009314549213],[-122.1248027460759,37.763968268722365],[-122.12479148348854,37.763927909375262],[-122.12478022093309,37.763887550927656],[-122.12476722889846,37.763847214515792],[-122.1247525074665,37.763806903742655],[-122.12473778714592,37.763766591149967],[-122.1247213490016,37.763726988921412],[-122.12470492931264,37.763688074025296],[-122.12468849349257,37.763648472661266],[-122.12467034325694,37.763609581613174],[-122.12465046359485,37.763570714399229],[-122.12463059783177,37.763532533678436],[-122.12460900604977,37.763494376743637],[-122.12458741204004,37.763456220736828],[-122.12457304990726,37.763432383700156],[-122.12438297419116,37.763125992735027],[-122.12375123942515,37.762083375714226],[-122.12373866840886,37.762062261557183],[-122.12372436798957,37.762041171222293],[-122.1237100814478,37.762020767382687],[-122.12369579604868,37.762000363525608],[-122.12368151065735,37.761979959666775],[-122.12366549586557,37.761959579628851],[-122.12364949608616,37.761939886070117],[-122.12363349631531,37.761920192509145],[-122.12361576714591,37.761900522767895],[-122.12359978239556,37.761881515683648],[-122.12358206824727,37.761862532418711],[-122.12356435410805,37.761843549151017],[-122.1235449255753,37.761825276183039],[-122.1235254970521,37.761807003211814],[-122.12350608354069,37.761789416718834],[-122.12348667001883,37.761771829321688],[-122.12347608356728,37.761762361500828],[-122.1232310765234,37.761554235912087],[-122.12322049013548,37.761544768067921],[-122.1232063849554,37.761532601928543],[-122.1231922797799,37.761520435787446],[-122.123179904007,37.761508245829063],[-122.1231657838414,37.761495393203212],[-122.1231533930781,37.761482516760395],[-122.12314100231907,37.761469640316328],[-122.12312861042955,37.761456763886486],[-122.12311793407702,37.761443177143441],[-122.12310552833226,37.761429614213945],[-122.1230948519878,37.761416027468798],[-122.12308417564735,37.761402440722627],[-122.12307348431257,37.761388167493834],[-122.12306280797995,37.761374580745645],[-122.1230538460479,37.76136028370118],[-122.12304315472501,37.761346010469573],[-122.12303417778264,37.761331026041013],[-122.12302521586136,37.761316728994203],[-122.12301623894581,37.761301745465119],[-122.12300726203398,37.761286761935295],[-122.12300001451818,37.761271754591803],[-122.1229927670054,37.76125674724782],[-122.12298379010367,37.761241763716086],[-122.12297827198857,37.761226732558427],[-122.12297100948732,37.761211038731389],[-122.12296374698914,37.761195344903854],[-122.12295822888154,37.761180313745122],[-122.12295269577913,37.761164596104472],[-122.12294716267903,37.761148878463537],[-122.12294161458445,37.76113247434062],[-122.12293781087806,37.761116732887032],[-122.12293400717323,37.761100991433274],[-122.12293020347005,37.761085249979352],[-122.12292638477174,37.761068822043597],[-122.12292258107186,37.76105308058937],[-122.12291876237684,37.761036652653317],[-122.12291668806691,37.761020887386991],[-122.1229145987612,37.761004435639016],[-122.12291250945641,37.76098798389085],[-122.12291216453472,37.76097219481268],[-122.12289004662333,37.760672415720869],[-122.12288977668948,37.760660059050238],[-122.12288777737771,37.760647726190939],[-122.12288577806665,37.760635393331555],[-122.12288377875618,37.760623060472106],[-122.12288177944637,37.760610727612608],[-122.12287978013724,37.760598394753011],[-122.12287605145215,37.760586085704539],[-122.12287405214464,37.76057375284482],[-122.12287032346178,37.760561443796114],[-122.12286659478016,37.760549134747265],[-122.12286286609972,37.760536825698253],[-122.12285913742056,37.760524516649113],[-122.12285369436368,37.760512917892385],[-122.12284996568727,37.760500608842918],[-122.12284452263361,37.760489010085685],[-122.12283906458578,37.76047672484647],[-122.12283362153559,37.760465126088732],[-122.12282817848705,37.760453527330647],[-122.12282273542053,37.760441927671451],[-122.12281556300245,37.76043035272312],[-122.12281011995928,37.76041875396416],[-122.1228029625408,37.760407865496767],[-122.12279579012909,37.760396290547135],[-122.12278863271492,37.760385402078811],[-122.12278146030759,37.760373827128326],[-122.12277430289764,37.76036293865905],[-122.12276541611867,37.760352073998895],[-122.12275827370823,37.760341872010443],[-122.1227493869341,37.760331007349045],[-122.12274051515742,37.760320829168684],[-122.12273162838842,37.7603099645059],[-122.12272275661667,37.760299786324147],[-122.12271388484741,37.760289608141754],[-122.12270502807506,37.760280116440441],[-122.12269442694128,37.760269962065138],[-122.12268384080473,37.760260494170673],[-122.12267496904545,37.76025031598531],[-122.12266438291419,37.760240848089026],[-122.12265381177966,37.760232066673524],[-122.12264322565363,37.760222598775378],[-122.12263092515619,37.760213841165537],[-122.12262035402949,37.760205059747079],[-122.12260978290523,37.760196278327633],[-122.1225974824161,37.760187520714261],[-122.12258519692325,37.760179449581436],[-122.1225746408001,37.760171354640576],[-122.12256235531243,37.760163283505314],[-122.12255885159918,37.760161271672935],[-122.12218170022899,37.75992200105096],[-122.12217643719697,37.759918640044297],[-122.12215887377452,37.75990652137785],[-122.12214129536855,37.759893716226848],[-122.1221237319577,37.759881597555115],[-122.12210615356371,37.759868792398869],[-122.12208857517572,37.759855987239895],[-122.12207271116479,37.759842471797107],[-122.12205684715958,37.759828956352116],[-122.12203925380128,37.759815464703834],[-122.12202337481982,37.759801262772392],[-122.12200922520267,37.759787037040375],[-122.12199334623305,37.759772835104755],[-122.12197918163936,37.759757922887118],[-122.12196330154693,37.759743720963058],[-122.12194913696482,37.75972880874172],[-122.12193668675764,37.759713186239388],[-122.12192252218668,37.759698274014788],[-122.12190834263438,37.759682675306522],[-122.12189589244356,37.759667052799728],[-122.12188342727116,37.759650743809644],[-122.12187097709085,37.759635121300164],[-122.12186024128371,37.759618788511126],[-122.12184777612718,37.759602479517149],[-122.12183702534344,37.759585460243976],[-122.12182628955085,37.759569127451712],[-122.12181553875719,37.759552107275546],[-122.12180651734057,37.759535064203845],[-122.12179576657603,37.7595180449267],[-122.12178674516811,37.759501001853351],[-122.12177770877848,37.759483272297295],[-122.12177040174409,37.759465518945611],[-122.12176138034833,37.759448475870158],[-122.12175407332126,37.759430722517358],[-122.12174675131209,37.75941228268205],[-122.12173944429203,37.759394529328183],[-122.12173386662433,37.759376752179492],[-122.1217265446255,37.759358312342741],[-122.12172096696355,37.759340535193303],[-122.12171537431912,37.75932207156152],[-122.12171151102454,37.759303584135402],[-122.1217059183852,37.759285120503087],[-122.12170205509494,37.759266633076514],[-122.12169819180656,37.759248145649771],[-122.12169605786548,37.75922963442904],[-122.12169219458052,37.759211147001984],[-122.12169006064201,37.759192635781027],[-122.12168792670457,37.759174124559955],[-122.12168577778333,37.759154926856723],[-122.12168537319128,37.759136391841814],[-122.12166117791635,37.758741191415695],[-122.1216606984098,37.758719223988962],[-122.12165848957059,37.758697280355392],[-122.12165628073262,37.758675336721723],[-122.12165234254427,37.758653415980213],[-122.12165013370942,37.758631472346252],[-122.12164619554491,37.758609552505234],[-122.12164225738266,37.75858763266406],[-122.12163658989283,37.758565736615616],[-122.12163092240633,37.758543840566858],[-122.12162526990734,37.758522630999806],[-122.12161960242749,37.758500734950324],[-122.12161222060709,37.758479549175192],[-122.12160483879092,37.758458363399512],[-122.12159745697885,37.758437177623307],[-122.12159007517107,37.758415991846547],[-122.12158096404151,37.758394829861444],[-122.12157185291713,37.75837366787556],[-122.12156275678149,37.758353192370983],[-122.1215536456674,37.758332030383521],[-122.1215428202178,37.758311578669009],[-122.1215320097575,37.758291813435569],[-122.12152118431975,37.758271361718975],[-122.12150864454833,37.758251620274528],[-122.12149608980064,37.758231192346535],[-122.12148355004265,37.758211450899289],[-122.12147102525444,37.758192395031905],[-122.12145675618878,37.758172677372208],[-122.12144423143359,37.758153622402766],[-122.12142997736487,37.758134591221825],[-122.12141400896604,37.758116270311042],[-122.1213997549122,37.758097239126393],[-122.12139088358718,37.758087060840545],[-122.12104464801384,37.757678436073896],[-122.11945936925778,37.755818699445832],[-122.11935813768879,37.755697859857257],[-122.11923015961126,37.755540306477705],[-122.11910559568928,37.755380645094],[-122.11898445977532,37.755219564017004],[-122.11886675408395,37.755057061424196],[-122.11875246254714,37.754892452660251],[-122.11793238187791,37.753693079181964],[-122.11834025324839,37.753516754249972],[-122.11835564074759,37.753510102323183],[-122.11825600464911,37.753365413973256],[-122.11783832095703,37.752758852063046],[-122.11744618097541,37.752189826764578],[-122.11716107172296,37.751776341739088],[-122.11666305850251,37.751054066145826],[-122.11619668615947,37.75037766460121],[-122.11618228250155,37.750351990553384],[-122.11616033341741,37.75031096137586],[-122.11613929148345,37.750269633183407],[-122.11611915924196,37.750228018557948],[-122.11609994504545,37.750186136309836],[-122.11608165585682,37.75014399355338],[-122.1160642952745,37.750101599251295],[-122.11604786717122,37.750058974978835],[-122.11603238187439,37.750016126001711],[-122.11601783640984,37.749973072186805],[-122.11600424116389,37.749929821502406],[-122.11599160102594,37.749886390102851],[-122.11597991509498,37.749842788814732],[-122.11596919049049,37.749799031959327],[-122.11595942867858,37.749755134836619],[-122.11593134638757,37.749545167895185],[-122.11582360026925,37.748724234657445],[-122.11582120713906,37.748725349770282],[-122.1158221579292,37.748732800192961],[-122.11549505420938,37.748885516576152],[-122.11500156261853,37.743243820905242],[-122.11500119541739,37.743179461890172],[-122.1150002429946,37.743011993962092],[-122.11491122263973,37.742472654332929],[-122.11491080180996,37.742470104390399],[-122.11458315347689,37.743366735907756],[-122.11458300564627,37.74336713985371],[-122.11318189623815,37.744297101764751],[-122.11276816088552,37.742752053667125],[-122.11380696459528,37.740665761462793],[-122.11410485672391,37.740067462477555],[-122.11430421398668,37.738278998817378],[-122.11406394937353,37.73677157815672],[-122.11259325356815,37.736736782520474],[-122.11233608636522,37.735464145751827],[-122.112338102175,37.735462968277801],[-122.11368512717431,37.734676542792769],[-122.11440884423357,37.734556757606541],[-122.11440791564165,37.734555642067185],[-122.11403682557903,37.734109664335243],[-122.11215187948984,37.734108004494082],[-122.11182523419434,37.732601750098446],[-122.11182737155164,37.73260110536151],[-122.11368739542891,37.73204039644272],[-122.11469789370061,37.732115581495478],[-122.11615535246092,37.732410025478586],[-122.11615524540684,37.732408024550026],[-122.11609718941506,37.731325840331166],[-122.11419800779464,37.731832609041135],[-122.1137692962203,37.731876398421086],[-122.11208809132349,37.731438638870479],[-122.11051565778249,37.730376507554617],[-122.10987690715531,37.729944411855193],[-122.11023348570123,37.727627249255974],[-122.10877083097265,37.727205675636981],[-122.10766872481551,37.726541955515806],[-122.10652899845606,37.72676959699443],[-122.10652806643969,37.726769782727843],[-122.10508819398972,37.728787419437758],[-122.10364312536038,37.730812259208342],[-122.10364241830183,37.730813250202843],[-122.10175999235318,37.73173149192958],[-122.10124333033214,37.731712367359343],[-122.10124100582561,37.73171228089749],[-122.1015259739907,37.732930712826743],[-122.10152653512681,37.732933110412255],[-122.09886074114135,37.732068280926491],[-122.0982573429731,37.731672691170843],[-122.09776149558061,37.732006286285298],[-122.09775932237177,37.732007748609306],[-122.09853875875227,37.732418700221146],[-122.09922754627513,37.733122701732654],[-122.09956133835006,37.734425408135635],[-122.09956182770743,37.73442732007409],[-122.09851261223579,37.734287540945942],[-122.09781176449161,37.734447011822894],[-122.0966653057155,37.734025263549071],[-122.09516572278166,37.733619551919041],[-122.0941943968174,37.732202962843203],[-122.09354772771869,37.732665861930421],[-122.09283343866545,37.731920998480142],[-122.09088488524826,37.731925468840906],[-122.08946645692313,37.731496957268853],[-122.08894084001474,37.731643817509351],[-122.08614361541893,37.730954123162171],[-122.08488768759689,37.729853533197506],[-122.08368312071052,37.728125390991217],[-122.08328527460183,37.727441618021096],[-122.08262419380362,37.727617702215063],[-122.08262261321356,37.727618123564028],[-122.08244006113577,37.728222171937112],[-122.08421810358253,37.731538228146341],[-122.08379510763204,37.733168335053442],[-122.08379487592835,37.733169229418557],[-122.08167493825123,37.734034263301908],[-122.08167313051257,37.734035001289691],[-122.08158464997916,37.734631858511825],[-122.08324930551602,37.735306379545271],[-122.08404243461847,37.735276599632783],[-122.08463129774893,37.735441276916347],[-122.08489096660465,37.735967997266584],[-122.08644472570667,37.739119539611607],[-122.08644583235692,37.739121783927644],[-122.08461175061184,37.738726412751952],[-122.08461357629369,37.738812031091399],[-122.08461310827026,37.738814083024494],[-122.08461354508988,37.738815889388192],[-122.08460521109097,37.739037097200622],[-122.084606065928,37.739041690645699],[-122.08461644667879,37.73909751053948],[-122.08468192900149,37.739194388939353],[-122.08481767570643,37.739325393743904],[-122.08481900149769,37.739327114255168],[-122.08482204931974,37.739329926343927],[-122.08489799655,37.739414546845289],[-122.08490867591865,37.739429552648893],[-122.08490869931769,37.73942963884577],[-122.08490876213416,37.739429710995019],[-122.08494150132168,37.739489934198964],[-122.08494156290536,37.739490161364763],[-122.08494828313192,37.739507670678556],[-122.08496807775651,37.739593047311963],[-122.084968745851,37.739598354283522],[-122.08496932397121,37.739600134413834],[-122.0849909978388,37.739780373675131],[-122.08501088580191,37.7399004996728],[-122.08502662029306,37.739960548763023],[-122.08509637737896,37.7400640713809],[-122.0851901978418,37.740117646831557],[-122.08528891478298,37.740166901946417],[-122.0854399744791,37.740231296075002],[-122.08544794160912,37.740235914575898],[-122.0854552322091,37.740239247208265],[-122.08555543294437,37.740302131147203],[-122.08556321259051,37.740307535273452],[-122.08556396984636,37.740308402816353],[-122.08556500962312,37.740308949348496],[-122.0856564539729,37.740382655936351],[-122.08565750507324,37.74038389260587],[-122.08566754527305,37.740393234124909],[-122.08579188129059,37.740534298763052],[-122.08579645923133,37.740540795815868],[-122.08579867211905,37.740543137895401],[-122.08601456788399,37.74086852936987],[-122.0860153322263,37.740870898151307],[-122.08601756278225,37.740873429233176],[-122.08609697749134,37.741015097263798],[-122.08609708074763,37.74101546895524],[-122.08609735994297,37.741015789615737],[-122.08610098185167,37.741023428681942],[-122.08616265641842,37.741176041262783],[-122.0861644470732,37.741184651197457],[-122.08616701870575,37.74119236838149],[-122.08618300798342,37.741309911663343],[-122.08618359375214,37.741317364502741],[-122.08618329305436,37.741325180728062],[-122.08617590710453,37.741400217216452],[-122.08617512266713,37.741402915042045],[-122.08617453782604,37.741408584017115],[-122.08614575753012,37.741533867127494],[-122.08614518115975,37.741535467239771],[-122.08614501333574,37.741536802318016],[-122.08612450062822,37.741610756566608],[-122.08609297361535,37.741744265491938],[-122.08608695377477,37.741816374627739],[-122.08610256503772,37.741901108068959],[-122.08619593794641,37.742020548419063],[-122.08630694110795,37.74209626757608],[-122.08630825707937,37.742097683610247],[-122.08631052044257,37.742098825553782],[-122.08649747986311,37.742238837358258],[-122.08673461566856,37.742413859276148],[-122.08673519932256,37.742414513771429],[-122.0867360919603,37.742414970356322],[-122.086753427508,37.742432458286061],[-122.08687373347806,37.742594985891223],[-122.08687945654607,37.742603921347211],[-122.08687963747656,37.742604582166237],[-122.08688009720291,37.742605119376314],[-122.08696911012453,37.742775205494908],[-122.08696954621527,37.742776867673605],[-122.08697553263823,37.742792766464881],[-122.08702285772523,37.743009803992202],[-122.08702344669267,37.743014745244032],[-122.08702393770176,37.743016268805036],[-122.08704594630574,37.743205099345538],[-122.08704544421985,37.743207892501502],[-122.0870463725593,37.743211295404137],[-122.08704979413002,37.743371499417506],[-122.08706954259354,37.743425382490052],[-122.08712890961905,37.743490757977618],[-122.08724412637935,37.743589012565863],[-122.08736179043805,37.743669271209185],[-122.0876044662665,37.743825857417129],[-122.08761114657239,37.743830561600944],[-122.08761283917278,37.743832499726722],[-122.08761496779421,37.743833652472759],[-122.08786213572341,37.744044429417123],[-122.08786298036733,37.744045453471465],[-122.08786794702357,37.744049835586509],[-122.08805168718916,37.744236486567893],[-122.08805778156832,37.744244623039911],[-122.08806170140811,37.744248768730905],[-122.08824742391415,37.744528171870051],[-122.08824877392949,37.744532344980968],[-122.0882521845256,37.744536397500227],[-122.08837192847601,37.744777437742748],[-122.08837223864477,37.744778675363776],[-122.0883758423585,37.744786983268497],[-122.08840901607722,37.744888526971955],[-122.0884942057564,37.745114277821308],[-122.08849489753443,37.7451178118665],[-122.08849678117411,37.745122685193884],[-122.0885313561316,37.745268525529674],[-122.08853206822883,37.745274071596079],[-122.08853268051818,37.745275957585534],[-122.08855913907425,37.745496593845665],[-122.08860125855749,37.745615450784499],[-122.08863972444178,37.745671431505954],[-122.08871073526092,37.745728803727815],[-122.08894459707149,37.745866177046643],[-122.08908675424118,37.745937543617586],[-122.08909056839251,37.745939924422231],[-122.08909342351868,37.745941188101384],[-122.08923452462838,37.746024928178336],[-122.08924452095043,37.746031683656092],[-122.08939529477379,37.746147408720141],[-122.08939618707521,37.746148430318648],[-122.08939739687909,37.7461490682456],[-122.08955289181567,37.746275435245742],[-122.08955340293045,37.746276038438467],[-122.08955403206437,37.746276375998725],[-122.08975080252871,37.746441438819183],[-122.08975182061104,37.74644266328211],[-122.08975831316242,37.746448493629359],[-122.08990543658147,37.746603520127152],[-122.08990781891349,37.746606765513405],[-122.08991062429412,37.746609521267899],[-122.09001944448067,37.746748142361099],[-122.09010785278393,37.746843956009812],[-122.0902652801805,37.74697819290158],[-122.09044638727886,37.747107004926498],[-122.09071248799914,37.747273021119902],[-122.09071275409526,37.747273204969893],[-122.09071285724758,37.747273252240284],[-122.09148955474629,37.747762347626619],[-122.09149009852318,37.747762725980571],[-122.09149028765718,37.747762813542629],[-122.09173847925554,37.747922023130073],[-122.09236373569573,37.748276086933586],[-122.09236696483784,37.748278220509974],[-122.09236835519667,37.748278860473199],[-122.09255107732633,37.74839506907967],[-122.09270098059659,37.748472148204975],[-122.09282981268734,37.748538394298528],[-122.0929494631297,37.748597209014783],[-122.09307027309086,37.748638264948632],[-122.09328839479508,37.748698561589372],[-122.09329012323923,37.748699406941988],[-122.09329234887001,37.748699727404201],[-122.09330492539134,37.748704462399559],[-122.09355447634933,37.748815278151277],[-122.09355654194469,37.74881649742931],[-122.0935599079679,37.748817866739145],[-122.09368258971948,37.748880439935427],[-122.09369862209816,37.748890518009006],[-122.09377630006941,37.748950131091632],[-122.09377709709011,37.748951044905674],[-122.09377818870379,37.748951618602],[-122.09386508232673,37.74902181190631],[-122.09386905154727,37.749026486624288],[-122.0938825924909,37.749040728397105],[-122.0939754322437,37.749178641971262],[-122.09397909662853,37.749184659936262],[-122.0939826826405,37.749192209135288],[-122.09406334599132,37.749390950893613],[-122.09406361023882,37.749392211650417],[-122.09406490644366,37.749395179669278],[-122.09413566025876,37.749607844102847],[-122.09418085963179,37.749668237792513],[-122.09424260536044,37.74973329193412],[-122.09435818937095,37.749804182668157],[-122.09451117371069,37.749857756987836],[-122.09489476892337,37.749907789603],[-122.09489880786136,37.749908674856002],[-122.09490207459936,37.749908957768639],[-122.09506001320395,37.749938936781803],[-122.09506935506947,37.749941273221012],[-122.09507066161851,37.749941442979178],[-122.09525152280852,37.749992521309103],[-122.09525297842558,37.74999323785552],[-122.09525481929167,37.749993502210458],[-122.09527466325896,37.750001783828516],[-122.09547015289365,37.750106190169802],[-122.09547652722483,37.750110284367601],[-122.09547885244778,37.750111382045461],[-122.09568401828922,37.750247773577925],[-122.09568850146867,37.750252537701634],[-122.0956946497152,37.750255932943318],[-122.09581376313247,37.750361372825289],[-122.09581604836528,37.750364201270479],[-122.095822834394,37.750370658130798],[-122.0959266055862,37.750494148669979],[-122.09593546522552,37.75050705409982],[-122.09593878924203,37.750513965161289],[-122.09598616974817,37.750627513459662],[-122.09599142094204,37.750652020657547],[-122.0959934899244,37.750748341347531],[-122.09599173980658,37.750764877952882],[-122.09595467475431,37.750922391263863],[-122.09595395689932,37.750924372728882],[-122.09595375652184,37.750925875878146],[-122.09591720641032,37.751050990808714],[-122.09589599590916,37.751177994108815],[-122.09591600453685,37.751274556686361],[-122.09595909782263,37.751342831861798],[-122.09602393367265,37.751403028333776],[-122.09614699644861,37.751450495785257],[-122.09628550681933,37.7514575277822],[-122.09655168619069,37.751440043364788],[-122.09655279783831,37.751440173392602],[-122.09655424131769,37.751439900611103],[-122.09677415129212,37.751429787692629],[-122.09698507607638,37.751419795216997],[-122.09698716669868,37.751420060666781],[-122.09698948478356,37.751419661580876],[-122.09701230219765,37.75142136198086],[-122.09719270933677,37.751451032812817],[-122.09720415009997,37.751453743460424],[-122.09720612699012,37.751453997831483],[-122.09736437658292,37.7514982431086],[-122.09736595951068,37.751499019182916],[-122.09736797917793,37.751499309919168],[-122.09739261845499,37.751510311686289],[-122.09752010781577,37.751587089318264],[-122.09752951236425,37.751593488960253],[-122.0976803103753,37.751709203315663],[-122.09768776533812,37.751715561787499],[-122.09786210363879,37.751880914551009],[-122.09786816622146,37.751888706715135],[-122.09787382661614,37.751894632616668],[-122.09793879997609,37.751990099507225],[-122.09794268522343,37.751996444183398],[-122.09794705391965,37.752006005763789],[-122.09798522308449,37.752108973264413],[-122.09798821428213,37.752124513811452],[-122.09798932647432,37.75212830974867],[-122.09799982580211,37.75230302090219],[-122.0979995727416,37.752304236397329],[-122.09799992880633,37.752305540958936],[-122.09799925298647,37.752316440674349],[-122.09797595837924,37.75247589465593],[-122.09796168384418,37.752616955253536],[-122.09796426674605,37.752737049726228],[-122.09798306653764,37.752858846495833],[-122.09803706164926,37.752977505811707],[-122.09809605647007,37.753056322691933],[-122.09821572124542,37.753130303952219],[-122.09832192807077,37.753177821126549],[-122.09848296454182,37.753191393929242],[-122.09849311641233,37.753193372169086],[-122.09850095662316,37.753194203941788],[-122.09874937896319,37.753251497863573],[-122.09875776666165,37.753253773064507],[-122.09875793742206,37.753253796881836],[-122.09888009348181,37.753291392580216],[-122.09888035053324,37.753291523366222],[-122.098880656783,37.753291566973161],[-122.09889347396521,37.753296408961987],[-122.09907953021239,37.75337952759655],[-122.099088777799,37.753384998345553],[-122.0990945769032,37.75338770876138],[-122.09921765592331,37.753468113044768],[-122.0992225623889,37.753471588938872],[-122.09922280678582,37.75347171178538],[-122.09939171199464,37.753597806614032],[-122.09953182710476,37.753701843977382],[-122.09966304532495,37.753792435829624],[-122.09992888453964,37.753939264741817],[-122.10021198449462,37.754046031816216],[-122.10041956134648,37.754118185502854],[-122.10060971512225,37.754154825416606],[-122.10086633663866,37.754168587352545],[-122.10087613539363,37.75417033948812],[-122.10088773493594,37.754171543586772],[-122.10103677529854,37.754205203295548],[-122.10104644932352,37.754207803303515],[-122.10106357483446,37.754214679033247],[-122.10116806914861,37.754266786741361],[-122.1011849884175,37.754277310459912],[-122.10119604139534,37.754287279455788],[-122.10127883939596,37.754375365178362],[-122.10129085385847,37.754391816685121],[-122.10129107942494,37.754392645393885],[-122.10129164995706,37.754393312613338],[-122.10137606289034,37.754556313436176],[-122.10137661235609,37.754558425505721],[-122.10138243193343,37.75457403117472],[-122.10139633854267,37.75463993080843],[-122.10143710082345,37.754746281006597],[-122.10154370106945,37.75486555048569],[-122.1016864116561,37.754992117893451],[-122.1016874250586,37.754993373860096],[-122.10169159355486,37.75499709308351],[-122.10192653084169,37.755241549575373],[-122.10193921220329,37.75525870206949],[-122.10194260045074,37.755265766192295],[-122.10197673598189,37.755348089355259],[-122.10197800002862,37.755354020750623],[-122.10198086483575,37.755362022888356],[-122.10200532407217,37.755495863677986],[-122.10200638413211,37.755506283834691],[-122.10200610730098,37.755513869081199],[-122.10198121594298,37.755776839626073],[-122.10196367351412,37.755962367062722],[-122.10194718391399,37.756153508842758],[-122.10196298889662,37.756241613385527],[-122.10201050756436,37.756302120412222],[-122.1020737687742,37.756348341777525],[-122.10225083162526,37.756458016976637],[-122.10225911116898,37.75646372863654],[-122.10226568426856,37.756469259831299],[-122.10244545030528,37.756635246805722],[-122.10244680508413,37.756636962223439],[-122.10245074876283,37.756640566425077],[-122.1025280818138,37.75672515788817],[-122.10253346559846,37.756732643640298],[-122.10253610838535,37.756735451776926],[-122.10258443848511,37.756809018911689],[-122.10258526967152,37.756811612871672],[-122.10258760890891,37.756814292663641],[-122.10259290779449,37.756826524189712],[-122.10261601426178,37.756897579395911],[-122.1026192940933,37.756916764711953],[-122.10262114097225,37.757002382507444],[-122.10262025624041,37.757014617909647],[-122.10260592779557,37.757100455644931],[-122.10260547206595,37.757101849632285],[-122.10260528036885,37.757103802355068],[-122.10257253495533,37.757252694337673],[-122.1025724322801,37.757252985908174],[-122.1025724003653,37.757253295440961],[-122.10254298269635,37.75738145056529],[-122.10251814082666,37.75750157808654],[-122.10251387171492,37.757593447487686],[-122.10252933466762,37.757664071336933],[-122.10260712978398,37.757787393845355],[-122.10269318087015,37.75789005843243],[-122.10277441796207,37.757969762814056],[-122.10295078075731,37.758078433610621],[-122.10295165640672,37.75807903629476],[-122.10295198659038,37.758079188606537],[-122.10307702701438,37.758158615160518],[-122.10319444699932,37.758224002390762],[-122.10319584014337,37.758224916144535],[-122.10319670991812,37.758225299023067],[-122.10329022068684,37.758280409192785],[-122.10343205603799,37.758359142818335],[-122.10363733618526,37.758459224937546],[-122.10382960147727,37.758539871798725],[-122.10401546849077,37.75860772870989],[-122.10401586243154,37.758607942331352],[-122.10401826435968,37.758608789178474],[-122.10431927261541,37.758727446979869],[-122.10432247825794,37.758729243520683],[-122.10433010448939,37.758732383000755],[-122.10449011889492,37.758815847752601],[-122.10449194529073,37.758817007017946],[-122.1044934279039,37.758817647387509],[-122.10467544328868,37.758920794776238],[-122.10468564911662,37.758927538910449],[-122.10468626305206,37.758927847761306],[-122.10482514177376,37.759031582202851],[-122.1048255408373,37.759032032757695],[-122.10482614340732,37.75903234086141],[-122.10483484358592,37.759039899407988],[-122.10493771469071,37.759141270004704],[-122.10493850673946,37.75914230997553],[-122.10494034522274,37.759143975522967],[-122.10511888119829,37.7593356674153],[-122.10511985802475,37.759337011263987],[-122.10512127626751,37.759338349101334],[-122.10545672441286,37.759730302905012],[-122.10552028574918,37.759803254073411],[-122.10558828035256,37.759868408335265],[-122.1057173586788,37.75997420644277],[-122.10583979736739,37.76006536626597],[-122.10584024296234,37.760065868450937],[-122.10584092014156,37.7600662142831],[-122.10584812287161,37.760072332373092],[-122.10592887319262,37.760148310446958],[-122.10593192120864,37.760152209703193],[-122.10593737241896,37.760157536099726],[-122.10601130327562,37.760250736336666],[-122.10601574153503,37.760257406648101],[-122.10601676345038,37.76025852458443],[-122.10606894097464,37.760343455633667],[-122.10606914759016,37.760344139504433],[-122.10606976287556,37.760344825015871],[-122.10615620032782,37.760492353471875],[-122.1063011261096,37.760668005822154],[-122.1065172463678,37.760887860246051],[-122.10651763558447,37.760888379417914],[-122.1065184737366,37.760889134883676],[-122.10669020428543,37.761071026043517],[-122.10734085830968,37.761705967463648],[-122.10806254735347,37.762406882781612],[-122.1080635904035,37.762408240121623],[-122.10806605344449,37.762410486461341],[-122.10823132336037,37.762590436851923],[-122.10836702268979,37.762733684231733],[-122.10845570093574,37.762855341422409],[-122.10846479322888,37.7628719546478],[-122.10849906193886,37.762959983910356],[-122.10850308699804,37.76297544340305],[-122.10851591020564,37.763069475075604],[-122.10851566976903,37.763088829927177],[-122.10848237190466,37.763294826933787],[-122.10848234953671,37.76329489482621],[-122.10848234297451,37.763295011165745],[-122.10846963227932,37.763372264671908],[-122.10846823427909,37.763378736074245],[-122.1084196994582,37.763559846290086],[-122.10839667185218,37.763780991332474],[-122.10838714514576,37.764075831257102],[-122.10839954056834,37.76432222832667],[-122.10841684483438,37.764479301854379],[-122.10844318716629,37.764600035226103],[-122.10847890994661,37.764703229226441],[-122.10853460605591,37.764819582486233],[-122.10859841040968,37.76493497256984],[-122.1086877581876,37.76505496050212],[-122.10877223415433,37.765167769512246],[-122.10890277385127,37.765290925900068],[-122.1090327743854,37.765370617425013],[-122.10922824021944,37.765453063908751],[-122.10923089678937,37.765454595664387],[-122.10923591434131,37.765456643094751],[-122.10948501526286,37.765584560429204],[-122.10950076182185,37.765594487107549],[-122.10950220990857,37.765596145299845],[-122.10950407627686,37.765597147141435],[-122.109580992707,37.765661757392074],[-122.1095827981086,37.765663927070449],[-122.10959143978172,37.765672079939513],[-122.10965416343289,37.76574544859362],[-122.10965670625468,37.765749116747287],[-122.10965841735295,37.765750863264756],[-122.1097214480549,37.765838500304021],[-122.10972650759635,37.765846517342666],[-122.10972680348304,37.765847599202935],[-122.10972753269543,37.765848457064351],[-122.1097650902506,37.765922167525552],[-122.10976564952514,37.765924350614135],[-122.10977094277141,37.765938122888244],[-122.10979870434488,37.766057642541291],[-122.10980041071849,37.766071166414868],[-122.10980013121713,37.766078803078855],[-122.109788409755,37.766201716813825],[-122.10978540334875,37.766212121240031],[-122.10978393019683,37.766220203158213],[-122.10972255827376,37.766375197731591],[-122.10972034403184,37.76637815494491],[-122.10971940181328,37.766382083362835],[-122.10962902550186,37.766554890722972],[-122.10956570475408,37.766751577954629],[-122.10955562834965,37.766854246197276],[-122.10957919570917,37.766962255831793],[-122.10961785849084,37.767032049206676],[-122.10969923546715,37.767117452276054],[-122.10979004180217,37.767165357118316],[-122.10983786653772,37.767180541926372],[-122.10987238337835,37.767189600325743],[-122.10994446313987,37.76720898848577],[-122.1100164198037,37.767217195758974],[-122.11009266687789,37.767216154331727],[-122.11016644331185,37.76720964590735],[-122.11022818459827,37.767190528761411],[-122.11031056293476,37.767160322024878],[-122.1103750781307,37.767118248542396],[-122.1104309745273,37.767064641641802],[-122.11049998683045,37.766969665181705],[-122.1105505498533,37.766883542345241],[-122.1106057242317,37.766784972701451],[-122.11060689316747,37.766783596875541],[-122.11061176188272,37.766775789365816],[-122.11067347986476,37.766694782251442],[-122.11068764591221,37.76668017368938],[-122.11069997743908,37.766671531557925],[-122.11078258055097,37.766622304171733],[-122.1108035284842,37.766612629606541],[-122.11080776281221,37.766611899476771],[-122.11081072710705,37.766610395481223],[-122.1109326179468,37.766576663694345],[-122.11095266750385,37.766573827686784],[-122.11096153844515,37.766572178081368],[-122.11104802150778,37.766568705381736],[-122.11104968130456,37.766568921505154],[-122.1110514772809,37.766568612191804],[-122.11106263986024,37.766568937246703],[-122.11116956028107,37.76657663620793],[-122.11117229935573,37.766577152984866],[-122.11117766791483,37.766577477920187],[-122.11133103527239,37.766598284610268],[-122.1113343090362,37.766599011254705],[-122.11133698726918,37.76659923508042],[-122.11154555434845,37.766637612067576],[-122.11154644684859,37.766637832365895],[-122.11154695526295,37.766637877682626],[-122.11206126519492,37.766738494554069],[-122.11206287580484,37.766738902382492],[-122.11206359592938,37.76673897363893],[-122.11257377883709,37.766848805052646],[-122.11257588988441,37.766849361028171],[-122.11257653964925,37.766849433244026],[-122.11272155405784,37.766884095140227],[-122.11272968869331,37.766886334981805],[-122.11274068922594,37.766890382997275],[-122.11283970270004,37.766932545467178],[-122.11286275553654,37.766945895284557],[-122.11294491113635,37.76700890332711],[-122.11295950903681,37.767022879775183],[-122.11301580313436,37.767090823148912],[-122.11302428075487,37.767103263046337],[-122.11302467779349,37.767104713892664],[-122.11302562978175,37.767105843540435],[-122.1130754091437,37.767205940311001],[-122.11307559938693,37.767206702794994],[-122.11307830020405,37.767212565750093],[-122.11312728369393,37.767342448713791],[-122.11312732830515,37.767342673394012],[-122.11312754293034,37.767343147172149],[-122.11317348290535,37.767468995805494],[-122.11323041082231,37.767551933866137],[-122.11331458779885,37.767624076117556],[-122.11341627778995,37.767682471079603],[-122.11363771268158,37.767770362922057],[-122.11389638543483,37.767845301276118],[-122.1138974905715,37.767845850273595],[-122.11389886052287,37.767846047796581],[-122.113906888899,37.767848876571584],[-122.11407567670061,37.767915277426383],[-122.11407767170478,37.767916394586599],[-122.11408341963585,37.767918657103827],[-122.11421754652926,37.767983241596532],[-122.1142224925707,37.767986267559081],[-122.11422635222725,37.767987988194385],[-122.1143754465291,37.768077563164688],[-122.11438492709328,37.768084005509024],[-122.11438626711156,37.76808554166341],[-122.11438801289934,37.768086473888488],[-122.11448792470146,37.768169850905153],[-122.11448842939917,37.768170455882483],[-122.11449258091939,37.768174009082081],[-122.11465316650573,37.768327556687296],[-122.11465323655688,37.768327645844074],[-122.11465346445624,37.768327841879469],[-122.11473303458851,37.768404625951348],[-122.11473470271022,37.768406789322796],[-122.11473823462427,37.76841009056524],[-122.11481442609798,37.768497508628876],[-122.11486980391072,37.768557742525509],[-122.11487526892719,37.768565316730793],[-122.11487798462916,37.768568200197045],[-122.11492572879524,37.768640838616989],[-122.11492743266429,37.768646160072421],[-122.11493129423445,37.768650890543412],[-122.1149676505848,37.768730556323668],[-122.11496829674762,37.768733333867267],[-122.11497160899673,37.768741568375091],[-122.11499046041487,37.768812313642805],[-122.11499269145696,37.768827940784156],[-122.11499225255017,37.768837045840016],[-122.11498494539481,37.768898987357936],[-122.11498273365171,37.768906335102443],[-122.11498159957829,37.768913385117543],[-122.11495578949818,37.768987032101329],[-122.11495235846161,37.7689951607354],[-122.11494702176495,37.76900424727895],[-122.11491066874353,37.76905742548481],[-122.11490869665656,37.769059557617943],[-122.11490632050042,37.769063207437981],[-122.11485291027651,37.769128069473027],[-122.11484067927367,37.769140236008433],[-122.11483699861671,37.769142261778264],[-122.11483492908523,37.769144611524027],[-122.11477525008988,37.769186657241711],[-122.11477095285105,37.769188832938021],[-122.11476260349104,37.769194276786621],[-122.11467985085656,37.769236638518599],[-122.1146704988569,37.76924061007648],[-122.11466892805946,37.769241514731881],[-122.11458880908964,37.769272387445156],[-122.11458677407042,37.769272773980951],[-122.11458485243435,37.769273833033537],[-122.1145763060813,37.769276430089761],[-122.11447589769863,37.769303000007866],[-122.11447318909697,37.76930336873199],[-122.11446687025135,37.769305034110054],[-122.11433680817187,37.769329350699365],[-122.11422536545369,37.769354158342516],[-122.11415737884718,37.769377892325451],[-122.11409512337745,37.769420248724721],[-122.11405674245657,37.769460594826882],[-122.11404014838955,37.769486703427475],[-122.11403176977491,37.769526436865178],[-122.11403692612924,37.769578949109523],[-122.11406326187486,37.769629858369676],[-122.11413256712373,37.769702582167177],[-122.11421062511702,37.769773107088206],[-122.11436011975628,37.769894363300281],[-122.11456120623508,37.770046336265246],[-122.11456276128281,37.770048101071346],[-122.11456481043558,37.770049199458946],[-122.11471608446531,37.770175333183474],[-122.11478654108029,37.770233861939872],[-122.11478778121381,37.77023534448707],[-122.11479566823888,37.770242571913606],[-122.11484296427405,37.770294603301572],[-122.1148509124376,37.770305686863423],[-122.11485260957919,37.770307564167005],[-122.11490950525089,37.770402982976549],[-122.11490987539553,37.770404238632509],[-122.11491088361383,37.770405392727668],[-122.11491593642747,37.770416871908409],[-122.1149498567146,37.770517185150453],[-122.11495077551854,37.77052237227219],[-122.11495232617843,37.770526701842478],[-122.11497197452945,37.770634081960822],[-122.11497303550897,37.770644502889866],[-122.11497229962345,37.77064772922094],[-122.11497289981658,37.770650375823806],[-122.11495867999791,37.770858997843419],[-122.11495851171006,37.770859612038329],[-122.1149583945336,37.770862107160653],[-122.11493903523143,37.771028847753044],[-122.11491614037335,37.771273224166514],[-122.11491998900806,37.771342155439896],[-122.11495456865158,37.771428809727958],[-122.1150236473798,37.771516060153992],[-122.11507180606957,37.771572269138247],[-122.11514050185062,37.77162142899715],[-122.1152595915713,37.771670290339678],[-122.11529069939384,37.771683145432959],[-122.11532733220378,37.771697653242114],[-122.11536809387826,37.771707822138303],[-122.11542399855097,37.771715101652383],[-122.11548484955212,37.771716949636733],[-122.11552366119301,37.771715075931418],[-122.1155994779846,37.771705992223374],[-122.11564318105013,37.771696007664673],[-122.11569158544663,37.771676584761273],[-122.11571220118824,37.771668407122633],[-122.11580359239717,37.771624604302858],[-122.11580480204259,37.771624109205412],[-122.11580527586717,37.771623815240041],[-122.11587361772746,37.771592439014874],[-122.1159349993319,37.771549744932436],[-122.11599218406798,37.77149866265097],[-122.11606524803024,37.771417747744501],[-122.11615403450331,37.771310291572945],[-122.11615469457604,37.771309635488713],[-122.11615510355746,37.771309022498031],[-122.1162986288552,37.771142144643726],[-122.11629877779856,37.77114199841553],[-122.1162988602911,37.771141876528667],[-122.11642552470788,37.770995843783325],[-122.11642882671181,37.770992639930469],[-122.11642991032568,37.770991153473027],[-122.11655841538175,37.77086341958217],[-122.11656487073591,37.770857589750072],[-122.11677747353716,37.77068289261485],[-122.11677821281964,37.770682485963889],[-122.11677868624983,37.770681913540415],[-122.11695108922689,37.770544892621864],[-122.11712907245065,37.770398640874632],[-122.11713730147932,37.770392573102562],[-122.11728236597612,37.770296675498741],[-122.11728409585045,37.77029582990518],[-122.11728726411516,37.770293629955212],[-122.11741974941489,37.770216229005747],[-122.11742700865102,37.770212913153628],[-122.11743085150654,37.770210568769357],[-122.11751659062115,37.770172746543395],[-122.11752563737768,37.770169199791567],[-122.11752837101675,37.770168728822554],[-122.11753041508649,37.770167662634918],[-122.11761068225707,37.770143657259851],[-122.11762017788465,37.770142216667693],[-122.11763649784484,37.770138811614089],[-122.11776898509795,37.770127833175735],[-122.11777797020774,37.770127398966885],[-122.11788181205098,37.770125973839804],[-122.11790536377917,37.7701277926679],[-122.11802989780189,37.770148987381695],[-122.11804155297062,37.770151782320106],[-122.11804318555156,37.770151995115206],[-122.11815060955233,37.770182586677628],[-122.11815194419026,37.770183245131079],[-122.11815361827654,37.770183487093348],[-122.11816700252159,37.770188578780349],[-122.11826025358957,37.770230815875344],[-122.11826930305794,37.770236201359609],[-122.11827474406675,37.770238743645116],[-122.1183537723706,37.770290338040816],[-122.118358227678,37.77029349132588],[-122.11835853409481,37.770293643020551],[-122.11843771333932,37.770352107560441],[-122.11843827426391,37.770352737883073],[-122.11843913414681,37.770353177560423],[-122.11845118818252,37.770364220737711],[-122.11849848685551,37.770416250658023],[-122.11850326152489,37.770422910485394],[-122.11850589195659,37.770425674284837],[-122.1185714960326,37.77052326258395],[-122.11857511653491,37.770529210115448],[-122.11857530274762,37.770529888838176],[-122.11857577565449,37.770530439263972],[-122.11862695623033,37.77062822376805],[-122.11862704526672,37.770628558679441],[-122.11862983019819,37.770634400530973],[-122.11866138496868,37.770711571837204],[-122.1187066126484,37.770788473382567],[-122.11875392238413,37.770856305850415],[-122.11881962743135,37.77093786633921],[-122.11887605993674,37.77099093949171],[-122.11905353273889,37.771122699808423],[-122.11913830203757,37.77117682821607],[-122.11914165919207,37.771179180101321],[-122.11914218472148,37.771179436022898],[-122.1192154469401,37.771231109051179],[-122.11921666468378,37.771232444970899],[-122.11921861863539,37.771233441853802],[-122.11922507962953,37.771238867326367],[-122.11929132916492,37.771299797858319],[-122.11930207405473,37.771313371376621],[-122.11930648862621,37.771318244605844],[-122.11935140269495,37.77139321091429],[-122.11935179370599,37.771394534758961],[-122.11935286134145,37.771395754686935],[-122.11935812999084,37.771407882261897],[-122.11937976912941,37.77147400705271],[-122.11938122772951,37.771482484986002],[-122.11938261337204,37.771486731157466],[-122.11938963131591,37.77154389466827],[-122.11939010595465,37.771550460332115],[-122.11938954424531,37.771552919212425],[-122.11939004441206,37.771555031877703],[-122.11938607264018,37.771637541076196],[-122.11938424402726,37.771650104981561],[-122.11936975674898,37.771709309458686],[-122.11936569864334,37.771725891637033],[-122.11936373485682,37.771732463761886],[-122.11934742660488,37.771778547079641],[-122.11934661142637,37.771780471446945],[-122.11932805461852,37.77182761657955],[-122.1192976349881,37.771918022789684],[-122.11928355626958,37.771993057780762],[-122.11928898390639,37.772038723567341],[-122.11930548358366,37.772107912625891],[-122.11933295184932,37.772166142462261],[-122.11937778908415,37.772230425621551],[-122.11945401238896,37.772321057471927],[-122.11957665174566,37.772452918741052],[-122.11957766885138,37.772454319593862],[-122.11957912012973,37.772455691051555],[-122.11970618896407,37.772604798173766],[-122.11992205553486,37.772853207051106],[-122.12010407781854,37.773059333985763],[-122.12010490957258,37.773060512090566],[-122.12010587661781,37.773061438713903],[-122.12031041957704,37.773308988704947],[-122.12043580807381,37.773454573879079],[-122.12054097859316,37.773560824419206],[-122.12063135552047,37.77363341973539],[-122.12069072217157,37.773671325680027],[-122.12078487432555,37.773714423473685],[-122.12088737938718,37.773752543670525],[-122.12097711142145,37.773772880128234],[-122.12108319106352,37.773781214422385],[-122.12123650325806,37.773784472563953],[-122.12123855632775,37.773784804794943],[-122.12124004809996,37.773784595936611],[-122.12135790147968,37.773790304287743],[-122.12136324431221,37.773791244614912],[-122.12137412142398,37.773792117838433],[-122.12149925800723,37.77381421716769],[-122.12151476909493,37.773817986961809],[-122.12152327826345,37.773821005969616],[-122.12162108172082,37.773859971512557],[-122.12162533345278,37.77386236419202],[-122.12163362986057,37.773865881758418],[-122.12170839617441,37.773906996182241],[-122.12172139862243,37.77391546217666],[-122.12172309281775,37.773917400703297],[-122.12172522283053,37.77391855282719],[-122.12180990101709,37.773990681348323],[-122.12181222516467,37.773993497050924],[-122.121820871358,37.774001802178837],[-122.12187304173955,37.774065215738659],[-122.12187819257061,37.774072803862509],[-122.12187943471523,37.774074161047587],[-122.12196201042077,37.774208616707526],[-122.12196244487019,37.774210055294986],[-122.12196366031057,37.774211437178039],[-122.12204054727124,37.774349636082263],[-122.12204082081691,37.774350620894708],[-122.12204151398882,37.774351429613645],[-122.12209922714027,37.774462190530528],[-122.12214544612948,37.774549488285544],[-122.12220601265017,37.774639976069871],[-122.1222546441102,37.774695758447471],[-122.1222548772902,37.774696090471444],[-122.12225516824942,37.774696364927109],[-122.12229146952224,37.774738808523864],[-122.1223582385405,37.774797741356295],[-122.12243518081029,37.774845218238625],[-122.12243858572697,37.774847561264444],[-122.12243933724613,37.77484792220114],[-122.12252687741788,37.774907956872148],[-122.12259319849568,37.774950007038306],[-122.1225978746193,37.774953268871933],[-122.12259837961989,37.774953518752895],[-122.12283176195155,37.775122544790776],[-122.12283191670325,37.775122716585038],[-122.12283217381338,37.775122844615623],[-122.12309193081713,37.775313013347322],[-122.12347229005668,37.775582151470033],[-122.12347346256125,37.775583436603462],[-122.12347533174996,37.775584391328799],[-122.12356297217826,37.775651582707098],[-122.12364808160653,37.775711531985472],[-122.12364931690252,37.775712884740841],[-122.12365129745137,37.775713895604177],[-122.12366113095614,37.775722586166985],[-122.12372442381873,37.775787203795545],[-122.12380418372602,37.775866259212137],[-122.12380541701073,37.775867883243762],[-122.12380791994536,37.775870198102055],[-122.12393689722366,37.776015007476857],[-122.12393723342689,37.776015481363501],[-122.12393768549092,37.77601590589255],[-122.12404809600422,37.776143428853672],[-122.12438610645157,37.776509321421557],[-122.12453462711225,37.776666306845264],[-122.12453530469503,37.776667231113578],[-122.12453643338381,37.77666827622987],[-122.12469737084767,37.776849291094294],[-122.12469880479365,37.776851315171491],[-122.12470031176565,37.77685278492801],[-122.1247738973068,37.776945219655303],[-122.12478034531486,37.77695488858749],[-122.12478078534588,37.776955385372219],[-122.12483961120219,37.777059017664705],[-122.12483976138047,37.777059550885895],[-122.12484016778758,37.777060015692001],[-122.12484396957309,37.777068088183533],[-122.12486351367004,37.777117291786062],[-122.12486550383534,37.777126991513683],[-122.12486783818444,37.777134156031025],[-122.12487628455983,37.777203668002628],[-122.12487674874754,37.777210147277302],[-122.12487656636802,37.777210944616996],[-122.12487676344979,37.777211701581386],[-122.12487657985186,37.777308817073497],[-122.12487568808631,37.777312530441826],[-122.1248725372278,37.777331462250871],[-122.12483117374462,37.777445636578783],[-122.12482798933618,37.777453070906304],[-122.12482763557036,37.777453507439127],[-122.12482751811331,37.777454002895368],[-122.12478766055573,37.777531509744833],[-122.12478746926215,37.77753174398012],[-122.12478398051874,37.777537878517244],[-122.12473039582365,37.777621071621837],[-122.12472677238594,37.777625097489022],[-122.12472230846907,37.777631600521346],[-122.12465100486641,37.777710473379237],[-122.12459327582417,37.777778146920738],[-122.12459265221928,37.777778756589818],[-122.1245923189874,37.777779249612173],[-122.12453825312697,37.777840461771291],[-122.12453255036058,37.777846335732541],[-122.12447087190708,37.77790428420785],[-122.12441329328999,37.777964158718639],[-122.12439646683445,37.777981691989488],[-122.12431026316854,37.77807152260047],[-122.12422226003285,37.778181459452199],[-122.12417207228835,37.778253795127959],[-122.12415115298766,37.778292473762207],[-122.12409412089848,37.778431989866789],[-122.12407526069616,37.77849661253768],[-122.12406920144184,37.778543562788499],[-122.12407053787983,37.778604681075535],[-122.12408881353674,37.778664991074749],[-122.12412692258397,37.778714837500686],[-122.12420211495299,37.778780702174174],[-122.12420300752956,37.778781800110359],[-122.12420714299871,37.778785453226028],[-122.12426873649953,37.778848334009588],[-122.12427095169537,37.778851296252938],[-122.12427408581654,37.778854328743144],[-122.12431239870058,37.778901596778468],[-122.12432029751196,37.778913327432086],[-122.12432063190336,37.77891454840664],[-122.12432144657582,37.778915510438516],[-122.12436940476239,37.779010442348728],[-122.12436961598436,37.77901127481659],[-122.12437009989314,37.779011856608776],[-122.12444103195156,37.779160117285556],[-122.12445079172161,37.779180517610499],[-122.12453269133759,37.779340065576292],[-122.12453299279055,37.779341233835453],[-122.12453748576401,37.779351885851788],[-122.12455603002851,37.779413082425997],[-122.12455727891455,37.779420866584402],[-122.12455841793505,37.779424354610761],[-122.12456539529292,37.779481158793338],[-122.12456586928514,37.779487723541784],[-122.12456513372871,37.779490949927641],[-122.12456573433508,37.779493596477529],[-122.12456139472931,37.779557384711268],[-122.12456047979049,37.779560715400265],[-122.12455951749713,37.779569148224766],[-122.1245418585771,37.779639009987712],[-122.12453567261493,37.779680365780287],[-122.12453682156769,37.77973289405093],[-122.12454202052871,37.779759677967583],[-122.12457466901994,37.77979929109091],[-122.12462490504029,37.779841300458102],[-122.1247710864867,37.779920715987089],[-122.12477521536043,37.77992338870903],[-122.12477716625315,37.779924283713164],[-122.12483392722612,37.779960203129484],[-122.12492384447926,37.779992502470577],[-122.12501891132503,37.780012057712945],[-122.12501922077854,37.780012138156998],[-122.12501936072577,37.780012151547851],[-122.12515187897542,37.780039912834887],[-122.12516344071156,37.780042920150592],[-122.12518145957492,37.780050238835294],[-122.12527715869292,37.78009899184557],[-122.12529320211542,37.780109066466892],[-122.12529404411409,37.780110030818967],[-122.12529519273698,37.78011063498473],[-122.12534774087544,37.780153154676519],[-122.12535104492592,37.780157047209059],[-122.12536427111391,37.780170686909585],[-122.12540866714139,37.780233803294138],[-122.12541322918847,37.780241118220466],[-122.12541713455174,37.780249451502499],[-122.1254535776757,37.780342266295435],[-122.12548933555459,37.780433337762567],[-122.12552724180284,37.780516683667187],[-122.12558342507177,37.780590444216529],[-122.12565539513662,37.780670893577891],[-122.1257349332232,37.780747053540033],[-122.12574087593464,37.780754728805348],[-122.12574626517426,37.780760357050966],[-122.12578477810082,37.780816727209562],[-122.12578872584163,37.780823154836732],[-122.12578924666883,37.780825059021247],[-122.12579045120306,37.780826504998586],[-122.12581448107464,37.780876245849214],[-122.1258164800156,37.780884417064158],[-122.1258209204544,37.780898154437374],[-122.12583151326841,37.780989050144974],[-122.12583051547118,37.780994610561834],[-122.12583184914843,37.781000347897788],[-122.12582770978571,37.781073237861605],[-122.12582764047166,37.781073494747659],[-122.12582768314645,37.781073680699897],[-122.12581645457304,37.781250269703442],[-122.12582034466871,37.781271905246712],[-122.12584203984991,37.781325879505694],[-122.12587447759441,37.78137348849728],[-122.12597519314549,37.781473544369952],[-122.12607250982803,37.78155909415694],[-122.12608374130676,37.781572934312472],[-122.12608930922489,37.781579096270285],[-122.12613099008377,37.781649077944998],[-122.12613135203543,37.781650311150557],[-122.12613233961669,37.781651441105119],[-122.12613914745225,37.781669012703659],[-122.12616125719445,37.78176202496617],[-122.12616304090028,37.781775868358473],[-122.12616248047289,37.781778327250997],[-122.12616298203623,37.781780439868044],[-122.12615805587264,37.781882929467457],[-122.12615772139578,37.781884195708614],[-122.12615732779807,37.781890021747593],[-122.12614725609309,37.781953889088776],[-122.12614538720686,37.781959698527629],[-122.12614463590248,37.78196464095366],[-122.12611721993059,37.782047256489044],[-122.12610860085351,37.782120375852848],[-122.12610543007992,37.782183717253233],[-122.12611639763747,37.782211739038381],[-122.12618370168168,37.782286102903036],[-122.12624867376708,37.782347818634783],[-122.12636539181334,37.782425945347626],[-122.126400549742,37.782446125833076],[-122.12645832781821,37.782467288337322],[-122.12655320491356,37.782473141920192],[-122.12674368642844,37.782463933648522],[-122.12674497530253,37.782464096098067],[-122.12674646481582,37.782463828628138],[-122.12691842613673,37.782459180456343],[-122.12691927571986,37.782459296698242],[-122.12692015462963,37.782459144890069],[-122.1269539156893,37.782463133470131],[-122.12705485398197,37.782489053011261],[-122.12705743450165,37.782490281731604],[-122.12706095065916,37.782490786522608],[-122.12707282655849,37.782495207750898],[-122.12717416374201,37.782539329681263],[-122.12719635170282,37.78255230119715],[-122.12720415667501,37.782558984642449],[-122.12726274013899,37.782615076427803],[-122.12726972429606,37.782624096197615],[-122.12727484733574,37.782629534298927],[-122.1273134122343,37.78268817868755],[-122.12731424459371,37.782690773362127],[-122.1273165855382,37.782693452651053],[-122.12732268086127,37.782708285470719],[-122.12734444452487,37.782785369736729],[-122.12734557679546,37.782792894138048],[-122.12734651466197,37.78279579555381],[-122.12735703406561,37.78288604149656],[-122.12736647409285,37.782955112393459],[-122.12738276833119,37.783008874351523],[-122.12740657474089,37.783071394653014],[-122.12748309838817,37.783226586494408],[-122.12748325150974,37.783227200776118],[-122.12748540438716,37.783231763384471],[-122.12751878481909,37.783315515373602],[-122.12751968458129,37.783319889813832],[-122.12752207969845,37.783326231577597],[-122.12753800945858,37.783398844561212],[-122.12753953336035,37.783411544338847],[-122.12753906929177,37.783413580163305],[-122.12753950485124,37.78341537287173],[-122.12753591438398,37.783513291411388],[-122.127535665293,37.783514256390482],[-122.12753534105585,37.783519875110038],[-122.12751801471201,37.783645294792329],[-122.12751775903646,37.783646114774982],[-122.12751763911166,37.783647688959306],[-122.127504510859,37.783722451302935],[-122.12750340861692,37.783785625406026],[-122.12751259390744,37.783861195380318],[-122.12754655830345,37.783967435019228],[-122.12760557414556,37.784104433361918],[-122.12764932839085,37.784204956927219],[-122.12769073006446,37.784278436620873],[-122.12769128679541,37.784280421405782],[-122.12769261241741,37.784281999965714],[-122.12773817230749,37.784374235810837],[-122.12778697211347,37.784444624180232],[-122.12784895506029,37.7845065281087],[-122.12784966485529,37.784507466332151],[-122.12785122301673,37.784508878569397],[-122.12794498271424,37.784609758774799],[-122.12802109089503,37.784690399209765],[-122.12802376788501,37.784694056112158],[-122.12802663363544,37.784696896658261],[-122.12807681803882,37.784762207566295],[-122.12808168780411,37.784769653316282],[-122.12808230347525,37.784770337809022],[-122.12811805380618,37.78483129713694],[-122.1281183461664,37.784832306006649],[-122.12811914049044,37.784833215125232],[-122.12812528411281,37.78484821575281],[-122.12814239905363,37.784909432400397],[-122.12814273846095,37.78491170675386],[-122.12814338849434,37.784913440626205],[-122.12817143876988,37.785044089535745],[-122.1282059385759,37.785151997751491],[-122.12826180839798,37.785269649796398],[-122.12830453366412,37.785334615739139],[-122.12837092260236,37.785399691022761],[-122.12850386771467,37.785527251031688],[-122.12850437490569,37.78552790728223],[-122.12850582693862,37.785529190308246],[-122.12860263304646,37.785627998508069],[-122.1286068899353,37.785633691830384],[-122.12861082041915,37.785637704487073],[-122.12866110693845,37.785707567315193],[-122.12866616876224,37.785715584429113],[-122.12866986449124,37.785723389715088],[-122.12870626445857,37.78581392776406],[-122.12870874303728,37.785825878988582],[-122.12871087639296,37.785832702860979],[-122.12872202235454,37.785948626743547],[-122.12872184626511,37.785949554669855],[-122.12872218971238,37.785950717832328],[-122.12872633354195,37.786015507346342],[-122.12874945154553,37.786151541102669],[-122.12879626384498,37.786281715304725],[-122.12879647216147,37.786282826263857],[-122.12879723839401,37.786284627916878],[-122.12885211279297,37.7864614944015],[-122.12889334129856,37.786568900330089],[-122.12892732805201,37.786647384352399],[-122.12897705163235,37.786733469439696],[-122.12905115483586,37.786857093535602],[-122.12905177292349,37.786859181099942],[-122.12905335778885,37.78686103091767],[-122.12908629240226,37.78692430429124],[-122.12908667289243,37.786925758016295],[-122.12909214338958,37.786939613503911],[-122.12910471002718,37.786989512067088],[-122.12910599535803,37.786998981746407],[-122.12910654162084,37.787000797250528],[-122.12911060697739,37.78705536594304],[-122.12910999169934,37.787058427582302],[-122.12911077533073,37.787061539283037],[-122.12910940530098,37.787129838387116],[-122.12910904620679,37.78713127529565],[-122.12910821558744,37.787141032843344],[-122.1290927602454,37.787220907334806],[-122.12909179375905,37.787223746733375],[-122.12909145148261,37.787226416199566],[-122.12907115502293,37.787298301181202],[-122.12905921669675,37.787369135275291],[-122.12905182962835,37.787421495740176],[-122.12905743038475,37.787470017144486],[-122.1290702391988,37.787520030413802],[-122.1290969647481,37.787574901517921],[-122.12941972692855,37.788005307495609],[-122.12951975154699,37.788116766057811],[-122.12958801081425,37.788190739936553],[-122.12963918995993,37.788239736218323],[-122.12968449728019,37.788270980532928],[-122.12974090186994,37.788298382991044],[-122.12974147854463,37.788298737287711],[-122.12974223926578,37.788299043982391],[-122.12985243692545,37.788354421107314],[-122.12986901670249,37.788364765268426],[-122.12995069300008,37.788427364649777],[-122.12996833036891,37.788445227894847],[-122.13003928833307,37.788542115916279],[-122.13004039970421,37.788543860522587],[-122.13004086109125,37.788544342574262],[-122.13012278438998,37.788664632639453],[-122.13017975241843,37.788730975338567],[-122.13028167580299,37.788834998562642],[-122.13041400958255,37.788956211726948],[-122.13057730920264,37.78910143786085],[-122.13057985512867,37.789104594571235],[-122.13058671634947,37.789111175500437],[-122.13072961830434,37.789284453717414],[-122.13073403162724,37.789290945033031],[-122.13073544356727,37.789292465592517],[-122.13077703207136,37.789357895154048],[-122.13077769907389,37.789360035201383],[-122.1307795476412,37.789362150796912],[-122.13078481941128,37.789374276921244],[-122.1308278570734,37.789505691155405],[-122.13082829045162,37.789508206613654],[-122.13082933496142,37.789510886642752],[-122.13086689261355,37.789666188965825],[-122.13089071406128,37.789750827378818],[-122.13091517586597,37.789817413858508],[-122.13098777225048,37.789944578437648],[-122.13107770395479,37.790094166509903],[-122.13121753923845,37.790283404696687],[-122.13130312644681,37.790375477444996],[-122.13140435004222,37.790453053981715],[-122.13146992832623,37.790477950544812],[-122.13157656585982,37.790494764158034],[-122.13157872198211,37.79049526691108],[-122.13158022032844,37.790495394870483],[-122.13172709525733,37.790522950356007],[-122.13174126159184,37.790526473417131],[-122.13175457246768,37.79053152947661],[-122.13183278518018,37.790566863087697],[-122.13185354409322,37.790579199285503],[-122.13185420223952,37.79057995256067],[-122.13185511550728,37.790580430154101],[-122.13192226035501,37.790634124860645],[-122.13192564507098,37.790638085485888],[-122.13193997997311,37.790653101416964],[-122.13198740543437,37.790723001548741],[-122.13199120290489,37.790729208464121],[-122.13199207463558,37.790732394624136],[-122.13199389790046,37.79073464752792],[-122.13202708675918,37.7908092964527],[-122.13202723258141,37.790809937864331],[-122.13202836465757,37.790812362543257],[-122.13205442105031,37.790879207885311],[-122.13209442593455,37.790957638350626],[-122.13215448461038,37.791034704425734],[-122.13223558337967,37.791136780262093],[-122.13227645298755,37.791178488950365],[-122.13228970635079,37.79119621338522],[-122.13228977182484,37.791196453990374],[-122.1322899454095,37.791196653447834],[-122.13232283470111,37.791257651125008],[-122.13232299039379,37.791258224812452],[-122.13232937339581,37.791274650251076],[-122.13234515951339,37.791340436451264],[-122.13234697702899,37.791354411747974],[-122.13234672122267,37.791355534532677],[-122.132346988328,37.791356578886798],[-122.13234602133612,37.791443081320281],[-122.1323456191389,37.791444725200954],[-122.13234434897528,37.79145709681724],[-122.13233388119473,37.791502763032973],[-122.13232833283449,37.791518212765546],[-122.13232725268423,37.791519546118373],[-122.13232689763733,37.791520958648697],[-122.13228735173627,37.791592898849458],[-122.13227222679836,37.791654782857506],[-122.13226603255315,37.791716845129741],[-122.13226667743126,37.791746183450776],[-122.13229460256743,37.791815051209596],[-122.13232755874107,37.791868901740543],[-122.13237068062084,37.791923109878923],[-122.13242964157629,37.791978087305374],[-122.1325860090268,37.792095738308888],[-122.13258680911983,37.792096645515812],[-122.13258795209336,37.792097239778037],[-122.13267197952699,37.792163854591735],[-122.13272969272998,37.792208082061855],[-122.13273807702507,37.79221532395961],[-122.13280255649285,37.792278159525488],[-122.13280455683574,37.792280767726396],[-122.13280828550357,37.79228430362258],[-122.13291282329176,37.792408036490386],[-122.1329198309282,37.792418205489518],[-122.13292078554274,37.792419270961318],[-122.13306951307435,37.792673904656858],[-122.13324929151752,37.792971355772146],[-122.13325076523114,37.792976298961541],[-122.13325381723517,37.792980097442658],[-122.13334142200405,37.793181449964791],[-122.13334152912205,37.793181931503995],[-122.1333423236714,37.793183618287927],[-122.1333817997224,37.793283216733457],[-122.13338274632893,37.793287841001685],[-122.13338513399863,37.793294219697088],[-122.13341031407421,37.793412561168822],[-122.1334414812948,37.793525901156976],[-122.13349928027448,37.793621194125315],[-122.133575769383,37.793695377962912],[-122.13375818556395,37.793837351222898],[-122.13412256527499,37.794116578394188],[-122.13419521971038,37.794170445110424],[-122.13434113849374,37.794278632254432],[-122.13434191983285,37.794279510872435],[-122.13434307653679,37.794280107631302],[-122.1346977407931,37.794557062512666],[-122.1346995050007,37.7945591008164],[-122.13470161310124,37.794560253016336],[-122.13479553318548,37.794641931819399],[-122.13491255862316,37.794779301043022],[-122.13491677626723,37.794785435354491],[-122.13491843224136,37.794787199399991],[-122.13501119685127,37.794929482789314],[-122.13501171290075,37.794931103133038],[-122.1350132625452,37.794932834407348],[-122.13508015040753,37.795047911777715],[-122.13515553732971,37.795141421800082],[-122.13524782784067,37.795234804611866],[-122.13547106656684,37.795401920241268],[-122.13547257592124,37.79540362593476],[-122.13547461783817,37.795404710550798],[-122.13561408985122,37.795519673088485],[-122.13561615520359,37.795522130748097],[-122.13562660529527,37.795532232918134],[-122.1357569707698,37.795693011420525],[-122.1357599116899,37.795697375506585],[-122.13576122652917,37.795698756772808],[-122.13593014584642,37.795949553564128],[-122.13593126875234,37.795951397984972],[-122.13593152351584,37.795951672909815],[-122.13601077910187,37.796078006726759],[-122.13613519010811,37.796249773291571],[-122.13622827609902,37.79635414119749],[-122.13631898675625,37.796432544366382],[-122.13639486098275,37.796473979508768],[-122.13649806877191,37.796514047613499],[-122.13661293476987,37.796541467330378],[-122.13671141625689,37.796552789789601],[-122.13695787871906,37.796559290621857],[-122.13730181450033,37.796550439885898],[-122.13749394426571,37.79655206709613],[-122.13750302527066,37.796552389777077],[-122.13766932716636,37.796566544638523],[-122.13768196949876,37.796568253399847],[-122.1377848394345,37.796587404598199],[-122.13779917143287,37.796590957989899],[-122.1377996044516,37.796591179068884],[-122.13793605055641,37.796635833506969],[-122.13816481070802,37.796741369424588],[-122.13826487079734,37.796791686290781],[-122.13833263609128,37.796814098475188],[-122.13839955379656,37.796826815075995],[-122.13851647940795,37.796838151932853],[-122.13861022894608,37.796836849295318],[-122.13871139436471,37.796831327922604],[-122.13887344426037,37.796829075945467],[-122.13890099048372,37.796831632710507],[-122.13903385946053,37.796858598024791],[-122.13904617963293,37.796861760187852],[-122.13905708511831,37.796865761169187],[-122.13921679090724,37.796933515669146],[-122.13923995754462,37.796946903026587],[-122.1392481410697,37.796953948105369],[-122.13933825022649,37.797041191455037],[-122.13935316813145,37.797060576248192],[-122.13941803645801,37.797179051457917],[-122.13941825132775,37.797179833383318],[-122.13941879106204,37.797180463902919],[-122.13947315939845,37.797285419825521],[-122.13947725304109,37.797294709770853],[-122.13953405507094,37.797462456372408],[-122.13959233513616,37.797552759023347],[-122.13966361389657,37.797629416643915],[-122.13975203624425,37.797683209458597],[-122.13985390853841,37.797737877649467],[-122.13986407060206,37.797743330755623],[-122.14000038002212,37.797787966720094],[-122.14002078599158,37.797790750492112],[-122.14027648395145,37.797825637804138],[-122.14028795030427,37.797828182704357],[-122.14033398846688,37.797839755792211],[-122.14040128511708,37.797857537744207],[-122.14041411269727,37.797862375179221],[-122.14047090073318,37.797887702715919],[-122.1405215100375,37.797910274814313],[-122.14054405650631,37.797923839065447],[-122.14061797337619,37.79798249384595],[-122.14061826479235,37.797982833134647],[-122.14062404611663,37.797987748749485],[-122.14070351300839,37.79806279140589],[-122.14071285439087,37.798073141060236],[-122.14073201779009,37.798098271004157],[-122.14078081556403,37.798162302750704],[-122.14086412430886,37.798277305267618],[-122.14091686302412,37.798337117852121],[-122.14095776265771,37.798377366903068],[-122.1410723240744,37.798438892867935],[-122.14120457265166,37.798476311590733],[-122.14135230784746,37.798484663000302],[-122.14151391508358,37.798482413605896],[-122.14152716910232,37.798482901382023],[-122.14178630369422,37.798505680065837],[-122.14181291715853,37.798510909378017],[-122.14182893034406,37.798517227078243],[-122.14198205353323,37.798591320907512],[-122.14199911801198,37.798601781010746],[-122.14199970147767,37.79860207657859],[-122.1421706768019,37.798731624266914],[-122.1421708433994,37.798731813894726],[-122.14217109036665,37.798731940223078],[-122.14218000449492,37.798739698562635],[-122.14230811509107,37.798866585244433],[-122.14247155615246,37.799025188182696],[-122.14269021339928,37.79922173483142],[-122.14276441145026,37.799275868651151],[-122.14290258826668,37.79937312573108],[-122.14290273375346,37.799373285012372],[-122.14290299207761,37.79937341118108],[-122.14306065452057,37.799485553275609],[-122.14306224111783,37.799487299251531],[-122.14306464460164,37.799488546317157],[-122.14317711440857,37.799577488453281],[-122.14327260639254,37.799637775782195],[-122.14327566078042,37.799639901418971],[-122.14327624854155,37.799640185205689],[-122.14336744586267,37.799703364656899],[-122.14336759362187,37.799703523905947],[-122.14336786342109,37.799703655320677],[-122.14349921768233,37.799795641265518],[-122.14350107975697,37.799797671768708],[-122.14350393025597,37.799799154107475],[-122.14360923471814,37.799882707616568],[-122.14360931865747,37.79988280557459],[-122.14360943241394,37.799882865268238],[-122.14383356949403,37.800061667976912],[-122.14390774185642,37.800110717991245],[-122.14398980267394,37.800153342644258],[-122.14408750784938,37.800189188677948],[-122.1442169219619,37.800210405538557],[-122.14429911723337,37.800214470953257],[-122.14445471638797,37.800215172455765],[-122.14467888903368,37.800214962498636],[-122.14492551473739,37.80021152277488],[-122.14492897375239,37.800212018830258],[-122.14493189552081,37.800211589675527],[-122.14516842231778,37.800219830597925],[-122.14532565902653,37.800216115839021],[-122.14541191242598,37.800203018886926],[-122.14549657101865,37.800190116245815],[-122.1455008130944,37.800189765980242],[-122.14550287915247,37.800189313605792],[-122.14563129941442,37.800176173330257],[-122.14582863713251,37.80014254653296],[-122.14598755044793,37.800103349425456],[-122.14609089901056,37.800051656263157],[-122.14615243700305,37.800011164138006],[-122.14623050597983,37.799941407544338],[-122.14623218808428,37.799940439644324],[-122.14623344389544,37.799938890136595],[-122.1462496586031,37.799928039074999],[-122.1463664903013,37.799864840637532],[-122.14638356118708,37.799857365076832],[-122.14638757646513,37.799856672799748],[-122.1463904154447,37.799855225548747],[-122.14648955911125,37.799827455334238],[-122.14649460040907,37.799826733408885],[-122.14650570068279,37.79982406418565],[-122.14671011444287,37.799794823991149],[-122.14671551446968,37.799794402541565],[-122.14671752328552,37.799793981584351],[-122.14688347818901,37.799779937323557],[-122.146889777882,37.799779626761612],[-122.14689024956678,37.799779540872215],[-122.14704901282542,37.799774392162462],[-122.14705018836896,37.799774549668975],[-122.14705142495585,37.799774335944861],[-122.14706029875501,37.799774512998901],[-122.14718832695711,37.799781421966898],[-122.14737727263365,37.799787426683253],[-122.14771691218044,37.799788477129795],[-122.14789802454148,37.799783153793278],[-122.14798100473945,37.799771833623353],[-122.14808011194252,37.799748642284122],[-122.14812778166305,37.799736087038106],[-122.14820602250333,37.79970123327189],[-122.14826776390193,37.799660605607535],[-122.14839130681163,37.799561962287164],[-122.14839212938449,37.799561516428646],[-122.14839261843004,37.799560933749362],[-122.1485088632237,37.79947135528397],[-122.14851028648683,37.799470598236653],[-122.14851104611587,37.799469721599742],[-122.14860558414914,37.799400969566634],[-122.14861083459476,37.799398262967372],[-122.14862174588188,37.799391333680568],[-122.14881549089461,37.799297740861967],[-122.14882220285268,37.799294977772568],[-122.14882338912663,37.799294288918603],[-122.14889298259051,37.799266929808034],[-122.14889517078463,37.799266507206468],[-122.14889730357186,37.799265328401951],[-122.14904878885388,37.799212503545711],[-122.14914568567994,37.799166029094458],[-122.14922028375983,37.799107165404692],[-122.14930239261186,37.799009723235081],[-122.14942928652599,37.79883202867854],[-122.14950786185597,37.79871982063986],[-122.14950983527271,37.798717705941307],[-122.14951196843273,37.798714449035934],[-122.14959833559864,37.798610629919587],[-122.14960281612754,37.798606192995322],[-122.14960432200536,37.798604146114243],[-122.1496802591783,37.798529789495923],[-122.14968622533722,37.798524439633688],[-122.14969433283171,37.798518450629253],[-122.14980720679428,37.798443577212012],[-122.14981301344663,37.798439994053744],[-122.14998083555574,37.798343830420393],[-122.14998872089181,37.798340265029999],[-122.14999220955924,37.798338162465356],[-122.15009102534036,37.79829573542068],[-122.15009214234043,37.798295303453422],[-122.15009237325584,37.798295166850053],[-122.15023881350599,37.798234481664899],[-122.15024246761917,37.79823374294233],[-122.15024617829056,37.798231716565745],[-122.15038186319387,37.798185840943113],[-122.15040134016273,37.798180986845495],[-122.15055594934881,37.798155369285944],[-122.15057534249901,37.798153642471121],[-122.15066768113543,37.798152350017276],[-122.15067974047567,37.798152737237004],[-122.15085554457933,37.798166545927735],[-122.15085910534312,37.798167227826404],[-122.15086491183779,37.798167625059904],[-122.15092104478551,37.798176185218743],[-122.15092406069208,37.798176879248906],[-122.15092609871516,37.798177059787832],[-122.15103846849587,37.798198850202233],[-122.15104697698655,37.798200993001899],[-122.15104824917692,37.798201156324616],[-122.15114989523482,37.7982295049501],[-122.15153532798931,37.798322827589949],[-122.15162735310412,37.798337707469287],[-122.15170727260818,37.798338632880629],[-122.1518274566143,37.798336949514407],[-122.15192128652863,37.798328862942974],[-122.15215350662915,37.798311592189371],[-122.15216712475934,37.798311291458518],[-122.15224062777502,37.798313499544506],[-122.15232622599977,37.798316071604901],[-122.15233796253357,37.798316955214297],[-122.15245900647798,37.79833161348833],[-122.15246932292762,37.798333291985031],[-122.15267193653089,37.798374843145929],[-122.1526896310137,37.798379865180102],[-122.15309336984387,37.798528404609549],[-122.15309431942381,37.798528921183298],[-122.15309910366868,37.798530687988567],[-122.15321281692533,37.79857950687024],[-122.15368859488184,37.798760579318007],[-122.15387993644441,37.798827424479548],[-122.1538803777925,37.798827659801994],[-122.15388413457732,37.798828981391402],[-122.15414849508514,37.798932744688599],[-122.15414899302972,37.798933022472184],[-122.15415084217928,37.798933695838564],[-122.1544212994945,37.799046718994084],[-122.15442284678387,37.799047606562461],[-122.1544263812318,37.799048989829636],[-122.15452161238669,37.799094380086856],[-122.15452433409776,37.799096036992658],[-122.15452728523776,37.799097286957732],[-122.15473445845616,37.799211197255389],[-122.15474743115098,37.799219638472856],[-122.1547485429401,37.79922090973583],[-122.15475002092269,37.799221693737373],[-122.15487299397849,37.799322766719641],[-122.15487391673425,37.799323862203465],[-122.15488123267912,37.799330424555102],[-122.15501532919819,37.799471699961906],[-122.15516254760952,37.799611421282627],[-122.15536280054619,37.799785060402129],[-122.15551163307981,37.799897943581179],[-122.15564595754323,37.799985114561743],[-122.15576809081439,37.800067973264674],[-122.15577925456336,37.800075547615847],[-122.15578287010108,37.800078119242166],[-122.1560639382555,37.800287683802885],[-122.15618752360427,37.800371036254489],[-122.156192386361,37.800374532070201],[-122.15620255588293,37.800383557702567],[-122.15627187262891,37.800455009926196],[-122.15627719501893,37.800461036062131],[-122.15644992093725,37.800676429746559],[-122.15652255076817,37.800757539033569],[-122.15661265429262,37.800832456035366],[-122.15675235076289,37.800935424339094],[-122.15676082563667,37.800942401052438],[-122.15681119744301,37.800989075741484],[-122.15687493262921,37.801048133011008],[-122.15699502998972,37.801158454135603],[-122.15700315204791,37.80116697317623],[-122.15711056645316,37.801296298620265],[-122.15711079070915,37.801296627097848],[-122.15711101356706,37.801296842048238],[-122.15722582198808,37.801437464129592],[-122.15730151933568,37.801528571521608],[-122.15738268849586,37.8016084185126],[-122.15738284878888,37.801608628934765],[-122.15738328316371,37.8016090085288],[-122.15755581348651,37.801781951308037],[-122.15768690280242,37.801896660924669],[-122.15792104605083,37.802066995176695],[-122.15822774602624,37.80227016196163],[-122.15848351248819,37.802420796212445],[-122.15886062320058,37.802627271552105],[-122.15886105884144,37.80262755469834],[-122.15886139481348,37.802627697763633],[-122.15907314234209,37.802748361678574],[-122.15912509749556,37.802774894621002],[-122.15927999240546,37.802855319819216],[-122.15944594518264,37.802941172842715],[-122.15949153440721,37.802964136470543],[-122.15957011118614,37.80301095562767],[-122.15976991182804,37.803124667225518],[-122.15996591217375,37.80323540316563],[-122.16004775212346,37.80328606190406],[-122.16012387549152,37.80333832853097],[-122.16024470801679,37.803431873501339],[-122.16031017331831,37.803491236228687],[-122.1603662762614,37.80354855261308],[-122.16042470850807,37.803614085441453],[-122.16047512434707,37.803676255314734],[-122.16048482592599,37.803687369766664],[-122.16049111217976,37.803694570782817],[-122.16049821788572,37.803702710990123],[-122.16051049522846,37.803714274902219],[-122.16052120397033,37.803724361360089],[-122.16053177042097,37.803732452838837],[-122.16053925499148,37.803738184302389],[-122.16055290332906,37.80374863579349],[-122.16056126844107,37.803755041545315],[-122.16056963355453,37.803761447296509],[-122.16057667786167,37.80376684161287],[-122.16058460270847,37.803772910218278],[-122.16059693025056,37.803782350270012],[-122.16060878129791,37.803788817778354],[-122.16061789811954,37.803793793606943],[-122.16062544083438,37.803797909358764],[-122.16063414257525,37.803802658530117],[-122.16064599478462,37.80380912691961],[-122.16066175356778,37.803816436958826],[-122.1606704644543,37.803820477683082],[-122.16068622324237,37.803827787719051],[-122.16069673165033,37.803832419527097],[-122.16070686152418,37.803836884541944],[-122.16071943810425,37.803842427140445],[-122.16073511893444,37.803847013144747],[-122.1607507997666,37.803851599146974],[-122.16076499810762,37.803855663522036],[-122.1607752859188,37.803858607844006],[-122.16078738326401,37.803862070986888],[-122.16080495949473,37.803866190522427],[-122.16081520563668,37.803868592025289],[-122.1608343643621,37.803873083080504],[-122.16084485731685,37.803874738545126],[-122.16085517019131,37.803876365905182],[-122.16087431648985,37.803879387328784],[-122.1608864832919,37.803880420843775],[-122.16089694202728,37.803881308091881],[-122.16090729383237,37.803882187833409],[-122.16091775256831,37.803883075079689],[-122.16092810437388,37.803883954819327],[-122.1609436849602,37.803885277287058],[-122.16096448014639,37.803886357795115],[-122.16098005077383,37.803885610422228],[-122.16099040584776,37.803885113130221],[-122.16128781671443,37.803870833754168],[-122.16130856430244,37.80386983768652],[-122.16130765517165,37.803676929067002],[-122.16130533029356,37.803183193597626],[-122.16148700408371,37.803180635203788],[-122.16156885314305,37.803202829468489],[-122.16158758831892,37.803885818146419],[-122.16159119667923,37.803886478328202],[-122.16160841149753,37.803888960913667],[-122.16168102548504,37.803902182552257],[-122.16182404248968,37.803928233302997],[-122.16180876006611,37.803250925594114],[-122.16206307230492,37.80332084270357]]],[[[-122.08114066291525,37.738700864659783],[-122.07754478198038,37.741067349792651],[-122.07729439169808,37.742004189995519],[-122.07760440965095,37.742363040184941],[-122.08015051251364,37.745310023804798],[-122.09083666480751,37.752600358873181],[-122.09109328666879,37.752386276970626],[-122.09118374953289,37.752310809842314],[-122.09253289621535,37.74858199597741],[-122.09252632649536,37.748578620687773],[-122.09243389021948,37.748531125894559],[-122.09242831158487,37.748527605637754],[-122.09242542425942,37.748526276688068],[-122.0922408840548,37.748408911027553],[-122.09161545015758,37.748054746237223],[-122.09161193440747,37.748052423662692],[-122.0916104912706,37.748051756467461],[-122.09136024202975,37.747891226258396],[-122.0905840950909,37.747402477650866],[-122.09031554646396,37.747234934290859],[-122.09031108375247,37.747231844050773],[-122.09031042197456,37.747231519551242],[-122.09012332213776,37.747098443677132],[-122.09012047459652,37.747095310008291],[-122.0901166166787,37.747093221803304],[-122.08995182802104,37.746952707408163],[-122.08995054873149,37.746951156645686],[-122.08994406365538,37.746945254114877],[-122.08984974990591,37.746843041560567],[-122.08984767401512,37.746840168724852],[-122.08984539493625,37.746837930345031],[-122.08973694590881,37.746699779902627],[-122.08959609115111,37.746551357068988],[-122.08940389121678,37.746390128976053],[-122.08925000631579,37.746265071085837],[-122.08910502578462,37.746153792453008],[-122.08897243749728,37.746075104702669],[-122.08883049583829,37.746003845930815],[-122.08882697616183,37.746001649490488],[-122.08882423687908,37.746000442818655],[-122.08858075521968,37.745857419787036],[-122.0885703497872,37.7458504219492],[-122.08856955288304,37.745849509000365],[-122.08856846135515,37.745848935255474],[-122.08848157642613,37.745778737107827],[-122.08847801520781,37.745774543340666],[-122.08846449607167,37.745760448457716],[-122.0884134762332,37.745686199116804],[-122.08840938594085,37.745679552306164],[-122.08840467877835,37.745669053231246],[-122.08835685545827,37.745534096343214],[-122.08835514214957,37.74552482124426],[-122.08835344379307,37.74551959035972],[-122.08832654950821,37.745295318338634],[-122.08829385964137,37.745157427827408],[-122.08820967986982,37.744934353200968],[-122.08820947993206,37.744933334878723],[-122.08820863718861,37.744931391615658],[-122.0881765686988,37.744833228544216],[-122.08806124385499,37.744601083410288],[-122.08788250317994,37.744332182678264],[-122.08770721859378,37.744154120039674],[-122.08746801376172,37.743950134801665],[-122.08722982899361,37.743796446339211],[-122.08722804657698,37.743795190696538],[-122.0872276544556,37.743795003129357],[-122.08710452823139,37.74371101861837],[-122.08710108422454,37.743707309859566],[-122.08709620244186,37.74370466671418],[-122.08697262053968,37.74359927839177],[-122.08697122136016,37.74359758142166],[-122.08696439668671,37.743591321938005],[-122.08689076532954,37.743510239253283],[-122.08687975138621,37.743494864149433],[-122.08687529911977,37.743485071697698],[-122.08684666948012,37.743406951575054],[-122.08684255121742,37.743385325066939],[-122.0868389608127,37.743217194000238],[-122.08681769183822,37.743034703058619],[-122.08677304448611,37.742829946487824],[-122.08669122155811,37.742673596258264],[-122.08658222950298,37.742526352153504],[-122.08635593634817,37.742359332278404],[-122.08635572358205,37.742359093631173],[-122.08635538632987,37.742358924246915],[-122.08616990419274,37.742220018787378],[-122.08604860931742,37.742137279190231],[-122.0860469181425,37.742135457273264],[-122.08604410488273,37.742134019034289],[-122.08602806673237,37.742118235661728],[-122.08591488176452,37.741973453491994],[-122.08590786170568,37.741962813324541],[-122.08590037101087,37.741941925164134],[-122.08588004061338,37.741831576588808],[-122.08587896364666,37.741821046581862],[-122.08587917500216,37.74181420031033],[-122.08588633288042,37.741728461110654],[-122.08588715915417,37.741725542840619],[-122.08588788292867,37.741718725719259],[-122.08592085286644,37.741579112784777],[-122.08592135978849,37.741577714567597],[-122.08592150344614,37.741576576268358],[-122.08594196156412,37.741502820146572],[-122.08596944949899,37.741383166022175],[-122.08597566792454,37.7413199856367],[-122.08596185010687,37.741218406036239],[-122.08590512268914,37.741078032149247],[-122.0858293901122,37.740942930776392],[-122.08561813922594,37.740624539784498],[-122.08550253705972,37.740493383786593],[-122.08542171890396,37.740428242044629],[-122.08533376296266,37.740373041478989],[-122.08518765146275,37.740310756053724],[-122.08518558097244,37.740309555622588],[-122.08518152568276,37.740307926804782],[-122.08507706222484,37.740255805702873],[-122.08507419399017,37.740254020332344],[-122.08507168790804,37.740252933898098],[-122.08495568910382,37.740186693444585],[-122.08494415078179,37.740179039167195],[-122.08492478370417,37.740158673855632],[-122.08483661549477,37.740027827697638],[-122.08483292647909,37.740021769234119],[-122.08482651808806,37.740005739935569],[-122.0848069517675,37.739931066024674],[-122.08480640054579,37.739927141666364],[-122.08480566084026,37.739925021266821],[-122.08478502944314,37.739800403030173],[-122.08478481620476,37.739798119648789],[-122.08478461337916,37.739797495167551],[-122.08476319376058,37.739619363879839],[-122.0847463424776,37.739546681958373],[-122.08472262707822,37.739503058415295],[-122.08465516537927,37.739427891331665],[-122.08451522577806,37.739292840633617],[-122.08450909517546,37.739284883800764],[-122.0845039262995,37.739279455313678],[-122.08442504889587,37.739162757432801],[-122.08442129554555,37.739156605199561],[-122.08441382610349,37.739135829303876],[-122.08439859955142,37.739053959762273],[-122.0843975011292,37.739043316482267],[-122.08439797029446,37.739041264534826],[-122.08439753347875,37.73903945817046],[-122.08439955602498,37.738985773954468],[-122.0844060692976,37.738812891156975],[-122.08440452624923,37.738740517909704],[-122.08439220481343,37.738707722662028],[-122.08437951760318,37.738673950965222],[-122.08432266756598,37.738664757508424],[-122.08241080231309,37.738355550799099],[-122.08114066291525,37.738700864659783]]],[[[-122.11511749817399,37.771887041014423],[-122.11741649122094,37.772345815619666],[-122.11876586250405,37.772973467025665],[-122.12086487924743,37.775048637232892],[-122.12205492961264,37.775587112848214],[-122.12261799271751,37.776163966962542],[-122.12426283699492,37.777849029101553],[-122.1243074072772,37.777802682816201],[-122.12437094474245,37.777742830788362],[-122.12442184199874,37.777685206639248],[-122.12447989106744,37.777617159295204],[-122.12448096595384,37.777616107245457],[-122.12448150730098,37.777615318477771],[-122.12454909294433,37.77754055849703],[-122.12455688270238,37.777528465686167],[-122.12459712155324,37.777465992275545],[-122.12463319810938,37.777395837017728],[-122.12466899850254,37.777297021352005],[-122.12466915289939,37.777215479268648],[-122.12466224072931,37.777158586759953],[-122.12464781645794,37.777122273102549],[-122.12459450188042,37.777028349603604],[-122.12452622476376,37.776942582321475],[-122.12436769928533,37.776764279841075],[-122.12421974365287,37.776607892910498],[-122.12421949552569,37.776607552985745],[-122.12421903913314,37.776607138430208],[-122.12387973946419,37.776239850128881],[-122.12387899371963,37.7762388195573],[-122.12387790181967,37.776237794654882],[-122.12376698246527,37.776109683779254],[-122.12364019698435,37.775967334852766],[-122.12356191329026,37.775889743213732],[-122.12356165258508,37.77588939895503],[-122.12356098808115,37.77588881243733],[-122.12350311945208,37.775829731569402],[-122.12342353790116,37.775773675690672],[-122.12342230262797,37.775772323833849],[-122.12342032206101,37.775771312065764],[-122.12333259848333,37.775704056843857],[-122.12295313052674,37.775435549435471],[-122.12295264894873,37.775435020774133],[-122.12295182825891,37.775434612130063],[-122.1226916304403,37.775244120235776],[-122.12246097050885,37.775077066951823],[-122.12239574884619,37.775035713500692],[-122.12239321018029,37.77503394250629],[-122.12239267091391,37.775033683183239],[-122.12230564937391,37.77497400444522],[-122.12222353293362,37.77492333556539],[-122.12221512435316,37.774917547750185],[-122.12221280597294,37.774914894185422],[-122.12221005835274,37.774913380190419],[-122.12213238211791,37.77484482063543],[-122.12213028771384,37.774842233376752],[-122.12212368375722,37.77483600438682],[-122.12208367179254,37.774789222230005],[-122.12203184504428,37.774729774559304],[-122.12202761474238,37.774723739097354],[-122.1220255346569,37.774721547250557],[-122.12195991238112,37.774623505094262],[-122.12195883173361,37.77462018565808],[-122.12195588477994,37.774616769340689],[-122.12190773102354,37.774525815078874],[-122.12190766671308,37.774525573550747],[-122.12190750478118,37.774525384731973],[-122.12185014858119,37.774415310007235],[-122.1217745499318,37.774279425471946],[-122.12169567551821,37.77415099801825],[-122.1216519383922,37.774097832655862],[-122.12158097782105,37.774037389063743],[-122.1215214209591,37.774004638126208],[-122.12144163356665,37.773972850294413],[-122.12133705692517,37.773954381892864],[-122.12122917500713,37.773949156389293],[-122.12107390316234,37.773945856692002],[-122.12107289484408,37.773945693028082],[-122.12106645765803,37.773945485061795],[-122.1209473698559,37.77393612925993],[-122.12093752186414,37.773934240654491],[-122.12092909691162,37.773933363412695],[-122.12082238281553,37.773909178129884],[-122.12081282533332,37.773906606944131],[-122.12080980238996,37.773905063359379],[-122.12080684420498,37.773904562431149],[-122.12069280721582,37.773862154360963],[-122.12069132038862,37.773861341225384],[-122.12068498928861,37.773858918523231],[-122.12058006320269,37.773810887997534],[-122.12057213066493,37.773806145180849],[-122.1205668586128,37.773803713321172],[-122.12049662786013,37.773758870806816],[-122.12048957319011,37.773753932080282],[-122.12048885127345,37.773753105724289],[-122.12048785674021,37.773752585005333],[-122.12038917486554,37.773673318875773],[-122.12038862376019,37.773672672206331],[-122.12038138588997,37.773666308549174],[-122.12027044699427,37.773554229125487],[-122.12026896443417,37.773552257931364],[-122.12026637853137,37.773549826087532],[-122.12013848588838,37.773401332854895],[-122.12013796082279,37.773400578588046],[-122.12013737873365,37.773400020657256],[-122.11993316846274,37.773152874029755],[-122.11975184249127,37.772947533899057],[-122.11975165156134,37.772947264371105],[-122.11975139658753,37.772947025461519],[-122.11953504008777,37.77269805347543],[-122.11953480105501,37.77269771251499],[-122.1195345077652,37.772697434480136],[-122.11940837350153,37.772549422770368],[-122.11928554596524,37.772417359351138],[-122.11928435797904,37.772415722936032],[-122.11928272451432,37.772414170140024],[-122.11920274380333,37.772319071358872],[-122.11919988764866,37.772314914773304],[-122.11919826272903,37.772313232992467],[-122.11914762812189,37.772240635058495],[-122.11914324292276,37.772233569791233],[-122.11914262365609,37.77223130556326],[-122.11914123024781,37.772229619700745],[-122.11910795349273,37.772159074099676],[-122.11910717790273,37.772155836058857],[-122.11910317340957,37.772145506955368],[-122.11908411873321,37.772065603888379],[-122.11908338534211,37.77205992672031],[-122.11908276706505,37.772058020240159],[-122.11907570052649,37.77199856662947],[-122.11907620627586,37.771995727327543],[-122.11907525636001,37.771992251971255],[-122.11907637417309,37.771978690334166],[-122.11909317682682,37.771889133562922],[-122.11909497474288,37.77188380462303],[-122.11909555956917,37.77188000990305],[-122.11912807881129,37.771783365895544],[-122.11912933669853,37.771779928704383],[-122.11914800456908,37.771732769462531],[-122.11915568286193,37.771711072130756],[-122.11916273126397,37.771691154235683],[-122.11917894186188,37.771624910560078],[-122.11918234034275,37.771554318118305],[-122.11917679679036,37.771509163073652],[-122.11915969456774,37.771456901609675],[-122.11912503396228,37.771399050778243],[-122.11907242337384,37.771350663567119],[-122.11900620359918,37.771303957368033],[-122.11892040265214,37.771249168062376],[-122.11891489317757,37.771245311948867],[-122.11891456029905,37.771245144398129],[-122.11872979114099,37.771107967142896],[-122.11872930934622,37.771107425851355],[-122.11872857803675,37.77110705199776],[-122.11872137204112,37.771100934722242],[-122.11865656561699,37.771039983160399],[-122.11865374071279,37.7710363713364],[-122.11864844055057,37.771031230882528],[-122.1185772667282,37.770942882129305],[-122.11857506903638,37.770939607738342],[-122.11857390293736,37.770938400870584],[-122.11852326987744,37.770865802650832],[-122.11852037084986,37.770861132974602],[-122.1185200264532,37.770860749301718],[-122.11847058539594,37.770776682711194],[-122.11847027742782,37.770775626270208],[-122.11846944378388,37.770774671668534],[-122.11846591070395,37.77076726575276],[-122.11843366653538,37.770688405169452],[-122.11838599846702,37.770597333791592],[-122.11832605330692,37.770508163874041],[-122.1182888413738,37.770467231121245],[-122.11821946952067,37.770416007875617],[-122.11814970489999,37.770370461903113],[-122.11807198964648,37.770335261334601],[-122.11797960776778,37.77030895464047],[-122.11787349192851,37.770290893665852],[-122.11778606066591,37.770292093571101],[-122.11767135427066,37.770301599739987],[-122.11761074971348,37.770319724700492],[-122.11753746941856,37.77035205286851],[-122.11741281637875,37.770424878518263],[-122.11727446328025,37.770516337894669],[-122.11709978693726,37.770659872547149],[-122.11709904654143,37.770660280116608],[-122.11709857424876,37.770660852525758],[-122.11692617013966,37.770797873672784],[-122.11671757021882,37.770969281902033],[-122.11659441691434,37.771091696905607],[-122.11646995541315,37.7712351889856],[-122.11632708913578,37.771401301035915],[-122.11629077802968,37.771445249358372],[-122.11623748426408,37.771509748122405],[-122.11623522283946,37.771512358254938],[-122.11615774135231,37.771598164962555],[-122.11615179092085,37.771603830144528],[-122.11615096715653,37.771604893995985],[-122.11608586791999,37.771663047236743],[-122.11607668328946,37.771670286926366],[-122.11600278060506,37.77172168853695],[-122.11597078901234,37.771737255799607],[-122.11591005433965,37.771766066729022],[-122.11581949892503,37.771809467969341],[-122.11580721917117,37.771814500758907],[-122.1157693234659,37.771828839501005],[-122.11570220334588,37.771846718424264],[-122.11566688693622,37.771853906201805],[-122.11561637035081,37.771861303187812],[-122.11556238985351,37.771864724833286],[-122.1155168229802,37.771866690223447],[-122.11542900962156,37.771867893590716],[-122.11536300355323,37.771862093424915],[-122.11527318077079,37.771848574883116],[-122.11521499969014,37.771833616139944],[-122.11517387527583,37.771820133178707],[-122.11516427624397,37.77181667356345],[-122.1150332881585,37.771762931324815],[-122.11501137060192,37.771745126336441],[-122.11492351546622,37.771688006662828],[-122.1149225011454,37.771686885994477],[-122.11492089967915,37.771686068950707],[-122.11490719077199,37.771673147537484],[-122.11485094129796,37.771607496996602],[-122.11484989354982,37.771605987483277],[-122.11484888559346,37.771605002802588],[-122.11477174663796,37.771507571408925],[-122.11476443360702,37.771496569258794],[-122.11476067883612,37.771488611158027],[-122.11471795520514,37.771381547094855],[-122.114714482393,37.771364677138756],[-122.11471321141035,37.771360313996681],[-122.11470848591479,37.7712756342981],[-122.11470871221557,37.77127455521029],[-122.11470839893568,37.771273408716795],[-122.11470867000936,37.771265876691743],[-122.1147320897998,37.771015901423382],[-122.11473219009714,37.771015554003121],[-122.11473224218572,37.77101445116773],[-122.11475150414522,37.770848538314681],[-122.11476505985944,37.770649656178989],[-122.11474777826214,37.770555202330598],[-122.11471787408406,37.770466765417815],[-122.1146690563727,37.770384893896647],[-122.11463151621156,37.770343596838451],[-122.11456593610123,37.770289116810893],[-122.11456587665423,37.770289045532053],[-122.1145658031387,37.770289005986655],[-122.11441622292695,37.770164282625039],[-122.11421565584578,37.770012703320774],[-122.11421455706518,37.770011455837867],[-122.11421304463542,37.770010659193559],[-122.11406031541885,37.769886777841798],[-122.11406005675543,37.769886472284618],[-122.11405652126288,37.769883530635092],[-122.11397411394273,37.769809075714932],[-122.1139730683331,37.769807767123964],[-122.11396931251647,37.769804403139545],[-122.11388959015672,37.769720749280104],[-122.1138771730499,37.769703879192996],[-122.11387693993903,37.769703025378689],[-122.11387635285709,37.769702338619737],[-122.11383870511941,37.769629561570888],[-122.11383706866987,37.769623265021551],[-122.1138312392916,37.769604666428144],[-122.11382382897266,37.769529184658872],[-122.11382426262776,37.769526885263019],[-122.11382353003377,37.769524203519374],[-122.11382493941147,37.76950917986597],[-122.11383801855443,37.769447159420722],[-122.11384382431956,37.76943055081172],[-122.11384771815256,37.769423652271854],[-122.11387561754015,37.769379753168288],[-122.11388026698607,37.769374558293933],[-122.1138854577237,37.769367211241416],[-122.113936233918,37.769313836799171],[-122.11394441404032,37.769306243350648],[-122.11395151757252,37.769300931065736],[-122.11403397332818,37.769244832085967],[-122.11405862103989,37.769232584840367],[-122.11405973270365,37.769231970345992],[-122.11414850428906,37.769200979514949],[-122.11414872935003,37.769200940386668],[-122.1141489211854,37.769200835027348],[-122.11416226346203,37.769197068406868],[-122.11428286387581,37.769170223146247],[-122.11428455449465,37.769170026070285],[-122.11428709308926,37.769169356887843],[-122.11441470933157,37.769145497391918],[-122.11450424438337,37.769121805165256],[-122.11457263010477,37.769095453038766],[-122.11464341541939,37.769059219194908],[-122.11468675323574,37.769028685344594],[-122.11473024577877,37.768975869006155],[-122.11475895993107,37.768933866281927],[-122.11477913261186,37.76887630212147],[-122.11478410705652,37.768834153274291],[-122.1147700195645,37.768781283071135],[-122.1147384874142,37.768712186676524],[-122.11469754584405,37.768649897680191],[-122.11464598180008,37.768593811787028],[-122.11464537076704,37.768592963150532],[-122.1146444669335,37.76859211852458],[-122.1145699870391,37.768506664876583],[-122.11449330542298,37.768432669886273],[-122.11433510811111,37.768281405349683],[-122.1142434387685,37.768204906556221],[-122.11410533256351,37.768121934277723],[-122.11397954347618,37.76806136372555],[-122.11381984444246,37.767998538478011],[-122.11356099869251,37.767923548250025],[-122.11355989242229,37.767922999264933],[-122.1135585213551,37.767922802654418],[-122.11355016549406,37.767919844065226],[-122.11331588131688,37.767826853407513],[-122.11331059713046,37.767823884302828],[-122.11330146445069,37.767819916211479],[-122.11318459571078,37.767752802855114],[-122.1131733145853,37.767745302759955],[-122.11317152063098,37.767743249228538],[-122.11316928516962,37.767742036215928],[-122.11306932684823,37.767656368885334],[-122.1130639236941,37.767649802153329],[-122.11305433198078,37.767639801632292],[-122.11298580317194,37.767539961414471],[-122.11298175168312,37.76753337708454],[-122.11297725348535,37.767523472674824],[-122.11292829749877,37.767389360121157],[-122.11288071284639,37.76726318695254],[-122.11283649138817,37.767174266880758],[-122.11279240865643,37.767121064288297],[-122.11272888888369,37.767072348652441],[-122.11265174040423,37.767039496063219],[-122.11251806614996,37.767007543747695],[-122.11201042787177,37.766898259434896],[-122.11149798428326,37.766798007920322],[-122.11129307423003,37.766760304489431],[-122.11114673250123,37.766740450673794],[-122.11105118606682,37.766733569495372],[-122.11098689128131,37.766736150499447],[-122.11089429519131,37.766761775262943],[-122.11084068482222,37.76679372415262],[-122.11079275977391,37.766856626862229],[-122.11073986205049,37.766951130980864],[-122.1107392598643,37.766951839412741],[-122.11073908871236,37.766952479774574],[-122.11068622138134,37.767042528102621],[-122.11068520252589,37.767043705425117],[-122.11068205239069,37.767048890502025],[-122.11060640760583,37.767152992746766],[-122.11059645769164,37.767164359883402],[-122.11052862208258,37.767229417945053],[-122.11052573515462,37.767231140759556],[-122.11051455298613,37.767240545771713],[-122.11043204714993,37.767294352232923],[-122.11040968438529,37.767305487015314],[-122.11030916956967,37.767341752273033],[-122.11022917395013,37.767367094423925],[-122.11022150327364,37.767368294117801],[-122.11020292114331,37.767372222888142],[-122.11011077009775,37.767380352981874],[-122.11010109179061,37.767380844741609],[-122.11001167553873,37.767382066039858],[-122.10999512793867,37.767381240392481],[-122.10988695627884,37.76736750072903],[-122.11067977726314,37.769021097486487],[-122.11136552015485,37.769767768535516],[-122.11486831554123,37.771746299360309],[-122.11511749817399,37.771887041014423]]],[[[-122.16919650421664,37.801104421296216],[-122.16881640764674,37.801596645067924],[-122.16915266905093,37.801925618105443],[-122.16917323252999,37.802206294630416],[-122.16919262326627,37.802470971302569],[-122.16921248485609,37.802738499796725],[-122.16918125589677,37.802966235842099],[-122.16915762909487,37.803147169426722],[-122.1697818360642,37.803349147703884],[-122.17053849190988,37.803589383748623],[-122.17054367709832,37.805283065501683],[-122.17095687360825,37.805030004060015],[-122.17105232343414,37.80496410292551],[-122.17110832942693,37.804914554456303],[-122.17115060036781,37.804870007404169],[-122.171179229,37.804834580604179],[-122.17119932924648,37.804804767255895],[-122.17122619767157,37.804767992007747],[-122.17124102947278,37.804734820763493],[-122.17125751438712,37.804698192646306],[-122.17127229980288,37.804662961987603],[-122.17128691522561,37.804620180156462],[-122.17129629311714,37.804575412477078],[-122.17133355732199,37.804385358227606],[-122.17133210471944,37.804320829141403],[-122.1713187094757,37.80426402377806],[-122.1713076318333,37.804233279754058],[-122.17118015368467,37.803952856995551],[-122.17116714488763,37.803913212463577],[-122.17115776682705,37.803881070963769],[-122.17114994917972,37.803841353772334],[-122.17111020584539,37.803623547088556],[-122.17107217602253,37.803416563451862],[-122.17105940844289,37.803350135513114],[-122.17105908889984,37.803342043957805],[-122.17105750569024,37.803331802100217],[-122.17105316127942,37.803321957129825],[-122.1710478905905,37.803296490940134],[-122.1710403021244,37.803276387992845],[-122.17102606292742,37.803239292254396],[-122.17100569500347,37.803199969154569],[-122.17098241248354,37.803165277891075],[-122.1709520695351,37.803124506455674],[-122.17092725132632,37.803097629329564],[-122.17090246830857,37.803074333838197],[-122.1707325473498,37.802907188406934],[-122.17069531415471,37.802867887896042],[-122.17066693352814,37.802837388927522],[-122.17053695665702,37.802676484780847],[-122.17036049465277,37.802449629144292],[-122.17026021387858,37.802300664500414],[-122.17017156709511,37.802130246747957],[-122.17014232224004,37.802061305301052],[-122.17009941902973,37.801923243113777],[-122.17003793780592,37.801686781531366],[-122.16998617313732,37.801496621258018],[-122.16997799518377,37.801456347658807],[-122.16997191785202,37.801391914666006],[-122.16997252143436,37.801330533943165],[-122.16997838661291,37.801268030655827],[-122.16998597548172,37.801223337054317],[-122.16999630296436,37.80118280050506],[-122.17001049967396,37.80113801332957],[-122.17003051829988,37.801091819893642],[-122.17009104159723,37.800978369195121],[-122.17052817866782,37.800133098370338],[-122.17052871805045,37.80007953615948],[-122.16970492795534,37.799698418031049],[-122.16933439068717,37.799538169737119],[-122.16864167574282,37.799214231488499],[-122.16840034665567,37.799102978729216],[-122.16839807588104,37.800080168784113],[-122.16854267932919,37.800078984463759],[-122.16855502223667,37.800132199465878],[-122.16861515692351,37.800420445687053],[-122.16853799701011,37.800683851762699],[-122.16842443488203,37.800945016098488],[-122.16856262941808,37.801087287272225],[-122.16906213250864,37.800999187872996],[-122.16919650421664,37.801104421296216]]],[[[-122.17008777422041,37.804749614533108],[-122.16993379264262,37.804839829869486],[-122.16983966961597,37.804918047369505],[-122.16967277553159,37.805056739579669],[-122.16959228475017,37.805090403064789],[-122.16951906274775,37.805121025796304],[-122.16934560244836,37.805166253196298],[-122.16907485763824,37.805232444900689],[-122.16907187541922,37.805877290400865],[-122.16936624853312,37.805805141927003],[-122.16941445317373,37.805793472591759],[-122.16947103202004,37.805769324302375],[-122.16951359770242,37.80573781987551],[-122.16954908848729,37.805699549599588],[-122.16955700955407,37.805690659209034],[-122.16956153844737,37.805684012078679],[-122.16958780647732,37.805656096078359],[-122.16960457100676,37.805638675316047],[-122.16961247579076,37.805631334256681],[-122.1696223715833,37.805623081867999],[-122.16962883442166,37.805616572270118],[-122.16964904867953,37.805599216211334],[-122.16968958469775,37.805568629001009],[-122.16970002714807,37.805561452969322],[-122.16971541138291,37.805552303710797],[-122.16973242418298,37.805540419784478],[-122.16974400023255,37.805533600782567],[-122.16975473368012,37.805526991064191],[-122.16976408514921,37.805522010393638],[-122.16979057670552,37.805507978153052],[-122.16982654680942,37.805490980241544],[-122.16983334755304,37.805487072921792],[-122.16983509997462,37.805486057728473],[-122.16985004878273,37.805479214393117],[-122.16986424312664,37.805473974098902],[-122.16987839991587,37.805467518661303],[-122.16989163915382,37.80546203054859],[-122.16991250551862,37.805454230188673],[-122.16996723373764,37.805435434651081],[-122.17002056749612,37.805420945681391],[-122.17007251800533,37.805408383142684],[-122.17011532399808,37.805401063292983],[-122.17011521441458,37.804742323923129],[-122.17008777422041,37.804749614533108]]],[[[-122.16854844578658,37.805393094463533],[-122.16841489681883,37.805445019219889],[-122.1683147637694,37.805502189939965],[-122.16831595554851,37.805540619527235],[-122.1683270404246,37.806153767440343],[-122.16854806390032,37.806060907141926],[-122.16856547715656,37.806053081982355],[-122.16858019368435,37.805380867965056],[-122.16854844578658,37.805393094463533]]]]},"properties":{"AGENCY_NAM":"EBRPD","GLOBALID":"{EC3E02EC-FE63-471C-852E-FFFF36C37C6D}","SHAPE.AREA":145974074.90636,"SHAPE.LEN":140279.04460491301,"OBJECTID":1,"NAME":"Anthony Chabot"}},{"type":"Feature","id":2,"geometry":{"type":"Polygon","coordinates":[[[-122.25477069920704,37.963314476859466],[-122.2551877905604,37.963200475374407],[-122.25548403215514,37.963110927760191],[-122.25578953010366,37.96304596137221],[-122.25632996409533,37.962939736927481],[-122.25912169417273,37.962382522998347],[-122.25924731743052,37.962340139193927],[-122.25936032952956,37.96227802931616],[-122.25940800230062,37.962240239048143],[-122.2594841917911,37.962161510233969],[-122.25992879163901,37.961526578375128],[-122.26004478614416,37.961371035145866],[-122.26018183407055,37.961225477519925],[-122.26033651402687,37.961092018220548],[-122.26050887604562,37.96097271556819],[-122.26069545326803,37.960867621133694],[-122.26083442301412,37.960803063036465],[-122.26097713787429,37.960750121604143],[-122.25189784829024,37.951858717881365],[-122.25189725476484,37.951859125890977],[-122.24758365818506,37.954822379382215],[-122.24758333903758,37.95482260037803],[-122.249093205051,37.956191942112618],[-122.25187251188238,37.960179521675684],[-122.25276142735164,37.95999329851913],[-122.25477069920704,37.963314476859466]]]},"properties":{"AGENCY_NAM":"EBRPD","GLOBALID":"{7317A80B-A07A-436B-9D2B-758DBBAF3794}","SHAPE.AREA":7232551.3091470199,"SHAPE.LEN":11857.860609625301,"OBJECTID":2,"NAME":" "}},{"type":"Feature","id":3,"geometry":{"type":"Polygon","coordinates":[[[-122.15820036990904,37.965948866431106],[-122.15986835265463,37.965216128769555],[-122.16095638844196,37.965774896594567],[-122.16089179285058,37.964286426472],[-122.16082043849444,37.96265110363823],[-122.16081508846314,37.962567511142929],[-122.16080642253466,37.962567527480722],[-122.16075695487747,37.961493336109086],[-122.16066088649758,37.95941127549704],[-122.16058638674444,37.957912180048353],[-122.16053736739863,37.956704349932629],[-122.16163692102297,37.956702878507869],[-122.16288868673254,37.954065641585586],[-122.1640435289541,37.954064008154226],[-122.16300481022452,37.952530364813839],[-122.16456876253868,37.952504001898824],[-122.16511029248748,37.952494914953355],[-122.16513329315798,37.951497463795732],[-122.16559474272208,37.951489708318462],[-122.16646365508838,37.948109577432966],[-122.16660084339109,37.946304730948611],[-122.16688975545834,37.946550977025268],[-122.16697884031679,37.946437750177253],[-122.1696353419228,37.943019323154566],[-122.16938286871191,37.942964259458314],[-122.1699946805409,37.941620646322406],[-122.16677182200114,37.941110777789532],[-122.16663247479997,37.941088746004823],[-122.16663253607216,37.940535321452458],[-122.16663256469458,37.940275064455555],[-122.16997877762506,37.940247912493646],[-122.17198536511975,37.940156102969652],[-122.1730196429465,37.940147669889335],[-122.17434844555767,37.940136827081744],[-122.17525355944335,37.940129433320621],[-122.17597307231274,37.940114868177652],[-122.17866801719495,37.940060284539754],[-122.18122473261073,37.94000844166505],[-122.18131980509841,37.940006512127177],[-122.1814148764437,37.940004582529014],[-122.18263530632292,37.939979815116011],[-122.18372421473148,37.939957705948586],[-122.1855571412049,37.939920465068674],[-122.18586155253398,37.939530769500202],[-122.18588069044338,37.939116231496371],[-122.1862461109757,37.93856124148693],[-122.18614659626883,37.938050178198843],[-122.18605866982138,37.937582393595264],[-122.18596205673511,37.937441290492124],[-122.1858473496101,37.937308957696985],[-122.18571580915149,37.937186843333954],[-122.18559178468652,37.937092055143054],[-122.18440950456862,37.936671460941255],[-122.18218018885651,37.936685456803481],[-122.18200470856776,37.936803269062445],[-122.18054200791777,37.936455653165105],[-122.17965213532648,37.935934613807916],[-122.17906053393035,37.935700788993117],[-122.17860711922518,37.934952065277542],[-122.17834145047092,37.934074650683598],[-122.1781719799264,37.93377665267559],[-122.17665591660244,37.93346103791518],[-122.17594939400092,37.933202323313203],[-122.17517213514938,37.933196945728987],[-122.17495335938791,37.933081060544744],[-122.17464685881382,37.93208704926645],[-122.17446482194113,37.931936040326896],[-122.17405029309791,37.931663892166618],[-122.17377514739194,37.931483245387824],[-122.17204713442071,37.930850249927673],[-122.1719773410157,37.930824682792057],[-122.17121445333774,37.930545215088962],[-122.17043529622892,37.930560338205503],[-122.16909106168843,37.930763252257201],[-122.16879992030783,37.931101436780239],[-122.16862349958349,37.93117073937772],[-122.16787519152967,37.93081135719514],[-122.16745637871765,37.930731091904981],[-122.16737043359852,37.93074663397632],[-122.16709382992458,37.930781005979988],[-122.16681420251358,37.930792283158887],[-122.16653462316559,37.930780350973542],[-122.16652219684205,37.930834130721138],[-122.16635517363055,37.93080861071266],[-122.16613984819975,37.930759078576294],[-122.16616520133257,37.930688892395786],[-122.16598615624051,37.930639933288013],[-122.16575425239901,37.930557074795495],[-122.16553455428227,37.930455474840322],[-122.16532946916409,37.930336236799512],[-122.16514124628435,37.930200673551077],[-122.16393924684617,37.929207457457217],[-122.1638467143007,37.929134556135992],[-122.16359381356158,37.928905206620463],[-122.16337256676633,37.928656173307424],[-122.16318539120344,37.928390187944061],[-122.16303434742247,37.928110161205872],[-122.16292108872092,37.927819161771751],[-122.16284685007808,37.927520378624628],[-122.16260560094696,37.926043764529318],[-122.16259776974979,37.926015073320727],[-122.16257373759797,37.925987609486164],[-122.16253768435004,37.925970255330057],[-122.16249583331286,37.925966021389932],[-122.16197876146056,37.926014054777376],[-122.16197624607761,37.925992641167667],[-122.16183027472913,37.926010490814583],[-122.16085697579655,37.926127008786025],[-122.1605988492567,37.926676071947419],[-122.16052000604461,37.926784221484908],[-122.16042406630824,37.926881674098055],[-122.16034041689956,37.926948166370806],[-122.16024845724027,37.92700736708197],[-122.16014918760628,37.927058627751634],[-122.16004369330476,37.927101387920288],[-122.15993313685385,37.927135181567316],[-122.15981872723289,37.927159635741781],[-122.15970171214217,37.927174480584476],[-122.15958338279124,37.92717956007457],[-122.15946503129241,37.927174809199037],[-122.15934795599357,37.927160289022233],[-122.15923343568879,37.927136152804664],[-122.15842631264729,37.926928372650316],[-122.15848943979408,37.926797433636146],[-122.15928789631357,37.927002582987058],[-122.15944830638644,37.927031809414615],[-122.15954787793169,37.927038728235601],[-122.15964781802957,37.927037362102084],[-122.15974702811407,37.92702773095268],[-122.15984442278857,37.927009934746224],[-122.15993894054762,37.926984174938461],[-122.16002953862375,37.926950727519831],[-122.16011522529764,37.926909963287521],[-122.1601950674369,37.926862328814636],[-122.16026817908303,37.926808344808187],[-122.16033376909789,37.926748600031537],[-122.16039111622378,37.926683755259049],[-122.16043959122381,37.926614515929877],[-122.16072658662314,37.925999857743165],[-122.16081796051294,37.925988918334532],[-122.16102329428394,37.923277280053384],[-122.16139806180902,37.922687014733711],[-122.16156208494677,37.921918114127088],[-122.16167312870444,37.921509545296125],[-122.160847594814,37.920432196189473],[-122.15838960636484,37.920400587121144],[-122.15767148399316,37.920525390475198],[-122.15746642753274,37.920600225959156],[-122.15623417180731,37.921049918655541],[-122.15628526031958,37.921651869400506],[-122.1531518202994,37.92197760273622],[-122.15250264101319,37.922045074556692],[-122.14988362327284,37.922301327445204],[-122.14948467890467,37.922087216756431],[-122.14769889496513,37.921174723504365],[-122.14748549866844,37.920845809591441],[-122.14595173942065,37.920138981393237],[-122.14488675486228,37.918811397076773],[-122.14234464090974,37.917532363375585],[-122.14171384905529,37.916170062319459],[-122.14171246798512,37.915979494656703],[-122.14238015386941,37.915898517858366],[-122.14279383671968,37.915622364941356],[-122.14337387567427,37.915403672432511],[-122.14381419362688,37.915362857782164],[-122.14402265902346,37.915235756561003],[-122.14477269578411,37.915241674036764],[-122.1450557341656,37.914987341995598],[-122.14575813252473,37.914844826292743],[-122.14608661431707,37.914924585968095],[-122.14638317441107,37.91474982320954],[-122.14680934604318,37.914617605989243],[-122.1474042186874,37.914586254850775],[-122.14771428147731,37.914442389764645],[-122.14794321546873,37.914220675135027],[-122.14789045205426,37.913917481998212],[-122.14840846943002,37.913639638699451],[-122.14908535044532,37.913393763599196],[-122.14951076068289,37.913671053478602],[-122.15015355141368,37.913547463921738],[-122.15059311174736,37.9131878828777],[-122.15097991205118,37.913000621611523],[-122.1511631207261,37.912592456820541],[-122.15163343532062,37.912425180144858],[-122.15190408089914,37.912376536304023],[-122.15190068887162,37.911134546281289],[-122.15189028860944,37.911134557469651],[-122.15125952978021,37.911135255582373],[-122.14671827976424,37.911123297208988],[-122.14660260961524,37.910255933962397],[-122.14756577592476,37.909599612009742],[-122.14757176457947,37.909595530997237],[-122.14777562050283,37.90945661351018],[-122.14641205440422,37.909453564930729],[-122.145319155568,37.909451109894157],[-122.14502309879248,37.909451485945837],[-122.14500231250254,37.909451512325596],[-122.14499177832529,37.909451525676133],[-122.1449685023659,37.909451555185854],[-122.14405153698846,37.909448993525451],[-122.14402675377698,37.909448961826492],[-122.14394590912067,37.909599801210931],[-122.14402536312394,37.909797044912949],[-122.14383504551125,37.910243995145436],[-122.14365288139921,37.910381407087279],[-122.14375243782438,37.910582339817651],[-122.14369054145266,37.911158720430883],[-122.1434349740652,37.91092028487531],[-122.14288540242197,37.910741474305951],[-122.14285376681099,37.910728137682234],[-122.14282888375284,37.910707707052062],[-122.14281318152976,37.910682180720336],[-122.14280858325093,37.910663199934156],[-122.14279778271357,37.910401530422028],[-122.14279682846811,37.910381615829394],[-122.14278571028666,37.91035312315298],[-122.14275478896705,37.91032196638843],[-122.14272246551678,37.910306682917764],[-122.14269826529097,37.910301251291969],[-122.14267317096447,37.910299921481155],[-122.14264045934689,37.910304540613424],[-122.14219801519259,37.910461132647583],[-122.14216138527739,37.910463036915317],[-122.14212580919276,37.910455879050232],[-122.14209476359842,37.910440360467256],[-122.1420667695515,37.910411382341891],[-122.14191057396911,37.910120295956574],[-122.14188853856082,37.910086935603772],[-122.14184114329851,37.910053860194417],[-122.14178086145895,37.910038918259922],[-122.14172410702692,37.910043200897135],[-122.14172526337653,37.909453682662622],[-122.14172527954923,37.909445373002697],[-122.1414797180781,37.90944491480802],[-122.14110556643267,37.909444215364772],[-122.14011940895519,37.909442366510596],[-122.1398915152419,37.909441938119883],[-122.13968726648554,37.909441554101718],[-122.13738632042305,37.909434480611111],[-122.13658119501835,37.909433222005056],[-122.13031577018342,37.909383679969714],[-122.13025678318581,37.909383210966702],[-122.12852641196449,37.909396148424499],[-122.1284901091136,37.908088111080254],[-122.12844843972981,37.90641352542395],[-122.12757940872362,37.906421178394396],[-122.12756771247426,37.905910954171027],[-122.12751892519272,37.903576283433836],[-122.12750865308625,37.903084787521422],[-122.12743014129985,37.903037252895238],[-122.12743134742153,37.903174952300283],[-122.12716629763756,37.903179173113976],[-122.1271928585148,37.90444330917245],[-122.1272159380615,37.905541730706013],[-122.12747200105659,37.905539264805348],[-122.12747613513353,37.905912213462607],[-122.12747964036755,37.906093352131961],[-122.1272154738637,37.906098495220746],[-122.12722654166434,37.906700264146124],[-122.12508640639267,37.906729019620848],[-122.12497821003841,37.905946575745311],[-122.12496075956012,37.905827044375926],[-122.12451712894431,37.905831331645885],[-122.12382959266372,37.905835969356971],[-122.12385003435121,37.905962076812976],[-122.12394643659478,37.906398774796173],[-122.12298899593858,37.906421577281442],[-122.12323356252841,37.90597054329703],[-122.12330294286642,37.905842593817304],[-122.12289014566549,37.905847789359662],[-122.12233367299822,37.90585478595883],[-122.12196365940561,37.90576914318779],[-122.1215057059969,37.905663141513166],[-122.12038690233361,37.905404164040029],[-122.11977895948269,37.90526343351921],[-122.11968849417588,37.905243142403251],[-122.11914585085111,37.905121429175296],[-122.11833076978904,37.904938606408933],[-122.11755380962948,37.904764326819851],[-122.11755287777281,37.90465472859227],[-122.11684772396525,37.905114693782487],[-122.11664145837557,37.905360211350406],[-122.11564466225852,37.904818981860309],[-122.11579985840974,37.90462844757095],[-122.11488205788119,37.904121568249842],[-122.11383056057115,37.905668826417042],[-122.11321952337741,37.905813318499725],[-122.11296325728637,37.905735748681572],[-122.1129830111135,37.90504983415282],[-122.11299186667658,37.904742351953175],[-122.11258383695191,37.904447206885969],[-122.11233106227614,37.904264364822708],[-122.11186362506382,37.903926246527512],[-122.11107285578544,37.904868052236203],[-122.11105925165067,37.904876076818603],[-122.11036343348471,37.904227131146833],[-122.11003700375672,37.903922682392626],[-122.1099368144948,37.903803711118172],[-122.10892083851004,37.90259722261208],[-122.10868651449903,37.902317405938604],[-122.10836754773617,37.901936498437898],[-122.10769955094247,37.901234230080078],[-122.10755764319831,37.901263856562949],[-122.10590755666486,37.901608326623986],[-122.10242065904909,37.902336163630288],[-122.10071729457854,37.902691670754159],[-122.0992072294997,37.903034286151851],[-122.09935329947416,37.90342197849003],[-122.09895949919087,37.903520771369841],[-122.09894915241328,37.903523367053516],[-122.09936787242722,37.904125991422156],[-122.10018695942399,37.904585303774468],[-122.09988272817327,37.905297610619982],[-122.100103096639,37.905809763342496],[-122.10035308062682,37.906274696705495],[-122.10058167047855,37.906711153408182],[-122.10071531628793,37.907011313753657],[-122.10095994668104,37.90695548150677],[-122.10299944911611,37.906489974067732],[-122.10334133548764,37.906974083576479],[-122.10334136367194,37.906974124646169],[-122.10353493728066,37.906888596532589],[-122.10374952603576,37.907193310121635],[-122.1035572475563,37.907279007524529],[-122.10355661437222,37.907278916996518],[-122.10362172653551,37.907371112219842],[-122.10362595387602,37.907377098744],[-122.10367925244073,37.907452566140165],[-122.10387979406981,37.90736155947674],[-122.10413458093863,37.907715433165386],[-122.10451088168467,37.907525242505564],[-122.10486673550849,37.907972712364426],[-122.10521081251765,37.907800919701998],[-122.10580739233595,37.907503050215517],[-122.10639522028548,37.907209545531309],[-122.10705695885719,37.906879130843535],[-122.10826987080914,37.906273489992714],[-122.10846015701763,37.906178472532964],[-122.10927880781433,37.905772139903597],[-122.10929733148545,37.905762817543348],[-122.10947266205962,37.905674579601069],[-122.1102971179189,37.905259649357724],[-122.11086981737735,37.90497105722563],[-122.11118799731049,37.904992369590623],[-122.11141814304312,37.90520025186386],[-122.11189558469401,37.905631503178277],[-122.1120233898048,37.905746942800647],[-122.11255498590155,37.906227098720038],[-122.11300019022458,37.906629215859155],[-122.11312278744843,37.906739947605431],[-122.11335713331722,37.906951610354362],[-122.11336427552062,37.906958025314253],[-122.11400325760268,37.907122376379498],[-122.11411422410974,37.907150918237221],[-122.11397410389388,37.907512756798603],[-122.11374898532816,37.907725508898707],[-122.11333155428646,37.908501804656346],[-122.11653316884328,37.90962901509392],[-122.11585105693381,37.911031909467802],[-122.1192602228145,37.911164885340135],[-122.12124082991694,37.911242053560429],[-122.12123615911401,37.911491323074195],[-122.12122628280092,37.912018312035215],[-122.12688353573395,37.911976267707111],[-122.12684476854086,37.914328550818375],[-122.12683436788647,37.914328562503187],[-122.1227553401299,37.914333030104224],[-122.12272353786904,37.914424431530762],[-122.12239460682272,37.915369823938448],[-122.12231249320547,37.915506186467894],[-122.12222291268064,37.915761160140818],[-122.12205377995754,37.916000405554975],[-122.12185759551787,37.916194361488031],[-122.12163178178695,37.916336467772815],[-122.12132002218846,37.91650417507806],[-122.12123828741059,37.916530368404352],[-122.12122800698369,37.916533706743699],[-122.12114727585431,37.916567774789513],[-122.1210422524004,37.916600802829684],[-122.12092936618171,37.916591365329381],[-122.12010849253261,37.916391133800779],[-122.12001614785009,37.916369739449742],[-122.11964480235133,37.916352858576488],[-122.11959795106523,37.916350754323858],[-122.11955446082513,37.916343797301685],[-122.11954923179904,37.916342495664402],[-122.1191676183397,37.916252280744921],[-122.11868317270523,37.916136693847719],[-122.11868019202814,37.916238361356221],[-122.11852837920078,37.916196130051688],[-122.11856053558199,37.916224926822295],[-122.11875632737103,37.91640026703962],[-122.1190407848437,37.916706737174593],[-122.11874967982814,37.916742876804193],[-122.11874968003276,37.916751116800086],[-122.11874953870854,37.918070869138084],[-122.11874953258017,37.918129192607431],[-122.11874896565408,37.923419169384424],[-122.11874896585866,37.923427409368145],[-122.1195590637515,37.923670051247257],[-122.12026458799579,37.923679416596663],[-122.12100986077512,37.923847258513028],[-122.11966620553618,37.924127495687422],[-122.11812661547631,37.92411501367701],[-122.11796179676634,37.925082054808094],[-122.11784724087691,37.925754172035028],[-122.11769132896751,37.92666890652832],[-122.11766919025634,37.926797810663416],[-122.1175465570569,37.927518290039181],[-122.11749040335684,37.927847716271948],[-122.11753611520271,37.928048343527081],[-122.11753840901132,37.928058417445463],[-122.11794883703695,37.929859890215312],[-122.11753557594744,37.930026838668084],[-122.11653207140968,37.929229169215404],[-122.11572717322498,37.928589349344008],[-122.11567879063205,37.92854714497981],[-122.1155098352351,37.928769159258593],[-122.11524059711886,37.928653100670353],[-122.11523704145597,37.928651671424532],[-122.11523596344742,37.928651277048466],[-122.11500254631179,37.928567873682809],[-122.11499945891489,37.928566840835543],[-122.11499518566609,37.928565633158698],[-122.11499082172965,37.928564649301528],[-122.114986385401,37.928563893519673],[-122.11498189609333,37.928563369152265],[-122.11497737320018,37.928563078637573],[-122.11497283609542,37.928563023512993],[-122.11496830409403,37.928563202613383],[-122.11496513466108,37.928563469421022],[-122.11440764155364,37.928620602783361],[-122.11404045197743,37.928530082646475],[-122.11398194166486,37.928514887785212],[-122.11399220852316,37.928532152024886],[-122.11401984508694,37.928582526325926],[-122.11433449679382,37.929136513906862],[-122.11441906711264,37.929285408780778],[-122.11476930809673,37.929902045904932],[-122.1151238239856,37.93054360477521],[-122.11464737720037,37.930708775445297],[-122.11482116839488,37.931023227022372],[-122.11405903402917,37.931287425238949],[-122.11353187108953,37.931459760596447],[-122.11341306502588,37.931498597221058],[-122.11340628840182,37.931564695079835],[-122.11331095057002,37.932494524692274],[-122.11226753582585,37.933375305729463],[-122.11201493798167,37.933588526276665],[-122.11131443968343,37.934201683892411],[-122.11075240021938,37.934753928093961],[-122.11017993323775,37.935316409634432],[-122.11008301208136,37.93540142400159],[-122.10935245285253,37.935965451825908],[-122.10862300816839,37.936386595239227],[-122.1083023724007,37.936571715493301],[-122.10813662737112,37.936714333559379],[-122.10736157099171,37.937381253268526],[-122.10707364742413,37.937629004198804],[-122.10730377065968,37.937802702893507],[-122.10731888548685,37.938072996091002],[-122.10707902763485,37.938277465086664],[-122.10673740819084,37.938286118451437],[-122.10649886637584,37.938117314535283],[-122.10570905256499,37.938300243238665],[-122.10530496083732,37.93839383314014],[-122.1046411469123,37.938547571699161],[-122.10411850267728,37.938668610093359],[-122.1037323051941,37.938758051523173],[-122.10200002702373,37.939159206585721],[-122.10172152986667,37.939223700341167],[-122.10130141943111,37.939321206197668],[-122.10125721075313,37.939514930941712],[-122.10208493088828,37.939325156426165],[-122.10233118079863,37.93963162572517],[-122.10257467064905,37.939934649085167],[-122.10268503069267,37.940195215191402],[-122.10289524515203,37.940293127108134],[-122.10324496033139,37.940650679916978],[-122.10319035788515,37.940774173583293],[-122.10318609587071,37.940783817629168],[-122.10332833678575,37.940825132829232],[-122.10350458178299,37.940893641176935],[-122.10367081657142,37.94097636347648],[-122.10382958129111,37.941075735288607],[-122.10384232464635,37.941069077786373],[-122.10403439097622,37.940968755687955],[-122.10439858128038,37.941059185858926],[-122.10459580317774,37.94114928990296],[-122.10476639813781,37.941453614111339],[-122.1051445147113,37.941632929574112],[-122.10518167194854,37.941730326264491],[-122.10518505090572,37.941739179921065],[-122.10607897290858,37.941521209267904],[-122.10607578901406,37.941513012611026],[-122.10596759161101,37.941234430005601],[-122.1062271673315,37.941021603387732],[-122.10646861560156,37.940852769801417],[-122.10675065044899,37.94065555689447],[-122.1070214168916,37.940466220131881],[-122.10742154615639,37.940130344595445],[-122.10765234470848,37.939873987760571],[-122.10789650796985,37.939602792578825],[-122.10806134074278,37.939419701445637],[-122.10832410007463,37.939262908521727],[-122.10856929483916,37.939352295290753],[-122.10858374561749,37.939349999824486],[-122.10866664135229,37.93922732670385],[-122.10875009233575,37.939128305153289],[-122.10887414653666,37.939000451374859],[-122.10901438750449,37.938883569980163],[-122.10907081564467,37.938845457766753],[-122.10885964151414,37.93866732048361],[-122.10951953715538,37.938031670242388],[-122.1097847097795,37.937776239231958],[-122.1100458516507,37.937524686014136],[-122.11007126862434,37.937500201950407],[-122.11033875776938,37.937249393293079],[-122.11055964845855,37.936969357487769],[-122.11075981452609,37.936715589707859],[-122.11093223145045,37.936496874558593],[-122.110945649272,37.936479853963199],[-122.11113405772886,37.936273430869527],[-122.11118687102288,37.936215567200776],[-122.11133725476742,37.936050815177637],[-122.11141446010403,37.935966233591373],[-122.11157270818698,37.935846944240566],[-122.11186731353395,37.935624865878523],[-122.11251232275657,37.935435664174989],[-122.11314572220471,37.935150692750433],[-122.11319294379447,37.93516927456951],[-122.11277753911592,37.935800782182348],[-122.11278860645487,37.935831583205683],[-122.11279009610445,37.935857843496144],[-122.11278466086119,37.935883774780805],[-122.11277253549221,37.93590824473516],[-122.1127542508557,37.935930185478171],[-122.11274303886898,37.935939899535036],[-122.11271708766679,37.935956291214829],[-122.11268740156612,37.935968050683115],[-122.11265527556125,37.935974663737802],[-122.11214148888349,37.936035661284407],[-122.11209576457979,37.936046225561959],[-122.11205381256359,37.936064085283462],[-122.11201746476223,37.936088460309641],[-122.11199730952845,37.936107637448622],[-122.11148382625245,37.936669557363892],[-122.11135637143627,37.936863762125142],[-122.11135201791195,37.936870394354465],[-122.11163372165666,37.936974375309781],[-122.11207043423454,37.936657979428759],[-122.11255158417003,37.936913194311856],[-122.11187846484222,37.937152546297753],[-122.11178028144531,37.937117756623053],[-122.11146002353546,37.937480535763143],[-122.11115118594955,37.937490232696049],[-122.11106523480463,37.937443184241559],[-122.11091156799307,37.937626968327365],[-122.11083267151302,37.937715617757775],[-122.11048086790116,37.938060781708288],[-122.11008543086152,37.938374925644275],[-122.10993439350696,37.938481021139616],[-122.10972117863621,37.938629364218549],[-122.10997309263612,37.938889006402135],[-122.10978654764745,37.939114202299542],[-122.10968862446697,37.939226410667509],[-122.10942034066143,37.939392381539243],[-122.10919243561732,37.939628896593732],[-122.10896704668551,37.93993414942274],[-122.10879567284861,37.94027403572165],[-122.10870194688239,37.940503888148179],[-122.10872667527495,37.940509468297897],[-122.10883668022316,37.940544503270353],[-122.10980346962116,37.940877848332029],[-122.10983919532431,37.940890170271658],[-122.11066577245772,37.941175251725596],[-122.11059836558907,37.941329140223985],[-122.10961135139256,37.941391380616174],[-122.10903262466697,37.941239468015617],[-122.10865091192726,37.941139268222699],[-122.10821694423315,37.941025347736506],[-122.10793854320184,37.941225571345207],[-122.10764899634771,37.941433818190816],[-122.10732861560415,37.94166423431291],[-122.10711193161099,37.94182006831317],[-122.10711877234112,37.942006640786325],[-122.10719866069566,37.942270347681017],[-122.1070507536231,37.942425845266932],[-122.10688654198189,37.942598488504274],[-122.11016756812292,37.942157660963218],[-122.11291173780396,37.941773889308479],[-122.11301765428287,37.941759076099707],[-122.11427516088426,37.941641771136226],[-122.11502325252482,37.941057763769088],[-122.11653950616046,37.94112011302888],[-122.11794097872958,37.942428640116404],[-122.11718331762751,37.944432311453092],[-122.11698611060987,37.944908734038208],[-122.11370977083767,37.945833041106631],[-122.11518942027126,37.946938087074805],[-122.11573664683299,37.948287949086087],[-122.11692862923982,37.948866765289353],[-122.11732208937178,37.949640362215327],[-122.11748299791616,37.949555710082542],[-122.11748662212811,37.953564449540735],[-122.11745107783709,37.954379333521693],[-122.11743059191781,37.95520709653649],[-122.11742359621405,37.95548982782055],[-122.11741491184461,37.955498186597183],[-122.11741141830876,37.955559828383123],[-122.11740698253176,37.955936945804567],[-122.1173986137223,37.956647535600766],[-122.11739539524676,37.956921043403447],[-122.11738284514659,37.957987218824364],[-122.11738197681561,37.958060889855773],[-122.11738111655679,37.95813367947175],[-122.11737631494732,37.958541757232126],[-122.11737197342651,37.958910487194927],[-122.11736833590157,37.959219655527534],[-122.11736348170818,37.959632004348116],[-122.11735542567875,37.960316397048963],[-122.11787892692182,37.960319232844647],[-122.11898603029613,37.960325215957269],[-122.11897417111138,37.959732043034712],[-122.11969806333478,37.959726302471658],[-122.11971012213603,37.96032912194957],[-122.12099753086977,37.960336060152187],[-122.12141890548628,37.960338327264331],[-122.12140866417799,37.960345914689292],[-122.12036181384813,37.961121250961853],[-122.11996031773324,37.961418604860661],[-122.11934730225357,37.961872612311183],[-122.1185190520219,37.962486007906932],[-122.11923141322471,37.963040996685024],[-122.11712151146008,37.964733325928201],[-122.11868243366605,37.9659517027143],[-122.11892157981913,37.966189433927767],[-122.11910542688616,37.966370883524952],[-122.12016121237687,37.965143807395116],[-122.12054089262723,37.965350069144165],[-122.12089885293624,37.965544528108005],[-122.12153143031216,37.965888171839744],[-122.12198450274151,37.965350911872704],[-122.12202828728547,37.965289977820639],[-122.12193075051368,37.964715908306069],[-122.12195687831723,37.964615297490084],[-122.12202173224537,37.964526657480683],[-122.12241051365226,37.964187239173697],[-122.12254791208889,37.964049737834237],[-122.12266393611574,37.963933626077583],[-122.12276062992881,37.963818263498851],[-122.12280331617207,37.963753765815341],[-122.12285113599511,37.963663925487303],[-122.12289484484377,37.963534820849439],[-122.12302940645003,37.963045611396353],[-122.1231884111576,37.963130592215279],[-122.12315713650094,37.963080711710582],[-122.12349485170833,37.962760791972407],[-122.12384355573714,37.962157609017659],[-122.12426605660058,37.96182684749207],[-122.12434426988885,37.961765615955173],[-122.12442039077858,37.961559749483214],[-122.12455674414734,37.961280406037936],[-122.12478200351363,37.960815461102683],[-122.12494300441223,37.960397295443947],[-122.12631760228896,37.961053726713011],[-122.12692226556209,37.961342474021144],[-122.12870868319497,37.963800713604627],[-122.12905427982145,37.963799923041584],[-122.12967807802512,37.963554784526359],[-122.13002325000997,37.963795833984562],[-122.13047617633545,37.963792470479959],[-122.1311426118621,37.963369026005445],[-122.13143691892613,37.963046748108738],[-122.13170932529641,37.962809519434465],[-122.13216388877802,37.962314501756197],[-122.13173968983166,37.961693010116917],[-122.13201995652412,37.961347341773021],[-122.1316435667237,37.960872070207209],[-122.13178210796585,37.960722906534613],[-122.13232922882906,37.960128413670589],[-122.13299508691453,37.9587725322788],[-122.13294768094424,37.958467287537729],[-122.13317989953092,37.958086919405829],[-122.13412904679757,37.958323351733824],[-122.13428405479345,37.958172575788723],[-122.13408369043778,37.957829224411881],[-122.13450697378751,37.957561436591313],[-122.13494663204253,37.957515237821369],[-122.13574176555652,37.957665732701699],[-122.13654894579444,37.958029633602102],[-122.13730839306147,37.958682887738185],[-122.13749737704386,37.958654475501902],[-122.13770241905948,37.958271206314087],[-122.13763220357355,37.958112277912932],[-122.13698777288207,37.957992513172556],[-122.13679598636813,37.957754592469939],[-122.13719566981277,37.957082229584323],[-122.13717772640977,37.957071779910358],[-122.13648386006834,37.957398908126208],[-122.13615061160978,37.957217549183973],[-122.13582051093056,37.956896768585615],[-122.13541176593169,37.956646448109971],[-122.13525007385678,37.956313697809343],[-122.13514154227285,37.955972626053843],[-122.13488169034034,37.955671402304567],[-122.13476027478588,37.955317794343806],[-122.13497874165073,37.95482331816072],[-122.13469469750406,37.954380638224514],[-122.13470780015453,37.954161820679275],[-122.13453892077671,37.954098832580264],[-122.13450744714815,37.954079626807435],[-122.13448708030946,37.954059715020406],[-122.13446737806417,37.954024684754117],[-122.13446231300568,37.953999375317011],[-122.13447237951245,37.953949035818269],[-122.13448706560379,37.953926202568411],[-122.13451947043306,37.953897703041662],[-122.13456595220417,37.953877210010269],[-122.13462981020049,37.953870811830519],[-122.13469143684739,37.953885530075702],[-122.1346929736452,37.953886580264644],[-122.13474017383169,37.953918820500952],[-122.13480104964513,37.953995910134907],[-122.13487180579786,37.954085510447932],[-122.13486665110726,37.954342097166915],[-122.13517008691134,37.954815880418145],[-122.13494853806961,37.95535124792611],[-122.13503349885409,37.955611391812305],[-122.13529110200193,37.955905227334362],[-122.13540475466189,37.956287607178524],[-122.13553375629631,37.956557196979816],[-122.13594136915992,37.956803410030531],[-122.13623629326608,37.957088434691315],[-122.13650635786132,37.957239406246657],[-122.13719100937658,37.956919839856191],[-122.13740048722391,37.957063474504942],[-122.13699039541117,37.957735997599094],[-122.1370951756974,37.957856469387401],[-122.13778044637722,37.957985516966154],[-122.13790210730946,37.958255826840606],[-122.13762402726773,37.958774617680412],[-122.13725543949899,37.958831300586453],[-122.13651603359823,37.958193448301152],[-122.13647752288868,37.958160226055568],[-122.13646620013742,37.958150459573851],[-122.1356842553356,37.957796898977044],[-122.13496140696788,37.957664283345459],[-122.13455189138749,37.957707555625461],[-122.13428086097454,37.957888111152279],[-122.13450143581913,37.958203120567262],[-122.13419300642686,37.958482377619198],[-122.1332647755341,37.958249754176911],[-122.13312275913671,37.95846960295934],[-122.13317174348094,37.958828811687667],[-122.13474167335855,37.959108778047337],[-122.13473423145336,37.959149548131855],[-122.13450693072014,37.960394711753516],[-122.13456482466741,37.960413282708366],[-122.13456544587712,37.960413478673807],[-122.13504444938269,37.960567081402878],[-122.13491494956583,37.960772921310799],[-122.13441870263486,37.961561699515343],[-122.13450975840024,37.961667505451132],[-122.13557388914496,37.962900359424275],[-122.13532953931053,37.963420742465047],[-122.13619156316432,37.963331710854504],[-122.1370659326163,37.963213844174199],[-122.13741618517265,37.963335906812112],[-122.13756279848086,37.963386998171728],[-122.13790669545993,37.963398512892525],[-122.13838193393734,37.963599716215199],[-122.13838744334632,37.963848222200014],[-122.13853584423752,37.964174074818317],[-122.13853478356282,37.964775993482306],[-122.13854939164423,37.964776095555862],[-122.14017977466743,37.965220586468853],[-122.14038540500563,37.965235501348509],[-122.14048929173697,37.965241950735923],[-122.14139832843529,37.965258191991452],[-122.14178615922913,37.965220993873764],[-122.14178567763508,37.965160896018453],[-122.14178171112607,37.96466804497414],[-122.14177817096432,37.964227917651002],[-122.14177466143229,37.96379163588621],[-122.1417708397193,37.963315943822231],[-122.14200659166258,37.963236020454453],[-122.14213527489053,37.963192393126668],[-122.14250120963447,37.962965575986502],[-122.14250232190618,37.962955370532228],[-122.14268961994487,37.962859444563485],[-122.14270388749827,37.962823672289637],[-122.14273549099302,37.962830349286058],[-122.14284212165599,37.96284175159979],[-122.14300347426446,37.962733383367961],[-122.14307082254263,37.962688152008866],[-122.14347057173799,37.961839955572778],[-122.14314047888159,37.961848242412294],[-122.1435965404996,37.96062329738286],[-122.14398190717381,37.960337902681559],[-122.14402712059086,37.959517487297823],[-122.14362145897358,37.959080766106794],[-122.14351595923623,37.958872550456384],[-122.14847235284024,37.957612175437554],[-122.14849823916815,37.962590843677702],[-122.14889010595216,37.962580232017523],[-122.14964391233531,37.962559052131461],[-122.15055500265807,37.962888978355465],[-122.15304567261478,37.963032702971994],[-122.15431310892878,37.964327187190186],[-122.15506910095131,37.964002110742392],[-122.15558422902006,37.965473973763743],[-122.15564552065653,37.96547444802092],[-122.15588263039798,37.965476280980852],[-122.1559548339131,37.965470926869905],[-122.15603291179299,37.965452073434754],[-122.15614190226194,37.965427164645078],[-122.15672509994666,37.965293874684178],[-122.15681215959061,37.965230854630278],[-122.15717265744716,37.964906501248684],[-122.15820036990904,37.965948866431106]],[[-122.13870392454766,37.963070191360089],[-122.138684257965,37.962836953930356],[-122.13896674308297,37.96255551575193],[-122.13903948969761,37.962453429780737],[-122.13935034549512,37.962414184443908],[-122.14013035654094,37.962750078774292],[-122.14025993797745,37.962912650518312],[-122.14011000364691,37.963084853938831],[-122.14002196470726,37.963128780177499],[-122.13973486752349,37.96342201667543],[-122.13929293223886,37.963620629368712],[-122.13907615099583,37.963594911333431],[-122.13870392454766,37.963070191360089]]]},"properties":{"AGENCY_NAM":"EBRPD","GLOBALID":"{02C1781D-C5BA-4664-B990-3659A4880101}","SHAPE.AREA":271097281.54763103,"SHAPE.LEN":158303.47850375201,"OBJECTID":3,"NAME":"Briones"}},{"type":"Feature","id":4,"geometry":{"type":"MultiPolygon","coordinates":[[[[-122.22996354672678,37.870033186870252],[-122.23007074548802,37.870090342922047],[-122.2301190359874,37.870116090662421],[-122.23090334371869,37.870534265657426],[-122.23113261795646,37.870378600240414],[-122.23140385968861,37.870194439444035],[-122.2315043598294,37.870126204251861],[-122.23160958895517,37.870054758135822],[-122.23171482010909,37.869983310089879],[-122.23181844967516,37.869912948818808],[-122.2320055585199,37.869785908472487],[-122.23217545791505,37.869670551642528],[-122.23234508038169,37.869555382459538],[-122.23247126092473,37.869469708655316],[-122.23256761414855,37.869404286444421],[-122.23266745839315,37.869403257089481],[-122.23280143907856,37.869401875237685],[-122.2329365346956,37.869400482272653],[-122.23304472666507,37.869399366995069],[-122.2331484316325,37.869398296772196],[-122.23323853363492,37.869397367619833],[-122.23335575678793,37.869405177069339],[-122.23347173667787,37.869412904631012],[-122.2335877165709,37.869420631177903],[-122.23370830881223,37.869428664753485],[-122.2338473584678,37.869420909916272],[-122.23399252513153,37.869412812731404],[-122.23414339559153,37.869404398171262],[-122.2342989071619,37.869395724182091],[-122.2345241903533,37.869383157257772],[-122.23477392287376,37.869234939385287],[-122.23493537823251,37.869139113709679],[-122.23507681041148,37.869055172028823],[-122.23520573843032,37.868978651253215],[-122.23536432236796,37.868884528930735],[-122.23551824500353,37.868793172113151],[-122.23565948526974,37.868709343374022],[-122.235823019295,37.868612281015871],[-122.23587610249267,37.868481803583556],[-122.23591694191049,37.868381422213709],[-122.23596104047702,37.868273031086702],[-122.23600715544779,37.868159680901258],[-122.23605544600727,37.868040985416179],[-122.23611097277058,37.86790449897822],[-122.23616395075695,37.867774280663795],[-122.23621890314713,37.867639206627963],[-122.23626142067164,37.867534698312703],[-122.2362945311659,37.867541593635337],[-122.236379067226,37.867559199824072],[-122.23646395741547,37.867576878243554],[-122.23654834048054,37.867594452318485],[-122.23663356089202,37.867612199654658],[-122.23671860316307,37.867629910800609],[-122.23680331646935,37.867647552830547],[-122.23687705310554,37.867662908747185],[-122.2369509451418,37.867678297476964],[-122.23703681974503,37.867695185998663],[-122.23716532852841,37.867720459593741],[-122.23724715040915,37.867725299526221],[-122.23746649455268,37.867738274984355],[-122.23810055045941,37.867775780278123],[-122.23855537144139,37.867807020476519],[-122.23893986922756,37.867269403874602],[-122.23894154777923,37.867267445240685],[-122.23894242314628,37.867266478008318],[-122.23894332039997,37.867265523069889],[-122.23894423954022,37.867264580425342],[-122.23894517715802,37.867263650124961],[-122.23894613670466,37.867262733920171],[-122.23894711586513,37.86726183004275],[-122.23894811470285,37.867260941195276],[-122.23894913317559,37.867260065576083],[-122.23895017016812,37.867259204102666],[-122.23895122568035,37.867258356775146],[-122.23895230086977,37.867257524477509],[-122.23895339346379,37.867256707243364],[-122.23895450461973,37.867255905956725],[-122.23895563204377,37.867255119750254],[-122.23895677687233,37.867254348607226],[-122.23895793912651,37.867253593428515],[-122.23895911769104,37.867252855131639],[-122.23896031254485,37.867252132815814],[-122.23896152257261,37.867251427398607],[-122.23896274777442,37.867250738880003],[-122.23896398928657,37.867250067243262],[-122.23896524372105,37.867249413439559],[-122.23896651332963,37.867248776534403],[-122.23896779699686,37.867248157445516],[-122.23896909358658,37.867247556189547],[-122.23897040309862,37.867246972766551],[-122.23897172553302,37.867246407176538],[-122.23897305977454,37.867245860337043],[-122.23897440695964,37.867245332231363],[-122.23897576367914,37.867244822909754],[-122.23897713334212,37.867244332321931],[-122.2389785125395,37.867243860518165],[-122.23897990242874,37.867243408382549],[-122.23898130185245,37.867242975030948],[-122.23898270969525,37.867242561380969],[-122.23898412822994,37.867242167399162],[-122.23898555404749,37.86724179313574],[-122.23898698826304,37.867241437673059],[-122.23898842980361,37.867241103730514],[-122.23898987860586,37.867240788605464],[-122.23899133357567,37.867240494116373],[-122.23899279582828,37.867240219345646],[-122.23899426311205,37.86723996522764],[-122.23899573654229,37.867239730844766],[-122.23899721386732,37.86723951713136],[-122.23899869624462,37.8672393249715],[-122.23900018247453,37.867239151679378],[-122.23900167262036,37.867238999957536],[-122.23900316552465,37.867238868921909],[-122.23900466118741,37.867238758572512],[-122.23900615958753,37.867238668008412],[-122.2390076596308,37.867238599048143],[-122.23900916015981,37.867238550807514],[-122.23901066231095,37.867238523269833],[-122.23901216381142,37.867238516468547],[-122.23901366579761,37.86723853038697],[-122.23901516826953,37.867238565025062],[-122.23901666895442,37.867238620416344],[-122.23901816785234,37.867238696560726],[-122.23901966498435,37.867238794359146],[-122.23902115917187,37.867238912026664],[-122.23902265157243,37.867239050447267],[-122.23902414102848,37.867239208736962],[-122.23902562530955,37.867239388730887],[-122.23902710664616,37.867239588593876],[-122.23902858278664,37.867239809260198],[-122.23903005370985,37.867240049829128],[-122.23903151943708,37.867240311201392],[-122.23903297881063,37.867240592492955],[-122.23903443185182,37.867240894604627],[-122.23903587853933,37.86724121663557],[-122.23903731771584,37.867241557701711],[-122.2390387494235,37.86724191960468],[-122.23904017248371,37.86724230055961],[-122.23904158691761,37.867242701467219],[-122.23904299272526,37.867243122327658],[-122.23904438872795,37.867243561355849],[-122.23904577496796,37.867244020353567],[-122.23904715030899,37.867244499337509],[-122.23904851584506,37.867244996489241],[-122.23904986930341,37.867245511842235],[-122.2390512118417,37.86724604628062],[-122.23905254232345,37.867246599821186],[-122.23905386070643,37.867247170662118],[-122.23905516589649,37.867247760621957],[-122.23905645785146,37.867248367898917],[-122.23915282508288,37.867134209314521],[-122.2394945356543,37.866726264744344],[-122.23996482897469,37.866622678407083],[-122.23996437101383,37.866621715501282],[-122.23996374272645,37.866620324348041],[-122.23996314490947,37.866618923733952],[-122.23996257876261,37.866617516344853],[-122.23996204310723,37.866616100395802],[-122.23996153912204,37.866614677671699],[-122.23996106567057,37.86661324818931],[-122.23996062502563,37.866611811915163],[-122.23996021493549,37.866610369783608],[-122.23995983769417,37.866608922662003],[-122.23995949102883,37.866607470583808],[-122.23995917721226,37.866606013515593],[-122.23995889626552,37.866604552358133],[-122.2399586230692,37.866602936986794],[-122.23995585495791,37.866561736748288],[-122.24091844404029,37.86650678635484],[-122.24108370940411,37.866497351174381],[-122.24117009115253,37.866492419138126],[-122.24125647288956,37.866487487038675],[-122.24134285463616,37.866482555776855],[-122.24142923635016,37.866477623551042],[-122.2415328950905,37.866471705507145],[-122.24155085414162,37.866669386608457],[-122.24155125096738,37.866669245578372],[-122.24156146645329,37.866665544253301],[-122.24157159903046,37.866661700864981],[-122.24158164648941,37.866657718149384],[-122.24159160316958,37.866653597091272],[-122.24160146911308,37.866649339492412],[-122.24161123863826,37.866644945436576],[-122.24162090951449,37.866640416759132],[-122.24163048064777,37.866635755278487],[-122.2416399463775,37.866630961979432],[-122.24165523664587,37.866622820509079],[-122.24167178393354,37.866614136910243],[-122.24168851962776,37.866605683030386],[-122.24170543811029,37.866597461655786],[-122.24172253603561,37.866589475539243],[-122.24173980664914,37.866581727483862],[-122.2417508623453,37.866576968388998],[-122.24175724662655,37.866574221143296],[-122.24177484683472,37.866566954849951],[-122.24179260169784,37.86655993319183],[-122.24181051475207,37.866553161523704],[-122.24182857337058,37.86654663462479],[-122.24184676861076,37.866540358935261],[-122.24186510167262,37.866534337140735],[-122.24188356578054,37.866528571143583],[-122.24190215298009,37.866523061061045],[-122.24192085761081,37.86651780787782],[-122.24193967519098,37.866512814363467],[-122.24195860349033,37.866508082353235],[-122.24197762775759,37.866503612965921],[-122.24199675251708,37.866499405233505],[-122.24201596200834,37.866495465696723],[-122.24203525730424,37.86649179163625],[-122.24205463278683,37.866488385838444],[-122.24207407593509,37.866485247586823],[-122.24208963095184,37.866482961547042],[-122.24209358908553,37.866482379550533],[-122.24211316085359,37.866479780996265],[-122.24213278675747,37.866477454693687],[-122.24215246109449,37.866475399825767],[-122.24217217818311,37.866473616476391],[-122.24219193013256,37.866472107465434],[-122.2422117135128,37.866470871942411],[-122.2422315203695,37.866469910024655],[-122.24226077347305,37.866468990709961],[-122.24243391076369,37.866464982330918],[-122.24244709658582,37.866464478582643],[-122.24245469465468,37.866464044703079],[-122.2424622834296,37.866463505523569],[-122.2424698572288,37.866462861127921],[-122.24247741720964,37.866462112400306],[-122.24248495880562,37.866461258506845],[-122.24249247978631,37.866460301282963],[-122.24249998013043,37.866459239827684],[-122.24250745529265,37.866458074208154],[-122.24251490304246,37.866456806259606],[-122.24252232222236,37.866455435098032],[-122.24252971058078,37.866453961657825],[-122.24253706470857,37.866452385989277],[-122.24254438235424,37.866450709026843],[-122.24255166351772,37.866448930770503],[-122.24255890367468,37.866447052188263],[-122.24256610055242,37.866445073313628],[-122.24257325419332,37.866442995948347],[-122.2425803600306,37.866440819258649],[-122.24258741810677,37.866438545046286],[-122.24259442387617,37.866436173378411],[-122.24260137620259,37.866433704271749],[-122.24260827401304,37.866431140445656],[-122.24261511387741,37.866428481049589],[-122.24262189356509,37.866425727918887],[-122.24262861307621,37.866422881053538],[-122.24263526790763,37.866419942322374],[-122.2426418569018,37.866416910841316],[-122.2426483789859,37.86641378932967],[-122.24265483075069,37.866410577837897],[-122.24266121110229,37.866407278184383],[-122.24482897325311,37.866283467197867],[-122.24554779274771,37.866242403226053],[-122.24520481419279,37.865802866918408],[-122.24474640178803,37.865793220056673],[-122.2434941098073,37.865766856857633],[-122.24306482358556,37.865778983446091],[-122.24298677086023,37.864828465994115],[-122.24463427348249,37.864726264176504],[-122.244886931314,37.86471058892517],[-122.24511776058239,37.86439131118405],[-122.24526374840457,37.864262703312448],[-122.2455384547771,37.864041624241793],[-122.24503781069522,37.863360667097488],[-122.24502094605131,37.863207457211978],[-122.24496299653023,37.863063567229304],[-122.24477914894788,37.862860559838076],[-122.2444230463804,37.862716256294974],[-122.24441860113917,37.862671701496012],[-122.2440756889811,37.862691392311454],[-122.24407021882091,37.862695049881886],[-122.24406669234057,37.862697302646005],[-122.24406311692837,37.862699504766397],[-122.24405949376299,37.86270165802798],[-122.24405582393833,37.862703760612277],[-122.24405210745442,37.862705812519238],[-122.24404834767779,37.862707811896868],[-122.24404454349337,37.86270975966265],[-122.24404069713133,37.8627116539814],[-122.24403680972796,37.862713494836349],[-122.24403288241965,37.862715282210608],[-122.24402891630028,37.862717014285728],[-122.24402491364249,37.862718691028078],[-122.24402087330998,37.862720312454528],[-122.24401679871161,37.862721878514627],[-122.24401268978387,37.862723386505863],[-122.24400854770548,37.86272483821314],[-122.24400437586409,37.862726232685148],[-122.24400017310224,37.862727569037901],[-122.24399594169255,37.862728847237797],[-122.24399168275013,37.862730066367213],[-122.24398739741137,37.862731226409331],[-122.2439830867913,37.862732326446505],[-122.24397875318378,37.862733367345982],[-122.24397439770379,37.862734348190109],[-122.24397002033037,37.862735268078104],[-122.2439656244934,37.86273612786038],[-122.24396121015069,37.862736925735277],[-122.24395677848078,37.862737663487678],[-122.24395233057773,37.862738339299092],[-122.24394786987162,37.862738954019981],[-122.24394339518369,37.862739505865456],[-122.24393890996532,37.862739996586853],[-122.24393441417413,37.862740424382423],[-122.2439299089887,37.862740791037126],[-122.24392539777574,37.86274109469889],[-122.2439208793988,37.862741335384499],[-122.2439163573093,37.862741514845212],[-122.24391183144355,37.862741630378558],[-122.24390730411668,37.862741683752681],[-122.24390277644366,37.862741674049865],[-122.24389824846693,37.862741603071917],[-122.2438937235319,37.862741468065764],[-122.24388920281716,37.862741270816464],[-122.24388468632283,37.862741011323919],[-122.24388017632138,37.862740689554627],[-122.24387567392804,37.862740304590886],[-122.24387118145776,37.862739858200854],[-122.24386669888931,37.862739349483725],[-122.2438622284953,37.86273877840582],[-122.24385777143334,37.862738145851303],[-122.24385332886078,37.862737452704167],[-122.24384890187164,37.862736697146019],[-122.24384449275968,37.862735880044021],[-122.24384010156727,37.862735003199958],[-122.24383573052464,37.862734064778557],[-122.24383138194673,37.862733066547854],[-122.24382705467615,37.862732007623912],[-122.24382275216419,37.862730889757977],[-122.24381847438951,37.862729712049301],[-122.24381422366719,37.862728476265943],[-122.24380999995483,37.862727180606186],[-122.24380580558864,37.862725827739062],[-122.24380164279883,37.862724415829284],[-122.24379751051262,37.862722947596218],[-122.24379341211774,37.862721422088647],[-122.24378934649904,37.862719840224173],[-122.24378531820177,37.862718201935728],[-122.24378132497452,37.862716508157625],[-122.24377737026855,37.862714760641389],[-122.24377345517775,37.862712957568398],[-122.24376957974451,37.862711100740377],[-122.24376574624144,37.862709190123745],[-122.2433134951188,37.862735157578662],[-122.24309393008893,37.862747763504096],[-122.24152385222521,37.862837898876855],[-122.24131544865821,37.862849860981754],[-122.24112196789663,37.862860966360721],[-122.24057167072272,37.862892550984007],[-122.24055828375143,37.862893320639834],[-122.23997330370236,37.862926955816704],[-122.23970413598686,37.862942431417416],[-122.23938593245788,37.862960725156931],[-122.23881019387279,37.862993823652978],[-122.2379976158593,37.863040531637807],[-122.23776267601563,37.863054035294468],[-122.23724263072415,37.863083924354981],[-122.23660366924125,37.863120645192367],[-122.23536257595592,37.863452653095841],[-122.23532821549212,37.863456432217617],[-122.23538726949326,37.86400465434668],[-122.23531579995054,37.864021173652873],[-122.23518277384947,37.864051920725238],[-122.23504974763814,37.864082667647459],[-122.23491672245285,37.864113414402894],[-122.234783696021,37.864144161024939],[-122.23465066947887,37.864174907496896],[-122.23451808828365,37.864205550847736],[-122.23438975804781,37.864235211492179],[-122.23425251853112,37.864266930495873],[-122.23411856332315,37.864297890966064],[-122.2339855373661,37.864328636670763],[-122.23391648331189,37.864344596957388],[-122.23386581288563,37.86435630760166],[-122.2337460883159,37.864383978410935],[-122.23370648431168,37.864406170119189],[-122.23353109634459,37.864504448274118],[-122.23387987993783,37.864771314592325],[-122.23386091333174,37.86477766797119],[-122.23384827023278,37.864782072955592],[-122.23383234426855,37.864787887824981],[-122.23381654843557,37.864793920665392],[-122.23380088841547,37.864800171393448],[-122.23378536759606,37.864806639058251],[-122.23375575000649,37.864819758029206],[-122.23374782654399,37.864824210829326],[-122.23374000110098,37.864828772131474],[-122.23373227822279,37.864833441868988],[-122.23372465898252,37.864838217322514],[-122.23371714676814,37.864843097541247],[-122.23370974267388,37.864848080706764],[-122.23370244895128,37.86485316588486],[-122.23369526780991,37.864858350339539],[-122.23368820379504,37.864863634004152],[-122.23368125572829,37.86486901509361],[-122.23367442695537,37.864874490855343],[-122.23366772086437,37.8648800603384],[-122.23366113741312,37.864885721741132],[-122.23365467998954,37.864891474112618],[-122.23364835078218,37.864897313816051],[-122.23364215092724,37.864903240834792],[-122.23363608149813,37.864909252449536],[-122.23363014588256,37.864915347709442],[-122.23362434515386,37.864921523895212],[-122.23361868267887,37.864927779155138],[-122.23361315727921,37.864934111704201],[-122.23360777232182,37.86494051969062],[-122.2336025289009,37.864947001295938],[-122.2335974303834,37.864953554668489],[-122.23359247559087,37.864960178023296],[-122.23358766786922,37.864966868607588],[-122.2335830082916,37.864973623702284],[-122.23357849799446,37.864980443290584],[-122.23357413802991,37.864987323752445],[-122.23356993064955,37.864994264153616],[-122.23356587690562,37.865001260874045],[-122.23356106071795,37.86501002156195],[-122.23347467388811,37.865182311940842],[-122.23347358807656,37.865184977317874],[-122.2334724428175,37.865187628248172],[-122.23347124032048,37.865190261995672],[-122.23346997944915,37.865192878577119],[-122.23346866133988,37.86519547797586],[-122.23346728595047,37.865198058390064],[-122.23346585439634,37.8652006189023],[-122.2334643666984,37.865203160413373],[-122.23346282279354,37.865205680220669],[-122.23346122495445,37.865208178290871],[-122.23345957088745,37.865210653756499],[-122.23345786284403,37.865213105683274],[-122.23345610196066,37.865215534054542],[-122.23345428707981,37.865217937986102],[-122.23345241929584,37.865220315659563],[-122.23345049976608,37.865222667959053],[-122.23344852958475,37.865224993066242],[-122.23344650761558,37.86522729099778],[-122.23344443495267,37.865229559935237],[-122.23344231386884,37.86523179984524],[-122.23344014320664,37.865234009843654],[-122.23343792410233,37.86523618991373],[-122.23343565767132,37.865238339137974],[-122.2334333438925,37.86524045661551],[-122.23343098388121,37.865242541428785],[-122.23342857877367,37.865244593561087],[-122.23342612852788,37.865246611210786],[-122.23342363432225,37.8652485961628],[-122.23342109607255,37.865250544813691],[-122.23341851609361,37.865252458931899],[-122.2334158943433,37.865254336715601],[-122.23341323195802,37.865256178148137],[-122.23341052891661,37.865257982328686],[-122.23340778635547,37.865259749240572],[-122.23340500538983,37.865261477966165],[-122.23340218713513,37.865263167588012],[-122.23339933272756,37.865264818089294],[-122.23339644100977,37.86526642858594],[-122.23339351539086,37.865267999027893],[-122.23339055471337,37.865269528530902],[-122.23338756124996,37.865271017061637],[-122.23338453611595,37.865272463702546],[-122.23338147931136,37.865273868453684],[-122.23337839083618,37.865275231314953],[-122.23337527405732,37.865276550434565],[-122.23337212897485,37.865277825812626],[-122.23336895560968,37.865279058349934],[-122.2333657550773,37.865280247128929],[-122.23336252960809,37.865281390314458],[-122.23335927924428,37.865282489708378],[-122.2333560050801,37.865283543492211],[-122.23335270938821,37.865284551632527],[-122.23334939103226,37.865285514146102],[-122.23334605114864,37.865286431016195],[-122.23334269310422,37.865287300391032],[-122.23333931580481,37.865288124089041],[-122.23333592036572,37.865288901192656],[-122.23333052345697,37.865290032107687],[-122.23332342284341,37.865291854904562],[-122.23331936548847,37.86529295803745],[-122.23331636315936,37.865293775327217],[-122.2333093466564,37.865295792441358],[-122.23330237562824,37.865297907114424],[-122.2332954523265,37.865300118412264],[-122.23328857898171,37.865302424499802],[-122.23328175786656,37.865304825343635],[-122.23327499009633,37.865307320026268],[-122.23326827794361,37.865309908514249],[-122.23326162363904,37.865312588972607],[-122.23325503059159,37.865315361351222],[-122.23324849875914,37.865318223848462],[-122.23324203043539,37.865321177331772],[-122.23323562896621,37.865324219048468],[-122.23322929548793,37.865327348982021],[-122.2332230311158,37.865330566214759],[-122.23321683923787,37.865333869795826],[-122.23321072096928,37.865337258807777],[-122.23320467740436,37.865340731432042],[-122.23319871195213,37.865344287618747],[-122.23319282570675,37.865347925549408],[-122.23318701978357,37.865351644306557],[-122.23318129757052,37.865355442939183],[-122.23317565902549,37.865359319645727],[-122.23317010755757,37.865363274375987],[-122.23316464312457,37.865367305328377],[-122.23315926909348,37.865371410651115],[-122.23315398546428,37.865375590344222],[-122.23314879558278,37.865379841655034],[-122.23314369947015,37.865384165484393],[-122.23313869931484,37.865388558195626],[-122.23313379625314,37.865393019771943],[-122.23312602248912,37.865400429762005],[-122.23312152194102,37.865404312285577],[-122.23311710807022,37.865408255716773],[-122.23311278085568,37.865412259154752],[-122.23310854257006,37.865416322566148],[-122.23310439430765,37.865420444132603],[-122.23310033829898,37.865424622018985],[-122.23309637338669,37.865428855341172],[-122.23309250409521,37.865433143131625],[-122.23308872810965,37.865437483621875],[-122.23308504881804,37.865441875861109],[-122.23308370108008,37.865443548389564],[-122.23283819633127,37.865266785208668],[-122.23265458133454,37.865134583220993],[-122.23238147754492,37.864937946185407],[-122.23227188551169,37.86498256189175],[-122.23216045115122,37.865027926364832],[-122.23205047935647,37.86507269522528],[-122.23193036761607,37.865121593218696],[-122.23184472895055,37.865156456076683],[-122.23176969039402,37.865204767360545],[-122.23169554430058,37.865252504074611],[-122.23166838456189,37.865269990454244],[-122.23163095953667,37.865328502536748],[-122.23161131423156,37.865359215926105],[-122.23157955030989,37.86540887658942],[-122.23150697004002,37.86552234832574],[-122.23144895938977,37.865613041084224],[-122.2313962315253,37.865695476432627],[-122.23138013831148,37.865720636954855],[-122.23134056214262,37.865782510296661],[-122.23130023681973,37.865845553511676],[-122.23125897159419,37.865910068584036],[-122.23121805390562,37.865974037843046],[-122.23116833385058,37.866051769931012],[-122.23115025427924,37.866080034330025],[-122.2311166026425,37.866207288623883],[-122.23109220157129,37.866299560940355],[-122.23103421392803,37.86643269445139],[-122.23093804907863,37.866602346111897],[-122.2308529498201,37.866703146735325],[-122.23076100198193,37.866812059979658],[-122.23045154051299,37.867179579620256],[-122.23039639868881,37.867288739683978],[-122.23015426408072,37.867768070377664],[-122.23010701120774,37.86786161279381],[-122.23006064699425,37.867953392999894],[-122.230010908788,37.868051853411998],[-122.22996374680788,37.868145214194712],[-122.22987139068499,37.868216228722417],[-122.22977475607476,37.868290531144012],[-122.22967528696716,37.8683670134834],[-122.22953524034561,37.868474696575355],[-122.2295341641275,37.868475538713071],[-122.22953310642768,37.868476394998105],[-122.22953206840351,37.868477266314613],[-122.22932321977473,37.86864325422308],[-122.22905761981298,37.868866840163996],[-122.22905042860985,37.86887294005291],[-122.22904355658794,37.868878980294895],[-122.22903681863362,37.868885114997347],[-122.22903021697751,37.86889134232532],[-122.22902375269308,37.868897659559536],[-122.22901742916854,37.868904065749376],[-122.22900905836453,37.868912913445079],[-122.22895108675768,37.868975919555794],[-122.22884260253764,37.869093821893962],[-122.22880842344284,37.869130969269783],[-122.22870307034839,37.869188860270583],[-122.22857486696556,37.869259308296641],[-122.22854795148811,37.869278394408902],[-122.22996354672678,37.870033186870252]]],[[[-122.22624064664289,37.867825301760384],[-122.22597767587614,37.867881616674481],[-122.22805624563362,37.868993250330746],[-122.22823605942938,37.868941264595655],[-122.22827116369372,37.868930839612609],[-122.22830603385957,37.868919930516086],[-122.22834065862537,37.868908540175283],[-122.22837502673161,37.868896673261126],[-122.22840912912848,37.868884331708607],[-122.22844295344116,37.8688715211062],[-122.22847649177731,37.868858244273163],[-122.22850973172012,37.868844504996275],[-122.22854266430384,37.868830308813941],[-122.2285752793635,37.868815658578868],[-122.22860756791256,37.868800558928704],[-122.22863951757628,37.868785015451948],[-122.2286711216198,37.868769031852089],[-122.22870236766845,37.868752613717646],[-122.22873324787226,37.868735765669669],[-122.22876375212923,37.868718493263465],[-122.22879387258942,37.868700801119985],[-122.22882359801454,37.86868269481122],[-122.22885292059676,37.8686641807599],[-122.22888183132865,37.868645262702913],[-122.22891032130786,37.868625948881466],[-122.22893838039083,37.868606243049094],[-122.22896600306352,37.868586152496157],[-122.22899317806676,37.868565681893692],[-122.22901989875024,37.868544838548765],[-122.22904615619085,37.868523629801714],[-122.22907194253882,37.868502060273627],[-122.22909725000747,37.86848013728823],[-122.22912207192549,37.86845786725172],[-122.2291463993699,37.868435257504395],[-122.22917022453312,37.868412314469097],[-122.22919354190127,37.868389045436238],[-122.22921634253045,37.868365456845304],[-122.229238620928,37.868341556887543],[-122.22926037042272,37.868317351969097],[-122.22928158324926,37.868292850314582],[-122.22930225275758,37.868268059230992],[-122.22932237341294,37.868242985107848],[-122.22935242729397,37.868203628868763],[-122.23096557200088,37.866002256924716],[-122.23076783523626,37.866105310331292],[-122.23059252981349,37.866111177177906],[-122.23034913384718,37.866097366501002],[-122.23011048659093,37.866110284597625],[-122.22992087819182,37.866044816514503],[-122.2296978831062,37.866023669200473],[-122.2292641710965,37.865982537975121],[-122.22989077187344,37.865200632543392],[-122.22963222645977,37.865007795990508],[-122.22926724210754,37.864735569266564],[-122.22912956997226,37.864632885071217],[-122.22794347183662,37.863748197460694],[-122.22781097888603,37.863649372232921],[-122.22779476057801,37.863637275381841],[-122.22749457533953,37.863102841241492],[-122.22740431881967,37.862942153235792],[-122.22734901666965,37.862843693713188],[-122.22733430518122,37.862809843125014],[-122.22695753619412,37.862775336500981],[-122.22678007310006,37.862759082311413],[-122.22674567860285,37.86275593216758],[-122.2265596540266,37.862738894523538],[-122.2263601264478,37.862720619431741],[-122.22612511437877,37.86269909337063],[-122.22588950423024,37.862641934473359],[-122.22565810119289,37.86258579590104],[-122.22547996320161,37.862483702763058],[-122.22531292404629,37.862385852023031],[-122.22525374102941,37.862603726885261],[-122.22514443995151,37.862796430229452],[-122.22492552705734,37.862943274595068],[-122.22479325351524,37.86303200156545],[-122.22448964106732,37.862762776374687],[-122.2244360582892,37.862801584823153],[-122.22406848628853,37.862483032292268],[-122.22382775718226,37.862308103151307],[-122.22373319651548,37.862396642212069],[-122.22374555783408,37.862514536014238],[-122.22374624423024,37.862520448450582],[-122.22374665408726,37.862524977130498],[-122.22374696401285,37.862529509973271],[-122.22374717400703,37.862534046978972],[-122.22374728514318,37.862538585428467],[-122.2237472951487,37.862543125354875],[-122.22374720625434,37.862547664923305],[-122.22374701614565,37.862552202365194],[-122.22374672707421,37.862556736746598],[-122.22374633784102,37.862561265381373],[-122.22374584958222,37.8625657882531],[-122.22374526114064,37.862570304477366],[-122.2237445735897,37.862574811335044],[-122.22374378690859,37.862579307925309],[-122.22374290107622,37.862583793347277],[-122.22374191718707,37.862588265782612],[-122.22374083519929,37.862592723429586],[-122.22373965397647,37.862597166304845],[-122.22373837686474,37.862601591655938],[-122.22373700043431,37.862605998631885],[-122.22373552918843,37.862610385364519],[-122.22373396085447,37.86261475188703],[-122.22373229650604,37.862619095480241],[-122.22373053725831,37.8626234152267],[-122.22372868197516,37.862627711143006],[-122.22372673398159,37.862631979575958],[-122.22372469100505,37.862636220558684],[-122.22372255529726,37.862640433157125],[-122.22372032795252,37.862644615553052],[-122.22371800779266,37.862648765961211],[-122.22371559709038,37.862652884348478],[-122.22371309691917,37.862656967995704],[-122.22371050614257,37.862661016919411],[-122.22370782697053,37.862665028383873],[-122.22370506056021,37.862669003273304],[-122.22370220571246,37.862672938901738],[-122.22369926583623,37.862676835219368],[-122.2236962397115,37.862680688639379],[-122.22369312965266,37.86268450093025],[-122.22368993673328,37.862688269372882],[-122.22368666093239,37.862691993066321],[-122.22368330334444,37.862695670192252],[-122.22367986510572,37.862699300734185],[-122.22367634846783,37.862702883757862],[-122.22367275223181,37.862706416577481],[-122.22366907982735,37.862709900044031],[-122.22366533119177,37.862713331454948],[-122.22366150632494,37.862716710810162],[-122.22365760859401,37.86272003625826],[-122.22365363799891,37.862723307799151],[-122.22364959677046,37.862726523597999],[-122.2236454849086,37.862729683654699],[-122.22364130348681,37.862732785250174],[-122.22350653235401,37.86283417166684],[-122.22350418614768,37.862835978519158],[-122.22350188160152,37.862837817205026],[-122.22349961646401,37.862839688658553],[-122.22349739294488,37.862841590143958],[-122.22349521220134,37.862843522545461],[-122.22349307421254,37.862845484962243],[-122.22349097895749,37.862847476493499],[-122.22348892868793,37.862849496205079],[-122.22348692340374,37.862851544097055],[-122.22348496310509,37.862853620169389],[-122.22348304888638,37.862855722603868],[-122.22348118074748,37.862857851400406],[-122.22347936094026,37.862860005624917],[-122.22347758830732,37.862862184393258],[-122.22347586284879,37.862864387705343],[-122.22347418681632,37.86286661462718],[-122.22347256018892,37.862868864257848],[-122.22347098408203,37.862871135679974],[-122.22346945735937,37.862873428910113],[-122.22346798113624,37.862875743030791],[-122.22346655652808,37.862878077124577],[-122.22346518351389,37.862880430290623],[-122.22346386209384,37.862882802528958],[-122.22346259451943,37.862885192905487],[-122.22346137847634,37.862887599651714],[-122.22346021512168,37.862890023651907],[-122.22345910668628,37.862892463071105],[-122.2234580508766,37.8628949170417],[-122.22345704996525,37.862897385530474],[-122.22345610393134,37.862899867636585],[-122.22345521161758,37.862902362475765],[-122.22345437527568,37.862904869113976],[-122.22345359374836,37.862907386666919],[-122.22345286703573,37.862909915134622],[-122.22345219736852,37.862912452682203],[-122.22345158363139,37.862915000227112],[-122.22345102576141,37.862917555066716],[-122.22345052375871,37.862920117201043],[-122.22345007873868,37.862922685712661],[-122.22344968956492,37.862925260618177],[-122.22344935846829,37.862927840082641],[-122.22344908317619,37.862930424139257],[-122.22344886478297,37.86293301096967],[-122.22344870444599,37.862935601458219],[-122.22344859982979,37.862938192935538],[-122.22344855320698,37.862940785368323],[-122.22344856344132,37.862943378773245],[-122.22344863049089,37.86294597134858],[-122.22344875433483,37.862948562193431],[-122.22344893610938,37.862951151291291],[-122.22344917350017,37.8629537368735],[-122.22344946880068,37.862956319807843],[-122.2234499457214,37.862959723755459],[-122.22355013224245,37.863372597794147],[-122.22356938510336,37.863580997733244],[-122.22348885523118,37.863804583067271],[-122.2233064645079,37.863921933869079],[-122.22311487697752,37.863975653085866],[-122.22222152929385,37.864096839266729],[-122.22221705753449,37.864097428992238],[-122.22221259969673,37.86409807979372],[-122.22220815693788,37.864098792555403],[-122.22220373037322,37.864099566359855],[-122.22219932113913,37.864100401190484],[-122.22219493150818,37.864101297014173],[-122.22219056261675,37.864102253814288],[-122.22218621444397,37.864103270689988],[-122.22218189039864,37.864104347591564],[-122.22217758932361,37.864105483634759],[-122.22217331578511,37.864106679654043],[-122.22216906748946,37.864107934781764],[-122.22216484782483,37.864109248067301],[-122.2221606579275,37.864110619494113],[-122.2221565000701,37.864112049029011],[-122.22215237309528,37.86411353578778],[-122.22214827925494,37.864115078836292],[-122.22214422084257,37.864116679042368],[-122.22214019667994,37.864118334620798],[-122.22213621133335,37.864120046406143],[-122.22213226362456,37.864121812613305],[-122.22212835466904,37.864123632324777],[-122.22212448791758,37.864125507292627],[-122.22212066217104,37.864127434830785],[-122.22211687970218,37.864129414906124],[-122.22211314048995,37.86413144661784],[-122.22210944796439,37.864133530816922],[-122.22210580092627,37.864135664817567],[-122.2221022016692,37.864137849487314],[-122.22209865128774,37.864140083007975],[-122.22209514980271,37.864142366280298],[-122.2220916994241,37.864144696568694],[-122.2220883013091,37.864147074757362],[-122.22208495657311,37.864149499928878],[-122.22208166519526,37.864151971182352],[-122.22207842827004,37.864154486699562],[-122.22207524695462,37.864157047364806],[-122.22207212347995,37.864159651343137],[-122.22206905782497,37.864162297733685],[-122.22206519738229,37.864165766768458],[-122.22207352722359,37.864172476970651],[-122.22207887304837,37.864176976894719],[-122.22208411827748,37.864181550379421],[-122.22208926286915,37.86418619562307],[-122.22209430337267,37.864190910873653],[-122.22209923978798,37.864195696131233],[-122.22210407089504,37.864200547808949],[-122.2221087932849,37.864205465956495],[-122.22211340691585,37.864210448772312],[-122.22211791063044,37.864215495371944],[-122.22212230209344,37.864220603086125],[-122.22212658012654,37.864225770129664],[-122.22213074472984,37.864230996502542],[-122.22213479354699,37.864236278634564],[-122.22213872430525,37.864241616558822],[-122.22214253809926,37.864247008457141],[-122.22214623259352,37.864252451659993],[-122.22214980663075,37.864257945283171],[-122.22215325789649,37.864263487558105],[-122.22215658864251,37.864269077550844],[-122.22215979423969,37.864274711724171],[-122.22216287582444,37.864280390061602],[-122.22216583219765,37.864286109877092],[-122.2221686621811,37.864291869385518],[-122.22217136461765,37.864297667702637],[-122.2221739394444,37.864303502125871],[-122.22217638436783,37.864309371787527],[-122.22217870159778,37.864315273951846],[-122.22218088654715,37.864321206883496],[-122.22218294146755,37.864327169648384],[-122.22218486518094,37.864333160461442],[-122.22218665646722,37.864339175735807],[-122.22218831421094,37.86434521638887],[-122.22218983944386,37.864351277899821],[-122.2221912310296,37.864357360285219],[-122.22219248890536,37.864363460842519],[-122.22219361187216,37.864369576885665],[-122.22219459992984,37.864375708414713],[-122.22219545301564,37.86438185272705],[-122.2221961710878,37.864388008020988],[-122.22219675296803,37.86439417251141],[-122.22219719859355,37.86440034349566],[-122.22219750907981,37.864406520056328],[-122.22219768322772,37.864412699507483],[-122.22219772215256,37.864418880931588],[-122.22219762351898,37.864425061659325],[-122.22219738955779,37.864431239855712],[-122.22219702024793,37.864437414620006],[-122.22219651436949,37.864443582365226],[-122.22219587305872,37.864449743074864],[-122.22219509623201,37.864455893145447],[-122.22219418388921,37.864462032576974],[-122.22218647979739,37.864717994737802],[-122.22218225048975,37.864741907579031],[-122.22217842548783,37.864760810351889],[-122.22217418541547,37.864779657000199],[-122.22216953016792,37.864798443019637],[-122.22216446298646,37.864817161153574],[-122.22215898490256,37.864835806881011],[-122.22215309688491,37.864854372978485],[-122.22214679998605,37.864872855825922],[-122.22214009858365,37.864891248150016],[-122.22213299257288,37.864909545446366],[-122.22212548519521,37.864927740458427],[-122.22208024597256,37.865033853006317],[-122.22207901162579,37.865036405090677],[-122.22207783335691,37.865038973478953],[-122.22207671230208,37.865041558154644],[-122.22207564730419,37.865044158233474],[-122.22207464059397,37.865046771880472],[-122.22207369103525,37.865049399112344],[-122.22207279976425,37.865052039912413],[-122.2220719667183,37.865054691578123],[-122.22207119305457,37.865057354993809],[-122.22207047761593,37.865060029275107],[-122.22206982033954,37.865062711719546],[-122.2220692223828,37.865065403211304],[-122.22206868486101,37.865068102833035],[-122.22206820548064,37.865070809716975],[-122.22206778649345,37.865073522929073],[-122.22206742787859,37.865076241568552],[-122.22206712845775,37.865078963850216],[-122.2220668893883,37.8650816906584],[-122.22206670949214,37.865084420207964],[-122.22206658988461,37.865087151581406],[-122.22206653168116,37.86508988386128],[-122.22206653260911,37.865092617080848],[-122.22206659378396,37.865095350322555],[-122.22206671516381,37.865098081784708],[-122.22206689672778,37.865100810566553],[-122.22206713847589,37.865103536667974],[-122.22206743927184,37.865106260105591],[-122.22206780132552,37.865108978143667],[-122.22206822236424,37.865111690815304],[-122.2220687035035,37.865114397203193],[-122.22206924358601,37.865117096422878],[-122.22206984372725,37.865119787557113],[-122.2220705027908,37.865122470622325],[-122.22207122073497,37.865125143816805],[-122.22207199755971,37.865127807140631],[-122.22207283208679,37.865130458808615],[-122.22207372545262,37.865133098804201],[-122.22207467647905,37.865135725342185],[-122.22207568632331,37.865138339306924],[-122.22207675265007,37.865140938028958],[-122.22207787545915,37.865143521508294],[-122.22207905588711,37.865146089728356],[-122.22208029275562,37.865148640903925],[-122.22208158492852,37.865151175051736],[-122.22208293350012,37.865153690353331],[-122.22208433619788,37.865156186841915],[-122.22208579413726,37.86515866360012],[-122.22208730616092,37.865161119743611],[-122.22208887338432,37.865163554354893],[-122.22209049239846,37.865165967483797],[-122.22209216543422,37.865168357295374],[-122.22209388908252,37.865170723839405],[-122.22209566673151,37.865173066165255],[-122.22209749381496,37.86517538343837],[-122.2220993726055,37.865177675625638],[-122.22210130192495,37.865179940941864],[-122.22210327950066,37.865182179420245],[-122.22210530758443,37.865184390126764],[-122.22210876127754,37.865187978641679],[-122.22211756389854,37.865195071246497],[-122.22212652169111,37.865202041731862],[-122.2221356300262,37.865208886560474],[-122.22214488886199,37.865215603930714],[-122.22215429363222,37.865222193007959],[-122.2221638431168,37.865228650205239],[-122.22217353274957,37.865234974688065],[-122.2221833590586,37.865241163803525],[-122.22219332088675,37.865247216667342],[-122.22220341476215,37.865253130626598],[-122.2222177743371,37.865261180286431],[-122.22222485308555,37.865264769975546],[-122.22223200798349,37.865268261227392],[-122.22223924014628,37.865271653124445],[-122.22224654500775,37.865274944832208],[-122.222253922505,37.86527813364799],[-122.22226136813454,37.865281221439979],[-122.22226888067632,37.865284204621162],[-122.22227645674221,37.865287084142182],[-122.22228409629038,37.865289858201308],[-122.22229179589088,37.865292525947432],[-122.2222995521137,37.865295086529422],[-122.22230736495879,37.865297539947214],[-122.22231522983898,37.865299884465429],[-122.22232314448156,37.865302120117228],[-122.22233110772922,37.865304246018326],[-122.22233911615196,37.865306261317549],[-122.22234716859255,37.865308165130735],[-122.22235610701071,37.865310138021243],[-122.22250435965077,37.865344341147299],[-122.22251553829919,37.865347134736879],[-122.22252400840826,37.865349401920568],[-122.22253242780813,37.865351786093925],[-122.22254079420532,37.865354286389262],[-122.22254910416979,37.865356901955558],[-122.22255735427177,37.865359631941615],[-122.22256554449032,37.865362475446709],[-122.22257366912281,37.865365431652783],[-122.2225817293056,37.865368500543354],[-122.22258971931518,37.865371680399555],[-122.22259763797351,37.86537496943636],[-122.222605484165,37.865378368571136],[-122.22261325328172,37.865381875167714],[-122.22262094532356,37.865385489226121],[-122.22262855568253,37.865389208110074],[-122.22263608324317,37.865393032737074],[-122.22264352566999,37.8653969604377],[-122.22265087955408,37.865400991261708],[-122.22265814483265,37.86540512250658],[-122.22266531693946,37.865409353337775],[-122.22267239473814,37.865413683771905],[-122.22267937700866,37.86541811022218],[-122.22268626036296,37.865422633639113],[-122.22269304360198,37.865427251336854],[-122.22269972329568,37.865431962464243],[-122.22270629938139,37.865436764318709],[-122.22271276731372,37.865441656966645],[-122.22271912818717,37.86544663858983],[-122.22272537741448,37.865451707452721],[-122.22273151381755,37.865456861770362],[-122.22273753623907,37.865462100658419],[-122.22274344234357,37.865467421447541],[-122.22274923097378,37.865472823253413],[-122.22275489981523,37.865478304307572],[-122.22276044657416,37.865483863742284],[-122.2227658700307,37.865489497970778],[-122.22277116791209,37.865495207026221],[-122.22277634129185,37.865500988189382],[-122.22278138446734,37.865506840642468],[-122.2227862996485,37.865512761649676],[-122.22279108338442,37.865518749459127],[-122.22279573449688,37.865524802285606],[-122.22280025069229,37.865530919261481],[-122.22280463304419,37.86553709766757],[-122.22280887810162,37.865543335752037],[-122.22281298466558,37.865549630828831],[-122.22281695273588,37.865555982897931],[-122.22282077995629,37.865562388389137],[-122.22282446514843,37.865568845517309],[-122.22282800829149,37.865575353381594],[-122.22283140818618,37.865581909295997],[-122.22283466249716,37.865588510591174],[-122.22283777120337,37.86559515636624],[-122.22284073196941,37.865601843951822],[-122.22284354702599,37.865608571513043],[-122.22284621176503,37.865615336413676],[-122.22284872843821,37.865622137719676],[-122.22285109470998,37.865628972761641],[-122.22285331053851,37.865635839737848],[-122.22285537358833,37.86564273597898],[-122.22285728495393,37.865649659666651],[-122.22285904459326,37.865656608999217],[-122.22286461509073,37.865673712906393],[-122.2228690134028,37.865688360225036],[-122.22287308909198,37.8657030654213],[-122.22287684091708,37.865717824007518],[-122.2228802665425,37.865732633314252],[-122.22288336470609,37.865747487953094],[-122.22288613641851,37.865762382502176],[-122.22288858045962,37.865777313374778],[-122.22289069443086,37.865792275198906],[-122.22289247826933,37.865807265272011],[-122.2228939329438,37.865822276370572],[-122.2229348269174,37.866100957662603],[-122.22293748191035,37.866128543215638],[-122.22293852624475,37.866144386670648],[-122.22293880634348,37.866150769137356],[-122.22315952155145,37.866141428309668],[-122.22415366202148,37.865008416442102],[-122.22415673120018,37.865004994042536],[-122.22415939194663,37.865002143540693],[-122.22416211607067,37.864999329961954],[-122.22416490245703,37.864996554223779],[-122.22416774771759,37.864993817276869],[-122.2241706541669,37.864991120889599],[-122.2241736195114,37.864988464194397],[-122.22417664152017,37.864985849026205],[-122.22417972250781,37.864983277153506],[-122.22418285790813,37.864980747741797],[-122.22418605001467,37.864978261658763],[-122.22418929543932,37.864975819855047],[-122.22419259422396,37.864973424132373],[-122.22419594523231,37.864971074507388],[-122.22419934846438,37.864968770979978],[-122.22420280055294,37.864966515401704],[-122.22420630263449,37.864964307756004],[-122.22420985243619,37.864962148076017],[-122.22421344888463,37.864960039080955],[-122.22421709082248,37.864957979886498],[-122.22422077938612,37.86495597047616],[-122.22422451009302,37.864954013618785],[-122.22422828405857,37.864952108396928],[-122.22423209901008,37.864950254843876],[-122.22423595385314,37.864948454777846],[-122.22423984747235,37.864946709116332],[-122.22424377984676,37.864945016958501],[-122.22424774872466,37.864943379238348],[-122.22425175299064,37.86494179687336],[-122.22425579152932,37.86494027078097],[-122.22425986318341,37.864938800076921],[-122.2242639657013,37.864937385695335],[-122.2242680991037,37.864936028536945],[-122.22427226227546,37.864934729519341],[-122.22427645292288,37.864933487774778],[-122.22428067106689,37.864932304204139],[-122.22428491443486,37.864931178840564],[-122.224289180775,37.86493011261819],[-122.22429347122379,37.864929105520375],[-122.22429778237212,37.864928157596907],[-122.2243021142619,37.864927270649567],[-122.22430646457859,37.864926442909741],[-122.22431083220687,37.864925675294948],[-122.22431521716763,37.864924968706035],[-122.22431961603088,37.864924322291913],[-122.22432402883859,37.86492373785434],[-122.22432845327621,37.864923213624827],[-122.2243328893647,37.864922750504107],[-122.22433733485231,37.864922349426337],[-122.22434178860273,37.864922010408115],[-122.22434624832235,37.864921732581728],[-122.22435071401119,37.864921515947252],[-122.22435518455384,37.864921361422077],[-122.22435965654134,37.864921269056033],[-122.22436413111002,37.864921238832537],[-122.22436860483,37.864921269900485],[-122.22437307658579,37.86492136317738],[-122.22477244856276,37.864932451024785],[-122.22478111186777,37.864932808357985],[-122.22478557192606,37.864933082924445],[-122.22479002661161,37.864933419749619],[-122.22479447135805,37.864933817999209],[-122.22479890841727,37.864934276738936],[-122.22480333328576,37.86493479783713],[-122.22480774707884,37.864935380376217],[-122.224812147503,37.864936023488539],[-122.22481653228559,37.864936727207422],[-122.22482090142655,37.86493749153275],[-122.22482525263233,37.864938315596902],[-122.22482958478749,37.864939200317401],[-122.22483389787118,37.864940144793309],[-122.22483818847429,37.864941149074539],[-122.224842456576,37.864942212260139],[-122.22484670103995,37.864943334366778],[-122.22485091959341,37.864944515427659],[-122.22485511221551,37.864945754541885],[-122.22485927661266,37.864947050841899],[-122.22486341166942,37.864948405245073],[-122.22486751622857,37.86494981686716],[-122.22487158911179,37.864951283923133],[-122.22487562922475,37.864952808231259],[-122.22487963538919,37.864954388006439],[-122.22488360531152,37.864956022381023],[-122.22488754014904,37.864957712239281],[-122.2248914353144,37.864959455845899],[-122.22489529305953,37.864961252266838],[-122.22489911001711,37.864963103353645],[-122.22490288610349,37.864965005502839],[-122.22490661908793,37.864966960549431],[-122.22491030779204,37.864968966708219],[-122.22491395335236,37.864971023962681],[-122.22491755231783,37.864973130560827],[-122.22492110470951,37.864975287403624],[-122.2249246082128,37.864977492722552],[-122.22492806394301,37.86497974560006],[-122.22493146851222,37.864982046986924],[-122.22493482299386,37.864984394163926],[-122.22493812399986,37.864986788081779],[-122.2249413726247,37.86498922692212],[-122.22494456659565,37.864991710718215],[-122.22494770589186,37.864994238569153],[-122.22495078819865,37.864996808706444],[-122.22495381465238,37.864999421113524],[-122.22495678184409,37.86500207584016],[-122.22495969084729,37.865004770167261],[-122.22496254054654,37.865007505012237],[-122.22496532862722,37.865010278606555],[-122.22496805622578,37.865013090933672],[-122.22497072102762,37.865015940225035],[-122.22497332187537,37.86501882559643],[-122.2249758599054,37.865021747031257],[-122.22497833280319,37.86502470276104],[-122.22498074054776,37.865027691884876],[-122.22498308200275,37.865030714419362],[-122.22498535598994,37.865033768579444],[-122.22498756364567,37.865036854348475],[-122.22498970151901,37.865039969974575],[-122.22499177186168,37.865043114523694],[-122.22499377124375,37.865046287144764],[-122.22499570191688,37.86504948690375],[-122.22499756158746,37.865052712933021],[-122.22499934909821,37.865055964348251],[-122.22500106556454,37.865059240232029],[-122.22500270867182,37.865062538815863],[-122.22500427955643,37.865065860083142],[-122.22500577704014,37.865069202248741],[-122.22500720110179,37.865072564411832],[-122.22500855060539,37.865075946588959],[-122.22500982548782,37.865079346077621],[-122.2250110257701,37.865082763778695],[-122.22501215023205,37.865086196105288],[-122.22505622693565,37.865225767867933],[-122.22497506752143,37.865395424129431],[-122.22497132512298,37.865434666896867],[-122.22554058864439,37.865431577538814],[-122.22554470268261,37.865431586785839],[-122.22554833029845,37.865431649103144],[-122.22555195454237,37.865431761934879],[-122.22555557652977,37.865431924363619],[-122.22555919400895,37.86543213732336],[-122.22556280695892,37.865432399913395],[-122.22556641312808,37.865432713067676],[-122.22557001133795,37.865433075001114],[-122.22557360163067,37.865433487515475],[-122.22557718284884,37.86543394972648],[-122.22558075156248,37.865434460783071],[-122.22558431006527,37.865435021553004],[-122.22558785492731,37.865435631185143],[-122.22559138614845,37.865436289679529],[-122.22559490259242,37.865436997052818],[-122.22559840198655,37.865437753338135],[-122.22560188544624,37.865438557618127],[-122.22560534956249,37.865439409942525],[-122.2256087954716,37.865440310294808],[-122.22561221976456,37.865441258724779],[-122.22561562353583,37.865442253414066],[-122.22561900453363,37.865443295296792],[-122.22562236273708,37.865444383472159],[-122.22562569589444,37.865445518874182],[-122.2256290039637,37.865446699701145],[-122.22563228467237,37.865447925986288],[-122.22563553915668,37.865449197712991],[-122.22563876398662,37.865450514030321],[-122.22564196029859,37.865451874921511],[-122.22564512466262,37.865453279535693],[-122.22564825935133,37.865454727839541],[-122.22565136095581,37.865456219882944],[-122.22565442943406,37.865457753864199],[-122.22565746253436,37.865459330717357],[-122.22566046135118,37.86546094862409],[-122.22566342476917,37.865462608501879],[-122.2256663504736,37.865464308582268],[-122.2256692384646,37.865466048865251],[-122.22567208758481,37.865467828466535],[-122.22567489671887,37.865469648303623],[-122.22567766580391,37.865471505674009],[-122.22568039372455,37.865473401495073],[-122.22568307932342,37.865475334882575],[-122.22568572146432,37.865477305853176],[-122.22568832008423,37.865479311704277],[-122.22569330358716,37.865483322025426],[-122.22569683732434,37.865486287463433],[-122.22570030624357,37.865489300709676],[-122.22570370807219,37.865492361797266],[-122.22570704165287,37.865495469841981],[-122.22571030580747,37.865498623058784],[-122.22571350051489,37.865501820546719],[-122.22571662463884,37.865505062322512],[-122.225719677022,37.865508347501866],[-122.22572265646515,37.865511673398842],[-122.22572556183201,37.865515040030033],[-122.22572839310151,37.86551844649464],[-122.22573114911638,37.865521891908365],[-122.225733827583,37.865525375403614],[-122.22573643071118,37.865528894244555],[-122.2257389551128,37.865532449381938],[-122.22574140072501,37.86553603811317],[-122.22574376643247,37.865539661355754],[-122.22574605328758,37.865543315489568],[-122.22574825903862,37.865547001448789],[-122.22575038250737,37.865550717448272],[-122.22575242478821,37.86555446166971],[-122.22575438360846,37.865558234146299],[-122.22575626006255,37.865562033059781],[-122.22575805185683,37.865565857542421],[-122.22575975894928,37.865569705792637],[-122.22576138131913,37.865573576909483],[-122.22576291894516,37.865577469992111],[-122.22576436953391,37.865581384172891],[-122.22576573417975,37.865585317633581],[-122.22576701172527,37.865589269489831],[-122.22576820212863,37.865593237939969],[-122.2257693053898,37.865597222983986],[-122.22577032144594,37.86560122191932],[-122.22577124802429,37.865605234779153],[-122.22577208621924,37.865609259745284],[-122.22577283600987,37.865613295916717],[-122.22577349735428,37.865617341491792],[-122.22577406909504,37.865621395586238],[-122.22577455121133,37.865625457299267],[-122.22577494366107,37.865629524829103],[-122.22577524755971,37.865633597258274],[-122.22577546061365,37.865637673719235],[-122.22577558389619,37.865641751492639],[-122.22577561856474,37.865645831462814],[-122.22577556226273,37.865649910059595],[-122.22577541728383,37.865653988150584],[-122.22577518129242,37.865658063066348],[-122.22577485656115,37.865662134773785],[-122.2257744419118,37.865666201487741],[-122.22577393841777,37.865670260489011],[-122.22577334498472,37.865674313595932],[-122.22577266150775,37.865678356304187],[-122.22577189030144,37.865682390382283],[-122.22577103014572,37.865686412243413],[-122.22577008217678,37.865690421870987],[-122.22576904521644,37.865694417479816],[-122.22576792038006,37.865698398152496],[-122.22562222662685,37.866219722915559],[-122.22562180113808,37.866221320593844],[-122.22562141104399,37.866222924964056],[-122.22562105630253,37.866224534224408],[-122.22562073689291,37.866226147474038],[-122.22562045283594,37.866227765613829],[-122.22562020408989,37.866229386842058],[-122.2256199918119,37.866231012042974],[-122.22561981482379,37.866232639431445],[-122.22561967426191,37.866234268990915],[-122.22561957012627,37.866235900721328],[-122.22561950123851,37.866237532837616],[-122.22561946761974,37.866239166240618],[-122.2256194703853,37.866240800012854],[-122.22561950951416,37.866242433253547],[-122.22561958384917,37.866244065078313],[-122.22561969568387,37.866245696354859],[-122.22561984158827,37.86624732623217],[-122.22562002492951,37.866248952858676],[-122.22562024231955,37.866250577185113],[-122.22562049714647,37.866252198260689],[-122.22562078600113,37.866253816135362],[-122.22562111225078,37.866255428957473],[-122.2256214724864,37.866257036776943],[-122.22562186784421,37.86625863957709],[-122.22562229946067,37.866260237341365],[-122.22562276615743,37.866261828284564],[-122.22562326795554,37.866263413307635],[-122.22562380365574,37.866264989724598],[-122.22562437443625,37.866266559320572],[-122.22562497913984,37.866268121211228],[-122.22562561886099,37.866269673578323],[-122.22562629248415,37.86627121733931],[-122.22562699998846,37.866272751593286],[-122.2256277413739,37.86627427634027],[-122.2256285165986,37.866275789778619],[-122.2256293234108,37.866277292842305],[-122.22563016404123,37.86627878369643],[-122.22563103851095,37.866280263241848],[-122.22563194452623,37.866281730610979],[-122.22563288206614,37.866283184902876],[-122.22563385226697,37.866284626100942],[-122.22563485397154,37.866286053320998],[-122.22563588604338,37.866287466579607],[-122.22563695075522,37.866288865843508],[-122.22563804467708,37.866290250261777],[-122.2256391689244,37.866291618916812],[-122.2256403234971,37.866292971808733],[-122.22564150837418,37.866294308036608],[-122.22564272130406,37.866295628534594],[-122.22564396451736,37.866296931467637],[-122.22564523460508,37.866298216885639],[-122.22564653386092,37.866299485656228],[-122.2256478610856,37.866300735093482],[-122.22564921516381,37.866301966114769],[-122.22565059609542,37.866303178720166],[-122.22565200385961,37.86630437200882],[-122.22565343616266,37.866305545113043],[-122.22565489529819,37.866306698900509],[-122.22565638008794,37.866307831586077],[-122.22565788941655,37.866308944087237],[-122.22565942212677,37.866310035519788],[-122.22566097933387,37.866311104966172],[-122.22566255992253,37.866312153343941],[-122.22566416273538,37.866313179768767],[-122.22566578775148,37.866314183339874],[-122.22566806068829,37.866315527991738],[-122.22567200827329,37.86631776194217],[-122.22567600344358,37.866319940225715],[-122.2256800450627,37.866322062858913],[-122.22568413426707,37.866324129825259],[-122.22568826760569,37.866326139372752],[-122.22569244396308,37.866328092418982],[-122.22569666327642,37.866329986261256],[-122.22570092443033,37.866331821817099],[-122.22570522399472,37.866333598235506],[-122.22570956308505,37.866335314598949],[-122.22571393829217,37.866336970957335],[-122.22571835073148,37.86633856639309],[-122.22572279699401,37.866340100956137],[-122.22572727592228,37.866341573762185],[-122.22573178635909,37.866342983927012],[-122.22573632716795,37.866344331467182],[-122.22574089834897,37.866345616382731],[-122.22574549531477,37.866346836938384],[-122.22575011924357,37.86634799491928],[-122.22575476893614,37.866349087639357],[-122.2257594410253,37.866350116950237],[-122.22576640559126,37.866351522773797],[-122.22626111698375,37.866445633812134],[-122.22640269482143,37.866664396460898],[-122.22665211522495,37.866790919727379],[-122.22665483894488,37.866792338871448],[-122.22665673755087,37.866793374473687],[-122.22665861290137,37.866794436549824],[-122.22666046611177,37.866795524182471],[-122.22666229377293,37.866796637421437],[-122.22666409700037,37.866797775349305],[-122.22666587465763,37.86679893798263],[-122.22666762560834,37.866800125338067],[-122.22666935096794,37.866801336498099],[-122.22667104960009,37.866802571479376],[-122.22667272150471,37.866803830281945],[-122.22667436436716,37.866805111137282],[-122.22667597822945,37.86680641584713],[-122.22667756416494,37.866807741692263],[-122.22667912103731,37.866809088689294],[-122.22668064659484,37.866810457772381],[-122.22668214308922,37.86681184800743],[-122.22668360822681,37.866813258526761],[-122.22668504200759,37.866814689330418],[-122.22668644441056,37.866816139517525],[-122.22668781427839,37.866817608203888],[-122.22668915163204,37.866819096290314],[-122.22669045645063,37.866820602875933],[-122.22669172757676,37.866822127076588],[-122.22669296501041,37.866823668892224],[-122.22669416757333,37.866825226537756],[-122.22669533644377,37.866826801798311],[-122.22669647042245,37.86682839198793],[-122.22669756955136,37.86682999890828],[-122.22669863263123,37.866831619873402],[-122.22669965966203,37.866833254883389],[-122.22670065066468,37.866834904839052],[-122.22670160559731,37.866836567938648],[-122.22670252330254,37.866838243297927],[-122.22670340493774,37.866839931801202],[-122.22670424820922,37.866841632580822],[-122.22670505421141,37.866843343818502],[-122.22670582296517,37.866845066414939],[-122.22670655331329,37.866846799486076],[-122.22670724525561,37.866848543031836],[-122.22670789872944,37.866850294349675],[-122.22670851377656,37.866852055241239],[-122.22670908923972,37.866853824822378],[-122.22670962623427,37.866855602175548],[-122.22671012358185,37.866857385515715],[-122.22671058246088,37.866859176627926],[-122.22671100053563,37.866860972842844],[-122.2267113800998,37.866862775028132],[-122.22671171999608,37.866864582299556],[-122.22671201906715,37.866866393772817],[-122.22671227958567,37.866868209414662],[-122.22671249925803,37.866870028357575],[-122.22671267919952,37.866871849684031],[-122.22671281827388,37.866873673410595],[-122.22671291761746,37.866875499520717],[-122.22671297718819,37.866877326212666],[-122.22671299582888,37.866879152602202],[-122.22671297469677,37.86688097957358],[-122.22671007755567,37.867008900923594],[-122.22697532984536,37.867272279903567],[-122.22755891272148,37.867366821862078],[-122.22765303598641,37.86756902295194],[-122.22732417569861,37.867593601970285],[-122.22706790926124,37.867539634848654],[-122.22624064664289,37.867825301760384]]],[[[-122.21868789561637,37.863112288504773],[-122.2186870794974,37.863114595654864],[-122.21868631821343,37.863116914622729],[-122.21868560715664,37.863119242772065],[-122.21868494750491,37.863121581888024],[-122.21868433696497,37.863123931102855],[-122.21868377768408,37.863126284978229],[-122.21868327546908,37.863128648836629],[-122.21868281996795,37.863131017421821],[-122.21868242149093,37.863133394188317],[-122.21868207197953,37.863135774747597],[-122.21868177709447,37.863138158116165],[-122.21868153466738,37.863140548831311],[-122.21868134335338,37.863142937901046],[-122.21868120218306,37.863145332548768],[-122.21868111789082,37.86314772907172],[-122.21868108700512,37.863150124817082],[-122.21868110504337,37.86315252255352],[-122.2186811810333,37.863154919446146],[-122.21868130582207,37.863157312924677],[-122.218681482881,37.863159705642055],[-122.2186817143993,37.863162093961805],[-122.21868199814618,37.863164479718733],[-122.21868233410069,37.863166862011923],[-122.21868272220021,37.863169238138866],[-122.21868316135028,37.863171609917764],[-122.21868365601257,37.863173973679054],[-122.21868419945268,37.863176333125345],[-122.21868479832163,37.863178680950604],[-122.21868544479034,37.863181022675725],[-122.21868614668792,37.863183352779778],[-122.21868689612268,37.863185674081166],[-122.21868769875535,37.863187985596234],[-122.21868854882088,37.863190283804322],[-122.218689454357,37.863192572193043],[-122.21869040730513,37.863194846373872],[-122.2186914088016,37.863197106330368],[-122.21869246229703,37.863199353814473],[-122.2186935642991,37.863201585272456],[-122.2186947136715,37.863203800720903],[-122.21869591495935,37.863206000093577],[-122.21869716365933,37.863208185258358],[-122.21869845848889,37.863210349925779],[-122.21869980060531,37.863212494980182],[-122.21870119354274,37.863214625777118],[-122.21870262800191,37.863216733440261],[-122.21870411086334,37.863218820572953],[-122.2187056421689,37.863220888976961],[-122.21870721385987,37.86322293426376],[-122.21870883391136,37.863224957218371],[-122.21871049781993,37.863226959708697],[-122.21871220320857,37.863228937263571],[-122.21871395354884,37.863230892535903],[-122.21871574755829,37.863232819236252],[-122.21871758311039,37.86323472370362],[-122.21871945898546,37.863236602351243],[-122.21872137634054,37.863238456063371],[-122.21872333856378,37.863240283889532],[-122.21872533412515,37.863242078788268],[-122.21872737457547,37.863243848701835],[-122.21872944859341,37.863245595597498],[-122.21873156375756,37.863247303143886],[-122.2187337159191,37.863248988523516],[-122.21873590255505,37.863250640959166],[-122.21873812949298,37.863252266674159],[-122.21874038739205,37.863253854990525],[-122.21874268214246,37.863255414834121],[-122.21874501140898,37.863256943535447],[-122.21874737401357,37.863258439309362],[-122.21874976766269,37.863259901288075],[-122.2187521946916,37.863261332141064],[-122.21875465501691,37.863262728264878],[-122.21875714068425,37.863264089775399],[-122.21875965508183,37.863265415722076],[-122.21876220393297,37.863266707823882],[-122.21876477583262,37.863267964444546],[-122.21876737871426,37.863269184567471],[-122.21877000803261,37.863270368258753],[-122.21877266039959,37.863271516468934],[-122.21877533693061,37.863272628280598],[-122.21877803983564,37.863273700958061],[-122.21878076692569,37.863274738137846],[-122.21878351584452,37.863275736249697],[-122.21878794427617,37.863277251504108],[-122.21880347419882,37.863282812634246],[-122.21881493471002,37.863287145258226],[-122.21882629871286,37.863291629781003],[-122.21883756187077,37.863296275277399],[-122.21884872285973,37.863301073656267],[-122.21885977490362,37.863306026818584],[-122.21887071682444,37.863311132979241],[-122.21888154515072,37.863316389485334],[-122.21889225752628,37.863321792766506],[-122.21890284608055,37.863327346542157],[-122.21891331294005,37.863333044473158],[-122.21892365585312,37.863338887493441],[-122.21893385882784,37.863344872231352],[-122.21894393432198,37.863350996703119],[-122.21895387427696,37.863357256520366],[-122.21896367540913,37.863363657137874],[-122.21897333298541,37.863370190514161],[-122.2189828425232,37.863376859418025],[-122.21899220835894,37.863383654774729],[-122.2190014192757,37.863390583055768],[-122.2190104795891,37.863397634285576],[-122.21901938025037,37.863404810398251],[-122.21902812464762,37.863412110443356],[-122.21903670468052,37.863419528230736],[-122.21904512268422,37.863427066429892],[-122.21905337165308,37.863434717032419],[-122.21906145162872,37.863442481840117],[-122.21906936025511,37.863450357282623],[-122.2190770906099,37.863458338954977],[-122.2190846484164,37.863466428576196],[-122.21909202334336,37.863474621790921],[-122.21909921755905,37.863482914061876],[-122.21910623104252,37.863491304488122],[-122.21911305586042,37.863499794086472],[-122.21911969182487,37.863508374749195],[-122.21912614573274,37.863517045476179],[-122.2191323981624,37.863525802044435],[-122.21913845483701,37.863534646173065],[-122.21914432699441,37.863543572291363],[-122.21914999527556,37.863552578878988],[-122.21915546527838,37.863561662249865],[-122.21916073923364,37.863570820569066],[-122.21916579999235,37.863580049580683],[-122.21939879834015,37.864040571629026],[-122.21940367129231,37.864051405636886],[-122.21940878480024,37.864062172157666],[-122.21941413303639,37.864072864967994],[-122.21941971821077,37.864083481332244],[-122.21942553350544,37.864094021349658],[-122.21943158331977,37.864104478647924],[-122.21943785847961,37.864114849756056],[-122.2194443611951,37.864125131938351],[-122.21945109375987,37.864135326062424],[-122.21945804567554,37.864145420566075],[-122.2194652250427,37.864155421639467],[-122.21947261225144,37.864165316951926],[-122.21948022226211,37.864175114395863],[-122.21948804794347,37.864184800557759],[-122.21949608369762,37.864194379123695],[-122.21950433049373,37.864203842870275],[-122.21951278267119,37.864213192780994],[-122.21952508929161,37.864226214657023],[-122.21953808332171,37.86423986093731],[-122.21954729062783,37.864249961328774],[-122.21955627574201,37.864260185712588],[-122.21956503632892,37.864270531419386],[-122.21957356563304,37.864281001250944],[-122.2195818668129,37.864291584347498],[-122.21958993084037,37.864302283544014],[-122.21959775872647,37.864313093418922],[-122.21960534681149,37.864324003211507],[-122.21961269412621,37.864335020145305],[-122.2196197948843,37.864346139798748],[-122.21962665451696,37.86435735127894],[-122.21963326403777,37.864368659222535],[-122.21963962327962,37.864380056422789],[-122.21964573102248,37.864391539292718],[-122.21965158375295,37.864403103377867],[-122.21965718264904,37.864414750463361],[-122.21966252291466,37.864426469805139],[-122.21966760909505,37.864438261337078],[-122.21967242978505,37.864450123422934],[-122.21967698824731,37.864462049707157],[-122.21968128553459,37.864474036569717],[-122.21968298040638,37.864479137700464],[-122.21968478150862,37.864484212050883],[-122.21968669679568,37.864489259505007],[-122.21968872176406,37.864494281930874],[-122.21969085856109,37.864499273890132],[-122.21969310390308,37.864504240837611],[-122.21969545977046,37.864509170128144],[-122.21969792174309,37.864514067233202],[-122.21970049539833,37.864518927565562],[-122.21970317059269,37.86452375487773],[-122.21970595288259,37.864528543681736],[-122.21970884228888,37.864533294878505],[-122.21971183414095,37.864538003128985],[-122.21971492843886,37.864542668433216],[-122.21971812293081,37.864547291725181],[-122.2197214232776,37.864551872021195],[-122.21972482360965,37.864556401296348],[-122.21972832297861,37.864560887674827],[-122.21973191772484,37.864565320396046],[-122.21973561253985,37.864569705699807],[-122.21973940279487,37.864574040048815],[-122.21974328493462,37.864578317186769],[-122.21974726367166,37.864582544254262],[-122.21975502930231,37.864590372171222],[-122.21989496897351,37.864724264828347],[-122.22070098325926,37.865083433268033],[-122.22101896784837,37.864768818241984],[-122.22101081583169,37.864768546899462],[-122.22100253942688,37.864768156613941],[-122.22099426830138,37.86476765090179],[-122.22098601160867,37.864767032333056],[-122.22097777269502,37.864766298155395],[-122.22096955162321,37.864765451071442],[-122.22096134946692,37.864764488362042],[-122.22095316862421,37.864763415399182],[-122.22094500899064,37.864762227678668],[-122.22093688201312,37.864760928638148],[-122.22092877969565,37.86475951659196],[-122.22092071687331,37.864757994027308],[-122.22091268548721,37.864756356555873],[-122.22090469022906,37.864754610417336],[-122.22089673669693,37.864752751925487],[-122.2208888227854,37.864750788320407],[-122.22088095510352,37.864748710493977],[-122.22087313950018,37.864746525570347],[-122.22086536351752,37.864744235533436],[-122.22085764401254,37.864741832027015],[-122.22084997788969,37.864739328613723],[-122.22084236725441,37.864736718053507],[-122.22083481328499,37.864734002131605],[-122.22082732391478,37.864731179831104],[-122.22081989703841,37.864728258392127],[-122.22081253705488,37.864725231442314],[-122.22080524297421,37.864722105304338],[-122.22079801698548,37.864718876341598],[-122.22079086489576,37.864715549876387],[-122.22078379118766,37.864712123140009],[-122.22077678685416,37.864708599868308],[-122.22076986670942,37.864704981647741],[-122.22076302387281,37.864701265875063],[-122.22075626644479,37.864697458740466],[-122.22074959206927,37.864693556673579],[-122.22074300421791,37.86468956232725],[-122.22073650638328,37.864685479255321],[-122.22046245022652,37.864520376069748],[-122.22033960850604,37.864440900420469],[-122.22027372784423,37.864396088656491],[-122.22020884018566,37.864350370231527],[-122.22014497208406,37.864303762783479],[-122.21960611225077,37.863853304763374],[-122.21958454533538,37.863836474309963],[-122.21957080411892,37.863825261250675],[-122.21955730863712,37.863813860772268],[-122.21954406911682,37.863802272725799],[-122.21953108347331,37.86379050525224],[-122.21951835860796,37.863778561855739],[-122.21950589559441,37.863766439817297],[-122.21949370606735,37.863754150682624],[-122.21948179343551,37.86374169440208],[-122.21947015090187,37.86372907197601],[-122.21945878782846,37.863716294983305],[-122.21944770981315,37.863703359737706],[-122.21943691933733,37.863690275214807],[-122.21942641638007,37.863677040513927],[-122.21941620681075,37.863663663660006],[-122.21940628959732,37.863650149174063],[-122.21939667726012,37.863636497774884],[-122.21931562422161,37.863504732340466],[-122.21931236536477,37.863498505902065],[-122.21930897131983,37.86349233189803],[-122.21930544072107,37.863486200435425],[-122.21930177716511,37.863480119572266],[-122.21929797848388,37.863474093846037],[-122.21929404913909,37.863468119587054],[-122.21928998689995,37.863462198630053],[-122.219285797615,37.863456338099233],[-122.21928147777102,37.863450533539904],[-122.21927703100654,37.863444794811869],[-122.21927246163726,37.863439111939421],[-122.2192677642112,37.863433494914794],[-122.21926294445178,37.863427945456927],[-122.21925800568438,37.863422459912691],[-122.21925294586605,37.86341704822464],[-122.21924776373528,37.863411705004246],[-122.21924246962324,37.863406434606667],[-122.21923705789015,37.863401238916431],[-122.21923153419667,37.863396116949978],[-122.21922589866803,37.863391074112386],[-122.21922015361881,37.863386112172293],[-122.21921429551458,37.863381225774127],[-122.21920833590647,37.863376422860135],[-122.21920226799749,37.863371704430442],[-122.21919610087814,37.863367070352673],[-122.21918983109769,37.86336251887473],[-122.21918346004298,37.863358060790354],[-122.21917699089335,37.863353686140393],[-122.21917043071716,37.863349405635894],[-122.21916377480206,37.863345212136132],[-122.21915703135284,37.863341116335612],[-122.21915019226917,37.863337112044078],[-122.21914326899766,37.863333202699501],[-122.21913626273709,37.863329390987872],[-122.21912917119421,37.863325676041455],[-122.21912200120757,37.863322058661758],[-122.21911475170344,37.863318541567899],[-122.21910742499634,37.863315126528505],[-122.21910002331701,37.863311811708677],[-122.21909255247222,37.863308602430955],[-122.21908501012683,37.863305496025689],[-122.21907740196224,37.863302492410199],[-122.2190697258102,37.863299596121863],[-122.21906199074034,37.863296806127366],[-122.21905419561631,37.863294122443342],[-122.21904481865276,37.863291065284656],[-122.21899459220408,37.863270442787226],[-122.21896419595042,37.863257250848157],[-122.21893409469961,37.8632436427729],[-122.21890429985686,37.863229620197949],[-122.2188748171876,37.863215186644176],[-122.21884565820123,37.863200348252413],[-122.21881682866312,37.863185108543583],[-122.21878833661125,37.863169471005527],[-122.21876019696393,37.863153441729402],[-122.21873241437099,37.863137025153605],[-122.21870499352396,37.863120227518195],[-122.21868880411947,37.863109945765189],[-122.21868789561637,37.863112288504773]]],[[[-122.21828735627683,37.863210942841718],[-122.21972908712806,37.864673630250067],[-122.21983163240398,37.864774088492936],[-122.2198385210543,37.864756345121307],[-122.21970148997482,37.864625234271578],[-122.21969254346635,37.864616236722263],[-122.21968783096585,37.864611248946638],[-122.21968322948,37.864606195570701],[-122.21967874252235,37.86460108104913],[-122.21967436784108,37.864595906315913],[-122.21967010655158,37.864590670453666],[-122.2196659609474,37.864585374330076],[-122.21966193233193,37.86458002513556],[-122.21965802287343,37.864574618332661],[-122.21965423501153,37.864569161095204],[-122.21965056523288,37.864563648968577],[-122.21964701713432,37.864558090010767],[-122.21964359176873,37.86455248060188],[-122.21964029155487,37.864546827014884],[-122.21963711643011,37.864541126547081],[-122.21963406649878,37.864535383702872],[-122.21963114287628,37.864529597564761],[-122.21962835025417,37.864523774372685],[-122.21962568520252,37.864517913275392],[-122.21962314772128,37.864512014272854],[-122.21962074136562,37.864506083621542],[-122.21961846497825,37.864500120437057],[-122.21961632312541,37.864494125554039],[-122.21961430903086,37.864488100873629],[-122.21961033215862,37.864477039342574],[-122.21960610981087,37.864466029149327],[-122.21960165029698,37.864455085492743],[-122.21959694892557,37.864444202132873],[-122.21959200700006,37.864433386260011],[-122.21958683144302,37.864422642279166],[-122.21958141423751,37.864411967603615],[-122.21957576699748,37.864401372878056],[-122.21956988627232,37.864390856350354],[-122.21956377557552,37.86438042247525],[-122.21955743383339,37.864370073971699],[-122.21955087030376,37.864359817914263],[-122.21954407583335,37.86434965173261],[-122.21953706188998,37.86433957976552],[-122.21952982866159,37.864329610120748],[-122.21952237608565,37.86431974009556],[-122.21951470426654,37.864309974194377],[-122.21950682010593,37.864300315921128],[-122.21949872602252,37.864290771548774],[-122.21949042418473,37.864281336539825],[-122.21948191366511,37.864272019919362],[-122.21947023064276,37.864259763054974],[-122.21945781859533,37.864246655296228],[-122.21944864166936,37.864236540937895],[-122.21943968005986,37.864226299982697],[-122.21943094750718,37.864215936736393],[-122.21942244859814,37.864205452934485],[-122.21941417781829,37.864194855866721],[-122.21940614537351,37.864184144483282],[-122.21939834795913,37.86417332333815],[-122.21939078795225,37.864162396902621],[-122.21938347105522,37.864151365994807],[-122.21937639855048,37.864140236904198],[-122.21936957277312,37.864129012300396],[-122.21936299372314,37.864117692183342],[-122.21935666611286,37.864106283693815],[-122.21935058893098,37.864094792253589],[-122.21934476777565,37.864083214176418],[-122.21933920291805,37.864071561173567],[-122.21933389315926,37.864059830559079],[-122.21910176819684,37.86360102770729],[-122.21909717123314,37.863592682288683],[-122.2190923950367,37.863584401660724],[-122.21908743394683,37.86357618680703],[-122.21908229377034,37.863568043049952],[-122.21907697572719,37.863559973976351],[-122.21907148314278,37.863551975933099],[-122.21906581159718,37.86354405439161],[-122.21905996456204,37.863536212004675],[-122.21905395013768,37.863528454962562],[-122.2190477648317,37.86352077971133],[-122.2190414110629,37.863513192523989],[-122.21903489114565,37.863505695169124],[-122.21902820510094,37.863498288547497],[-122.21902136662705,37.863490975163124],[-122.21901435651112,37.863483759801603],[-122.21900719280896,37.863476636792939],[-122.21899987246647,37.86346962150143],[-122.2189924009357,37.863462703934758],[-122.21898477728899,37.863455893118115],[-122.2189770037364,37.863449186315776],[-122.21896908608474,37.86344258885012],[-122.21896102210317,37.863436102555944],[-122.21895281637858,37.863429729168764],[-122.21894447347724,37.86342346952317],[-122.21893599571349,37.863417325387829],[-122.21892738089809,37.863411300399157],[-122.21891863816346,37.863405396226518],[-122.21890975957604,37.863399613886592],[-122.21890075883442,37.863393955883375],[-122.2188916359176,37.863388421315896],[-122.21888239202447,37.863383012870216],[-122.21887303296189,37.863377735868731],[-122.21886355527903,37.863372588559336],[-122.21885396697192,37.863367572627858],[-122.21884427035495,37.863362689842894],[-122.21883446664768,37.863357943791407],[-122.21882456151096,37.863353333489634],[-122.21881455608093,37.863348858921114],[-122.21880445271375,37.863344523656131],[-122.21879425605897,37.863340332132758],[-122.21878396942118,37.863336279797046],[-122.21877359631351,37.863332371103652],[-122.21876071529607,37.863327759974176],[-122.21875632936471,37.863326263925408],[-122.21875246777662,37.863324880095995],[-122.2187486413611,37.86332344438793],[-122.2187448512334,37.863321955883734],[-122.21874109063839,37.86332041738536],[-122.21873736742586,37.863318824272618],[-122.21873367713407,37.863317180215205],[-122.2187300243291,37.863315486047696],[-122.21872640903187,37.863313742671068],[-122.21872283349418,37.863311949151296],[-122.21871929430704,37.863310105538019],[-122.21871580056094,37.863308211698914],[-122.21871234903483,37.863306275791388],[-122.21870893935296,37.863304281599873],[-122.21870557658242,37.863302251579761],[-122.21870225350882,37.863300168713955],[-122.21869897947303,37.863298043680444],[-122.21869575207725,37.863295871107141],[-122.21869257485564,37.863293656349583],[-122.21868944663009,37.863291397622561],[-122.21868636857879,37.863289096711362],[-122.21868334171268,37.863286748194142],[-122.2186803651668,37.863284363798726],[-122.21867744447673,37.86328193713635],[-122.21867457402338,37.863279470992282],[-122.21867176056202,37.863276962564747],[-122.21866900310252,37.863274418176246],[-122.21866629935136,37.8632718369591],[-122.2186636583572,37.863269216979127],[-122.21866107107141,37.863266560170494],[-122.21865854210179,37.863263869169529],[-122.21865607374176,37.863261144844103],[-122.21865366824321,37.863258386260178],[-122.21865132335424,37.863255594351735],[-122.21864903337257,37.863252768300683],[-122.21864681319531,37.863249913297082],[-122.21864465703666,37.863247024919303],[-122.21864256167548,37.863244111324796],[-122.21864052923829,37.86324116617444],[-122.21863856553182,37.863238194790675],[-122.21863666377999,37.863235199074445],[-122.21863482947651,37.863232170835367],[-122.21863306526971,37.863229126255803],[-122.21863136857375,37.863226051855918],[-122.2186297339577,37.863222958528752],[-122.21862817261756,37.863219838902026],[-122.21862667899701,37.863216698463617],[-122.21862525200159,37.86321353903179],[-122.21862389960623,37.863210361391573],[-122.2186226126787,37.863207163873646],[-122.2186213981412,37.863203950882998],[-122.21862025597294,37.863200721518815],[-122.21861918272306,37.863197474028958],[-122.21861818194674,37.863194214669889],[-122.21861725469681,37.863190939821592],[-122.21861639884662,37.863187655823175],[-122.21861561542816,37.863184358153781],[-122.21861490452486,37.863181050416848],[-122.21861426729406,37.863177733496691],[-122.21861370150465,37.863174409228208],[-122.2186132082722,37.863171076693909],[-122.21861279216277,37.86316773672845],[-122.21861244759909,37.863164393918986],[-122.21861217561322,37.863161043744526],[-122.21861198091727,37.863157693345855],[-122.21861185431644,37.863154338351045],[-122.2186118073199,37.863150984900606],[-122.2186118307328,37.863147628622599],[-122.21861192930908,37.863144278459544],[-122.2186121016411,37.863140922716717],[-122.21861234572752,37.863137573138424],[-122.21861266603017,37.863134226054989],[-122.21861305701351,37.863130887855213],[-122.21861352307668,37.863127552166922],[-122.21861406318772,37.863124223510901],[-122.21861467968188,37.863120904556645],[-122.21861536456314,37.863117593618263],[-122.21861612359669,37.86311429421653],[-122.21861695442624,37.86311100278099],[-122.2186178560826,37.863107726535127],[-122.21861883298568,37.863104460007563],[-122.21861988073628,37.863101209570566],[-122.21862099702012,37.863097973455453],[-122.21862218756047,37.863094753381191],[-122.2186234512627,37.863091551166129],[-122.21862478013091,37.863088365124248],[-122.21862617881477,37.863085199693771],[-122.2186276518176,37.863082053006771],[-122.21862919015346,37.863078929699888],[-122.21863079937859,37.863075824285254],[-122.21863251409231,37.863072709224085],[-122.21862502305639,37.863067596050264],[-122.21859914465598,37.863049322353035],[-122.21858783850016,37.863041052075118],[-122.21828735627683,37.863210942841718]]]]},"properties":{"AGENCY_NAM":"EBRPD","GLOBALID":"{5615F153-547E-4AA9-B4FC-F46F8A616BD0}","SHAPE.AREA":9511761.8486984503,"SHAPE.LEN":28548.3872036006,"OBJECTID":4,"NAME":"Claremont Canyon"}},{"type":"Feature","id":5,"geometry":{"type":"MultiPolygon","coordinates":[[[[-122.05199858825679,37.724048037361669],[-122.05200992714693,37.724111518860347],[-122.05201019111144,37.724113239301069],[-122.05202246827929,37.724208995180732],[-122.0520225221555,37.724209728014813],[-122.05202256953169,37.72420987788432],[-122.05203385988172,37.724319932843571],[-122.05203403490495,37.724322772794849],[-122.05203569638796,37.724402342214475],[-122.05203825251394,37.724524756288268],[-122.05203970097905,37.724594123781884],[-122.05204192617676,37.724700689014625],[-122.05205274221176,37.724798184446072],[-122.05206446917833,37.724872745082308],[-122.05206472835116,37.724874779189427],[-122.0520745218805,37.724974649125123],[-122.05207465777224,37.724976592938056],[-122.0520823024769,37.725158122704592],[-122.05208222385653,37.72515848690756],[-122.05208232588052,37.725158863149282],[-122.05208471170386,37.725273116750415],[-122.05208464929343,37.725273387920467],[-122.05208471828519,37.725273649248919],[-122.05208706909688,37.725693145801003],[-122.05209112185274,37.725765684395924],[-122.05209116887605,37.725766903946088],[-122.052093189761,37.725863679853916],[-122.05209974256442,37.725938800674811],[-122.05210845695159,37.725994645156398],[-122.05210855655675,37.725995774799031],[-122.05210864876102,37.725996061054147],[-122.05211928625152,37.726088742118613],[-122.05213773165796,37.726150772819437],[-122.05213835442325,37.726153158093744],[-122.05215217188801,37.726214695549984],[-122.05217256333636,37.726278746237959],[-122.05221879145397,37.72636253254737],[-122.05222011586702,37.72636515819805],[-122.0522466407929,37.726423120034468],[-122.05234349227304,37.726609951914391],[-122.05237234461127,37.726659776227883],[-122.05237398993981,37.726662936541501],[-122.05241165613431,37.726744071736206],[-122.05241406378438,37.726750920361731],[-122.05243092499479,37.726820085640689],[-122.05243134234641,37.726822032953237],[-122.05244002865483,37.726868857173436],[-122.0524403622765,37.726871032681373],[-122.05244656583268,37.726921970064765],[-122.05244668491916,37.726923651860915],[-122.05244674231288,37.726923846656192],[-122.05245046201593,37.726978899019862],[-122.05245046879276,37.726983514667893],[-122.05244463766041,37.72707338660944],[-122.05244443179247,37.72707553498212],[-122.05243560537505,37.727145037839009],[-122.05243480317387,37.727149272142462],[-122.05241463164754,37.72722912921531],[-122.05241281654686,37.727234517732683],[-122.05237398757163,37.727326036521958],[-122.05234025454872,37.727417477337582],[-122.05234015174177,37.727417715697008],[-122.05234013957946,37.727417785246509],[-122.05230459834827,37.727511581173019],[-122.05228454333671,37.727605068513675],[-122.05227339096304,37.727725644544826],[-122.05227445754547,37.727776713593485],[-122.05227431378027,37.727780695005947],[-122.0522680136574,37.727848124330137],[-122.05226719658644,37.727853059929402],[-122.05225301972165,37.727912429430681],[-122.05225254752685,37.727913723408136],[-122.05225242117359,37.727914627133046],[-122.05223917720097,37.727957875222415],[-122.05223547827661,37.728009043101295],[-122.05223516240471,37.728011846262767],[-122.052223851769,37.728085464068961],[-122.05222299198221,37.728089495466769],[-122.05220430415594,37.728157624178912],[-122.05219145987638,37.728227891850416],[-122.05219363241382,37.728277972171583],[-122.05220334440178,37.728321536009716],[-122.0522277038433,37.728371229400189],[-122.05226691272786,37.728440687812238],[-122.05230659197827,37.72850707697495],[-122.05230795406817,37.728509548930766],[-122.0523427963028,37.728578477295294],[-122.05234463225889,37.728582722796013],[-122.05237326528578,37.728661936785485],[-122.05237407337221,37.728664447580691],[-122.05239072189261,37.728723410927948],[-122.05239185986464,37.728729275995654],[-122.05239823402822,37.728788375619544],[-122.05239836031176,37.728794421632998],[-122.05239445778547,37.728853655763317],[-122.05239387793893,37.728858107018048],[-122.0523822701563,37.728917442673136],[-122.05237995912633,37.728924892364589],[-122.05235790531249,37.728976202956609],[-122.05235639999245,37.728979313765493],[-122.0523242421488,37.729038920176265],[-122.05232111797515,37.729043834806205],[-122.0522861363759,37.729091234364567],[-122.05228485801575,37.729092880502471],[-122.05221614926688,37.729177234847576],[-122.05213651106403,37.729277689952887],[-122.05206177680513,37.729376260959327],[-122.0520601699068,37.729378257467509],[-122.05199533853859,37.729454179818809],[-122.05193057960926,37.729534175316218],[-122.05193029730935,37.729534457492754],[-122.05193010268941,37.729534754735205],[-122.05187996215811,37.729594597881075],[-122.05187813182451,37.729596653201469],[-122.05182533681759,37.729652449938598],[-122.05182521439549,37.729652564195881],[-122.05182517249584,37.729652622421924],[-122.05178368265089,37.729696025291176],[-122.05178205876348,37.729697643532383],[-122.05170305390992,37.729772676404345],[-122.05159684505189,37.729894601509443],[-122.05152939907967,37.729974786254296],[-122.05152933903065,37.729974844719223],[-122.05152930163014,37.729974901083565],[-122.05147261984935,37.730041832185151],[-122.05141697245845,37.730117663897254],[-122.0513835886173,37.730170941110089],[-122.05135821076739,37.730217103685206],[-122.0513149380586,37.730296991627604],[-122.05129058599999,37.730360340190813],[-122.05128476526468,37.730405127808545],[-122.05128396891277,37.730486185784315],[-122.05128515877564,37.730543191821589],[-122.0512912557442,37.730596547539243],[-122.05130219984005,37.730690236567192],[-122.05130239164353,37.730692522083082],[-122.05130678717575,37.730779223237953],[-122.05130832026539,37.730852671795908],[-122.05130798276228,37.730858300369448],[-122.05129902709329,37.730921683211044],[-122.05129793544343,37.73092673235638],[-122.0512835442955,37.730975900697992],[-122.05128070277108,37.730982894152376],[-122.05125475284727,37.731032215577642],[-122.05125024095133,37.731039037274464],[-122.05122536543801,37.731069764462994],[-122.05119299276235,37.731110792364774],[-122.05118732528237,37.731116774073676],[-122.0511255874378,37.731171523902979],[-122.05104217598695,37.731252333949115],[-122.05100742250053,37.731298900116549],[-122.05098525186663,37.731345126711474],[-122.05097441353638,37.73137436688517],[-122.0509685285089,37.731398089846394],[-122.05096520631079,37.731444034977287],[-122.05098105462623,37.731499474681215],[-122.05099491135884,37.731535707178622],[-122.05102869424144,37.73158181089007],[-122.051028932389,37.731582185340358],[-122.05102905645127,37.731582312572819],[-122.05107935484619,37.731653078033908],[-122.0510819042084,37.731657146545075],[-122.05115403672841,37.731788854635539],[-122.05115464518659,37.731790010020404],[-122.05124175204615,37.731962330769989],[-122.05124230452955,37.731963467967041],[-122.05129607871508,37.732079020198157],[-122.05137134088021,37.73223918608015],[-122.05137141423805,37.732239493310381],[-122.05137219291369,37.73224113848525],[-122.0514074193205,37.732328428543269],[-122.05144573914338,37.732453452608084],[-122.05149392340275,37.732635363045034],[-122.0514943961312,37.732638060294796],[-122.05150348163862,37.732705089558657],[-122.05151543235844,37.732786367152585],[-122.05151579812662,37.732790734755575],[-122.05151694814369,37.732845821829578],[-122.05151691921188,37.732848131878931],[-122.05151516029578,37.732886930073889],[-122.05151429373768,37.732893250492985],[-122.05150487059834,37.732934189832008],[-122.05150339125188,37.732939039519621],[-122.05149621003244,37.732957849333637],[-122.05640911824307,37.734080250909713],[-122.05661360697778,37.734398217902665],[-122.05728446507875,37.734721724960821],[-122.0578207464761,37.734717279876293],[-122.0575366484789,37.734360106211462],[-122.05754597810827,37.734310198359772],[-122.05753554065078,37.73430724625797],[-122.0573165484183,37.734254518659817],[-122.05696544874051,37.73416920315919],[-122.05682640551696,37.734135676229648],[-122.05638492159419,37.734028205996275],[-122.05634383704475,37.733965573847925],[-122.05621695374462,37.733769484161364],[-122.05589703201161,37.733273459736331],[-122.05597045156937,37.732733099760615],[-122.05651989547218,37.732133577439129],[-122.05712032807632,37.731739726874935],[-122.05698558963631,37.731498764020877],[-122.05697396342498,37.73110888150805],[-122.05696096521024,37.730818585296142],[-122.05712526344438,37.730407149796605],[-122.05757561638849,37.729948671651464],[-122.05843387424008,37.729482050132219],[-122.05848636315814,37.729346424272855],[-122.05825933796167,37.728909946799227],[-122.05757764411585,37.728230215319876],[-122.05752874615602,37.728180660847897],[-122.05703352107173,37.727678789429582],[-122.057008021596,37.727534578586372],[-122.05727623137857,37.727378933249952],[-122.05741340926433,37.726498849443821],[-122.05606879055192,37.725454314920235],[-122.05573625968722,37.725345403691101],[-122.05541717007993,37.72496987983515],[-122.05545450438292,37.724523038773128],[-122.05582365082842,37.723985986052654],[-122.05641392707243,37.724018360277007],[-122.05727157487654,37.724515860460301],[-122.05761078005084,37.724118248598728],[-122.05751129712766,37.7237439466697],[-122.05741560423839,37.723385388282644],[-122.05740257674687,37.723341269365804],[-122.05727500460962,37.722863992555837],[-122.0564628271668,37.722225121490787],[-122.05644758746678,37.72174498624026],[-122.05739263246846,37.721711552714034],[-122.05710564682194,37.721547448344914],[-122.05678016407924,37.721361541090765],[-122.05667452385273,37.721023027353212],[-122.0568690569803,37.720817883805744],[-122.05701958473348,37.720657956939824],[-122.05712614852654,37.720545305540064],[-122.05547673215429,37.718149275134479],[-122.05608973426033,37.717865474439961],[-122.05548365233366,37.716992804007141],[-122.05599432342547,37.716445981151843],[-122.05604878344892,37.716404747366326],[-122.05796565629632,37.716054607864272],[-122.05740753174561,37.714830758980042],[-122.05777426090017,37.714346259175329],[-122.05824960643322,37.714425120991315],[-122.05825578582686,37.714390018291816],[-122.05825896186265,37.714376585912049],[-122.05826202997068,37.714358004819445],[-122.05826683359331,37.714339744110781],[-122.05827163721369,37.714321483401903],[-122.05827644083169,37.714303222692756],[-122.05828124444727,37.71428496198336],[-122.05828777637994,37.714266678409963],[-122.05829431550467,37.714248738083704],[-122.05830085462617,37.714230797757011],[-122.05830739374461,37.714212857429885],[-122.05831566837287,37.714195237485761],[-122.05832221467998,37.714177640405275],[-122.0583304893008,37.714160020459985],[-122.05834049942972,37.714142720897094],[-122.05834878123784,37.71412544419799],[-122.05835879135779,37.714108144633464],[-122.05836708035342,37.714091211180445],[-122.05837709766014,37.714074254861806],[-122.05838885047244,37.714057618924564],[-122.05839887496542,37.714041005851513],[-122.05841063496335,37.714024713159517],[-122.05842239495615,37.714008420466328],[-122.05843415492487,37.713992126871005],[-122.05844592210333,37.713976177422921],[-122.05845942478489,37.713960548354883],[-122.05847119914893,37.713944942151727],[-122.05848470901559,37.713929656328219],[-122.05849821887669,37.713914370503161],[-122.0585134642393,37.713899405056999],[-122.05852698128528,37.713884462476074],[-122.05905000906805,37.71335188243075],[-122.05906354030405,37.713337626281998],[-122.05907706433614,37.713323026884154],[-122.05909058836288,37.71330842748479],[-122.05910237688896,37.713293507711917],[-122.05911589370642,37.713278565062019],[-122.05912767502365,37.713263302039081],[-122.05913945027105,37.713247695752358],[-122.05915122437939,37.713232089479462],[-122.0591629984828,37.713216483205336],[-122.05917303708772,37.713200556559194],[-122.05918307568844,37.713184629912199],[-122.05919483537906,37.713168337139734],[-122.05920313847808,37.713152090120438],[-122.05921316266701,37.713135476975701],[-122.05922146575838,37.713119229955019],[-122.05923148273929,37.71310227356112],[-122.05923977860455,37.713085682390627],[-122.05924806728552,37.713068748872907],[-122.05925462047222,37.713051494984974],[-122.05926118085554,37.71303458434415],[-122.05926946232627,37.713017307577282],[-122.05927600830387,37.712999710440506],[-122.05928083318875,37.712982479429165],[-122.05928737916058,37.712964882291629],[-122.0592921968409,37.712947308032184],[-122.05929701451889,37.712929733772491],[-122.05930183219468,37.71291215951257],[-122.05930664266835,37.712894242004879],[-122.05930972485292,37.712876347375676],[-122.05931280703602,37.712858452746318],[-122.05931588921764,37.712840558116895],[-122.05931897139783,37.712822663487273],[-122.05932032529138,37.712804791736481],[-122.05932167198441,37.712786576738047],[-122.05932302587665,37.712768704987091],[-122.05932437256841,37.712750489988522],[-122.05932572645933,37.712732618237467],[-122.05932534486675,37.712714426117756],[-122.05932496327435,37.712696233997974],[-122.05932458888201,37.712678385125727],[-122.05932420728999,37.712660193005846],[-122.0593221046167,37.712642367012428],[-122.05931999472567,37.712624196870422],[-122.05931789205444,37.712606370876834],[-122.05931578218436,37.71258820163559],[-122.05931195123541,37.712570398520569],[-122.05930984856759,37.712552572526668],[-122.05930601762195,37.712534769411377],[-122.05930045839973,37.712516989174496],[-122.05929662745815,37.712499186058814],[-122.05929106824082,37.712481405821407],[-122.05928724450297,37.712463945952884],[-122.0592799642134,37.712446531840847],[-122.05927441220356,37.712429094850023],[-122.05926886019633,37.712411657858972],[-122.05926158711573,37.712394586993213],[-122.05925431403841,37.712377516126921],[-122.05924704096446,37.712360445260146],[-122.05923803961942,37.712343397270587],[-122.05923077375193,37.712326669650302],[-122.05922177961403,37.712309964906986],[-122.05921278548024,37.71229326016293],[-122.05920207027681,37.712276921542923],[-122.05919308335066,37.71226056004484],[-122.05918237535549,37.712244564670527],[-122.05917166736484,37.712228569295178],[-122.0591609593789,37.712212573918826],[-122.05915025859653,37.71219692178903],[-122.05913955779972,37.71218126875732],[-122.05912713595497,37.712165982749177],[-122.05911471411534,37.712150696739663],[-122.05910229834546,37.712135753991411],[-122.05908988371471,37.712120811226818],[-122.05907574081995,37.712105891336186],[-122.05906161232804,37.712091657939027],[-122.0590492049113,37.71207705841762],[-122.0590350836284,37.712063168264812],[-122.0590192268848,37.71204895773716],[-122.05900511281116,37.712035410828292],[-122.05898927047568,37.712021886791746],[-122.05897516361082,37.712008683126804],[-122.05895932848458,37.711995502333799],[-122.05894350056197,37.711982664786213],[-122.05892594437898,37.711969850109618],[-122.05891012366548,37.711957355805147],[-122.05889258188982,37.711945227618749],[-122.05887677558258,37.7119334198049],[-122.05885924101563,37.711921634861106],[-122.0588417136518,37.711910193162261],[-122.05882418629335,37.711898751460872],[-122.05880494507117,37.711888019123371],[-122.05879617419934,37.711881955022598],[-122.05790531442062,37.711360528654666],[-122.05788607347033,37.711349796166203],[-122.05786856797008,37.71133938406463],[-122.05784934141631,37.711329338065575],[-122.05783012206072,37.711319635311014],[-122.05781090271005,37.711309932553334],[-122.05779169053815,37.711300572139251],[-122.05777075733212,37.711291578726872],[-122.05775155957386,37.711282905702561],[-122.05773064076236,37.711274598778481],[-122.05771145020537,37.711266268995338],[-122.05769054578737,37.711258648559536],[-122.05766964137372,37.711251028120017],[-122.05764873696434,37.711243407676747],[-122.05762784694294,37.711236473725222],[-122.05760696411728,37.711229883017744],[-122.0575860812953,37.711223292306506],[-122.05756520566857,37.71121704483933],[-122.05754261617979,37.71121150671673],[-122.0575217549428,37.711205945737341],[-122.05749916546057,37.711200407606384],[-122.05747831861238,37.711195533114704],[-122.05745575070981,37.71119102471863],[-122.05743318280993,37.711186516318264],[-122.05741062929461,37.711182694409068],[-122.05738980402946,37.711178849644931],[-122.05736725657528,37.711175370990105],[-122.05734471744786,37.711172235563758],[-122.05732218551273,37.711169443380832],[-122.05729966076971,37.711166994441328],[-122.05727714321837,37.711164888745309],[-122.05725463285847,37.711163126292703],[-122.05723212249966,37.711161363835814],[-122.05720789827426,37.711160310718029],[-122.05718540229707,37.711159234747733],[-122.05716292069997,37.711158845268649],[-122.05714043910308,37.711158455785238],[-122.05711796469596,37.711158409545327],[-122.05709549747827,37.711158706548886],[-122.05707303744973,37.711159346795903],[-122.05704885636241,37.711160353132065],[-122.05702641071117,37.711161679865747],[-122.05700397224805,37.711163349842899],[-122.0569815409729,37.711165363063593],[-122.05695911688528,37.71116771952773],[-122.05693669279619,37.711170075987631],[-122.05691428308293,37.711173118938802],[-122.05689187336776,37.711176161885732],[-122.05686947083919,37.711179548076146],[-122.05684707549676,37.711183277510067],[-122.05682468734031,37.711187350187508],[-122.05680230523545,37.711191766123484],[-122.0567816596984,37.71119650244632],[-122.05675929309791,37.711201604854693],[-122.05673693368222,37.711207050506594],[-122.05671630251206,37.711212473313523],[-122.05669395746504,37.711218605452828],[-122.05667334066349,37.711224714747765],[-122.05665100279663,37.711231190126682],[-122.05663040036259,37.711237985909733],[-122.05660980511205,37.711245124936937],[-122.05658921704457,37.711252607208323],[-122.05656862897294,37.711260089476063],[-122.05654805527102,37.711268258235854],[-122.0565274815645,37.711276426992015],[-122.0565069150402,37.711284938992314],[-122.05648808394868,37.711293771399518],[-122.05646752460159,37.711302626640709],[-122.05645896958413,37.71130685979918],[-122.05611398285944,37.711471884227208],[-122.05591125854195,37.711568857114905],[-122.0559026962782,37.711572746984935],[-122.05588216551972,37.711582975114865],[-122.05585989931377,37.711592882821563],[-122.05583589766005,37.711602470103962],[-122.05581361707503,37.711611691306182],[-122.05579132930106,37.711620569256425],[-122.05576730607953,37.711629126781339],[-122.05574501111154,37.711637661474988],[-122.05572097351299,37.711645532494821],[-122.05569693590928,37.711653403509757],[-122.05567288280074,37.711660588039059],[-122.05565055189854,37.711667406475641],[-122.05562649273234,37.711674247732681],[-122.05560069093636,37.711680425313503],[-122.05557661739645,37.711686580064743],[-122.05555252948781,37.711692048315328],[-122.05552844157569,37.71169751656106],[-122.05550261821718,37.711702664376908],[-122.05547850875193,37.711707102868878],[-122.05545267102291,37.71171156417806],[-122.0554285471882,37.711715316164138],[-122.05540269509005,37.711719090966753],[-122.05537855688732,37.711722156446903],[-122.05535268323997,37.711724901495032],[-122.05535096216015,37.71172526756353],[-122.05534751281908,37.711725656452622],[-122.05534406347807,37.711726045341678],[-122.05534234239818,37.711726411410069],[-122.05533889305698,37.711726800298912],[-122.05533717915843,37.711727509615123],[-122.05533372981718,37.711727898503817],[-122.05533201591852,37.7117286078199],[-122.05532856657723,37.71172899670843],[-122.05532685267855,37.711729706024471],[-122.05532513877976,37.711730415340433],[-122.05532169661963,37.711731147476641],[-122.05531998272076,37.711731856792539],[-122.0553165405605,37.711732588928605],[-122.05531482666156,37.711733298244432],[-122.05531138450122,37.711734030380356],[-122.05530967778347,37.711735082943918],[-122.05530796388443,37.711735792259653],[-122.05530452890501,37.711736867643182],[-122.05530282218709,37.711737920206701],[-122.05529938002637,37.711738652342234],[-122.0552976733083,37.711739704905646],[-122.05529596659025,37.711740757469073],[-122.05529253161048,37.711741832852248],[-122.0552908320734,37.711743228663401],[-122.05528912535509,37.7117442812267],[-122.05528569037506,37.711745356609704],[-122.05528399083774,37.711746752420794],[-122.05528228411931,37.711747804983943],[-122.05528058458194,37.711749200794991],[-122.05527715678258,37.711750619425558],[-122.05527545006396,37.711751671988686],[-122.05527375052633,37.711753067799599],[-122.05527205098863,37.711754463610447],[-122.05527035145087,37.711755859421309],[-122.05526865191305,37.711757255232158],[-122.05526695955619,37.711758994290804],[-122.05526353175621,37.711760412920988],[-122.05526183221819,37.711761808731737],[-122.05526013986105,37.711763547790262],[-122.05525844032285,37.71176494360099],[-122.05525674796559,37.711766682659487],[-122.05525505560824,37.711768421717963],[-122.05525335606981,37.711769817528584],[-122.05525166371231,37.711771556587017],[-122.05524997135478,37.711773295645401],[-122.05524827899711,37.711775034703805],[-122.05524831490186,37.711776750943024],[-122.05524662254409,37.711778490001393],[-122.05524493018621,37.711780229059713],[-122.05524323782828,37.711781968117997],[-122.05524154547024,37.711783707176295],[-122.05523986029309,37.711785789482427],[-122.05523989619761,37.711787505721631],[-122.05523820383939,37.711789244779872],[-122.05523651866196,37.711791327085898],[-122.05523482632243,37.711793067044979],[-122.05523486940776,37.711795126532067],[-122.05523317704929,37.711796865590202],[-122.05523322013458,37.711798925077247],[-122.05523153495676,37.711801007383244],[-122.05522984259807,37.711802746441357],[-122.05522988568323,37.711804805928402],[-122.05522820050523,37.711806888234321],[-122.05522824359034,37.711808947721366],[-122.05522655841222,37.711811030027256],[-122.05522659431645,37.711812746266453],[-122.0552249091382,37.711814828572372],[-122.05522495222324,37.71181688805941],[-122.05522499530827,37.71181894754644],[-122.05522331012983,37.711821029852324],[-122.05522335321486,37.711823089339376],[-122.05522339629984,37.711825148826392],[-122.05522182601442,37.711832723097672],[-122.05522072248222,37.711862608478519],[-122.05521789786482,37.711892859925698],[-122.05521333779838,37.711922790943554],[-122.05521051317564,37.711953042390334],[-122.05520422483535,37.711982996226105],[-122.05519965757715,37.712012583995204],[-122.05519321845328,37.712043247232785],[-122.05518707369188,37.712072148416759],[-122.05517904988133,37.712101781821055],[-122.05507973679794,37.712478024037502],[-122.05509553664899,37.712673050324597],[-122.05509838104184,37.712708161682578],[-122.05507696310092,37.713089211368114],[-122.05522076629546,37.713682670626824],[-122.0551928016837,37.714081318083892],[-122.05507571233767,37.71435170110162],[-122.05486697879407,37.714621234545056],[-122.05408240768912,37.715049436719468],[-122.05386723396235,37.715259310778045],[-122.05386445414835,37.715539859067732],[-122.0540124451328,37.716003136613374],[-122.05395345938958,37.716202298139514],[-122.0539236277273,37.716303016116086],[-122.05396279548309,37.716605328258872],[-122.05412189871312,37.717021077797511],[-122.05441650349752,37.717715894084421],[-122.05397670666804,37.718345893644177],[-122.05403413168378,37.71894255244554],[-122.05380259980896,37.719611005473737],[-122.05361127749525,37.720300900631983],[-122.0531624936235,37.721494784505396],[-122.05295665852186,37.721875774413149],[-122.05290034480511,37.721998522088931],[-122.0527640026145,37.722296168244164],[-122.05270918486696,37.722416861275143],[-122.05262278103092,37.722585345437444],[-122.05262257414903,37.72258559778529],[-122.05262250718722,37.722585868114564],[-122.0524902476464,37.722834547839824],[-122.05248983261444,37.722835046243574],[-122.05248970548101,37.722835531841767],[-122.05242721546723,37.722945422693527],[-122.05234526543364,37.72308119530949],[-122.05234521669523,37.723081251823608],[-122.05234506141463,37.723081530525754],[-122.05228541890443,37.723178234048817],[-122.05228517063743,37.723178514877269],[-122.05228453758799,37.723179601906708],[-122.05225961817347,37.723216664223088],[-122.05225703882226,37.723220112702982],[-122.05221944719767,37.723265505585125],[-122.05221803018688,37.723267135528801],[-122.05218035444321,37.723308448153631],[-122.05217958123885,37.723309180169849],[-122.05217931887931,37.723309546793864],[-122.05212918560963,37.723361051638342],[-122.0520717453665,37.723421329992028],[-122.05204144112714,37.723459741044771],[-122.05201984850711,37.723491452549069],[-122.05201945024238,37.723491884945467],[-122.05201886540409,37.723492836164262],[-122.05199384737621,37.723526599672049],[-122.05197412744143,37.723568671460015],[-122.05195686485061,37.723616013295448],[-122.05195117777257,37.723676884044238],[-122.05195228971029,37.723730138741374],[-122.05196121445145,37.723799335662711],[-122.05197003364766,37.723861031819894],[-122.05197530978586,37.723885673911852],[-122.05199112807549,37.723959548953346],[-122.05199179828955,37.723964099090331],[-122.05199858825679,37.724048037361669]]],[[[-122.05810955198426,37.735080367106619],[-122.0609308067278,37.738622419147681],[-122.06104802080297,37.738768847454239],[-122.06151272482769,37.73676993107663],[-122.06158556474318,37.735973176357795],[-122.06164911493448,37.735278017847286],[-122.06168612715098,37.735213134046127],[-122.06242346230813,37.733920534019532],[-122.06256462195401,37.733673064508928],[-122.06294743327669,37.732440372981785],[-122.06296415566248,37.732355006848671],[-122.06320200732347,37.731140741680818],[-122.06428044734608,37.725634666704757],[-122.06448511191256,37.724432648318157],[-122.0645763042002,37.723179264239093],[-122.06482980156494,37.723172218808642],[-122.06543503364423,37.720542675239784],[-122.06517416291688,37.720533758646567],[-122.06491807464435,37.720524113789772],[-122.064921119741,37.720503752132593],[-122.06489802021221,37.720502709045547],[-122.06480131086693,37.720644461422381],[-122.06478074122155,37.720735034692609],[-122.06478291259064,37.720786229704743],[-122.064784263387,37.720818061532945],[-122.06485416168914,37.720812588502234],[-122.06432186317656,37.723166162668051],[-122.06266960370145,37.723280449754981],[-122.06269579065179,37.723128001675853],[-122.06247623836025,37.723294001443165],[-122.06223622294897,37.723473663398458],[-122.06267609266074,37.724000354619463],[-122.061751808024,37.724447283405418],[-122.06167645685096,37.724479913924604],[-122.06172989789103,37.724556413379958],[-122.06213824436547,37.725146356075832],[-122.0617484477205,37.72609777804297],[-122.06242552000541,37.726803296933049],[-122.06283273291271,37.728078567892396],[-122.06208198746505,37.728886793727135],[-122.06063037774362,37.729257613135779],[-122.06083349640052,37.729707791460164],[-122.06064050206585,37.72957507128929],[-122.05936119052309,37.730247107489504],[-122.05968323962747,37.730349624922809],[-122.05991998512506,37.730589576757019],[-122.06076951087846,37.730448542878044],[-122.06117815985027,37.73146319953743],[-122.05990039866261,37.731963208928164],[-122.05976928902953,37.73206039188824],[-122.06035890187165,37.73263455026553],[-122.06107460440992,37.732295804175322],[-122.06192835512331,37.733342328575844],[-122.06096749304029,37.733782522724184],[-122.06077945851624,37.734133506469341],[-122.06012652760265,37.73458025859491],[-122.05930149514082,37.7349843068897],[-122.05892215482126,37.734789500667596],[-122.05880679318902,37.734730942132536],[-122.05845718208988,37.73455187908484],[-122.05837852277904,37.73451171846942],[-122.05836287009984,37.734507462050317],[-122.05844343199654,37.734916802351393],[-122.05810955198426,37.735080367106619]]],[[[-122.05713088034908,37.711032231995581],[-122.05715681120718,37.711032232538791],[-122.05718275644492,37.711032919571757],[-122.05720870168309,37.711033606599038],[-122.05723293305728,37.711035002964422],[-122.05725889267696,37.711036376476166],[-122.05728486667813,37.711038436477736],[-122.05730911962652,37.711040862570727],[-122.05733510082121,37.711043265808918],[-122.05736109639875,37.711046355536936],[-122.05738537205843,37.711049811342477],[-122.05741138202218,37.711053587554879],[-122.05743566374345,37.711057386612758],[-122.05745995984941,37.71106187216121],[-122.05748599139471,37.711066678100352],[-122.05751030188937,37.711071850133806],[-122.05753461238741,37.711077022162328],[-122.05755893727191,37.711082880681268],[-122.05758326935194,37.711089082442882],[-122.05760760143599,37.711095284199494],[-122.05763194790789,37.71110217244653],[-122.05765630157632,37.711109403936298],[-122.05767892700311,37.711116658275834],[-122.05770329506521,37.711124576251265],[-122.05772593488585,37.711132517077232],[-122.05775031015061,37.711140778290662],[-122.05777297155878,37.711149748850701],[-122.05779563297249,37.711158719406363],[-122.05781830158435,37.711168033205404],[-122.05784097739478,37.711177690247759],[-122.05786193215606,37.711187713391006],[-122.05788462236424,37.711198056920367],[-122.05790731977199,37.711208743693049],[-122.05792828893748,37.711219453319835],[-122.05794927249578,37.711230849438259],[-122.05797025719451,37.711242245537953],[-122.05802625895885,37.711274809060853],[-122.05888911976264,37.711780125515915],[-122.05889261227432,37.711781796008829],[-122.05891361773277,37.711794221697332],[-122.05893289493615,37.711806670255307],[-122.05895390760639,37.711819439184232],[-122.05897319921941,37.711832574230741],[-122.05899249083924,37.711845709274129],[-122.05901006859932,37.71185955368388],[-122.05902937462946,37.711873375216349],[-122.05904868066683,37.711887196745614],[-122.05906627284432,37.711901727642143],[-122.05908386502868,37.711916258535929],[-122.05910146441872,37.711931132674707],[-122.05911733668459,37.711946029671736],[-122.05913495048617,37.711961590300596],[-122.05915083602919,37.711977173803284],[-122.05916672157888,37.711992757303726],[-122.05918261433438,37.712008684049586],[-122.05919851429587,37.712024954040849],[-122.05920468303958,37.712032046538944],[-122.05921268599693,37.712041246907276],[-122.0592285931713,37.712057860141996],[-122.05924277928413,37.712074839499849],[-122.05925523713479,37.712091841733908],[-122.05926943045965,37.712109164336056],[-122.05928189552181,37.712126509814837],[-122.05929608885948,37.712143832413652],[-122.05930856833314,37.712161864384647],[-122.05931931234245,37.712179575985537],[-122.05933179184659,37.712197608854858],[-122.05934255026639,37.712216006948694],[-122.05935330869156,37.712234405041499],[-122.05936406712199,37.712252803133318],[-122.05937310448512,37.712271567351308],[-122.05938387012594,37.712290308688715],[-122.05939291469875,37.712309416152657],[-122.05940022380206,37.712328203248326],[-122.05940927558389,37.712347653958389],[-122.05941659189534,37.712366784300549],[-122.0594287240849,37.712397999455696],[-122.0594405559978,37.712434475065301],[-122.05944946837062,37.712463663776511],[-122.05945594463644,37.712486656805631],[-122.05945922959494,37.712503900313905],[-122.05946286616287,37.712512435740599],[-122.0594667475484,37.712532641583671],[-122.05947062173551,37.712552504179001],[-122.05947277484557,37.7125727329028],[-122.05947665623692,37.712592938745352],[-122.05947880934976,37.712613167468938],[-122.05948096246381,37.712633396192402],[-122.0594831155979,37.712653625816742],[-122.05948354043227,37.712673877421309],[-122.05948396526691,37.712694129025792],[-122.05948439010173,37.712714380630246],[-122.05948481493679,37.712734632234664],[-122.05948351148821,37.712754906720257],[-122.05948220803889,37.712775181205799],[-122.05948090458892,37.712795455691243],[-122.05947960113818,37.712815730176636],[-122.0594765622004,37.712835684295605],[-122.05947353046153,37.712855981661953],[-122.05947049152046,37.712875935780659],[-122.05946745257776,37.712895889899208],[-122.05946269254635,37.712916210146126],[-122.05945791811128,37.712935843897782],[-122.05945315087421,37.712955820896639],[-122.05944665534554,37.712975820776059],[-122.0594418809024,37.712995454526826],[-122.05943537816688,37.713015111157986],[-122.05942886822747,37.713034424541206],[-122.05942063719419,37.713054104051842],[-122.05941412724756,37.713073417434117],[-122.05940588902473,37.713092754597064],[-122.0593959152862,37.713111770490933],[-122.05938766983523,37.713130763504019],[-122.05937768888681,37.713149436148726],[-122.05936944342704,37.713168429160405],[-122.05935772697499,37.713186781435411],[-122.05934774601154,37.713205454077418],[-122.05933775784311,37.713223783471008],[-122.05932603417462,37.713241792495197],[-122.05931431050043,37.713259801518113],[-122.0593008585244,37.713277833418495],[-122.05928912043893,37.713295155943776],[-122.05927566125075,37.713312844593631],[-122.05926219485653,37.713330189994387],[-122.05924872125649,37.71334719214606],[-122.05923524765026,37.713364194296119],[-122.05922003853991,37.713380876074552],[-122.05920655052226,37.713397191726223],[-122.05919133419943,37.713413530253334],[-122.05917438957019,37.713429891655188],[-122.05873262256578,37.713880368088176],[-122.05871739164554,37.713896020057788],[-122.05870216791602,37.713912015272875],[-122.05868867249131,37.713927987616437],[-122.05867518425777,37.713944303205814],[-122.05866169601835,37.713960618793671],[-122.05864821496986,37.713977277627414],[-122.05863473391531,37.71399393645963],[-122.05862298838372,37.714010916569947],[-122.05860951451412,37.714027918646671],[-122.0585977761491,37.714045241101026],[-122.05858603777862,37.714062563554201],[-122.05857603378017,37.714080206400681],[-122.05856430259557,37.714097872099074],[-122.0585543069177,37.714115858176129],[-122.05854431123494,37.714133844252267],[-122.05853605106034,37.714152150707655],[-122.05852606256462,37.714170480029701],[-122.05851780238149,37.714188786483696],[-122.05850954939051,37.714207436184566],[-122.05850129639538,37.714226085884825],[-122.05849477171502,37.714244712717658],[-122.05848825422743,37.714263682797586],[-122.05848000122076,37.714282332496182],[-122.0584752192424,37.714301622956221],[-122.0584687017449,37.714320593034927],[-122.05846391976111,37.714339883494361],[-122.05845913777483,37.714359173953582],[-122.05845435578614,37.714378464412519],[-122.05844957379493,37.714397754871236],[-122.05844814050732,37.714411850885],[-122.05844044107459,37.714456636865606],[-122.05893485769352,37.714538285041094],[-122.05994799781568,37.714705814097336],[-122.06043735351996,37.713392910344375],[-122.06024914084919,37.71257996232444],[-122.06020772565216,37.712418796381471],[-122.06008434498969,37.711894084944845],[-122.0604821752668,37.711657401114948],[-122.06055339351231,37.71122006233599],[-122.06053865501791,37.711218546292507],[-122.05923587116833,37.711086101562422],[-122.05886431829755,37.710432486767608],[-122.05789000301938,37.709887443264435],[-122.05862800821795,37.709055715861773],[-122.05811547257439,37.708767907801388],[-122.05794917774399,37.708751566979842],[-122.05763736141461,37.708720326637717],[-122.05772442566264,37.708172915642663],[-122.05800625429582,37.708201426262178],[-122.05810135084252,37.707595689023591],[-122.05710518381338,37.707494415845709],[-122.05715868861701,37.707160321529969],[-122.05678933009062,37.706444526187475],[-122.05671734403934,37.706308826216372],[-122.05742109639478,37.705906050541188],[-122.05709298085361,37.70426689622542],[-122.05701961342048,37.704257969585804],[-122.05701839880838,37.704258518230333],[-122.0569345525611,37.703804009344637],[-122.05693255853036,37.703791332006311],[-122.0559893604422,37.703819652577486],[-122.05531909863295,37.703839773807388],[-122.05531564247704,37.703839819447779],[-122.05531391439909,37.703839842267946],[-122.05531046542366,37.703840231156441],[-122.05530873734565,37.703840253976544],[-122.05530528837021,37.703840642864932],[-122.05530356747265,37.703841008933203],[-122.05530184657512,37.703841375001446],[-122.05529839759953,37.703841763889599],[-122.0552966767019,37.703842129957813],[-122.05529322772624,37.703842518845811],[-122.05529150682858,37.703842884913925],[-122.05528806503327,37.70384361705004],[-122.05528634413558,37.703843983118077],[-122.05528463041821,37.70384469243433],[-122.05528118144238,37.703845081321973],[-122.05527946772494,37.703845790638205],[-122.05527775400745,37.703846499954352],[-122.05527431221185,37.703847232090098],[-122.05527259849428,37.703847941406174],[-122.05527088477669,37.703848650722257],[-122.05526744298086,37.703849382857769],[-122.0552657292632,37.703850092173738],[-122.05526402272574,37.703851144737996],[-122.05526058092971,37.703851876873351],[-122.05525887439218,37.703852929437474],[-122.05525716785455,37.703853982001618],[-122.05525372605837,37.703854714136732],[-122.05525201952064,37.703855766700791],[-122.05525031298285,37.703856819264871],[-122.05524860644503,37.703857871828845],[-122.05524689990713,37.703858924392833],[-122.05524346529076,37.703859999775943],[-122.05524176593296,37.703861395588127],[-122.05524005939489,37.70386244815198],[-122.05523835285678,37.703863500715855],[-122.05523665349875,37.703864896527961],[-122.05523495414066,37.703866292340052],[-122.05523151952377,37.703867367722765],[-122.05522982016554,37.703868763534778],[-122.05522812080721,37.703870159346749],[-122.05522642144888,37.703871555158756],[-122.05522472209047,37.70387295097067],[-122.05522302273197,37.703874346782548],[-122.0552213233734,37.70387574259447],[-122.05521962401477,37.703877138406312],[-122.05521792465608,37.703878534218113],[-122.05521623247735,37.70388027327823],[-122.05521453311852,37.703881669089981],[-122.05521283375965,37.703883064901746],[-122.05521286965971,37.703884781143081],[-122.05521117030079,37.703886176954818],[-122.05520947812174,37.7038879160148],[-122.05520778594259,37.703889655074789],[-122.05520609376337,37.703891394134729],[-122.0552043944041,37.703892789946345],[-122.05520443030402,37.703894506187694],[-122.05520273812461,37.703896245247563],[-122.05520104594514,37.703897984307396],[-122.05519935376557,37.703899723367229],[-122.05519938966533,37.703901439608572],[-122.0551976974857,37.703903178668369],[-122.05519600530597,37.703904917728146],[-122.05519604838565,37.703906977217798],[-122.05519435620576,37.703908716277539],[-122.05519439210542,37.703910432518889],[-122.05519269992544,37.703912171578594],[-122.05519274300501,37.703914231068197],[-122.05519105082489,37.703915970127937],[-122.05519109390441,37.703918029617562],[-122.05518940172415,37.703919768677217],[-122.05518944480364,37.703921828166813],[-122.05518775262327,37.703923567226468],[-122.05518779570274,37.703925626716114],[-122.05518783160224,37.703927342957442],[-122.05518614660163,37.703929425265336],[-122.05518618250113,37.703931141506679],[-122.0551862255805,37.70393320099631],[-122.05518454057967,37.703935283304176],[-122.05518457647918,37.703936999545498],[-122.05518461955852,37.703939059035115],[-122.05518466263786,37.703941118524739],[-122.05518470571728,37.703943178014327],[-122.05518474161671,37.703944894255656],[-122.0551830566156,37.703946976563543],[-122.05518309969491,37.703949036053118],[-122.05518313559435,37.703950752294467],[-122.05518317867369,37.703952811784056],[-122.055183221753,37.703954871273687],[-122.05518326483235,37.703956930763283],[-122.05518327201223,37.703957274011536],[-122.05514702539519,37.703959812678498],[-122.05514713309101,37.703964961402527],[-122.05514944991006,37.703993084942788],[-122.05515003864868,37.704021231300629],[-122.05515062738769,37.704049377658365],[-122.05515121612721,37.704077524015986],[-122.05515007678294,37.704105693191174],[-122.05514893025806,37.704133519118024],[-122.05514606284542,37.704161712011619],[-122.0551431954118,37.704189904004089],[-122.05514032079627,37.704217752748121],[-122.05513572527087,37.704245967557739],[-122.05513112256229,37.704273839118841],[-122.05512738661068,37.704296460775304],[-122.05512651985022,37.704301710679637],[-122.05512018186572,37.704329261809143],[-122.05511385105611,37.704357156186468],[-122.05510425072907,37.704394020652018],[-122.0550913880558,37.704440198453057],[-122.05507852536654,37.704486376252333],[-122.05506219929363,37.704532256434646],[-122.05483028969714,37.705180118128943],[-122.05455535838654,37.705341341641741],[-122.05454379269815,37.705366901673351],[-122.05453222700183,37.705392461703752],[-122.05452066129754,37.705418021732861],[-122.0545091027622,37.705443925009028],[-122.05449927233488,37.705469805475744],[-122.05448944909644,37.705496030090657],[-122.0544813539495,37.705522230995832],[-122.05447326597363,37.705548775148578],[-122.05446517799197,37.705575319300628],[-122.05445709000456,37.705601863452031],[-122.05445073730782,37.705628728043543],[-122.05444438460651,37.705655592634571],[-122.05443976002164,37.705682434417874],[-122.05443513543345,37.705709276200807],[-122.05443050970796,37.705736117998441],[-122.05442589228966,37.705763303029059],[-122.0544230029915,37.705790465252271],[-122.05442011369125,37.705817627475362],[-122.05441895251374,37.705844766891268],[-122.05441779133541,37.705871906306974],[-122.05441663733272,37.705899388970813],[-122.05441720427936,37.705926505579356],[-122.05441777124524,37.705953623088675],[-122.05441834536929,37.705981082945122],[-122.05442064044581,37.706008176746266],[-122.05442293552397,37.706035270547282],[-122.05442523060385,37.706062364348078],[-122.05442925381594,37.706089435341575],[-122.05443327703092,37.70611650633483],[-122.05443730024884,37.706143577327829],[-122.05444305160205,37.706170625513231],[-122.0544487969167,37.706197330435089],[-122.05445454110155,37.706224035371477],[-122.05446201342478,37.706250717499891],[-122.05446948575332,37.706277399627687],[-122.05447695091046,37.706303738506726],[-122.05448614420887,37.706330054577172],[-122.05449533751387,37.706356370646894],[-122.0545062517856,37.706382320659237],[-122.05451543794595,37.70640829437982],[-122.05452635223236,37.706434244390103],[-122.0545389874883,37.706459828342325],[-122.05454988743611,37.706485091853907],[-122.05456424367178,37.706510309746093],[-122.05457687177642,37.7065355504458],[-122.05459122085357,37.706560425086366],[-122.05460556994034,37.706585299725042],[-122.05461991185916,37.706609831113752],[-122.05463241798029,37.706629236588462],[-122.05465032386888,37.706658871075277],[-122.05466823694957,37.706688848807431],[-122.05467645182172,37.706702596648746],[-122.0546861500447,37.706718826536722],[-122.05470234218642,37.706749170322439],[-122.05471854151942,37.706779857353951],[-122.05473474804384,37.706810887631207],[-122.05474922643393,37.70684194071795],[-122.05476371203314,37.706873337951848],[-122.05486062139791,37.707043730126152],[-122.05493360864389,37.707475379523579],[-122.05479174892005,37.708131321233978],[-122.05470815649653,37.708402417362151],[-122.05460072211547,37.708750831499138],[-122.05474145219837,37.709115321625106],[-122.05480184241938,37.709275208892301],[-122.05467077092517,37.709951265025396],[-122.05514275543757,37.711275833436041],[-122.05515013516968,37.711298053277254],[-122.05515939394841,37.711327458505366],[-122.05516865275324,37.711356864633537],[-122.05517791154666,37.711386269859929],[-122.05518544209325,37.711415697903661],[-122.05519125157167,37.711445492013041],[-122.0551987893102,37.711475263303548],[-122.05520287054254,37.711505080230452],[-122.05520464188299,37.711507116899092],[-122.05520468496729,37.711509176386272],[-122.05520645630789,37.711511213054891],[-122.05520649939224,37.711513272542021],[-122.055208270733,37.711515309210633],[-122.05520830663666,37.711517025449929],[-122.05521007797756,37.711519062118484],[-122.05521012106202,37.711521121605642],[-122.05521189240307,37.711523158274161],[-122.05521192830682,37.711524874513451],[-122.05521369964795,37.711526911181934],[-122.05521547098924,37.711528947850454],[-122.05521550689306,37.711530664089743],[-122.05521727823447,37.711532700758177],[-122.05521904239521,37.711534394178727],[-122.05521907829913,37.711536110418002],[-122.05522084964078,37.711538147086436],[-122.05522261380172,37.711539840506937],[-122.05522437796274,37.711541533927416],[-122.05522614212381,37.711543227347867],[-122.05522617802789,37.711544943587143],[-122.05522794936996,37.711546980255413],[-122.05522970635039,37.711548330427959],[-122.05523147051176,37.711550023848346],[-122.05523323467322,37.711551717268726],[-122.05523499883475,37.711553410689042],[-122.05523676299637,37.711555104109351],[-122.05523851997722,37.711556454281734],[-122.05524028413897,37.711558147701972],[-122.05524204111994,37.71155949787434],[-122.05524380528188,37.711561191294543],[-122.05524556226298,37.71156254146684],[-122.05524732642496,37.711564234886964],[-122.05524908340621,37.711565585059255],[-122.05525256864506,37.711566912412259],[-122.05525432562646,37.711568262584379],[-122.05525608260793,37.711569612756534],[-122.05525783958943,37.711570962928675],[-122.05525959657102,37.711572313100767],[-122.05526307462937,37.711573297205632],[-122.05526483161107,37.711574647377653],[-122.05526658141186,37.711575654301775],[-122.05526833839372,37.711577004473739],[-122.05527181645242,37.711577988578348],[-122.05527356625339,37.711578995502386],[-122.05527532323545,37.71158034567425],[-122.05527880129434,37.71158132977861],[-122.05528055109548,37.711582336702556],[-122.05528230089666,37.711583343626494],[-122.05528577177476,37.711583984482793],[-122.05528752157606,37.711584991406625],[-122.0552892713774,37.711585998330413],[-122.05529274225569,37.711586639186557],[-122.05529449205706,37.711587646110246],[-122.0552979629355,37.711588286966233],[-122.05529970555588,37.711588950642017],[-122.05530317643439,37.711589591497848],[-122.05530491905486,37.711590255173569],[-122.05530666167537,37.711590918849289],[-122.05531013255396,37.711591559704857],[-122.05531187517455,37.711592223380499],[-122.05531533887208,37.711592520988113],[-122.05531708149275,37.711593184663613],[-122.05532054519034,37.711593482271056],[-122.05532228781105,37.711594145946556],[-122.05532575150866,37.711594443553842],[-122.05532748694817,37.711594763981367],[-122.05533095064585,37.711595061588561],[-122.05533268608539,37.711595382016014],[-122.05533614260185,37.711595336375176],[-122.0553378780414,37.711595656802537],[-122.05534134173921,37.711595954409354],[-122.05534479825562,37.711595908768274],[-122.05534652651384,37.711595885947688],[-122.05534999021168,37.711596183554242],[-122.05535171846991,37.711596160733585],[-122.05535517498635,37.711596115092199],[-122.0553569032446,37.711596092271435],[-122.055360359761,37.711596046629893],[-122.05536208083777,37.711595680561231],[-122.05536553735421,37.711595634919512],[-122.05536725843092,37.711595268850793],[-122.05537071494734,37.711595223208938],[-122.05537243602403,37.711594857140113],[-122.05537588535887,37.711594468250283],[-122.05539828808055,37.7115910823441],[-122.05542069080019,37.711587696433696],[-122.05544308633591,37.711583967271174],[-122.05546546750556,37.7115795516087],[-122.05548784867253,37.711575135942006],[-122.05551022265475,37.711570377023186],[-122.05553086837664,37.711565640923425],[-122.05555322798854,37.711560195500802],[-122.05557558041477,37.711554406826032],[-122.05559620458043,37.711548640971351],[-122.05561854263458,37.711542165792771],[-122.0556391524281,37.711535713434905],[-122.05565975503518,37.711528917825518],[-122.05568035045563,37.711521778964723],[-122.05570093982313,37.711514296837528],[-122.05572152805247,37.711506814721716],[-122.05574210191122,37.711498646106655],[-122.05576267576554,37.711490477487914],[-122.05578324243189,37.711481965617807],[-122.05580207365483,37.71147313332353],[-122.05582262594471,37.711463934950892],[-122.05582947431239,37.711460754409941],[-122.056000625838,37.711378494773356],[-122.05604949442048,37.711355362514141],[-122.05605882603572,37.711350945202341],[-122.05637718484637,37.711198757470015],[-122.05637889872284,37.711198048138698],[-122.05640115755514,37.711187797085472],[-122.05642342356761,37.711177889275888],[-122.0564456895742,37.711167981462054],[-122.05646796994787,37.711158760139611],[-122.05649025031596,37.711149538812933],[-122.05651427329931,37.711140981139927],[-122.05653656803,37.71113244630002],[-122.05656060537638,37.711124575113104],[-122.0565846427176,37.711116703921341],[-122.05660695899444,37.711109198811499],[-122.05663101788761,37.711102357353589],[-122.05665507677637,37.711095515890719],[-122.05667914284814,37.711089017670751],[-122.05670321610337,37.711082862693701],[-122.05672902478797,37.711077028118581],[-122.05675311241083,37.711071559626888],[-122.05677721440594,37.711066777625781],[-122.05680304464333,37.711061972777813],[-122.05682715495435,37.711057533999288],[-122.05685299956194,37.711053415635924],[-122.05687712310989,37.711049663357777],[-122.05690298927749,37.711046574726765],[-122.05692885544291,37.711043486090091],[-122.05695300055008,37.711040763539678],[-122.05697888108917,37.711038361387587],[-122.05700477600448,37.711036645725343],[-122.05702894267395,37.711034952902715],[-122.05705484477618,37.71103358047727],[-122.05708076125609,37.711032894541617],[-122.05710667773556,37.711032208600287],[-122.05713088034908,37.711032231995581]]]]},"properties":{"AGENCY_NAM":"EBRPD","GLOBALID":"{506742C9-2B4B-4C86-85B7-B5607924E219}","SHAPE.AREA":15741310.8817786,"SHAPE.LEN":52369.122471245704,"OBJECTID":5,"NAME":"Cull Canyon"}},{"type":"Feature","id":6,"geometry":{"type":"MultiPolygon","coordinates":[[[[-122.1932934467402,37.846803364252786],[-122.19330094880091,37.844890663607387],[-122.19330182438372,37.844666587548382],[-122.19330239100414,37.844522745604408],[-122.19330408977568,37.844083254377793],[-122.19342638887643,37.844177679630107],[-122.1936443959964,37.844147591613051],[-122.1955200596767,37.843916349217849],[-122.19608754789148,37.843827884727645],[-122.19615248967881,37.843817760292488],[-122.1960905509319,37.843785604899438],[-122.19562147881688,37.843634594730304],[-122.19525249121213,37.843371807263381],[-122.1950571900897,37.84300775710868],[-122.19505617345318,37.842862858208733],[-122.19507585474489,37.842751887291662],[-122.19507638720572,37.842748880568372],[-122.1950897271789,37.842673665214541],[-122.1950985367596,37.842674329883984],[-122.19510738584165,37.842674634420817],[-122.19511623768189,37.842674562230712],[-122.19512507441283,37.842674127087804],[-122.19513386761371,37.842673328499252],[-122.195142600121,37.84267216130462],[-122.19515124150946,37.842670636754967],[-122.19515977128975,37.842668753342352],[-122.19516816461376,37.842666517731928],[-122.19517640128045,37.842663941027851],[-122.19518984842918,37.842658836499638],[-122.19519860450596,37.842654870847312],[-122.19520704837103,37.842651365668715],[-122.19521563950376,37.842648089071837],[-122.19522436798906,37.84264505471657],[-122.19523322709321,37.842642266304274],[-122.19524220202771,37.842639723146235],[-122.19525128382817,37.842637430778176],[-122.19526046340663,37.842635389330596],[-122.19526972275185,37.842633606271612],[-122.19527905719636,37.842632076261303],[-122.19528845333465,37.842630809404994],[-122.19529789968338,37.842629800460735],[-122.19530738731929,37.842629056765951],[-122.19531689796354,37.842628574077473],[-122.19532642486197,37.842628355195792],[-122.19533595436202,37.842628399415986],[-122.19534548307654,37.842628707687822],[-122.19535498264668,37.842629282221004],[-122.19536445398217,37.842630113089811],[-122.19537388710604,37.842631211251451],[-122.19538326250061,37.842632567974817],[-122.19539257221393,37.842634183374102],[-122.19562438083965,37.842669634151456],[-122.19575800580434,37.842690067286505],[-122.19577442919937,37.842692874497025],[-122.19579090873131,37.842695452904003],[-122.19580744328448,37.842697803424564],[-122.19582402719935,37.842699927041153],[-122.19584065803907,37.842701816579464],[-122.19585732456702,37.842703477607948],[-122.19586633844207,37.842704279865792],[-122.19587402444922,37.842704907456657],[-122.19589075770622,37.842706107026494],[-122.1959075095285,37.842707074727834],[-122.19592428334467,37.842707811412652],[-122.19594106880689,37.842708311822648],[-122.19595786717467,37.842708581346699],[-122.19597466367972,37.842708620197079],[-122.19599146164749,37.842708424721287],[-122.19600825095694,37.842707999570642],[-122.19602503032765,37.842707338455384],[-122.19604179193097,37.842706446895065],[-122.19605853006627,37.842705324070401],[-122.19607330313161,37.842704139372174],[-122.19608888168429,37.842376595417072],[-122.19610448264848,37.842048546462472],[-122.19604818184611,37.842052192584681],[-122.19603377638978,37.842053992900354],[-122.19602645062291,37.842054755145476],[-122.19601910887671,37.842055414887035],[-122.19601175453869,37.842055971175277],[-122.19600439114039,37.842056429366359],[-122.19599701738115,37.842056782269601],[-122.19598963567702,37.842057036158501],[-122.19598225046916,37.842057186463414],[-122.19597486060094,37.84205723229968],[-122.19596747528391,37.842057178942049],[-122.19596008987111,37.84205702195144],[-122.19595271000146,37.842056759444439],[-122.19594533476544,37.842056401346944],[-122.19593797077309,37.842055938552299],[-122.19592706097228,37.842055062619764],[-122.19591595235026,37.842053939921314],[-122.19589854344122,37.842052854602734],[-122.19588682097877,37.842051921857866],[-122.19587511753069,37.842050826628942],[-122.19585700370388,37.842051216728834],[-122.19584018391735,37.842046572346973],[-122.195828607791,37.842044832753345],[-122.19581707230437,37.842042932167274],[-122.19580557979131,37.842040873258718],[-122.1957941347752,37.842038655061465],[-122.19578379591958,37.84203650747795],[-122.19577139985361,37.842033746026786],[-122.19576011678484,37.842031055992202],[-122.1957488937915,37.842028210093005],[-122.19573773657432,37.842025209148304],[-122.19572664631042,37.842022054943641],[-122.19571562754385,37.842018747413668],[-122.19570468256728,37.842015287426648],[-122.19569381598644,37.842011677619901],[-122.19568303118881,37.842007917043574],[-122.19567232935159,37.842004007483162],[-122.19566171621653,37.841999951559664],[-122.19564825391912,37.841994539773381],[-122.19564076629764,37.841991401377349],[-122.19563043186818,37.841986910689435],[-122.19562020208608,37.841982275211677],[-122.19561007595956,37.841977501266626],[-122.19560005456279,37.841972586135221],[-122.1955901436788,37.841967534240318],[-122.19558034446408,37.841962346466403],[-122.19557066371405,37.841957021814764],[-122.19556110043692,37.841951566607847],[-122.19555165576857,37.84194598082928],[-122.19554233867353,37.841940258943353],[-122.19553314832453,37.841934414479447],[-122.19552408571354,37.841928441115122],[-122.19551515893657,37.841922345042356],[-122.19550636799363,37.841916126261054],[-122.19549771288473,37.841909784771282],[-122.19548904910006,37.841903212707464],[-122.19548082871535,37.841896749620972],[-122.19547260539665,37.841890058581434],[-122.19546453179076,37.841883255448131],[-122.19545660448983,37.841876340270062],[-122.19544883499789,37.841869319190053],[-122.19544121759364,37.841862190488079],[-122.19543376481425,37.841854955786282],[-122.19542646653863,37.841847619735994],[-122.19541933078052,37.841840184925573],[-122.19541236324034,37.841832652174361],[-122.19540555941529,37.841825023349287],[-122.19539892277507,37.841817301104108],[-122.19539246135393,37.841809488928085],[-122.19538595865279,37.841802108101412],[-122.19537929444944,37.841794820612442],[-122.19537246868217,37.841787623758577],[-122.1953635162737,37.841778564113042],[-122.19535835108468,37.841773521513865],[-122.19535106158813,37.841766618792974],[-122.19534362221697,37.841759820957741],[-122.19533603286827,37.841753123503707],[-122.19532829709397,37.841746532688148],[-122.19532041834337,37.841740050263589],[-122.1953124000655,37.84173367798298],[-122.19530423887298,37.841727416796012],[-122.19529594509254,37.841721271060102],[-122.1952875152752,37.841715239022513],[-122.1952789529317,37.841709325138538],[-122.19527026161404,37.841703535665282],[-122.1952614455987,37.841697858826144],[-122.1952525041612,37.841692312654857],[-122.19524344380882,37.841686883540305],[-122.19523762385863,37.841683522002775],[-122.19522497176742,37.841676414252788],[-122.19521468014209,37.841670909104245],[-122.19518740205169,37.841658083615421],[-122.19517870658139,37.841654201059093],[-122.1951699229907,37.84165044052412],[-122.19516106038816,37.841646802780758],[-122.19515211986845,37.84164328601107],[-122.19514310271173,37.84163989650461],[-122.19513400881489,37.841636629757133],[-122.19512484856654,37.841633492828635],[-122.19511561843512,37.84163048036293],[-122.19510632529833,37.841627594964606],[-122.19509696923835,37.841624840237152],[-122.19508755481969,37.84162221701618],[-122.19507808309602,37.84161972168188],[-122.19506855646262,37.841617359606708],[-122.19505898055831,37.841615128907449],[-122.19504935883218,37.841613031336834],[-122.19503968899153,37.841611066026609],[-122.19502326804968,37.841608055919799],[-122.19486108417841,37.841578473540821],[-122.1946919327644,37.841547617635399],[-122.19457523495839,37.841526333746103],[-122.19455640782095,37.841522602053729],[-122.19454481052188,37.841520079527903],[-122.19453326985141,37.841517399385083],[-122.19452277553684,37.841514808749793],[-122.19451037407359,37.841511556110738],[-122.19449902817776,37.84150839825395],[-122.19448775035289,37.841505086220565],[-122.19447654958394,37.841501615375883],[-122.1944654283075,37.841497992894155],[-122.19445438644145,37.841494215171913],[-122.19444342861198,37.841490285747518],[-122.19443255934257,37.841486203654746],[-122.19442178102859,37.841481974266223],[-122.19441110044481,37.841477595682427],[-122.19440051529891,37.841473067035153],[-122.19439003261238,37.841468397235197],[-122.19438044371655,37.841463953408422],[-122.19436938000965,37.841458621483568],[-122.19435921924313,37.841453518104117],[-122.19434917355539,37.841448278797827],[-122.1943392416665,37.841442897275044],[-122.19432943181636,37.841437386033718],[-122.19431974603013,37.841431734230881],[-122.19431018222097,37.841425950006972],[-122.19430075063327,37.841420034116084],[-122.19429144787973,37.841413987508055],[-122.19428228096139,37.841407818192899],[-122.19427325316275,37.841401520716481],[-122.19425851461608,37.841393406484222],[-122.19424701534672,37.841381887099971],[-122.19423856172493,37.841375105561902],[-122.19423026112203,37.841368207378331],[-122.19422211015068,37.841361193498976],[-122.19421411692727,37.841354071016774],[-122.19420627907701,37.841346835459944],[-122.19419860244422,37.841339493953924],[-122.19419108934216,37.84133204826793],[-122.19418374090664,37.841324498385625],[-122.19417656296154,37.841316850531605],[-122.19416583582064,37.84130181993141],[-122.19416126138675,37.841296417345021],[-122.1941546911729,37.841288361548287],[-122.19414830179662,37.841280213038331],[-122.19414208662708,37.841271980020942],[-122.19413605700345,37.841263661432102],[-122.19413021294625,37.841255258172772],[-122.19412455348407,37.841246777466218],[-122.19411907971158,37.841238217494393],[-122.19411379408592,37.841229586332553],[-122.19410870561256,37.841220880246745],[-122.19410380536812,37.841212106574481],[-122.19409909678106,37.841203266167703],[-122.19409458447747,37.841194362564586],[-122.19409360368934,37.841192316584362],[-122.19332231326609,37.841212975088496],[-122.19331928121863,37.840966406010978],[-122.19331617935521,37.840698549720578],[-122.19331466489379,37.840547220916392],[-122.19331461563407,37.840544364932576],[-122.19307945223056,37.840488335608562],[-122.19307844179446,37.840490965285618],[-122.19331118563017,37.840546483228593],[-122.19331286782055,37.840697195031687],[-122.19303547448217,37.840637698372021],[-122.19267758463234,37.840550615910928],[-122.19266800262963,37.840562207163558],[-122.1926611407705,37.840570100668046],[-122.19265410394111,37.840577895751714],[-122.19264689899838,37.840585594118423],[-122.19263952466248,37.840593189478433],[-122.19263198553891,37.840600684469088],[-122.19262422197903,37.840608253870684],[-122.19261641927186,37.840615352524424],[-122.19260839429749,37.840622521052168],[-122.19260021568968,37.840629580038744],[-122.19259188095036,37.840636519607209],[-122.19258339489053,37.840643351403635],[-122.19257476054837,37.840650059163508],[-122.19256597918294,37.840656648275647],[-122.19255705521493,37.840663113269656],[-122.19254798975986,37.840669453228308],[-122.19253878740251,37.840675669888164],[-122.19252944570678,37.840681756074829],[-122.19251997376034,37.840687711657878],[-122.19251037381474,37.840693535703906],[-122.19250064696466,37.840699226394761],[-122.19249079430517,37.840704781912414],[-122.19248082143393,37.840710198571884],[-122.19247073182046,37.840715479026869],[-122.19246052418512,37.840720616987582],[-122.19245020875155,37.84072561230726],[-122.19243978324803,37.840730465018559],[-122.19242925442865,37.840735172321054],[-122.19241862119851,37.84073973603266],[-122.19240789126303,37.840744145228989],[-122.19239706377395,37.840748412538439],[-122.19238615098043,37.840752526971293],[-122.19237514038682,37.840756488706774],[-122.19236404678129,37.840760298433942],[-122.19235287348972,37.84076395250041],[-122.192341617248,37.84076745726108],[-122.19233028793076,37.840770797254535],[-122.19231888917199,37.840773982341467],[-122.19230741754319,37.840777011669815],[-122.19229588314495,37.840779879687759],[-122.19228428719549,37.840782589982496],[-122.19227263407444,37.840785135281806],[-122.19226092621814,37.840787522760053],[-122.19224917029872,37.840789746013421],[-122.19223736410592,37.840791807777073],[-122.19222551319642,37.840793702564319],[-122.19221362450939,37.840795435682665],[-122.1922017002758,37.840797005297674],[-122.19218974152891,37.840798406888808],[-122.19217775506415,37.840799639457302],[-122.1921657433795,37.840800712880274],[-122.19215370740561,37.840801618132687],[-122.19214165280189,37.840802354232146],[-122.19212958875882,37.840802925552765],[-122.19211750953507,37.840803329473331],[-122.19210542762647,37.840803565814646],[-122.19209333737373,37.840803635558999],[-122.1920812512315,37.84080353672551],[-122.19206916694849,37.840803270247655],[-122.19205709028688,37.840802839647409],[-122.19204502676223,37.840802237636389],[-122.19203297653891,37.840801471421543],[-122.19202094752779,37.840800539087112],[-122.19200893857249,37.840799439748544],[-122.19199695646824,37.840798172407219],[-122.19198500247444,37.840796742452049],[-122.1919730821478,37.840795144396473],[-122.1919612001554,37.840793383580419],[-122.19194935986434,37.840791458153419],[-122.19193756356709,37.840789368983721],[-122.19192581244077,37.840787117856813],[-122.19191411220638,37.840784706492968],[-122.19190247176694,37.840782126654105],[-122.19189088568919,37.840779389232097],[-122.19187936194542,37.840776495013799],[-122.19186790377941,37.84077343674344],[-122.19185651482503,37.840770224281741],[-122.19184519950301,37.840766852158318],[-122.19183395909319,37.840763326663037],[-122.19182279805726,37.840759644127289],[-122.19181172104197,37.84075580899021],[-122.19180072687023,37.840751819466462],[-122.19178982586864,37.840747679913811],[-122.19177901570362,37.840743387662272],[-122.19176830219885,37.840738948936419],[-122.19175768874182,37.840734362786613],[-122.19174717646847,37.840729629196623],[-122.19173676769188,37.84072474993566],[-122.1917264738335,37.840719727543409],[-122.19171628704409,37.840714566638269],[-122.19170621628837,37.8407092616848],[-122.19169626515905,37.840703820742014],[-122.19168643363568,37.840698242908971],[-122.19167672967005,37.84069252807182],[-122.19166715109291,37.840686680767419],[-122.1916577013328,37.84068070184788],[-122.19164838722602,37.840674592116322],[-122.1916392054674,37.840668356125988],[-122.19163016847048,37.840661990094347],[-122.19162126514249,37.840655505895583],[-122.19161250783542,37.840648897044424],[-122.19160390003935,37.840642167095574],[-122.19159544177469,37.840635316949985],[-122.19158713322638,37.84062835471542],[-122.1915789811076,37.840621275789964],[-122.19157098209244,37.840614083825841],[-122.19156314774601,37.840606787669003],[-122.19155547342174,37.840599382880249],[-122.19154796256855,37.840591871212546],[-122.19154061979204,37.840584255303398],[-122.19153344407925,37.840576540574254],[-122.19152643885869,37.840568727877191],[-122.19151960530742,37.840560818997801],[-122.19151294916684,37.840552816557128],[-122.19150647165492,37.840544724142525],[-122.19150017169731,37.840536544472798],[-122.19149405040943,37.84052827663097],[-122.19148811353273,37.840519923238098],[-122.19148236242903,37.840511494187623],[-122.19147679697495,37.84050298407427],[-122.19147141956562,37.840494398270771],[-122.19146623476551,37.840485737612809],[-122.19146123478696,37.840477009421448],[-122.19145643549243,37.840468211666931],[-122.19145182452996,37.840459350834507],[-122.19144741212313,37.840450426777629],[-122.19144319717709,37.840441441314404],[-122.19143917746091,37.840432396279091],[-122.1914353612342,37.840423305070793],[-122.19143174486318,37.840414157828832],[-122.19142832394763,37.840404960924403],[-122.19142511339888,37.840395720451923],[-122.19142210751635,37.840386435592023],[-122.19141930408969,37.84037710907986],[-122.19141670439862,37.840367747205221],[-122.19141431189188,37.840358351721065],[-122.19141212886197,37.840348923495633],[-122.19141015080596,37.840339464395896],[-122.19140838241132,37.84032998066273],[-122.19140682258323,37.840320474114264],[-122.19140547253957,37.840310948337631],[-122.1913448146656,37.83986710600098],[-122.19121385647733,37.839968494135633],[-122.19091412418086,37.839734509442181],[-122.19079425992359,37.839642150080813],[-122.19066906051357,37.839543687763445],[-122.19054919688993,37.839451329050576],[-122.19042226807305,37.839352891254968],[-122.19029708641611,37.839255114984041],[-122.19006260061907,37.839072380783982],[-122.189805236658,37.838873494188974],[-122.18951079935825,37.838643549396565],[-122.1892357829073,37.838429807235073],[-122.18927268336452,37.838072887513739],[-122.18925360934894,37.838071787219135],[-122.18922149726419,37.8380695326493],[-122.18916855085041,37.838065420753082],[-122.18912506727561,37.83806114633191],[-122.18908168372519,37.838056273892306],[-122.18903841143654,37.838050797866678],[-122.18899526765472,37.838044727019749],[-122.18895226254249,37.838038058502896],[-122.18890940977312,37.83803079392279],[-122.18886672766602,37.838022939325569],[-122.18882422530959,37.838014494581344],[-122.1887819119152,37.838005464965477],[-122.18873980563825,37.837995849317132],[-122.18869791564902,37.837985651109982],[-122.18867855838209,37.837980940208276],[-122.18866837873837,37.837978614005124],[-122.18865908336041,37.837976547297231],[-122.18864885059921,37.837974333596925],[-122.18863953184275,37.837972387978063],[-122.18862924990471,37.837970310154475],[-122.18861989192813,37.837968488554807],[-122.18860956773115,37.837966551014709],[-122.18860016733157,37.837964862491731],[-122.18858980543988,37.83796306607092],[-122.18858037046618,37.837961506006415],[-122.18856996645889,37.83795985617521],[-122.18856050368561,37.837958422669949],[-122.18855006435768,37.837956918429803],[-122.18854056938449,37.837955617854838],[-122.18853010037446,37.83795425732275],[-122.18852057658849,37.837953088728469],[-122.18851007901171,37.837951870987332],[-122.18850053103864,37.837950837912132],[-122.18849000836421,37.837949765615782],[-122.18848043946821,37.837948861704845],[-122.18846989285252,37.837947935737859],[-122.18846030542828,37.837947166363826],[-122.18844974168681,37.837946386628644],[-122.18844014015495,37.837945746321338],[-122.18842956275681,37.837945115471804],[-122.1884199472608,37.837944610537249],[-122.18840935496749,37.837944124085276],[-122.18839972891497,37.837943754474757],[-122.18838912971879,37.837943414108317],[-122.18837949647646,37.837943177971233],[-122.18836889031587,37.83794298098767],[-122.18835925554274,37.837942877341945],[-122.1883486460099,37.837942831800376],[-122.18833901195725,37.837942859712612],[-122.1883284019797,37.837942994408358],[-122.18831876671219,37.837943118760876],[-122.18830816392207,37.837943369602115],[-122.18829853473835,37.837943661482356],[-122.18828793530923,37.837944060064544],[-122.18827831706903,37.837944483356466],[-122.18826772777531,37.837945027780393],[-122.18825811826812,37.837945585219153],[-122.18824754371492,37.837946278122338],[-122.18823794742292,37.837946966940279],[-122.18822738980005,37.837947804686827],[-122.18821781134874,37.837948628422417],[-122.18820727300985,37.837949614583273],[-122.18819771572505,37.837950569584329],[-122.18818720232915,37.837951703177353],[-122.18816548408839,37.837954194730536],[-122.18811733898239,37.837959836355289],[-122.18807986690342,37.837963619360707],[-122.18804231824892,37.837966883478117],[-122.18800470095077,37.837969627692878],[-122.18799274041285,37.837970334093143],[-122.18555716570899,37.839298819182964],[-122.18549059411002,37.839335129088639],[-122.18490722141232,37.839653314974143],[-122.18578399635106,37.839638849720437],[-122.18582124147699,37.841262072717605],[-122.18561062332452,37.841215239222421],[-122.18534021894168,37.841046529033136],[-122.18477777149428,37.84081898817599],[-122.18456769359831,37.840603343832029],[-122.18439359534587,37.840551544982176],[-122.18422785747923,37.840425198615982],[-122.18404389573507,37.840409369373219],[-122.18401838833996,37.843249145741119],[-122.18402694455418,37.846854661435373],[-122.18861984557533,37.84682762025944],[-122.18861958320589,37.846808500447899],[-122.1932934467402,37.846803364252786]]],[[[-122.18109545895888,37.839733725570021],[-122.18112754577444,37.839749342448286],[-122.18115996905064,37.839764512053513],[-122.18119272304604,37.839779231763636],[-122.1812257951627,37.839793497252103],[-122.18125917383644,37.839807299671804],[-122.18129285456375,37.839820640889023],[-122.18132682462415,37.839833511171882],[-122.18136106927008,37.839845911631485],[-122.1813955838347,37.839857836927109],[-122.18143035336618,37.839869279161071],[-122.18146537222509,37.839880240215926],[-122.18150062550043,37.839890713995679],[-122.18153610410393,37.839900700629755],[-122.18157179651202,37.839910193072782],[-122.18160769475195,37.839919190537032],[-122.18164378399435,37.839927690530239],[-122.18168005498745,37.83993568597473],[-122.1817164976091,37.839943181520432],[-122.18175309696851,37.839950171972376],[-122.18178984387528,37.839956652955628],[-122.1818267303973,37.839962625484269],[-122.18186374054879,37.839968086181386],[-122.18190086749279,37.839973034243108],[-122.18193809753569,37.83997746716102],[-122.18197541929668,37.839981384196122],[-122.18201282242885,37.839984780088855],[-122.18205029125262,37.839987664975332],[-122.18208781984228,37.839990028126103],[-122.18212539572188,37.839991870620089],[-122.18216300527958,37.839993193552438],[-122.18220063711398,37.839993995283329],[-122.18223828211634,37.839994275041455],[-122.18227592896692,37.83999403479045],[-122.18231356399264,37.83999327292301],[-122.18235117360194,37.83999199143517],[-122.18238875322979,37.839990189490926],[-122.18242628695141,37.839987866416109],[-122.18246376005993,37.839985025124051],[-122.18250117026206,37.839981664746219],[-122.18253849601467,37.839977787392314],[-122.18257573285484,37.839973396730592],[-122.18261286814327,37.839968486633225],[-122.18264988504389,37.839963066352084],[-122.18268678574638,37.839957132251328],[-122.18272354422496,37.839950689208003],[-122.18276015830894,37.8399437417591],[-122.18279660974075,37.839936286560366],[-122.18283289628849,37.839928325446138],[-122.18286899882401,37.839919866799875],[-122.1829049104288,37.839910906214506],[-122.18295419153714,37.839897713215571],[-122.18305590769745,37.839872409522179],[-122.1831560363007,37.839843396671583],[-122.18319475485889,37.839828637527127],[-122.18323314311353,37.839813344186389],[-122.18327118867067,37.839797521332194],[-122.18330888031309,37.839781175433146],[-122.18334620674199,37.839764309354187],[-122.18338315674028,37.83974692956378],[-122.18341971791413,37.839729040744935],[-122.18345587904643,37.839710649366239],[-122.18351978904089,37.83967637107623],[-122.18363920308042,37.839674361742901],[-122.18405055839443,37.839667442509409],[-122.18408797495469,37.839666825575101],[-122.1856236135806,37.838829284905948],[-122.18572639915185,37.838773224915016],[-122.18669200624582,37.838246559057261],[-122.18668778216029,37.838241590046763],[-122.18668345254639,37.838236677515695],[-122.18667900969831,37.838231832388018],[-122.18667446379857,37.838227052715915],[-122.18666981228854,37.838222325919624],[-122.18666505896512,37.838217669066978],[-122.18666020605932,37.838213080323811],[-122.18665524787089,37.838208558870313],[-122.18665019346685,37.838204103675793],[-122.18664504075967,37.838199722880461],[-122.18663979644198,37.838195410981733],[-122.18663445272617,37.838191175300196],[-122.18662901746136,37.838187011217833],[-122.18662349423968,37.838182926793735],[-122.18661788180223,37.838178916638896],[-122.186612178041,37.838174987992822],[-122.18660639303607,37.838171134403126],[-122.18660051670739,37.838167362322189],[-122.18659456954263,37.838163673259338],[-122.18658853677465,37.83816006742574],[-122.18658242410366,37.838156545640977],[-122.18657623607332,37.838153107840149],[-122.18656997392195,37.838149758511371],[-122.18656363758809,37.838146494951978],[-122.18655723163596,37.838143317997897],[-122.18655075730383,37.838140232137249],[-122.18654421227887,37.83813723560074],[-122.18653760684597,37.838134330944868],[-122.18653093530484,37.838131517349886],[-122.18652420562756,37.838128795603012],[-122.18651741337274,37.838126170273583],[-122.18651056752537,37.838123636727275],[-122.18650366820835,37.838121200369358],[-122.18649671193202,37.838118857644979],[-122.18648970672965,37.838116612044089],[-122.18648265493459,37.838114466236682],[-122.18647555646487,37.838112416619325],[-122.18646841247694,37.838110464076664],[-122.18646122871181,37.838108611230048],[-122.18645400523084,37.838106860782176],[-122.18644674308813,37.838105209113259],[-122.18643944457597,37.838103657091722],[-122.18643211429944,37.83810220735522],[-122.18642475566629,37.838100859855068],[-122.18641736405101,37.838099611052634],[-122.18640994641227,37.838098467156655],[-122.18640250729395,37.838097428102195],[-122.18639504657311,37.83809648848402],[-122.18638353721173,37.838095248968358],[-122.185747628321,37.838033607214022],[-122.1857401224937,37.838032932239969],[-122.18573260425282,37.838032361076557],[-122.18572507021082,37.83803189467335],[-122.1857175294348,37.838031531999718],[-122.1857099796937,37.838031274889751],[-122.18570242662625,37.838031121460652],[-122.1856948747557,37.838031070746567],[-122.18568731848421,37.838031126432142],[-122.1856797691301,37.838031286553381],[-122.18567222099325,37.838031550290573],[-122.1856646786583,37.838031919380477],[-122.18565715009717,37.838032394610387],[-122.18564962954837,37.838032972457967],[-122.18564212271185,37.83803365374299],[-122.1856346352879,37.838034439285153],[-122.18562716378678,37.838035325529646],[-122.18561971291577,37.838036319618567],[-122.18561228370851,37.838037417031359],[-122.18560488168106,37.838038610479757],[-122.18559750707884,37.838039910774455],[-122.18559016091494,37.838041312493822],[-122.18558285004595,37.83804281734237],[-122.18557557096165,37.838044420864321],[-122.18556832599526,37.838046125729889],[-122.18556112190107,37.838047929139101],[-122.18555396099175,37.838049832861238],[-122.18554684103634,37.838051838730529],[-122.18553976414299,37.83805393950761],[-122.18553273832462,37.838056137781336],[-122.18552575901695,37.838058432715933],[-122.18551883192021,37.838060825131095],[-122.18551196153702,37.838063313160148],[-122.18549838279628,37.838068568966627],[-122.18540584399052,37.838106013070217],[-122.18539210314644,37.838110986412083],[-122.18538361656653,37.838113508333223],[-122.18537497185923,37.838115672047067],[-122.18536619853829,37.83811747623087],[-122.18535731688708,37.838118913385593],[-122.18534834956301,37.838119980484031],[-122.18533932940598,37.838120672551369],[-122.18533027576783,37.838120991113463],[-122.18532120672148,37.838120931406301],[-122.18531215417535,37.83812049748002],[-122.18530315216682,37.838119687046103],[-122.18529420647789,37.838118504527799],[-122.18528536033556,37.838116952011177],[-122.18527662292978,37.838115033870864],[-122.18526802393802,37.838112755991084],[-122.18525958969151,37.83811012700744],[-122.18525133388293,37.838107149427948],[-122.18524329651548,37.83810383349514],[-122.18523548345308,37.838100187235852],[-122.18522791881635,37.838096222020759],[-122.18522063577244,37.83809194728893],[-122.18521363239728,37.838087378387741],[-122.18520694524534,37.838082523806705],[-122.185200587221,37.838077401384965],[-122.18519457773749,37.838072015351003],[-122.18518893221643,37.838066394321871],[-122.18518366329636,37.838060544425289],[-122.18517878728936,37.838054483451565],[-122.18512523252728,37.837983885197772],[-122.18512128949648,37.837978777845422],[-122.1851172227412,37.837973726329743],[-122.18511305047713,37.837968732192842],[-122.18510876814021,37.837963794598799],[-122.18510437696857,37.837958918035724],[-122.18509987933642,37.837954106975495],[-122.18509527623654,37.837949355095809],[-122.18509057006352,37.837944667769413],[-122.18508575854543,37.837940045028716],[-122.18508085089253,37.837935492149207],[-122.18507584477167,37.837931006460671],[-122.18507073685663,37.837926591615251],[-122.18506553286825,37.837922249333587],[-122.18506023388099,37.837917976896769],[-122.18505484342536,37.837913779661392],[-122.18504936038588,37.837909658544532],[-122.18504378926535,37.837905611679552],[-122.18503812677879,37.83790164452035],[-122.18503237854441,37.837897754283155],[-122.1850265469977,37.837893948142451],[-122.18502063655968,37.837890220628182],[-122.18501463822467,37.837886575473561],[-122.18500856227747,37.837883015235178],[-122.18500240865666,37.837879537210419],[-122.18499617975688,37.837876146772103],[-122.18498988119627,37.837872841136402],[-122.18498350512573,37.837869624921282],[-122.18497706063253,37.837866497996934],[-122.18497054996824,37.837863459430032],[-122.18496397207862,37.837860512840294],[-122.18495733031003,37.837857655476412],[-122.18495062817269,37.837854891794038],[-122.18494386566641,37.837852221793227],[-122.18493704283219,37.837849647275618],[-122.18493016638317,37.837847163639644],[-122.18492323763955,37.837844778976795],[-122.18491625536295,37.837842488799019],[-122.18490922643035,37.83784029571153],[-122.18490214856985,37.837838199746777],[-122.1848950240942,37.837836202674069],[-122.18488785983941,37.837834305296973],[-122.1848806535336,37.837832507647811],[-122.18487340738722,37.837830806991661],[-122.18486612497166,37.837829210486717],[-122.18485881186427,37.83782771354759],[-122.18485146471866,37.83782631892548],[-122.18484408913253,37.837825022935853],[-122.18483668524905,37.837823831884727],[-122.18482925529925,37.837822743938041],[-122.18482180376533,37.837821756328147],[-122.18481433076995,37.837820874460377],[-122.18480683970053,37.837820097385155],[-122.18479933274709,37.837819421466534],[-122.18479181453503,37.837818850243174],[-122.18478428052065,37.837818383779911],[-122.18477673979133,37.837818021947015],[-122.18476919354437,37.837817767430757],[-122.18476164037787,37.837817608536191],[-122.18474653232012,37.83781761518901],[-122.18460803643558,37.837819592633309],[-122.1845989775049,37.837819626447747],[-122.18458689081761,37.8378193808731],[-122.18457482834974,37.837818800619857],[-122.18456279355007,37.837817887441112],[-122.18455080913739,37.837816641012544],[-122.18453888655291,37.837815064775484],[-122.18452704395119,37.83781315756957],[-122.18451528599878,37.837810924735258],[-122.1845036400195,37.837808368585861],[-122.18449210723124,37.837805492708753],[-122.18448071260407,37.837802295846366],[-122.18446946315819,37.837798786910064],[-122.18445837605535,37.837794971061868],[-122.18444746263454,37.837790847238857],[-122.18443674020048,37.837786426909112],[-122.18442621897678,37.837781709926695],[-122.18441590602441,37.837776707004906],[-122.18440582412329,37.837771420522088],[-122.18439598027319,37.83776585848873],[-122.18438638597657,37.837760027048965],[-122.18437705496679,37.837753930512541],[-122.18432436716022,37.837718282859413],[-122.18431857902456,37.837714434611136],[-122.18431270631739,37.837710665069864],[-122.18430674800503,37.837706978756188],[-122.18430071317479,37.837703375540315],[-122.18429460298316,37.837699856306891],[-122.18428840953996,37.83769642387211],[-122.18428214418387,37.837693077172894],[-122.18427580464321,37.837689816241593],[-122.18426939434602,37.83768664193056],[-122.18426291682286,37.837683559596215],[-122.18425637318917,37.837680568321559],[-122.18424976451951,37.837677665387737],[-122.18424309199074,37.837674852580264],[-122.1842363569227,37.837672137990737],[-122.18422956026726,37.837669513495065],[-122.1842227180706,37.83766698517244],[-122.18421581211696,37.837664551480408],[-122.18420885721417,37.837662214009974],[-122.18420185104956,37.837659970991879],[-122.18419479601755,37.837657827798836],[-122.18418769771607,37.837655780746282],[-122.18418055056762,37.837653834419633],[-122.1841733670264,37.837651986838878],[-122.184166140277,37.837650238101176],[-122.18415887490386,37.837648589943456],[-122.1841515765458,37.837647040482885],[-122.18414424307394,37.837645596057982],[-122.18413688456849,37.83764425021679],[-122.18412949318029,37.837643007577022],[-122.18412207574514,37.837641868942384],[-122.18411463329682,37.837640829792228],[-122.18410717277349,37.837639895434535],[-122.18409969421603,37.837639067671041],[-122.18409219293757,37.837638340260469],[-122.18408091985715,37.837637443195867],[-122.18373593517113,37.837613651988953],[-122.18372840225881,37.837613182739453],[-122.18372086382739,37.837612820806569],[-122.18371331527167,37.837612563552646],[-122.18370576111505,37.837612410011907],[-122.18369820926807,37.837612358269205],[-122.18369065419408,37.837612414711586],[-122.18368310031413,37.837612573869109],[-122.18367555564095,37.837612838330799],[-122.18366801453591,37.837613209979523],[-122.18366048139939,37.837613682444307],[-122.18365296199295,37.837614259247637],[-122.18364545745237,37.837614940373278],[-122.18363796664174,37.837615725837416],[-122.18363049524059,37.837616615559085],[-122.18362304771095,37.837617605869895],[-122.18361561961119,37.837618701339046],[-122.18360821765469,37.837619897365016],[-122.18360084192312,37.837621197551165],[-122.18359349693981,37.83762260093193],[-122.18358618489476,37.837624103871349],[-122.18357890240061,37.837625707318892],[-122.18357166197295,37.837627411997161],[-122.18356445679625,37.837629218003471],[-122.18355729587614,37.837631121604602],[-122.18355017582516,37.837633123750116],[-122.18354309891522,37.83763522440757],[-122.18353607309777,37.837637423463512],[-122.18352909488328,37.837639717363125],[-122.18352216664569,37.837642110578329],[-122.18351529280618,37.837644597639091],[-122.18350847683368,37.837647181199387],[-122.18350171749019,37.837649856771115],[-122.18349501933974,37.837652625190273],[-122.18348837901549,37.837655488307291],[-122.18348180669979,37.837658444174579],[-122.18347529878058,37.837661483831958],[-122.18346886229813,37.837664617091903],[-122.18346249031428,37.837667838646354],[-122.18345619191641,37.837671148365672],[-122.18344996931511,37.837674543514879],[-122.18344382143569,37.837678026812824],[-122.18343775044781,37.837681593722685],[-122.18343175856208,37.837685241509483],[-122.18342584813202,37.837688973744278],[-122.18342002254506,37.837692789477636],[-122.18341428167841,37.837696683304266],[-122.18340862662731,37.837700653406309],[-122.18340305865017,37.837704705172783],[-122.18339757981451,37.837708829562551],[-122.18339219592266,37.837713031899767],[-122.18338690344413,37.83771730682794],[-122.1833817035353,37.837721655231718],[-122.18337660185539,37.837726076129179],[-122.18337160168963,37.837730564066469],[-122.18336669741964,37.837735121827336],[-122.18336189468414,37.837739747528921],[-122.18335719340153,37.837744437567807],[-122.18335259823802,37.837749197284388],[-122.18334810775123,37.837754013181836],[-122.18334372319968,37.837758890649162],[-122.18333944685529,37.837763829653909],[-122.18333528322077,37.837768828329665],[-122.18333122765044,37.837773882236796],[-122.18332728123923,37.837778989557343],[-122.18332344987121,37.837784159219126],[-122.18331973427364,37.837789373188428],[-122.18331612669934,37.837794640587411],[-122.18319919243369,37.837969274387923],[-122.18319473252799,37.837975539813989],[-122.18318986464571,37.837981602891105],[-122.18318460460817,37.837987459788891],[-122.18317896663082,37.837993085973203],[-122.18317296529668,37.837998473125388],[-122.18316661157698,37.838003603966868],[-122.18315993356352,37.83800846457931],[-122.18315293997601,37.838013038617433],[-122.18314565675693,37.838017317600645],[-122.18313809956423,37.83802129049144],[-122.18313029306164,37.838024942519532],[-122.18312225296825,37.838028265350076],[-122.18311400857333,37.838031247751282],[-122.18310557571874,37.838033886793596],[-122.18309698028574,37.838036171293901],[-122.18308824712206,37.838038094589542],[-122.18307939555899,37.83803965730597],[-122.18307045482454,37.838040845508708],[-122.18306145114738,37.838041663329491],[-122.18305240485192,37.838042105071388],[-122.18304333867735,37.83804217131118],[-122.18303428554543,37.838041860678182],[-122.18302525803321,37.838041176597578],[-122.18301629135492,37.838040118567079],[-122.18300740938554,37.838038687147375],[-122.18299863054537,37.838036892889654],[-122.18298998540257,37.838034730852087],[-122.18298149138437,37.838032217908328],[-122.1829731769505,37.838029356355833],[-122.18296506153452,37.838026151324499],[-122.18295717150818,37.838022613252242],[-122.18294952301959,37.838018752722562],[-122.18294214134546,37.838014581991452],[-122.18293504372912,37.838010109824495],[-122.18266965369146,37.837833688390852],[-122.18266281088509,37.837828976469325],[-122.18265617740614,37.837824075021501],[-122.18264976258719,37.837818994728323],[-122.18264357567909,37.837813742667095],[-122.18263762682349,37.837808315088658],[-122.18263191756481,37.837802729994245],[-122.1826264570518,37.837796989956978],[-122.18262125678655,37.837791101120914],[-122.18261631251147,37.837785076163122],[-122.18261163903429,37.8377789166748],[-122.18260723990583,37.837772628913463],[-122.18260312220715,37.837766224493294],[-122.18259928612198,37.837759711522196],[-122.18259574199627,37.837753095259572],[-122.18259248662623,37.837746384762823],[-122.18258953041914,37.837739587993966],[-122.18258687814328,37.837732714797866],[-122.18258452420056,37.837725768859052],[-122.18258248145391,37.837718766214969],[-122.18258074882844,37.837711709584454],[-122.18257932425661,37.837704608008707],[-122.18257821711163,37.837697473970259],[-122.18257742063906,37.837690310268997],[-122.18257694200172,37.837683132122535],[-122.18257677900928,37.837675943166765],[-122.18257693194765,37.837668756013876],[-122.18257740323155,37.83766157693757],[-122.18257818967774,37.837654415896019],[-122.18257928806226,37.837647281045683],[-122.18258070303078,37.837640176826099],[-122.18258242695856,37.837633117764632],[-122.18258446116528,37.837626111952858],[-122.18258680350158,37.837619164828432],[-122.18258944975034,37.837612290870076],[-122.1825923954088,37.837605491944238],[-122.18259564072186,37.837598778861427],[-122.18259917901696,37.83759215802489],[-122.18260300372356,37.837585640342283],[-122.18260711502538,37.837579233921389],[-122.18261150624991,37.837572945165491],[-122.18261617413215,37.837566780429249],[-122.1826211040685,37.837560747130205],[-122.18262629741953,37.837554855161677],[-122.18263175325355,37.837549113548583],[-122.18263745566756,37.837543522517677],[-122.18264339701645,37.837538095695372],[-122.18264957734105,37.837532834883376],[-122.18265598430963,37.837527747466829],[-122.18266260905941,37.837522843484876],[-122.18266944931857,37.837518122969875],[-122.18267649279622,37.83751359510871],[-122.18268372937123,37.837509264551471],[-122.18269115127589,37.837505139519422],[-122.18269875167429,37.837501219208825],[-122.18270651947286,37.83749751549297],[-122.1827144478151,37.837494026667279],[-122.1827225231926,37.837490758331363],[-122.18273073436869,37.837487716052436],[-122.18273907692237,37.837484905300421],[-122.18314033779025,37.837356140781743],[-122.18314731365697,37.837353844234812],[-122.18315424196142,37.83735145464496],[-122.18316111576551,37.837348966704226],[-122.1831679317431,37.837346384064688],[-122.18317468993511,37.837343708528145],[-122.18318139141607,37.837340937375764],[-122.18318802835712,37.837338076126201],[-122.18319460073786,37.83733512387861],[-122.18320110855828,37.837332080632983],[-122.18320754845138,37.837328948239765],[-122.18321391812493,37.837325725830375],[-122.18322021545005,37.837322419743444],[-122.18322643795064,37.837319021002614],[-122.18323258696689,37.837315538600414],[-122.18323865679872,37.837311971717078],[-122.18324464860251,37.837308321237209],[-122.1832505590114,37.837304589011183],[-122.18325638463794,37.837300775988524],[-122.18326212893089,37.837296883922399],[-122.18326778162591,37.837292911156844],[-122.18327334846406,37.837288860313542],[-122.18327882721428,37.83728473322661],[-122.18328421455054,37.837280533548132],[-122.1832895069834,37.837276257723367],[-122.18329470347908,37.83727191027274],[-122.18329980620726,37.83726748665962],[-122.18330480525113,37.837263000542883],[-122.18330971062971,37.83725844276799],[-122.18331451333724,37.837253817068074],[-122.18331921347598,37.837249127947508],[-122.18332380980792,37.837244370918214],[-122.183328302476,37.837239552286178],[-122.18333268470559,37.837234673950483],[-122.18333695988409,37.837229734961646],[-122.1833411246445,37.837224737169969],[-122.18334518351027,37.837219679609888],[-122.18349186250299,37.837033299906942],[-122.18349936130463,37.8370243038393],[-122.18350468119552,37.837018484821037],[-122.18351026361009,37.837012817957977],[-122.18351608477587,37.83700730719395],[-122.18352214942041,37.837001960571911],[-122.18352844298116,37.836996787311264],[-122.1835349621321,37.836991791064094],[-122.18354169338521,37.836986978330948],[-122.18354863568653,37.836982352731454],[-122.183555777922,37.836977925238159],[-122.18356310757608,37.836973695128378],[-122.18357062142506,37.836969670558659],[-122.18357830711702,37.836965858013244],[-122.18358615335404,37.836962260356891],[-122.18359415344331,37.836958883091953],[-122.18360229943347,37.836955726331944],[-122.18361058021068,37.836952801049335],[-122.1836189831573,37.836950102017148],[-122.18362749943132,37.836947640175545],[-122.18363612110184,37.83694541653874],[-122.18364483563295,37.836943429483419],[-122.18365362734674,37.836941689145903],[-122.18366249496434,37.836940189236415],[-122.18367142276688,37.836938938089602],[-122.18413311397404,37.836880748404113],[-122.18414501728472,37.836879078964948],[-122.18415683814193,37.836877080875794],[-122.18416856411183,37.836874757017497],[-122.18418018278098,37.836872111172021],[-122.18419167595411,37.836869142697914],[-122.1842030302047,37.836865860798561],[-122.18421423640424,37.836862263801841],[-122.18422527201841,37.836858360140042],[-122.18423613485709,37.83685415344911],[-122.18424680348086,37.836849650343225],[-122.18425726886363,37.836844853654753],[-122.18426751181748,37.83683976906476],[-122.18427753477775,37.836834403747694],[-122.18428730837418,37.836828765332278],[-122.18429683043708,37.836822858355312],[-122.18430608305758,37.836816694787608],[-122.18431506400469,37.836810276463503],[-122.18432375423369,37.836803615369902],[-122.18433214583415,37.836796713422231],[-122.18434022671985,37.836789588816337],[-122.18434799117034,37.836782239831585],[-122.18435542817419,37.836774681945016],[-122.18436252886887,37.836766925196002],[-122.18436928203869,37.836758976052906],[-122.18437568222878,37.836750844506412],[-122.18438172057704,37.836742540595878],[-122.18438738813924,37.83673407075721],[-122.1843926819781,37.836725455759151],[-122.18439759191132,37.836716697549463],[-122.18440211479719,37.836707807888118],[-122.18459004567723,37.836318925845013],[-122.18463890482272,37.836217683628952],[-122.18466342327312,37.8361670756615],[-122.18464539754115,37.836128236054677],[-122.18438290227695,37.836133112843498],[-122.18079893184736,37.83618368365174],[-122.18065026097969,37.836187397399613],[-122.17952205819542,37.836204261658267],[-122.17951267857794,37.836204224853361],[-122.17948128764732,37.837620782798112],[-122.17949903389129,37.838119394750898],[-122.17950669338246,37.838277690231052],[-122.17950244568469,37.839743891047441],[-122.18066441953823,37.839724376738381],[-122.18080291447124,37.839722049832233],[-122.1810637223583,37.839717666629923],[-122.18109545895888,37.839733725570021]]],[[[-122.17503569519991,37.83980784920049],[-122.1762223407528,37.837491235021375],[-122.17797566822048,37.838056065556422],[-122.17810598993059,37.837801623632771],[-122.17815452972684,37.837669144619838],[-122.1781543193007,37.837668984502336],[-122.17815496716592,37.837669193369159],[-122.17811041584807,37.836198572344863],[-122.17495399792251,37.836185788013665],[-122.17496428691956,37.836641969574522],[-122.17496733886378,37.836777192434283],[-122.17497438045486,37.837089334200485],[-122.17503569519991,37.83980784920049]]]]},"properties":{"AGENCY_NAM":"EBRPD","GLOBALID":"{C044E34F-2C9C-4C06-B216-B88BA14E7B2D}","SHAPE.AREA":10379670.7770555,"SHAPE.LEN":25824.058367804399,"OBJECTID":6,"NAME":"Huckleberry Botanic"}},{"type":"Feature","id":7,"geometry":{"type":"MultiPolygon","coordinates":[[[[-122.26864767823885,37.957059171988291],[-122.26865415102306,37.957050834958281],[-122.26940896313343,37.956078690392026],[-122.26909321674603,37.955878368428131],[-122.2689543017988,37.955790237654959],[-122.26879578759724,37.955689665836303],[-122.26885336347277,37.955487556253416],[-122.26892945484063,37.955220462916053],[-122.26897347418789,37.955065938016688],[-122.26870872832261,37.954864362317004],[-122.26816929524543,37.954453635914327],[-122.26773376011063,37.954619321712869],[-122.26736232223413,37.954192074727125],[-122.2665567154452,37.95357758350282],[-122.26567671570744,37.953013196955915],[-122.26475219513425,37.952760000652944],[-122.26416031244989,37.952493698112612],[-122.26432859880276,37.951961627239292],[-122.26441773865363,37.951679787402668],[-122.26470066649374,37.951284235964245],[-122.26480447806934,37.951139095548051],[-122.26553126265281,37.951500225743423],[-122.26585203760715,37.951338273123163],[-122.26614628374874,37.951189714364361],[-122.26642769121898,37.951047635928489],[-122.26648858129128,37.950788467048653],[-122.26654441938025,37.950550787809263],[-122.26598779077028,37.950541770145101],[-122.26557268255642,37.950535041286059],[-122.26515806064042,37.95052832263044],[-122.26471755870799,37.950521178863049],[-122.26471672728728,37.950204726995423],[-122.26444500023062,37.950248603889698],[-122.26425927869897,37.949716520106271],[-122.26419366803715,37.949633504704927],[-122.26414837937249,37.949576208563258],[-122.26442184753398,37.949436698176676],[-122.26449124656108,37.949401233285215],[-122.26515364051086,37.949062726037667],[-122.26544278136836,37.948914961517374],[-122.26573500401781,37.948765622758124],[-122.26602737382893,37.948616204455966],[-122.26631974007807,37.948466733193868],[-122.26622669210026,37.948378475138206],[-122.26640401370047,37.948322819514736],[-122.26659955985542,37.948306478975312],[-122.26661020725059,37.948318228581961],[-122.26684990434147,37.948195681400406],[-122.26689541384977,37.948172415246063],[-122.26705784041742,37.948089375305507],[-122.26713207662917,37.948051417775794],[-122.26758817009036,37.947818229309028],[-122.26697089961013,37.946908545099269],[-122.26666530158775,37.946261820347544],[-122.26642887560146,37.946238779751724],[-122.26625838493909,37.946222167862743],[-122.26594509352034,37.946191634921902],[-122.26560698692012,37.946158682861657],[-122.26501734451763,37.946101213475309],[-122.26430832216343,37.94603210544841],[-122.26395071350179,37.945997245535821],[-122.26106846230759,37.945716259855772],[-122.26096320441714,37.945705998147432],[-122.26038065353066,37.945649195766187],[-122.26032369831231,37.945647042505627],[-122.26024464635448,37.945655345576192],[-122.26016950316857,37.945676482305664],[-122.26010155246415,37.945709524260508],[-122.25990210562652,37.94583095366491],[-122.25985634049478,37.945852925072458],[-122.25980833242565,37.945865937231517],[-122.25975795868931,37.945870763356787],[-122.2596827740708,37.945862280297355],[-122.2596361013406,37.945846513915342],[-122.25959459025232,37.945823406436148],[-122.25956005139356,37.94579396723335],[-122.25952452401391,37.945740819813786],[-122.25944588675986,37.945558880379188],[-122.25609579183846,37.94799583958612],[-122.25591284204762,37.948128914786835],[-122.25655395160332,37.948655484378946],[-122.25447344290178,37.950089207172411],[-122.25465213356554,37.950282828993544],[-122.25794930100579,37.95348487114957],[-122.25970027736626,37.955185180173814],[-122.26032440525992,37.954704229334446],[-122.26086471141302,37.954777318138113],[-122.2617530460152,37.954923511765067],[-122.26209367452037,37.955015539059275],[-122.26276544432891,37.955406047940649],[-122.26310422627212,37.955504743217489],[-122.26418505615675,37.956060913448439],[-122.26672069766192,37.955189954672392],[-122.26864767823885,37.957059171988291]]],[[[-122.26621123616634,37.944374396618954],[-122.26630196287744,37.944974656645925],[-122.26646102360648,37.945538153329331],[-122.26631142329964,37.945001033583786],[-122.26621371000083,37.944374155078968],[-122.26621123616634,37.944374396618954]]]]},"properties":{"AGENCY_NAM":"EBRPD","GLOBALID":"{1834F23F-DBCA-492B-9F92-DE42C8EEB3EC}","SHAPE.AREA":9350603.2464457192,"SHAPE.LEN":17825.189906979002,"OBJECTID":7,"NAME":"Kennedy Grove"}},{"type":"Feature","id":8,"geometry":{"type":"Polygon","coordinates":[[[-122.13377945372919,37.831953325070913],[-122.13370898322977,37.832026250964802],[-122.1340545088413,37.832462315776084],[-122.1341285198626,37.832599313496459],[-122.13410850298349,37.832633924764409],[-122.13389801676593,37.83274739543419],[-122.13388775134071,37.832753031038379],[-122.13387918674353,37.832757269727033],[-122.13387065237015,37.832762881357418],[-122.1338621028832,37.832767806516017],[-122.13385356850739,37.832773418145173],[-122.1338450341303,37.832779029773704],[-122.13383649975184,37.832784641401624],[-122.13382969642754,37.83279022905738],[-122.13382116204667,37.832795840684199],[-122.13381264277648,37.832802138781567],[-122.13380585456058,37.832808412907134],[-122.13379733528765,37.832814711003387],[-122.13379054593346,37.83282098514379],[-122.13378375771399,37.832827259268079],[-122.133775238437,37.832833557362711],[-122.13376846534642,37.83284051885817],[-122.13376167712332,37.832846792981186],[-122.13375490401044,37.832853753574966],[-122.13374813089636,37.832860714168383],[-122.13374308883809,37.83286765079113],[-122.13373631572155,37.832874611383851],[-122.13372954260379,37.832881571976138],[-122.13372451565354,37.832889195069257],[-122.13371774253331,37.832896155660883],[-122.13371270046984,37.832903092282294],[-122.13370767351641,37.83291071537468],[-122.1337009155036,37.832918362436509],[-122.1336958885479,37.832925985528355],[-122.13369086159116,37.83293360862001],[-122.13368583463345,37.832941231711381],[-122.13368255384451,37.832949517304449],[-122.13367752688482,37.832957140395507],[-122.1336725150348,37.832965449957463],[-122.13366921913267,37.832973049078937],[-122.13366419217004,37.832980672169342],[-122.13366091137694,37.832988957761714],[-122.13365763058314,37.832997243354001],[-122.13365434978859,37.833005528946138],[-122.1336510689933,37.833013814538205],[-122.13364778819725,37.833022100130158],[-122.13364623846152,37.833030361753217],[-122.13364295766428,37.833038647344985],[-122.13363967686625,37.833046932936696],[-122.13363814223946,37.833055881030752],[-122.13363486144013,37.833064166622293],[-122.13363331170207,37.833072428245096],[-122.133631777074,37.833081376339052],[-122.13363022733525,37.833089637961756],[-122.13362867759619,37.833097899584502],[-122.133627142967,37.833106847678309],[-122.13362732429022,37.833115085332423],[-122.13362578966053,37.833124033426245],[-122.13362597098364,37.833132271080316],[-122.13362443635344,37.83314121917406],[-122.13362472344816,37.833154262126278],[-122.13362490477124,37.833162499780357],[-122.13362332480951,37.833169388460504],[-122.1336234608017,37.83317556670098],[-122.13362188083958,37.833182455381142],[-122.13362030087721,37.833189344061246],[-122.13361870580431,37.833195546270204],[-122.13361712584133,37.83320243495023],[-122.13361379970273,37.833208661127458],[-122.13361220462886,37.833214863336238],[-122.13360887848926,37.833221089513295],[-122.13360555234911,37.833227315690259],[-122.13360222620835,37.833233541867124],[-122.13359890006711,37.833239768043875],[-122.13359384285923,37.833246018188603],[-122.1335905016067,37.833251557893938],[-122.13358542928744,37.833257121567144],[-122.13358208803379,37.833262661272222],[-122.13357528464645,37.833268248912837],[-122.13357021232488,37.833273812585325],[-122.13356512489281,37.833278689786447],[-122.13356003746003,37.83328356698734],[-122.13355495002658,37.833288444188035],[-122.13350216329735,37.833329003396152],[-122.13341540476993,37.833399559253081],[-122.13340688539601,37.833405857320429],[-122.13340005176592,37.833410072008363],[-122.1333932181351,37.833414286696012],[-122.13338811557362,37.833418477418206],[-122.13338128194135,37.833422692105117],[-122.13337270212992,37.833426244285327],[-122.13336585338814,37.833429772500168],[-122.13335900464568,37.833433300714603],[-122.13335214079477,37.833436142457494],[-122.13334354587275,37.833439008164376],[-122.13333668202071,37.833441849906315],[-122.13332807198984,37.833444029140907],[-122.1333194770659,37.833446894846034],[-122.13331086703396,37.833449074079333],[-122.13330228721615,37.833452626254356],[-122.13329542336125,37.833455467993936],[-122.13328682843481,37.833458333696676],[-122.13327824861472,37.83346188586993],[-122.13326965368684,37.833464751571427],[-122.13326280493656,37.833468279780256],[-122.13325422511427,37.833471831951755],[-122.13324564529107,37.83347538412265],[-122.13323879653873,37.833478912330115],[-122.13323194664983,37.833482440552892],[-122.13322338193096,37.833486679193335],[-122.13321654828303,37.833490893870618],[-122.13320796845584,37.83349444603877],[-122.13320113480636,37.833498660715193],[-122.13319431626239,37.833503561862393],[-122.13318748261128,37.833507776538021],[-122.13317893299315,37.833512701646391],[-122.13317209934033,37.833516916321123],[-122.13316528079275,37.833521817466632],[-122.13316019331705,37.833526694650054],[-122.13315337476782,37.833531595794845],[-122.1331465562177,37.833536496939253],[-122.13313973766671,37.833541398083241],[-122.13313291911476,37.833546299226875],[-122.13312784674096,37.83355186288005],[-122.1331210281873,37.833556764022966],[-122.13311595581193,37.833562327675665],[-122.1331091523621,37.833567915289024],[-122.13310407998506,37.833573478941197],[-122.1330956209865,37.833582522870564],[-122.13304820826254,37.833631246744119],[-122.13320785101268,37.833725172236463],[-122.13323160268021,37.833702869683904],[-122.13326639416927,37.833552691770734],[-122.1333851432525,37.833519460573505],[-122.13354861301046,37.833472563161408],[-122.13358437622105,37.833445287466489],[-122.13363379153077,37.833408895887537],[-122.13374112623173,37.833329128104715],[-122.13379734474074,37.833287147905409],[-122.13375868862575,37.833104339524816],[-122.13376883321681,37.833093212163007],[-122.13395644828483,37.832884609907381],[-122.13420173726431,37.832778896354945],[-122.13432523947054,37.832725684612207],[-122.13436959056111,37.832616574720134],[-122.13417534241806,37.832366566045316],[-122.13398076424589,37.832101455555971],[-122.13395748996672,37.832066757177515],[-122.13387315400985,37.831932648153384],[-122.13385484625559,37.831887580767358],[-122.13385627504715,37.831873827369265],[-122.13377945372919,37.831953325070913]]]},"properties":{"AGENCY_NAM":"EBRPD","GLOBALID":"{05F65865-8240-490F-85C8-69534FA823C5}","SHAPE.AREA":40317.849002757102,"SHAPE.LEN":1770.7761796336799,"OBJECTID":8,"NAME":" "}},{"type":"Feature","id":9,"geometry":{"type":"MultiPolygon","coordinates":[[[[-122.11277009418899,37.742750464584603],[-122.11318382957296,37.744295512675819],[-122.11458315347689,37.743366735907756],[-122.11458493892685,37.743365550741558],[-122.11491122263973,37.742472654332929],[-122.1149127350602,37.742468515272662],[-122.11500217625709,37.74301040484302],[-122.11500076853825,37.742761627245287],[-122.11504302039901,37.741941447512659],[-122.11539364294558,37.741510593943502],[-122.1155016083775,37.741586473634264],[-122.11578168818068,37.741869365133944],[-122.11584514909318,37.742086038530658],[-122.11598716514261,37.742164378758908],[-122.11618229428902,37.74209379430863],[-122.11627786963054,37.741953747813106],[-122.11628265713169,37.741555543690588],[-122.11632556674597,37.741391520299004],[-122.11639682899059,37.741335475159595],[-122.11657733705296,37.741293270078494],[-122.11687800390237,37.741284340788518],[-122.11696146069841,37.74118993198524],[-122.11673130246699,37.740414407295873],[-122.11736507224447,37.739824354135969],[-122.11702196969651,37.739632109141127],[-122.12104782040579,37.735100622689046],[-122.1229545271275,37.735799272102838],[-122.12360350122505,37.735182668251667],[-122.12384943898948,37.735498078644405],[-122.12389009960702,37.735550224975327],[-122.12403384404413,37.735734571440737],[-122.12409714558135,37.735695570445785],[-122.12548663488329,37.734839490815062],[-122.1283832723913,37.732955956107773],[-122.12974278712981,37.73388690841319],[-122.13040681152231,37.733430717579573],[-122.13066414365656,37.733694837563391],[-122.13123859000459,37.733592515313156],[-122.13201262857052,37.733672406520377],[-122.13142985105753,37.73330417161992],[-122.13099591102765,37.732718054887044],[-122.13097802421433,37.732581413681523],[-122.1311659879333,37.732437484530784],[-122.13112613657707,37.732273164249015],[-122.1307881866239,37.731677606391926],[-122.13056811089524,37.73118542171423],[-122.12986993161404,37.730884624048848],[-122.12946228365624,37.730348951526715],[-122.12889301433296,37.729937796666754],[-122.12724934191402,37.729831133998857],[-122.12681232663208,37.728537991326206],[-122.12615954840201,37.728551548619201],[-122.12583943941637,37.727845882491522],[-122.12558861835107,37.727542258691656],[-122.12500862610811,37.727279826609369],[-122.12343703948561,37.727092949450643],[-122.12293396556402,37.727123162312402],[-122.12161374172138,37.727716542363751],[-122.12099988585835,37.728285843121178],[-122.12005424121305,37.728977770045255],[-122.11969492645115,37.729113498872344],[-122.11943600615948,37.729133406221159],[-122.1191210904491,37.729039643892129],[-122.11881422990675,37.728824752870864],[-122.11880728354383,37.728817501077494],[-122.11751355632661,37.727452270951801],[-122.11750647008796,37.727444471290504],[-122.11748875076299,37.727424800513781],[-122.1174710239776,37.727404786491249],[-122.11745328973208,37.727384429222859],[-122.11743728410167,37.727364048220217],[-122.11742127101047,37.727343323972278],[-122.11740525045873,37.727322256478949],[-122.1173892299161,37.727301188983397],[-122.11737493051668,37.727279754511876],[-122.11736063112551,37.727258320038572],[-122.11734632427336,37.727236542320313],[-122.11733200996049,37.727214421357104],[-122.11731942425764,37.727192276662393],[-122.11730683854258,37.727170131065286],[-122.11729424538572,37.727147643124553],[-122.11728337223322,37.72712478822563],[-122.1172725002217,37.727101933310067],[-122.11726162821687,37.727079078393388],[-122.11725248481694,37.727056199746869],[-122.11724159788758,37.72703265834182],[-122.11723244703096,37.727009436450437],[-122.1172250173081,37.726985847586761],[-122.11710155404016,37.72663595542479],[-122.11709965368776,37.726628084558229],[-122.11709602474762,37.726620237418096],[-122.11709240327615,37.726612733521037],[-122.11708877433746,37.726604886380649],[-122.11708515286745,37.726597382483355],[-122.11708152393025,37.726589535342711],[-122.11707790246179,37.726582031445162],[-122.117074280994,37.726574527547477],[-122.11707065952695,37.726567023649693],[-122.11706531694162,37.726559886721006],[-122.11706169547624,37.726552382822909],[-122.11705635289282,37.726545245893789],[-122.11705273889675,37.726538085238566],[-122.1170473963153,37.726530948309076],[-122.11704205373481,37.726523811379266],[-122.11703671862304,37.726517017692423],[-122.11703137604464,37.726509880762123],[-122.11702604093482,37.726503087074725],[-122.11701897724065,37.726496317112506],[-122.11701364960057,37.726489866667748],[-122.11700831449382,37.726483072979576],[-122.11700125827072,37.726476646259421],[-122.11699593063359,37.726470195813882],[-122.11698887441273,37.72646376909298],[-122.11698182566057,37.726457685614861],[-122.11697477690954,37.726451602136294],[-122.11696772815962,37.726445518657293],[-122.11696240799502,37.726439411453399],[-122.11695363813068,37.726433694941257],[-122.11694659685153,37.726427954704178],[-122.11693955557341,37.72642221446668],[-122.11693252176364,37.726416817471979],[-122.11692548795482,37.726411420476815],[-122.11691672556381,37.726406047205117],[-122.11690969175716,37.726400650208994],[-122.11690093683561,37.726395620179332],[-122.11689218191516,37.726390590148945],[-122.11688515557883,37.726385536394581],[-122.11687640812758,37.726380849606244],[-122.1168676606775,37.726376162817289],[-122.11685892069532,37.726371819270859],[-122.1168501732474,37.726367132480576],[-122.11684143326731,37.726362788932867],[-122.11683270075503,37.726358788627678],[-122.11682396824364,37.726354788321842],[-122.11681523573321,37.726350788015409],[-122.11680651069032,37.726347130951488],[-122.11629353674527,37.726134770866352],[-122.11629178577547,37.726133764851269],[-122.11626736177227,37.726123799556419],[-122.1162446663523,37.726113810542536],[-122.11622369205105,37.726103454567308],[-122.11620098171565,37.726092779058462],[-122.11617826392302,37.726081760301909],[-122.11615727471293,37.726070717828279],[-122.11613627058205,37.726058988864366],[-122.11611353674836,37.726047283624283],[-122.11609424627936,37.72603484445419],[-122.11573343659627,37.725822454629387],[-122.1150678224348,37.725428493569204],[-122.1150573242744,37.725422800611689],[-122.11503630558352,37.725410384963709],[-122.11501700052401,37.725397258228298],[-122.11499596693072,37.725384156086278],[-122.11497665331247,37.725370687017339],[-122.11495734083539,37.725357217929606],[-122.11493801344959,37.725343062351868],[-122.11492041462998,37.725328883076422],[-122.11490107980083,37.725314384249188],[-122.11488347353745,37.725299861724771],[-122.11486585236587,37.72528465271089],[-122.11484823120146,37.725269443694359],[-122.11483061004434,37.725254234675106],[-122.11481297397977,37.725238339166367],[-122.11479706647918,37.725222419962257],[-122.11478115152831,37.725206157512538],[-122.11476523658439,37.725189895060616],[-122.11468028989104,37.725100072755986],[-122.1146449060595,37.725063133038766],[-122.11460953717572,37.725026879797561],[-122.11457244723148,37.724990993478443],[-122.11453363620917,37.724955473178838],[-122.11449484015516,37.724920640254027],[-122.11445605159302,37.724886150559684],[-122.11441554942986,37.724852371026444],[-122.11437506107971,37.724819277981531],[-122.11433285280845,37.724786551836431],[-122.11429065948391,37.724754512162903],[-122.11424675256011,37.724723182645789],[-122.11420285312772,37.724692196355548],[-122.11415896864034,37.7246618965358],[-122.1141431732153,37.72465112589402],[-122.11386250717918,37.724466130049152],[-122.11385373778602,37.724460413304449],[-122.11384145169467,37.724451997968593],[-122.1138308866921,37.724443215709321],[-122.1138185920193,37.724434457143012],[-122.11380629848362,37.724425698559905],[-122.11379571858389,37.724416229810444],[-122.11378341760147,37.724407127981422],[-122.1137728377073,37.724397659229865],[-122.11376225781581,37.724388190477356],[-122.11375167047466,37.724378378480338],[-122.11374107568406,37.724368223238869],[-122.11373048834859,37.724358411239905],[-122.11371989356374,37.724348255996468],[-122.11371101986593,37.724337733831753],[-122.11370041763458,37.724327235343033],[-122.11369154394205,37.724316713176826],[-122.11368267025202,37.724306191009902],[-122.1136737891125,37.724295325598789],[-122.11366490052374,37.72428411694343],[-122.11365601938947,37.724273251530931],[-122.11364885934051,37.724262019198328],[-122.11363997075944,37.724250810541037],[-122.1136328032633,37.724239234963896],[-122.11362563576937,37.724227659386266],[-122.11361846827764,37.724216083808209],[-122.11361130078819,37.724204508229661],[-122.11360412584936,37.724192589407139],[-122.11322247055152,37.72349704605984],[-122.11320445531358,37.723463644882244],[-122.1131809863614,37.723417957939169],[-122.11315750998848,37.723371927747479],[-122.11313576215748,37.723325873882409],[-122.11311572796684,37.723279109857693],[-122.11309569380134,37.723232345829153],[-122.11284723966173,37.722619097011105],[-122.1128453771022,37.722612942289153],[-122.11284352199091,37.7226071308109],[-122.1128399383838,37.72260134299659],[-122.11283808327325,37.722595531518152],[-122.11283449966709,37.722589743703693],[-122.11283091606158,37.722583955889156],[-122.11282733990443,37.722578511318112],[-122.11282548479539,37.722572699839503],[-122.11282190863921,37.722567255268324],[-122.11281832503568,37.722561467453332],[-122.11281302038552,37.722556046545563],[-122.11280944423099,37.722550601974007],[-122.11280587552478,37.722545500645928],[-122.11280229937128,37.722540056074159],[-122.11279699472382,37.722534635165665],[-122.11279342601922,37.72252953383726],[-122.11278985731509,37.722524432508763],[-122.11278456011726,37.722519354843335],[-122.11277926292017,37.722514277177716],[-122.11277569421777,37.722509175848749],[-122.11277040446956,37.722504441426373],[-122.11276511472209,37.722499707003792],[-122.1127598249752,37.722494972580954],[-122.11275453522899,37.722490238157889],[-122.11274924548354,37.722485503734561],[-122.11274396318616,37.722481112554682],[-122.11273868088941,37.722476721374548],[-122.11273339859328,37.722472330194194],[-122.11272811629783,37.722467939013598],[-122.11272110550998,37.722463571495069],[-122.11271583066321,37.722459523557653],[-122.11271055581696,37.722455475619903],[-122.11270355247859,37.722451451344021],[-122.11269828508087,37.722447746649486],[-122.11269128174393,37.722443722372859],[-122.11268601434732,37.722440017677741],[-122.11267901845893,37.722436336644037],[-122.11267203001835,37.722432998853684],[-122.11266677007062,37.722429637401383],[-122.11265977418415,37.722425956366564],[-122.11265279319241,37.722422961818708],[-122.11264580362015,37.722419624042274],[-122.11263882262959,37.722416629493623],[-122.11263184163964,37.722413634944544],[-122.11262486065019,37.72241064039504],[-122.11261788710823,37.722407989088815],[-122.11261091356675,37.722405337782199],[-122.11260394002574,37.722402686475156],[-122.1125969664853,37.722400035167688],[-122.11259000039205,37.72239772710352],[-122.11258303429925,37.722395419038939],[-122.11257433971549,37.722393134634068],[-122.11256738107028,37.722391169812262],[-122.11256042242532,37.722389204990058],[-122.11255346378083,37.722387240167407],[-122.11254477664549,37.722385299004081],[-122.11253782544823,37.722383677424226],[-122.11253087425129,37.72238205584398],[-122.11252220200998,37.722380801166381],[-122.11251525081371,37.722379179585197],[-122.11250657857299,37.722377924906453],[-122.11249964226994,37.722376989811742],[-122.11249097002975,37.72237573513187],[-122.11248403372713,37.722374800036263],[-122.11247537637989,37.722374231842629],[-122.11246844007758,37.722373296746113],[-122.1124597827306,37.722372728551335],[-122.11245285387474,37.722372136697622],[-122.11244420397409,37.722371911745398],[-122.11243728256447,37.722371663134446],[-122.11242863266395,37.722371438181121],[-122.11242171125441,37.722371189569252],[-122.11241306879991,37.722371307858495],[-122.11240615483631,37.722371402489436],[-122.11239751982764,37.722371864021213],[-122.11239060586398,37.722371958651244],[-122.11238197830087,37.722372763425611],[-122.11237507178292,37.72237320129846],[-122.1123664442195,37.722374006071689],[-122.11235954514694,37.722374787187327],[-122.11235091758323,37.722375591959391],[-122.11234402595596,37.722376716317854],[-122.11233540583738,37.722377864332522],[-122.11232851420972,37.722378988690068],[-122.11231989409063,37.72238013670362],[-122.11231300990796,37.722381604303962],[-122.11230439723381,37.722383095560104],[-122.11229752049593,37.722384906403235],[-122.11229064375769,37.722386717245982],[-122.11228375212843,37.722387841600856],[-122.11179022690503,37.722512362416573],[-122.1117902417912,37.722513048904048],[-122.11177820187446,37.722515960393899],[-122.11176616195682,37.722518871882521],[-122.11175411459531,37.722521440126151],[-122.11174206723294,37.722524008368588],[-122.11172828393227,37.72252625701374],[-122.11171622168283,37.722528138766016],[-122.11170416687547,37.722530363760832],[-122.11169209718209,37.722531902266873],[-122.11168002748819,37.72253344077172],[-122.11166622929895,37.722535002922079],[-122.11165415216163,37.722536198180514],[-122.11164207502395,37.72253739343769],[-122.11162826194851,37.722538269096141],[-122.1116161699255,37.722538777863143],[-122.11160407790233,37.722539286628944],[-122.11159025738395,37.722539819039199],[-122.11157815791843,37.722539984558559],[-122.1115660510107,37.722539806832934],[-122.11155221560801,37.722539652751166],[-122.11154010870048,37.722539475022884],[-122.11152799435115,37.722538954049583],[-122.11151414293091,37.722538113491368],[-122.11150202114028,37.722537249271625],[-122.11148989934988,37.722536385050653],[-122.11147777011816,37.722535177584675],[-122.1114639049503,37.722533650517512],[-122.11145176827789,37.722532099805086],[-122.11143962416459,37.722530205847612],[-122.11142748005192,37.722528311888908],[-122.11141533593988,37.722526417928975],[-122.11140318438714,37.72252418072398],[-122.11138929689919,37.722521623916741],[-122.11137713790693,37.722519043465297],[-122.11136497147436,37.722516119768841],[-122.11135280504278,37.722513196071112],[-122.11134236710657,37.722510248730075],[-122.1113301932359,37.722506981786267],[-122.11131801192541,37.722503371597426],[-122.11130583061609,37.722499761407285],[-122.11129364930792,37.722496151215914],[-122.11128318905435,37.72249217413826],[-122.11127100030789,37.722488220700797],[-122.1112588041221,37.722483924018228],[-122.11124833643157,37.722479603693742],[-122.11123613280805,37.722474963765038],[-122.1112256576796,37.722470300194757],[-122.11121517511206,37.722465293379706],[-122.11120296405259,37.722460310203807],[-122.11119247404775,37.722454960142969],[-122.11118198404434,37.72244961008122],[-122.11117149404249,37.72244426001847],[-122.11116099660202,37.722438566711041],[-122.11115049916307,37.722432873402688],[-122.11113999428575,37.722426836849571],[-122.11112948941016,37.722420800295531],[-122.11112071302851,37.72241474010174],[-122.11111020071625,37.722408360302133],[-122.11109968840577,37.722401980501637],[-122.11109089714921,37.722395233818062],[-122.11108210589418,37.722388487133692],[-122.11107158614922,37.722381764086876],[-122.11106278745793,37.722374674157336],[-122.11105398876819,37.722367584227101],[-122.11104519008025,37.722360494296268],[-122.11103638395433,37.722353061120906],[-122.11102757783024,37.722345627944904],[-122.11102049275895,37.722337827887081],[-122.11101168663828,37.722330394709857],[-122.1110028730799,37.722322618288189],[-122.11099578057404,37.722314474985033],[-122.11098868805023,37.722306330780562],[-122.11097986705782,37.722298211113305],[-122.1109727745568,37.722290067808764],[-122.11096568205737,37.72228192450379],[-122.11096031060934,37.722273414318067],[-122.11095321067364,37.722264927768556],[-122.11094610330048,37.722256097974707],[-122.11093900223393,37.722247611439727],[-122.11093362335231,37.722238758008942],[-122.11092824447208,37.722229904577958],[-122.11092285815405,37.722220707902842],[-122.11091575078868,37.72221187810711],[-122.11091036447357,37.72220268143144],[-122.11090670664694,37.722193461119787],[-122.11090132033424,37.722184264443634],[-122.11089592658396,37.722174724523462],[-122.11089226876054,37.722165504211276],[-122.11088687501272,37.722155964290614],[-122.11088320975253,37.722146400734374],[-122.11087954449326,37.722136837177999],[-122.11087587923494,37.722127273621496],[-122.11087221397752,37.722117710064815],[-122.11084640099041,37.72204355704433],[-122.1108446055588,37.722040491484641],[-122.11084453117229,37.722037059046379],[-122.11084273574093,37.72203399348669],[-122.1108409403097,37.722030927926937],[-122.11083913743998,37.722027519123323],[-122.11083734200905,37.722024453563499],[-122.11083727506156,37.722021364369013],[-122.11083547963084,37.722018298809196],[-122.11083368420026,37.722015233249337],[-122.11083188876987,37.722012167689442],[-122.11083009333962,37.722009102129526],[-122.11082829790953,37.722006036569596],[-122.11082478143527,37.722003337887998],[-122.11082298600552,37.722000272327946],[-122.1108211905759,37.721997206767895],[-122.11081940258498,37.721994484451649],[-122.11081761459418,37.721991762135346],[-122.1108140906825,37.721988720209524],[-122.11081230269205,37.721985997893157],[-122.11081051470171,37.721983275576783],[-122.11080699822921,37.721980576894609],[-122.11080521023918,37.721977854578142],[-122.11080169376709,37.721975155895784],[-122.11079991321584,37.721972776823073],[-122.11079639674425,37.721970078140551],[-122.11079461619326,37.721967699067726],[-122.11079109972208,37.721965000385055],[-122.11078759068948,37.72196264494616],[-122.11078581013894,37.7219602658732],[-122.11078230110678,37.721957910434121],[-122.11077879207487,37.721955554994892],[-122.11077701152479,37.72195317592184],[-122.1107735024932,37.721950820482505],[-122.11077000090015,37.721948808286882],[-122.11076649930725,37.721946796091117],[-122.11076299027638,37.721944440651448],[-122.1107594886839,37.721942428455534],[-122.11075598709161,37.721940416259464],[-122.11075421398087,37.721938380429897],[-122.11075071238888,37.721936368233699],[-122.11074721823537,37.721934699281213],[-122.11074371664377,37.721932687084802],[-122.11073849400933,37.721931041765366],[-122.11073499985625,37.721929372812539],[-122.11073150570341,37.721927703859606],[-122.11072801155066,37.721926034906588],[-122.11072451739808,37.721924365953448],[-122.11072103068371,37.721923040244029],[-122.11071753653142,37.721921371290691],[-122.11071404981737,37.721920045581093],[-122.11070883462247,37.721918743504155],[-122.11070534790863,37.721917417794273],[-122.11070186119495,37.721916092084307],[-122.11069837448143,37.721914766374233],[-122.11069316672514,37.72191380754046],[-122.11068968744971,37.721912825073986],[-122.11068620073654,37.721911499363564],[-122.11068099298065,37.721910540529272],[-122.11067752114344,37.721909901306255],[-122.11067404186846,37.721908918839311],[-122.11066883411291,37.721907960004451],[-122.11066536227591,37.721907320781106],[-122.11066189043896,37.72190668155767],[-122.11065669012147,37.721906065966124],[-122.11065321828467,37.721905426742431],[-122.11064801796736,37.721904811150473],[-122.11064455356845,37.721904515170387],[-122.11064108173181,37.721903875946289],[-122.1106358888524,37.721903603597674],[-122.11063242445354,37.721903307617232],[-122.11062723157414,37.721903035268255],[-122.11062377461298,37.721903082531377],[-122.11061858173366,37.721902810182016],[-122.11061512477249,37.721902857444874],[-122.11060993933074,37.721902928338984],[-122.11060648236958,37.721902975601601],[-122.11060302540844,37.721903022864097],[-122.11059783996666,37.721903093757696],[-122.11059439044296,37.721903484263784],[-122.1105892050012,37.721903555156985],[-122.11058575547742,37.721903945662838],[-122.11058057747294,37.721904359799503],[-122.11057712794909,37.721904750305093],[-122.11057368586259,37.721905484054474],[-122.11056850785803,37.721905898190606],[-122.11056506577138,37.721906631939731],[-122.11055989520393,37.721907389319348],[-122.11055645311718,37.721908123068218],[-122.11055301103028,37.721908856816938],[-122.11054784789988,37.721909957439905],[-122.11054440581282,37.721910691188384],[-122.11054097116296,37.721911768180661],[-122.11053580803217,37.721912868803038],[-122.11053237338206,37.721913945795073],[-122.11052893873187,37.721915022786995],[-122.1105237756007,37.721916123408839],[-122.11052034838738,37.721917543644359],[-122.11051691373686,37.721918620635911],[-122.11051175804231,37.721920064501127],[-122.11050833082867,37.721921484736306],[-122.11050490361481,37.721922904971372],[-122.11050319000785,37.721923615088876],[-122.11043121104927,37.721953096757133],[-122.11042777639581,37.72195417374607],[-122.1104209219619,37.721957014211398],[-122.1104140600909,37.721959511432473],[-122.11040719821939,37.721962008653108],[-122.11039860786535,37.721964529501641],[-122.11039174599281,37.72196702672138],[-122.11038487668334,37.721969180696902],[-122.1103780073735,37.721971334671956],[-122.1103694021445,37.721973169030612],[-122.11036253169968,37.721975323020288],[-122.11035565495217,37.721977133750222],[-122.11034704972199,37.721978968107258],[-122.11034016553745,37.721980435592428],[-122.11033155287022,37.721981926704395],[-122.11032466868511,37.721983394188634],[-122.11031604858103,37.721984542055672],[-122.1103091643954,37.721986009539016],[-122.1103022653372,37.72198679053421],[-122.11029364523236,37.721987938399593],[-122.11028674617383,37.72198871939387],[-122.11027811863252,37.721989524014255],[-122.11027121957365,37.721990305007616],[-122.11026258459603,37.721990766383009],[-122.11025394961823,37.721991227757741],[-122.11024704312315,37.721991665505833],[-122.11023840070929,37.721991783635552],[-122.11023148677825,37.721991878138859],[-122.11022284436434,37.721991996267448],[-122.11021592299755,37.72199174752599],[-122.11020727314794,37.721991522409567],[-122.11020035178122,37.72199127366715],[-122.11019169449608,37.721990705305707],[-122.11018477312949,37.721990456562416],[-122.11017610840902,37.721989544955967],[-122.11016917960706,37.72198895296787],[-122.11016051488696,37.721988041360227],[-122.11015357864981,37.721987106127365],[-122.11014490649472,37.721985851274717],[-122.11013797025794,37.721984916040931],[-122.11012929810335,37.721983661187124],[-122.11012234699639,37.721982039464663],[-122.11011540332498,37.721980760985659],[-122.11010672373605,37.721979162886321],[-122.11009976519476,37.721977197918612],[-122.11009281408904,37.721975576194389],[-122.11008412706602,37.721973634849519],[-122.11007716852589,37.721971669880467],[-122.11007020255101,37.721969361667192],[-122.11006323657654,37.721967053453419],[-122.11005454212039,37.721964768862492],[-122.11004757614684,37.721962460647802],[-122.11004060273886,37.721959809188867],[-122.11003362933135,37.721957157729506],[-122.11002665592436,37.721954506269725],[-122.1100196825178,37.721951854809518],[-122.11001270167704,37.721948860104995],[-122.11000572083672,37.721945865400102],[-122.10999873999704,37.721942870694768],[-122.10999175172321,37.721939532745154],[-122.10998649193156,37.721936171172942],[-122.10997950365893,37.721932833222525],[-122.1099725153869,37.721929495271745],[-122.10996551968093,37.721925814076698],[-122.10996025245686,37.721922109259388],[-122.10995325675221,37.721918428063589],[-122.10994798952932,37.721914723245696],[-122.10994098639148,37.721910698805274],[-122.10993571173525,37.721906650742987],[-122.10992870859886,37.721902626301777],[-122.10992342650952,37.721898234995031],[-122.10991815185517,37.721894186931983],[-122.1099128697671,37.72188979562474],[-122.1099058591992,37.721885427938297],[-122.10990057711246,37.721881036630528],[-122.10989528759207,37.721876302078599],[-122.10989000550654,37.721871910770332],[-122.10988471596804,37.721867175317051],[-122.1098811549295,37.721862417143754],[-122.1098758579775,37.721857339347046],[-122.10987056846037,37.721852604794016],[-122.10986527150985,37.721847526996825],[-122.1098617030394,37.72184242557902],[-122.10985640609019,37.721837347781445],[-122.10985283762083,37.721832246363412],[-122.10984754067299,37.721827168565369],[-122.10984396477076,37.721821723903169],[-122.10984039630303,37.721816622484717],[-122.10983509192315,37.721811201442229],[-122.10983151602261,37.721805756779595],[-122.10982793268862,37.721799968872993],[-122.10975817930817,37.721692768210644],[-122.1097564136643,37.721691075609904],[-122.10974924701969,37.721679499791719],[-122.10974207294379,37.721667580729168],[-122.10973490630366,37.721656004910038],[-122.1097294607072,37.721644062228179],[-122.1097222866379,37.721632143164314],[-122.10971684104516,37.721620200481802],[-122.10970966698021,37.721608281417126],[-122.10970421395794,37.721595995490077],[-122.10969876093749,37.721583709562708],[-122.10969503639198,37.72157140001719],[-122.10968958337482,37.721559114089395],[-122.10968585139881,37.72154646129961],[-122.10968039838502,37.721534175371296],[-122.10967666641186,37.721521522581192],[-122.10967293443996,37.721508869790881],[-122.10967093094072,37.721496193382933],[-122.10966719897104,37.721483540592409],[-122.10966346700268,37.721470887801779],[-122.10966145607296,37.721457868149628],[-122.10965945257709,37.721445191741367],[-122.10959387522034,37.721045043980816],[-122.10959373151351,37.721045061264206],[-122.10959177263693,37.721034444317723],[-122.10958970970232,37.721019021955698],[-122.10958764676855,37.721003599593601],[-122.10958559126837,37.720988520475416],[-122.1095852567761,37.720973073595921],[-122.10958319384457,37.720957651233618],[-122.1095828593724,37.720942205254978],[-122.10958253233314,37.720927102520278],[-122.1095821978613,37.720911656541574],[-122.10958359184707,37.720896186946568],[-122.10958325737515,37.720880740967779],[-122.10958465136017,37.720865271372688],[-122.10958605277729,37.720850145021537],[-122.10958744676113,37.720834675426282],[-122.10959057663277,37.720819525458666],[-122.10959197061509,37.720804055863333],[-122.1095951004846,37.720788905895439],[-122.10959823035282,37.720773755927475],[-122.10960136021976,37.720758605959375],[-122.1096062185393,37.720743432374555],[-122.10960935583617,37.720728625650203],[-122.10961421415217,37.720713452064935],[-122.10961907989902,37.720698621723471],[-122.10966280463619,37.720562059443743],[-122.10966766293041,37.720546885855903],[-122.10967252865574,37.720532055511853],[-122.10967739435955,37.720517224266651],[-122.10968052419955,37.720502074295801],[-122.10968365403831,37.720486924324852],[-122.10968678387576,37.72047177435384],[-122.10968991371193,37.720456624382656],[-122.10969131509991,37.720441498029203],[-122.10969443750071,37.720426004813859],[-122.10969583888721,37.720410878460271],[-122.10969723283996,37.720395408862672],[-122.10969863422534,37.720380282508998],[-122.10969829973182,37.720364836529271],[-122.10969970111637,37.720349710175569],[-122.10969936662278,37.720334264195692],[-122.10969903212934,37.720318818215837],[-122.10969870506919,37.720303715480007],[-122.10969664213268,37.72028829311801],[-122.10969630763999,37.720272847138041],[-122.10969425213798,37.720257768019948],[-122.10969218920366,37.72024234565778],[-122.10969013370338,37.720227266539538],[-122.10968807820386,37.720212187421204],[-122.1096842868309,37.720196788676581],[-122.10968050289259,37.720181733175799],[-122.10967671895581,37.720166677674911],[-122.10967293502054,37.72015162217383],[-122.109669195685,37.720138626136595],[-122.10948448664105,37.71951316900244],[-122.10948075480263,37.719500516202004],[-122.10947529454081,37.719487887016122],[-122.10947157013729,37.719475577459399],[-122.1094661173108,37.719463291517087],[-122.10946238547808,37.719450638715905],[-122.10945694008696,37.719438696017257],[-122.10945148726553,37.719426410074185],[-122.10944603444605,37.719414124130843],[-122.10943886063737,37.719402205045483],[-122.10943341525353,37.71939026234557],[-122.10942624144921,37.719378343259372],[-122.10941907507896,37.719366767416837],[-122.10941190871101,37.71935519157379],[-122.10940474234519,37.719343615730274],[-122.10939757598163,37.719332039886346],[-122.109390417052,37.719320807286039],[-122.10938152970382,37.719309598298537],[-122.10937264235838,37.719298389310403],[-122.10936549086726,37.719287499952578],[-122.10935661095839,37.719276634207255],[-122.10934600263242,37.719265792074019],[-122.10933713016031,37.719255269571313],[-122.10932825769081,37.719244747067869],[-122.10931765680481,37.719234248176129],[-122.10930879177181,37.719224068915281],[-122.10929819832276,37.719213913265854],[-122.10928761230772,37.719204100859528],[-122.10927702629556,37.719194288452229],[-122.10926644028615,37.71918447604402],[-122.10925586169108,37.719175005977974],[-122.10924355470081,37.7191655604232],[-122.10923298356181,37.719156434500078],[-122.10922068400833,37.719147332186957],[-122.10920839188871,37.719138573116645],[-122.10919609977208,37.719129814045075],[-122.1085727493203,37.718687170533357],[-122.10855344716755,37.718674043625604],[-122.10853414502161,37.718660916714647],[-122.10851312933207,37.718648499889461],[-122.10849384205481,37.718636059460223],[-122.10847455478395,37.71862361902776],[-122.10845355396937,37.718611888680222],[-122.10843255316151,37.718600158328911],[-122.10841155978723,37.718588771217959],[-122.10839057384645,37.718577727347459],[-122.10836959533874,37.718567026717402],[-122.10834689586031,37.718556692925873],[-122.10832593221814,37.718546678776342],[-122.10830324017861,37.718536688220617],[-122.10828055557161,37.718527040904632],[-122.10825788582316,37.718518080072627],[-122.10823521608025,37.71850911923628],[-122.10822649980602,37.718505804776612],[-122.10801731574922,37.718426600809813],[-122.10800164134142,37.718421321241195],[-122.10797373448288,37.718410028424046],[-122.10794582020799,37.718398392356072],[-122.10791789109216,37.718386069792984],[-122.10788996198566,37.718373747223282],[-122.10786201803943,37.718360738158459],[-122.10783407410298,37.718347729087057],[-122.10780784372623,37.718334009930274],[-122.10777988496105,37.718320314357484],[-122.10775363975604,37.718305908700088],[-122.10772738711776,37.718291158891724],[-122.10770285548286,37.718276043145458],[-122.10767658803745,37.71826060773811],[-122.10765204157592,37.718244805492674],[-122.10762748770136,37.71822865999787],[-122.10760292641423,37.718212171253654],[-122.10757836513798,37.718195682504295],[-122.10755551742143,37.718178483674691],[-122.10753266229244,37.718160941596452],[-122.10750980717428,37.718143399513643],[-122.1074869372214,37.718125170937888],[-122.10746406727975,37.718106942357593],[-122.10744290976301,37.71808800371489],[-122.10742175339114,37.718069065052894],[-122.10740058960769,37.718049783142753],[-122.10738115422681,37.718030477644795],[-122.10735997562062,37.718010509238695],[-122.10734052541643,37.717990517245347],[-122.10732106037874,37.717969838760212],[-122.10730333116346,37.717949479933218],[-122.10728558711432,37.717928434614961],[-122.10658494884552,37.717108467626261],[-122.10626744031943,37.716736489914041],[-122.10571112837123,37.716194033938287],[-122.10563019967772,37.716129214722599],[-122.10530485885164,37.715874422066911],[-122.10509734100079,37.715711757355585],[-122.10509733358931,37.715711414111041],[-122.10507447238749,37.715693528304413],[-122.10505159637414,37.715674956004229],[-122.1050304487093,37.715656360150035],[-122.10500929364399,37.715637421047425],[-122.10498813857006,37.715618481040124],[-122.10496696870455,37.71559885544071],[-122.10494752718557,37.715579206289171],[-122.10492807085556,37.715558870645189],[-122.1049086145362,37.715538534997997],[-122.10489090879292,37.715519205533738],[-122.10476886942412,37.71531177075466],[-122.1047120902256,37.715164218094188],[-122.10468786593071,37.715083175205116],[-122.10468067107431,37.71507022608801],[-122.10467176271611,37.715057987003853],[-122.1046611556753,37.715047144441527],[-122.10464712903863,37.715038065189056],[-122.10463141853828,37.715031068946189],[-122.10461575990524,37.715026475413481],[-122.10459841740622,37.715023964889482],[-122.1045793984491,37.715023880618148],[-122.10456216708604,37.715026518757995],[-122.10455872525863,37.715027252332447],[-122.10448633460452,37.715037508718552],[-122.1044363243652,37.715043340081181],[-122.1043845709787,37.715048508473409],[-122.10433453109243,37.715052966814376],[-122.10428274806145,37.715056762183366],[-122.10423267853386,37.715059847502502],[-122.10418085845697,37.715061926603568],[-122.10412903097026,37.715063662437181],[-122.10411002681717,37.715064264579304],[-122.10405644137697,37.71506465093843],[-122.10400111279993,37.715064374318274],[-122.10394576827692,37.715063411198301],[-122.10389041007777,37.715061761547553],[-122.10383676539355,37.71505940184953],[-122.10378137017305,37.71505603592432],[-122.10372596014751,37.715051983483697],[-122.10367226364167,37.715047220998116],[-122.10366706386188,37.715046605097399],[-122.10318643685265,37.714965937657908],[-122.1031777434266,37.714963652556904],[-122.10310298146486,37.714944069310853],[-122.10302820473882,37.714923799527867],[-122.10295513416932,37.714902476444166],[-122.10292380236376,37.714892602441395],[-122.10289447273168,37.714895404966938],[-122.10286523191044,37.714902326421843],[-122.10283952800141,37.714912976542266],[-122.10281735586935,37.714927012054808],[-122.10280882527755,37.714932278310577],[-122.10276638691904,37.714968563677104],[-122.10274783421326,37.714990103527846],[-122.10270058863372,37.714974529816701],[-122.10272771999769,37.714939218737719],[-122.10273777170286,37.714924318119515],[-122.10274941851439,37.714903215579184],[-122.10275412243764,37.714880834123406],[-122.10275536231893,37.714858156454866],[-122.10275142464374,37.714835892579309],[-122.10214535228862,37.714629889007767],[-122.10212984924478,37.714632503284832],[-122.10211094875186,37.714637910531508],[-122.10209555666781,37.714645673475843],[-122.10208021636267,37.714655839131709],[-122.10206836967035,37.714667673997376],[-122.10205495000284,37.714686740508306],[-122.1020434657682,37.714715394365939],[-122.10203718866713,37.714745007440044],[-122.10193600882253,37.714698762096461],[-122.10194037819362,37.714664951193029],[-122.10194206212782,37.714662868220096],[-122.10194846500606,37.714639090312204],[-122.10194966074803,37.714614353182519],[-122.10194960897017,37.714611950468928],[-122.10194755519592,37.714596871202062],[-122.10194033127682,37.714582548937372],[-122.10193140123782,37.714569279910648],[-122.10192077247638,37.714557407366314],[-122.10190499576453,37.714547321556147],[-122.10133773581619,37.714353379894909],[-122.10004432909133,37.713910837146628],[-122.09943880839309,37.713702554903733],[-122.09890413110506,37.713519600484155],[-122.09890412372238,37.71351925723912],[-122.09838181574764,37.71407226562566],[-122.09776353375563,37.714342969390636],[-122.09673239055178,37.718331520847947],[-122.09636227589964,37.71848657960534],[-122.09631430069938,37.718506800381789],[-122.0961720959791,37.718567095929103],[-122.09493844309968,37.719087492787594],[-122.09433881033871,37.71934350465547],[-122.09286907267668,37.72022415356534],[-122.09286910945401,37.720225869790646],[-122.09338779496827,37.721516356896352],[-122.09340510622879,37.722590690840896],[-122.09340873147946,37.722815635129948],[-122.09034129865915,37.724666511155974],[-122.08918879139776,37.725187810026178],[-122.08726076306654,37.725101185127627],[-122.08611877275094,37.723847907263227],[-122.08443154593165,37.723456880882225],[-122.08294602896751,37.723118742106642],[-122.08289780080618,37.721341209963917],[-122.08264009115858,37.721264164144614],[-122.07777519221725,37.719809600844926],[-122.07454056052211,37.718840014046641],[-122.07454056779279,37.718840357292954],[-122.07398723657903,37.718673332489693],[-122.07484021007751,37.719845096716796],[-122.07512095062573,37.720039109139499],[-122.07531333459558,37.720306062152787],[-122.07570165522725,37.721007471322956],[-122.07609077716904,37.72125702679066],[-122.07629601910422,37.721477798194158],[-122.07721316342165,37.722085258628823],[-122.07727107051871,37.722125341214806],[-122.07737634637689,37.722197750507583],[-122.07747993149788,37.722271899065049],[-122.07758008056312,37.722347124477892],[-122.0776802662397,37.722424065133232],[-122.07792627584088,37.722618327963957],[-122.0783344219715,37.722940619240816],[-122.07839949222617,37.722992278992614],[-122.07848041808792,37.72305780334716],[-122.0785579089232,37.723124403705022],[-122.07863542290167,37.723192033733383],[-122.07870950073298,37.723260740690066],[-122.07878360784497,37.723330819681557],[-122.0788560011535,37.723401608282643],[-122.07892668065561,37.723473106496428],[-122.07899566093194,37.723546000817493],[-122.07906292739732,37.723619604757239],[-122.07954809273312,37.72415661534113],[-122.0795605061918,37.724171212674939],[-122.07958350245684,37.724195625075296],[-122.07960477748735,37.72422040389322],[-122.07962433128202,37.72424554912962],[-122.07964562093005,37.724271014431245],[-122.07966518204667,37.724296502906299],[-122.07968475776676,37.72432267786931],[-122.07970260495344,37.724348876006843],[-122.07972045215267,37.724375074141513],[-122.07973831395502,37.724401958764759],[-122.07975444722119,37.724428866563784],[-122.07977058049912,37.724455774360457],[-122.0797867283796,37.724483368646098],[-122.0798011488554,37.724510986093556],[-122.07981556822685,37.724538604455248],[-122.0798299948856,37.724566565159741],[-122.07984270029806,37.72459489228789],[-122.07985540572018,37.724623219414582],[-122.079868111152,37.724651546539761],[-122.07987909533465,37.724680240089562],[-122.07989007952568,37.724708933638183],[-122.07989934246505,37.724737993612059],[-122.07990860541179,37.724767053585097],[-122.07991787566175,37.724796456802814],[-122.07992541006479,37.724825539955255],[-122.07993295906606,37.724855309598254],[-122.07994050077714,37.724884735995069],[-122.07994631393397,37.724914185572736],[-122.07995213439162,37.724943978395522],[-122.07995622629235,37.724973794399517],[-122.07996031821554,37.725003611304139],[-122.07996441012286,37.725033427307572],[-122.07996678076603,37.725063609738079],[-122.0799691441148,37.725093448922777],[-122.07996978619677,37.725123654534713],[-122.07997214954861,37.72515349371907],[-122.07997106306581,37.725183722512519],[-122.07997169785291,37.725213584878382],[-122.07997061136899,37.725243813671561],[-122.07996606045057,37.725273745582491],[-122.0799646383299,37.725288185078654],[-122.07996355913842,37.725318757116966],[-122.07995205810909,37.725428437908683],[-122.07988186434818,37.726356065763056],[-122.07979792481652,37.727043878951527],[-122.07986560050549,37.727543223564453],[-122.07999518499159,37.727945258424249],[-122.08002917533881,37.728080079838428],[-122.08033811751686,37.72902905894464],[-122.08034552115927,37.729051964534868],[-122.08035479941513,37.729081710943028],[-122.08036235631918,37.729111823783292],[-122.08036991322943,37.729141936622867],[-122.08037747014575,37.729172049461852],[-122.08089725717313,37.731578439924924],[-122.08089840186005,37.731580138578025],[-122.08103555453059,37.732389873952251],[-122.08103558867704,37.732390145645262],[-122.08103565603309,37.732390324974048],[-122.08111518981789,37.732749669727383],[-122.08111533178274,37.732750849246933],[-122.08111556802925,37.732751500321001],[-122.08118124815907,37.733093189700689],[-122.08118242145059,37.733104231224182],[-122.08118242823103,37.733106683197491],[-122.08117757369033,37.73340649764954],[-122.08117533806231,37.733422482739549],[-122.0811295708631,37.733594381836269],[-122.08112538318115,37.73360544213125],[-122.08112519924387,37.733606289890275],[-122.08106070573436,37.733742755998954],[-122.08106024266523,37.733743337154614],[-122.08106008180812,37.733744043121284],[-122.08104849825499,37.733761131405636],[-122.08087299714333,37.733959750486484],[-122.08087283812966,37.733959903114169],[-122.08087276111969,37.73396001679275],[-122.08072794378043,37.734122538808549],[-122.08072758348908,37.734122884281661],[-122.08072742058503,37.734123120769461],[-122.0806218895594,37.734239357243766],[-122.08047558823652,37.734400605666366],[-122.08019986675762,37.73471765329586],[-122.08019793223299,37.734719527524405],[-122.08019715008164,37.734720632025279],[-122.08010045160006,37.734821845217432],[-122.08009731241513,37.734824752110455],[-122.08009674403266,37.734825504092868],[-122.07996456435387,37.73494860369447],[-122.07996394572294,37.734948967047799],[-122.07996263055207,37.734950192240802],[-122.07996144597398,37.734950888502617],[-122.07996021199257,37.734952409990527],[-122.07995827819057,37.734953998536781],[-122.07988955456149,37.735010452371576],[-122.07988762075649,37.735012040916665],[-122.07988625915162,37.735012790016455],[-122.07988566121865,37.735013486521915],[-122.07988410056399,37.735014640209101],[-122.07988372741347,37.735015075066961],[-122.07979525407973,37.735080493477859],[-122.07979313967638,37.735081593309225],[-122.07978530900294,37.735086980914133],[-122.07963881890528,37.735171019169812],[-122.07963792990036,37.735171421291405],[-122.07963706625938,37.735172002404276],[-122.07945062757697,37.735274364921544],[-122.07901401614394,37.73551527953515],[-122.07860633818999,37.735748711804156],[-122.07859582268819,37.735753461228015],[-122.0785925601446,37.735755373046601],[-122.07843662836513,37.735818125546693],[-122.07843296493886,37.735818846888918],[-122.07842944795895,37.735820746791568],[-122.07825988893096,37.735876545300719],[-122.0782590996498,37.735876674826173],[-122.07824770340588,37.735879867092358],[-122.07809116505364,37.735914080241855],[-122.07807806585166,37.73591557498105],[-122.07807213367876,37.735916756551511],[-122.07787063298738,37.735929905838653],[-122.07760043887205,37.735968238315245],[-122.07744581020106,37.735996964892138],[-122.07725748511204,37.736059067178019],[-122.07711403465565,37.736126738785373],[-122.07703265425003,37.7361777244409],[-122.0769036116526,37.736287142115046],[-122.07661847339055,37.736539402625567],[-122.07612351910304,37.73699849211242],[-122.07612291724227,37.736998845307895],[-122.07612158516579,37.73700008059518],[-122.07612116149818,37.737000328674696],[-122.07612046960402,37.737001198538799],[-122.07599493560342,37.737107749401233],[-122.07589641070993,37.737232944395167],[-122.07578859025423,37.737383584445233],[-122.07573891689613,37.737495532247941],[-122.07571372304874,37.737615447863661],[-122.07571906673712,37.737692146339469],[-122.07573919463093,37.737762885984672],[-122.07577917748992,37.73783454873687],[-122.07586838815386,37.737909000963413],[-122.07602173384414,37.738013632223741],[-122.07615927666731,37.738078582062649],[-122.07628466094832,37.738113201796146],[-122.07638208639534,37.738139591150265],[-122.0764853996906,37.738141246776387],[-122.07654058963458,37.738140508374201],[-122.07658950983341,37.738132056085419],[-122.07665120705263,37.738112734225965],[-122.07672979907849,37.738085208280886],[-122.07686694563472,37.738024972353692],[-122.07699920603227,37.737963092153628],[-122.07699948392211,37.737962979393956],[-122.07699959256578,37.737962912155133],[-122.07718143412754,37.737878670902333],[-122.07744996911828,37.737750453713581],[-122.07745239120135,37.737749463353595],[-122.07745318771666,37.737748978679356],[-122.07780265504233,37.737595374644727],[-122.07828520454382,37.737357999361372],[-122.07828694463811,37.737357276752157],[-122.07828767819052,37.737356819950371],[-122.07875696532797,37.73714006588839],[-122.07917448851363,37.736945665802665],[-122.07967211750385,37.736707304897948],[-122.07967568354339,37.736705844068076],[-122.07967670088742,37.736705232958634],[-122.07998841413233,37.736572590218508],[-122.07999609812332,37.736569636807019],[-122.08000571734024,37.736566761078777],[-122.0801978883916,37.736517794027804],[-122.08022144204344,37.736514705274416],[-122.08022587548218,37.736513907765335],[-122.08046387672749,37.736507147063314],[-122.08046483607535,37.736507277480236],[-122.08046583326561,37.736507106401426],[-122.08048593393838,37.736508393093864],[-122.0806459326062,37.736531226191616],[-122.08065422185318,37.736533096649758],[-122.08065776148572,37.736533489834862],[-122.08093778546834,37.736601102401295],[-122.08094049412129,37.73660185187245],[-122.08094093897652,37.736601907182809],[-122.08124372717805,37.736683487106433],[-122.08124678272543,37.736684967263947],[-122.08125056802213,37.736685546378745],[-122.08147684022288,37.736761015306136],[-122.08147801758251,37.736761632119986],[-122.08149074059293,37.736766663765671],[-122.08167688896997,37.736856944352553],[-122.0816872219106,37.736863292216547],[-122.08169075650781,37.736864993926339],[-122.08182300051459,37.736955997858111],[-122.08182457549594,37.736957702440719],[-122.0818271693706,37.736959029275432],[-122.08183866308705,37.736969478053446],[-122.08201283965647,37.737157723799193],[-122.08214989566736,37.737262948893566],[-122.08222675471839,37.737302167280376],[-122.0824221790437,37.737357996876149],[-122.08264340428993,37.737389370809559],[-122.08264510547201,37.737389753483313],[-122.08264662850536,37.737389870003398],[-122.08286308385752,37.73742621532466],[-122.08287770330725,37.737429705591936],[-122.0828785181974,37.737429819005612],[-122.08310464347157,37.737498150518071],[-122.08310517800193,37.737498419993358],[-122.08310582225076,37.737498513169015],[-122.08312176682607,37.73750481345094],[-122.08325797287638,37.737570784145085],[-122.08327606237019,37.737581888520815],[-122.08336285678764,37.7376485230198],[-122.0837283059607,37.737929087425208],[-122.08372926903253,37.737930190120274],[-122.0837305659262,37.737930876497238],[-122.08401619741905,37.738164075309378],[-122.08423485356535,37.738319804324981],[-122.08423505573835,37.738320025996266],[-122.08423540210042,37.738320197967383],[-122.0843905687653,37.738432301603098],[-122.08439210524689,37.73843400576866],[-122.08439436821817,37.738435189206555],[-122.08450408164792,37.738522925431624],[-122.08450539678851,37.738524466758243],[-122.08451750046184,37.738536138066578],[-122.08456363880651,37.738592612589635],[-122.0845717694182,37.738604642814536],[-122.08457602245801,37.73861390093947],[-122.08458142567127,37.73862851182291],[-122.08460936958154,37.738702663991198],[-122.08461368441256,37.738724824130351],[-122.08644472570667,37.739119539611607],[-122.08644776612871,37.739120195276001],[-122.08489290032759,37.735966408639634],[-122.08463323146368,37.735439688293596],[-122.08404436834151,37.735275011019567],[-122.08325123925688,37.735304790945094],[-122.08158658373799,37.734630269938791],[-122.08167493825123,37.734034263301908],[-122.08167506425401,37.73403341271505],[-122.08379510763204,37.733168335053442],[-122.08379680960188,37.733167640808873],[-122.08422003720459,37.731536639529295],[-122.08244199470957,37.728220583348396],[-122.08262419380362,37.727617702215063],[-122.08262454676776,37.727616534972142],[-122.08328720813731,37.727440029418283],[-122.08368505425526,37.728123802382058],[-122.08488962116076,37.729851944569035],[-122.08614554898463,37.730952534513349],[-122.08894277353861,37.731642228814813],[-122.08946839043196,37.731495368565668],[-122.0908868187379,37.73192388011455],[-122.09283537211337,37.731919409721797],[-122.09354966117066,37.732664273160573],[-122.09419633024355,37.732201374062612],[-122.09516765622384,37.733617963122896],[-122.0966672391362,37.734023674728448],[-122.0978136978988,37.734445422983541],[-122.09851454562386,37.734285952095043],[-122.09956133835006,37.734425408135635],[-122.09956376107669,37.734425731206031],[-122.09922947961759,37.733121112869718],[-122.09854069209113,37.732417111369344],[-122.09776149558061,37.732006286285298],[-122.09776125571661,37.732006159770151],[-122.09825927629855,37.731671102323482],[-122.09886267446424,37.732066692069296],[-122.1015259739907,37.732930712826743],[-122.10152846841517,37.732931521511588],[-122.10124333033214,37.731712367359343],[-122.10124293908835,37.73171069200118],[-122.10176192560533,37.731729903024785],[-122.10364312536038,37.730812259208342],[-122.10364435148983,37.730811661266863],[-122.10509012709416,37.728785830477555],[-122.10652899845606,37.72676959699443],[-122.10652999946089,37.726768193743503],[-122.10767065780632,37.726540366512708],[-122.10877276395719,37.727204086615934],[-122.1102354186655,37.727625660211061],[-122.10987884018745,37.729942822816696],[-122.11051759081219,37.730374918505781],[-122.11209002434722,37.731437049796142],[-122.11377122921945,37.731874809319287],[-122.11419994078352,37.731831019932265],[-122.11609912235009,37.731324251191047],[-122.11615728542296,37.732408436337799],[-122.11615524540684,37.732408024550026],[-122.11469982668612,37.73211399237848],[-122.11368932843406,37.732038807342271],[-122.11182716725394,37.732600161028721],[-122.11182737155164,37.73260110536151],[-122.11215381258165,37.734106415419404],[-122.11403875863061,37.734108075229628],[-122.11441077728875,37.734555168494921],[-122.11440791564165,37.734555642067185],[-122.11368706024808,37.734674953693066],[-122.11233801948835,37.735462556674477],[-122.112338102175,37.735462968277801],[-122.11259518671888,37.73673519343923],[-122.11406588249375,37.736769989051396],[-122.11430614714092,37.738277409708431],[-122.11410678992895,37.740065873372437],[-122.11380889782225,37.740664172362685],[-122.11277009418899,37.742750464584603]],[[-122.1251053960634,37.728716023437443],[-122.12368535084636,37.729991103095294],[-122.12342842841497,37.729783635386489],[-122.12304400937181,37.729820582607118],[-122.12286699659157,37.729622562850608],[-122.12124899981269,37.729398230711261],[-122.12180443398816,37.728736083465193],[-122.12214938208297,37.728495329783961],[-122.12251812083387,37.728372249378182],[-122.12330189462615,37.728302451490393],[-122.1251053960634,37.728716023437443]]],[[[-122.11243370100983,37.722206562006477],[-122.1124458078653,37.722206739642971],[-122.11245619367988,37.722207284180335],[-122.11246830798169,37.722207805058261],[-122.11247870124275,37.722208692837413],[-122.11249082299118,37.722209556956656],[-122.11250122369907,37.722210787977517],[-122.11251335289455,37.72221199533822],[-122.11252548209038,37.722213202697667],[-122.11253589024581,37.722214776959177],[-122.112548026889,37.722216327560005],[-122.11255844249197,37.722218245063239],[-122.11257058658281,37.722220138905477],[-122.11258100963353,37.722222399650413],[-122.11259143268498,37.722224660394453],[-122.11260359167129,37.722227240720713],[-122.11261402217087,37.722229844706426],[-122.11262445267123,37.722232448691209],[-122.11263661910688,37.722235372257742],[-122.11264706563698,37.722238662712471],[-122.11265750358672,37.722241609938045],[-122.11266795643147,37.7222452436501],[-122.11267840183015,37.722248534117512],[-122.1126888546769,37.72225216782774],[-122.11269931497191,37.722256144780665],[-122.1127097752681,37.722260121732717],[-122.11272023556535,37.722264098683851],[-122.11273070331109,37.722268418877725],[-122.11273944256958,37.722272762733255],[-122.11274991031763,37.722277082925395],[-122.11276038551453,37.722281746360302],[-122.11276913969094,37.72228677760193],[-122.11277961489033,37.722291441035146],[-122.1127883690497,37.722296471374449],[-122.11279885914706,37.7223018212933],[-122.11280762075671,37.72230719487483],[-122.11281638236753,37.722312568455678],[-122.11282687246917,37.722317918372056],[-122.11283564153059,37.722323635195181],[-122.11284441804125,37.722329695261344],[-122.11285318710539,37.722335412083076],[-122.11286023512879,37.722341495812266],[-122.1128690190916,37.722347899120273],[-122.1128777956078,37.722353959183913],[-122.1128865795736,37.722360362490555],[-122.11289363505026,37.72236678946139],[-122.1129024264671,37.722373536010544],[-122.11290948939455,37.722380306224089],[-122.11291655232336,37.722387076437229],[-122.11292535119296,37.722394166228305],[-122.11293242157284,37.722401279684149],[-122.11293949195402,37.722408393139574],[-122.11294656233663,37.722415506594494],[-122.11295191167704,37.722422986958449],[-122.11295898951064,37.722430443656322],[-122.11296606734568,37.722437900353782],[-122.11297141668962,37.722445380716806],[-122.11297850197586,37.722453180657162],[-122.11298385877078,37.722461004263224],[-122.11298921556677,37.722468827869079],[-122.11299630085713,37.722476627808334],[-122.11300166510428,37.722484794657284],[-122.11300702190388,37.722492618262272],[-122.1130106576596,37.722500808777241],[-122.11301602935882,37.722509318869172],[-122.11302139361044,37.722517485717127],[-122.113025029369,37.722525676231612],[-122.11303040107161,37.722534186322854],[-122.11303404428077,37.722542720080739],[-122.11303768749075,37.722551253838432],[-122.11304133070158,37.72255978759609],[-122.11304498136209,37.722568664597198],[-122.11329343809867,37.723181912987705],[-122.11331168426314,37.723225954705093],[-122.11333165896076,37.72326997274812],[-122.11335162623168,37.723313647543762],[-122.1133733071387,37.723356612176708],[-122.11339499552128,37.723399920049012],[-122.11341296612548,37.723431261736252],[-122.11379462173383,37.724126804489408],[-122.11380000854525,37.724136001030388],[-122.1138053879055,37.724144854327591],[-122.11381077471955,37.72415405086803],[-122.11381615408236,37.724162904164729],[-122.11382153458071,37.724171757445603],[-122.11382864247857,37.724180587063231],[-122.11383402184545,37.724189440359027],[-122.11384112229389,37.724197926732366],[-122.11384822274383,37.724206413105257],[-122.11385532319548,37.724214899477701],[-122.11386242364865,37.724223385849726],[-122.11386951665074,37.724231528977775],[-122.11387660965434,37.724239672105362],[-122.11388370265944,37.724247815232566],[-122.11389251674747,37.724255591436318],[-122.11389960230287,37.724263391318978],[-122.11390841639439,37.724271167521522],[-122.11391722303468,37.724278600479906],[-122.11392602967668,37.7242860334376],[-122.11393310778543,37.72429349007475],[-122.11394191443078,37.724300923031251],[-122.11395244216021,37.724307989063185],[-122.11396123390273,37.724314735531216],[-122.11397003310017,37.72432182524205],[-122.1139788248459,37.72432857170876],[-122.11398933767593,37.724334951250377],[-122.11399634871475,37.724339318692117],[-122.11427528606485,37.72452433790707],[-122.11429282493233,37.724535771332931],[-122.11434021121269,37.724568083192253],[-122.11438587644739,37.724600761962463],[-122.11443155776739,37.724634127186292],[-122.1144772529056,37.724668178894611],[-122.11452123445298,37.724702940760622],[-122.1145652309537,37.72473838909692],[-122.11460750640666,37.72477420435002],[-122.1146497968133,37.724810706074621],[-122.11469036617039,37.724847574718417],[-122.11473095048153,37.724885129834924],[-122.11476982119834,37.724923395116384],[-122.11480869943195,37.724962004529118],[-122.11484586404995,37.725001323208197],[-122.11493081083053,37.725091145394913],[-122.1149449450306,37.725105028815832],[-122.11495907923592,37.725118912235054],[-122.11497321344655,37.72513279565252],[-122.11498734133859,37.72514633580932],[-122.11500146064344,37.725159532736576],[-122.11501730850846,37.725172705966102],[-122.11503314892082,37.725185535950125],[-122.11504898188025,37.725198022688602],[-122.11506481484504,37.725210509424898],[-122.11508064781509,37.725222996159069],[-122.11509646587328,37.725234796404258],[-122.11511401249342,37.725246572949978],[-122.11512983056191,37.725258373190712],[-122.11514736227521,37.725269463244608],[-122.11516489399366,37.725280553295953],[-122.11518241825843,37.725291300101233],[-122.11519117293368,37.725296330259532],[-122.11585678658503,37.725690291532189],[-122.11621759711333,37.725902680968275],[-122.11623512167697,37.725913427615957],[-122.11625435988982,37.725923464060287],[-122.11627186953548,37.72593352421589],[-122.11629110029439,37.725943217410943],[-122.11631032359406,37.725952567359606],[-122.11632953943416,37.72596157406182],[-122.11634875527889,37.725970580760894],[-122.11636796366379,37.725979244213526],[-122.11638716458849,37.725987564419825],[-122.1163906515946,37.725988889960654],[-122.11690361732366,37.726200905483921],[-122.11691410080111,37.726205911789783],[-122.11692632032592,37.726211237613967],[-122.11693853985243,37.726216563436886],[-122.11695076684795,37.726222232501684],[-122.11696300131268,37.726228244808468],[-122.11697350720013,37.726234280838653],[-122.11698574166866,37.726240293143057],[-122.11699625502709,37.726246672414433],[-122.11700849696707,37.726253027959658],[-122.11701901779686,37.72625975047216],[-122.11702953862853,37.726266472983745],[-122.11704006692985,37.726273538737537],[-122.11705059525269,37.726280605391324],[-122.11706112355797,37.726287671143254],[-122.11707165933309,37.726295080137447],[-122.11708219511029,37.72630248913066],[-122.11709273835748,37.726310241366136],[-122.11710155302579,37.726318017327209],[-122.11711210374523,37.726326112804102],[-122.11712091841743,37.726333888763754],[-122.11713147660934,37.726342327482087],[-122.1171402987536,37.726350446683412],[-122.11714912836801,37.726358909127278],[-122.11715795798439,37.726367371570497],[-122.11716679507109,37.726376177256185],[-122.11717390357714,37.726385006668814],[-122.11718274066781,37.726393812353294],[-122.11718985664581,37.726402985008157],[-122.11719870120895,37.726412133934595],[-122.11720581719068,37.726421306588442],[-122.11721293317422,37.726430479241849],[-122.11722005662803,37.72643999513798],[-122.1172271800836,37.726449511033742],[-122.11723431100968,37.726459370172172],[-122.11724143446892,37.726468886066961],[-122.11724683681385,37.726478768933205],[-122.11725223916024,37.726488651799166],[-122.11725937756204,37.726498854179212],[-122.11726477991152,37.726508737044597],[-122.11727018973116,37.726518963152877],[-122.1172756006866,37.726529189245355],[-122.11728101050926,37.726539415353059],[-122.11728469174692,37.726549665189815],[-122.11729010904118,37.726560234540287],[-122.11729379774995,37.726570827619874],[-122.11729747899093,37.726581077456174],[-122.11730116770183,37.726591670535463],[-122.11742463930531,37.726941905733923],[-122.11743200186106,37.726962405396947],[-122.11743937189051,37.726983248302595],[-122.11744846305143,37.727003724232901],[-122.11745754674776,37.727023856919381],[-122.11746663791865,37.727044332848159],[-122.1174757216248,37.727064465533068],[-122.11748652646494,37.727084231241896],[-122.11749733878067,37.727104340192781],[-122.11750813616246,37.727123762656383],[-122.11751894101981,37.727143528362028],[-122.11753146701358,37.727162927090632],[-122.1175439855634,37.727181983475688],[-122.11755650410009,37.727201038958434],[-122.11757074377489,37.727219727463243],[-122.11758325485445,37.727238439699889],[-122.1175974945432,37.727257128201359],[-122.11761172676866,37.727275473457922],[-122.11762595153066,37.727293475469629],[-122.11764189743309,37.727311110501979],[-122.11765784334307,37.727328745532105],[-122.11767378926072,37.727346380560064],[-122.11768085309527,37.727353150482138],[-122.11897285302359,37.728718402546967],[-122.11906309329348,37.728812612580477],[-122.11906842127797,37.728819062930093],[-122.11907547790213,37.728825489524006],[-122.11908253452758,37.728831916117436],[-122.11908785503763,37.728838023223226],[-122.11909490418795,37.728844106573021],[-122.11910195333942,37.728850189922355],[-122.11910899501447,37.728855930028374],[-122.11911604416818,37.728862013376862],[-122.11912308584544,37.728867753482007],[-122.11913184868622,37.728873126587501],[-122.11913889036573,37.72887886669168],[-122.11914592456876,37.728884263552509],[-122.11915467993536,37.72888929341336],[-122.1191617141405,37.728894690273265],[-122.1191704695094,37.728899720132901],[-122.11917922487953,37.728904749991912],[-122.11918624413218,37.728909460364491],[-122.11919499202661,37.728914146979385],[-122.11920373992211,37.728918833593639],[-122.11921248034082,37.728923176964322],[-122.11922122823847,37.728927863577283],[-122.11922996118119,37.728931863703757],[-122.11923870160288,37.728936207072437],[-122.11924743454752,37.728940207197645],[-122.11925616001484,37.728943864079234],[-122.11926489296125,37.728947864203079],[-122.11927534707215,37.728951497324985],[-122.11928406508346,37.728954811862501],[-122.11929279055435,37.728958468741396],[-122.11930322971126,37.728961415374968],[-122.11931194770538,37.728964729009498],[-122.11932065822184,37.728967699400499],[-122.11933109738114,37.72897064603162],[-122.11934152906272,37.728973249418914],[-122.11935023210269,37.728975876564817],[-122.11936066378563,37.728978479950378],[-122.11936935934824,37.728980763851972],[-122.11937977607501,37.728982680750029],[-122.11939020028117,37.728984940890101],[-122.11940061700909,37.728986857786339],[-122.11940929761607,37.728988455199172],[-122.11941970686607,37.728990028850816],[-122.11943011611642,37.728991602501544],[-122.11944052536724,37.728993176151384],[-122.11945091966038,37.728994063314445],[-122.11946132143285,37.728995293719542],[-122.11946998708382,37.728996204642122],[-122.11948038137768,37.728997091802583],[-122.11949076819251,37.728997635719296],[-122.11950115500758,37.728998179635042],[-122.11951153434332,37.728998380307026],[-122.11952191367916,37.728998580978072],[-122.1195322930151,37.728998781648187],[-122.11954266487153,37.728998639074497],[-122.11955303672795,37.728998496499926],[-122.11956340110476,37.728998010681558],[-122.11957376548135,37.728997524862258],[-122.11958412985781,37.728997039042021],[-122.11959275811178,37.728996233741121],[-122.11960311614243,37.728995404660715],[-122.11961346555881,37.7289942323522],[-122.11962381497479,37.728993060042704],[-122.11963416439052,37.728991887732292],[-122.11964450632586,37.728990372178167],[-122.11965484078077,37.728988513380145],[-122.11966518271529,37.72898699782418],[-122.1196737885268,37.728985162788653],[-122.11968411550009,37.728982960745221],[-122.11969444247281,37.728980758700907],[-122.11970476944489,37.72897855665564],[-122.11971336029394,37.72897603513151],[-122.11972367978441,37.728973489841721],[-122.11973399179381,37.72897060130817],[-122.11974258264095,37.728968079781843],[-122.11975288716837,37.72896484800377],[-122.11976147053363,37.728961983233212],[-122.11977176757888,37.728958408210573],[-122.11978034346207,37.728955200195777],[-122.11979064050547,37.728951625171476],[-122.11979920890637,37.728948073912399],[-122.11980776980612,37.728944178508968],[-122.11981633072455,37.728940284005752],[-122.11982662028328,37.728936365735436],[-122.11983517371904,37.728932127988003],[-122.11984372715378,37.72892789023993],[-122.11985228058758,37.728923652491268],[-122.11986082653937,37.728919071499071],[-122.11986937249013,37.728914490506263],[-122.11987791843985,37.728909909512801],[-122.11988645690748,37.728904985275875],[-122.11989326673353,37.728900084805865],[-122.11990179771782,37.728894817324957],[-122.11991033618207,37.72888989308624],[-122.11991713852399,37.728884649371949],[-122.11992566202352,37.72887903864644],[-122.11992737570081,37.728878328392675],[-122.12066624463857,37.728346967142507],[-122.12067815791184,37.728338219618578],[-122.12069006369762,37.728329128850582],[-122.12070196948054,37.728320038081385],[-122.12071387526049,37.728310947310995],[-122.12072577468686,37.728301513280897],[-122.12073593686512,37.728291759802204],[-122.12074610652566,37.728282349565461],[-122.12075798983902,37.728272229062],[-122.12076815200908,37.7282624755805],[-122.12077829920608,37.728252035612378],[-122.12078845388551,37.728241938886264],[-122.12079687245243,37.728231522697129],[-122.12080701964122,37.728221082726478],[-122.12081543071787,37.728210323293119],[-122.1208255704158,37.728199540078009],[-122.12083124118641,37.728192048136485],[-122.12083057663799,37.72819123090585],[-122.11845065999387,37.724748594994416],[-122.11822787523697,37.724426433817221],[-122.11754464288209,37.723438414969202],[-122.11679567629484,37.722355299948539],[-122.11742570931439,37.722080697250895],[-122.11763471628437,37.722381178603882],[-122.11933898396165,37.723414025746777],[-122.11980773180443,37.723899704598935],[-122.11986302613222,37.724074056189565],[-122.12493921703492,37.722979967340429],[-122.12493545237673,37.722965942065223],[-122.12370377297722,37.719283975114131],[-122.12329193007578,37.718048687628212],[-122.12269135758127,37.718171918262279],[-122.12233704698238,37.717110039666061],[-122.12269417987055,37.716679700690271],[-122.1228265192052,37.716652360909755],[-122.12242113238976,37.715439389868266],[-122.12204402562193,37.715794448928371],[-122.12206250578794,37.716183914460785],[-122.12206291773015,37.716202792850034],[-122.12206362177722,37.716235057733336],[-122.12206260496887,37.716267689659269],[-122.12206158817933,37.716300322485971],[-122.1220605638794,37.716332611168106],[-122.12205781123036,37.716364923649401],[-122.12205333771983,37.716397603173156],[-122.12204885671555,37.716429939453143],[-122.12204437570742,37.716462275732759],[-122.12203988720559,37.716494268768621],[-122.12203367783773,37.716526628846559],[-122.12202573262202,37.71655866947939],[-122.12201777990981,37.716590366868125],[-122.12201314908499,37.716615838277363],[-122.12200516640276,37.716646162691305],[-122.12199544786893,37.7166761676595],[-122.12198572932729,37.716706172626722],[-122.12197601077777,37.716736177593091],[-122.12196628475066,37.716765840215928],[-122.12195483033787,37.716795525734739],[-122.12194336842656,37.716824868008885],[-122.12193017814664,37.716854234079214],[-122.12191698036698,37.716883256904538],[-122.12190378257706,37.716912279728248],[-122.12188884892609,37.716940983103726],[-122.12188057408355,37.716957921014675],[-122.12186563292541,37.716986281143605],[-122.12184895590356,37.717014321823356],[-122.12183400723315,37.717042338704644],[-122.12181732269801,37.717070036136278],[-122.12179890978514,37.717097757360939],[-122.12178048188123,37.717124792095753],[-122.12176205396396,37.717151826827617],[-122.12174361854478,37.717178518313062],[-122.12172345476418,37.717205234490784],[-122.12170327597286,37.717231263277256],[-122.12168136879838,37.717257315853949],[-122.12166117500192,37.717282658146161],[-122.12164767751912,37.717297951203115],[-122.121624019471,37.717322997831921],[-122.12160035278507,37.717347701228093],[-122.12157667972973,37.717372061360351],[-122.12155127079897,37.717396102036282],[-122.1215275827371,37.717419775671694],[-122.12150043042601,37.717443153641156],[-122.1214749989845,37.717466164570062],[-122.12144783166552,37.717488856040454],[-122.12142065684296,37.717511204261029],[-122.12139346703027,37.717532865988439],[-122.12137812128174,37.717542690908857],[-122.12135771767564,37.717558422332445],[-122.1213287844775,37.717579421347004],[-122.12129985126295,37.717600420354337],[-122.12127090305944,37.71762073286768],[-122.12124021897574,37.717640725917768],[-122.12120952738951,37.717660375716328],[-122.12117882083487,37.717679339920927],[-122.12114637837963,37.717697983759109],[-122.12111565680239,37.717716260559399],[-122.12108319934423,37.717734217893238],[-122.12105072576563,37.717751488746842],[-122.12101824582081,37.717768416332426],[-122.12098402999462,37.717785024449128],[-122.12094979918336,37.717800946068991],[-122.12091728925509,37.717816500652937],[-122.12088303596133,37.717831392523024],[-122.12084704678642,37.717845964921345],[-122.12081447694287,37.71785877352935],[-122.12077676684173,37.717873712930526],[-122.12073903427368,37.71788762258933],[-122.1206995658235,37.717901212771942],[-122.12066008987524,37.71791445969788],[-122.12062059894627,37.717927020123689],[-122.1205810930375,37.717938894049396],[-122.12054157963316,37.717950424718346],[-122.12050205125084,37.717961268887109],[-122.12046077837162,37.717971450347228],[-122.12041949913268,37.717981288533814],[-122.12040573938394,37.717984567926138],[-122.12036960039691,37.7179922753092],[-122.12033345392037,37.717999639437778],[-122.12029729247286,37.718006317068337],[-122.12026111605536,37.718012308200834],[-122.12022493215056,37.718017956078846],[-122.12018874075883,37.718023260702196],[-122.12015080601203,37.718027902598848],[-122.12011458468601,37.718031834225634],[-122.12007835587525,37.718035422597779],[-122.12004039119249,37.718038691484985],[-122.12000413993323,37.718041250103944],[-122.11996788119103,37.718043465468206],[-122.11992987909838,37.718045018102501],[-122.11991778672902,37.718045527737488],[-122.11987804876631,37.718046760879417],[-122.11983830332255,37.718047650764476],[-122.11980026382705,37.718047487139565],[-122.11976049594374,37.718047347267955],[-122.11972071310204,37.718046520895918],[-122.11968091530318,37.718045008023445],[-122.11964110254817,37.718042808650637],[-122.11960128231694,37.718040266020793],[-122.11956144713133,37.718037036890507],[-122.11951466848501,37.71803252982091],[-122.11945920303789,37.718026082077877],[-122.11940545851009,37.718019267304847],[-122.11935169790297,37.718011766035865],[-122.11929791600896,37.718003234996196],[-122.11924411917335,37.717994017444894],[-122.11920765107952,37.717986621756623],[-122.11914335684605,37.717971711563813],[-122.11907904768582,37.717956114848825],[-122.11901471612471,37.717939488368089],[-122.11895036964104,37.717922175365054],[-122.11888772914624,37.717903808843445],[-122.11882334534766,37.717884779553209],[-122.11876066640775,37.717864696761701],[-122.1186997020704,37.717843903684027],[-122.11864395281364,37.717824412301567],[-122.11858296612017,37.717802589432658],[-122.11852541380581,37.717779689306546],[-122.1184661181985,37.717756126411608],[-122.11840853606361,37.717731853253845],[-122.11835093902053,37.717706893580633],[-122.11829331957873,37.717680903247476],[-122.1182374136315,37.717654203556521],[-122.11822343715096,37.717647528629584],[-122.11816223290418,37.717615751493298],[-122.11810274327809,37.717583264080965],[-122.11804323128975,37.717549746907537],[-122.1179854402601,37.717515862720745],[-122.11792589849496,37.717480972513172],[-122.11786979112321,37.717445005068775],[-122.11781366886497,37.717408351110095],[-122.11778561149174,37.717390195742517],[-122.11772767130439,37.71734944655541],[-122.1176714446126,37.71730798711728],[-122.11761519444121,37.717265497936665],[-122.11755893051026,37.717222321325039],[-122.117504380095,37.717178435367323],[-122.11745154317437,37.717133839164994],[-122.11740746764482,37.717094616182564],[-122.11736162645491,37.717053700695367],[-122.1173192345769,37.717012394486865],[-122.1172768278103,37.716970401775377],[-122.11723440615636,37.71692772256096],[-122.1171937054455,37.716884676359378],[-122.11715298984726,37.716840943655946],[-122.11713166705974,37.71681445447124],[-122.117089111173,37.716765596816451],[-122.11704999599044,37.71671600522243],[-122.11701086706098,37.716665727111973],[-122.11699660714889,37.716646008776465],[-122.11698768164138,37.716633084139318],[-122.11698059648917,37.716625284432766],[-122.11694490943123,37.716574272362536],[-122.11691810310622,37.716534125461813],[-122.11688416688541,37.71648411937975],[-122.11685367248153,37.716433379354186],[-122.11682317811925,37.716382639320194],[-122.11679439719698,37.716331188167473],[-122.11676560886873,37.716279394664419],[-122.11676018493287,37.716268482028539],[-122.11674938932308,37.716249059462463],[-122.11674032206574,37.716229613174036],[-122.11673124734783,37.716209823641073],[-122.11672217263481,37.716190034107335],[-122.11671309792658,37.71617024457283],[-122.11655592018366,37.715835761952683],[-122.11621033893292,37.715997403288554],[-122.11614988732445,37.715868756023752],[-122.11528677993701,37.715832692860076],[-122.11471268043229,37.714684055920685],[-122.11497414673306,37.714577511765775],[-122.11474072118153,37.714164040030347],[-122.11492565667909,37.714030990817164],[-122.11488907165459,37.714018101883205],[-122.11485250155555,37.714005899425914],[-122.11481593892459,37.713994040201264],[-122.11477765546621,37.713982547901793],[-122.11476721859196,37.713979600860149],[-122.11307536504471,37.713452053386291],[-122.11296225839324,37.713418237588606],[-122.11284918276684,37.713385794643315],[-122.11273441619049,37.713355091472813],[-122.11261795121233,37.713325784827958],[-122.11250325183302,37.713298170629741],[-122.11238686033047,37.713272295312869],[-122.11231912987316,37.713258115187919],[-122.1122514068859,37.713244278268142],[-122.11213336286791,37.713221859683642],[-122.11212815570205,37.713220900911992],[-122.11201189213818,37.713200861261676],[-122.11189567329266,37.71318288096203],[-122.11177948313762,37.713166273540239],[-122.11166159565801,37.713151062612141],[-122.11154375287246,37.713137911031744],[-122.11142593989034,37.713126132310478],[-122.11130815557115,37.713115726464082],[-122.11119041705506,37.713107379950223],[-122.11107098004479,37.713100429933945],[-122.11095331596213,37.713095515626136],[-122.11083395337015,37.713091997812739],[-122.11071634767968,37.713089829238278],[-122.11059705947422,37.713089743628167],[-122.11050379228988,37.713090738594289],[-122.11048308841141,37.713090982014229],[-122.11039313780695,37.71309321841904],[-122.11032921390654,37.713095122377567],[-122.11021348633255,37.713099794545393],[-122.11009779478154,37.713106182836903],[-122.10998213407979,37.713113943976751],[-122.10986478967662,37.713123788089767],[-122.10975092409446,37.713134614581563],[-122.10963537479482,37.71314752404674],[-122.10951985404768,37.713161806391632],[-122.1094060998239,37.713177781216075],[-122.10929064699498,37.713195152520264],[-122.10917695954143,37.713214216323067],[-122.10906330917732,37.713234996238249],[-122.10895141561181,37.713257125429855],[-122.10883783197559,37.713280994327185],[-122.10872601368774,37.71330655573346],[-122.10868823236216,37.713315794147199],[-122.10861595333435,37.713333467310079],[-122.10855630339087,37.713348575360257],[-122.10850419430706,37.71336177446112],[-122.10839419947635,37.713391774144974],[-122.10828423539475,37.713423146688342],[-122.10817603663264,37.713456211755627],[-122.10806786747418,37.713490649701242],[-122.10796146362451,37.713526780177219],[-122.10785508823345,37.713564283550355],[-122.10774874356314,37.713603159789642],[-122.1076441641862,37.713643728567369],[-122.10763559696861,37.713647278951214],[-122.10756530864006,37.713674675852914],[-122.10749677824009,37.713703422104885],[-122.10747451828092,37.713713339562695],[-122.10638603304901,37.714303981241002],[-122.10571105458222,37.714669920294661],[-122.10563419122245,37.714713199542501],[-122.105620542653,37.714721626778967],[-122.10558464836956,37.714740656701132],[-122.10554874665428,37.714759343367746],[-122.10551110177789,37.714777367090782],[-122.10547517778699,37.71479502400117],[-122.10543751804877,37.714812361211472],[-122.10539983605453,37.714828668675949],[-122.10536042572565,37.714844999682761],[-122.10534329079468,37.714852100116318],[-122.1053055865226,37.714867377816894],[-122.10526613909158,37.71488199256914],[-122.10523526653374,37.714893400344749],[-122.1051940981673,37.714908381869897],[-122.10515118664092,37.714922700442749],[-122.10510825914105,37.714936332526236],[-122.10506531793699,37.714949278089428],[-122.10502236930692,37.714961880392366],[-122.10497940584054,37.714973796190421],[-122.10497768493011,37.714974162983729],[-122.10497596401973,37.714974529777038],[-122.10497423569845,37.714974553325717],[-122.10497251478797,37.714974920118998],[-122.10497079387751,37.714975286912221],[-122.10496907296698,37.714975653705409],[-122.10496735205648,37.714976020498575],[-122.10496563114592,37.714976387291721],[-122.1049639176462,37.714977097329466],[-122.10496219673564,37.714977464122533],[-122.10496047582508,37.714977830915629],[-122.10495876232524,37.714978540953283],[-122.10495704141461,37.714978907746293],[-122.10495532791471,37.714979617783868],[-122.10495360700403,37.714979984576871],[-122.10495189350407,37.714980694614397],[-122.1049501800041,37.714981404651944],[-122.10495019482555,37.714982091141096],[-122.10494848132551,37.714982801178557],[-122.10494676041475,37.714983167971454],[-122.10494504691462,37.71498387800888],[-122.10494334082526,37.714984931290907],[-122.10494162732508,37.714985641328276],[-122.10493991382491,37.714986351365688],[-122.10493820032464,37.714987061402994],[-122.10493821514602,37.714987747892188],[-122.10493650905639,37.71498880117408],[-122.10493479555606,37.714989511211392],[-122.10493308946636,37.714990564493235],[-122.10493137596596,37.71499127453049],[-122.10493139819791,37.714992304264221],[-122.10492968469745,37.714993014301456],[-122.10492797860762,37.714994067583248],[-122.10492627251773,37.71499512086497],[-122.10492629474959,37.714996150598779],[-122.10492458124901,37.714996860635885],[-122.10492287515899,37.7149979139176],[-122.1049211690689,37.7149989671993],[-122.1049211913007,37.714999996933038],[-122.10491948521056,37.715001050214724],[-122.1049177791204,37.715002103496353],[-122.10491780135212,37.715003133230105],[-122.10491610267241,37.715004529756307],[-122.10491612490414,37.715005559490081],[-122.10491441881382,37.715006612771695],[-122.10491271272349,37.715007666053211],[-122.1049127423657,37.715009039031592],[-122.10491103627525,37.715010092313129],[-122.10491106591745,37.715011465291475],[-122.10490935982688,37.715012518572969],[-122.10490938946906,37.71501389155133],[-122.10490768337843,37.715014944832824],[-122.10490771302057,37.715016317811205],[-122.10490600692989,37.715017371092678],[-122.10490603657198,37.715018744070967],[-122.10490433048119,37.715019797352433],[-122.1049043601233,37.7150211703308],[-122.10490266144294,37.71502256685681],[-122.10490269108497,37.715023939835163],[-122.10490271331652,37.715024969568887],[-122.10490101463604,37.715026366094904],[-122.10490104427805,37.71502773907325],[-122.10490107392006,37.71502911205161],[-122.1048993752395,37.715030508577584],[-122.10489940488149,37.71503188155593],[-122.10489943452346,37.715033254534298],[-122.10489945675498,37.715034284268043],[-122.1048977580743,37.71503568079396],[-122.10489778771624,37.715037053772335],[-122.10489781735819,37.715038426750688],[-122.10489784700017,37.71503979972907],[-122.10489787664217,37.71504117270743],[-122.10489617796122,37.715042569233333],[-122.10489620760316,37.715043942211693],[-122.10489623724509,37.715045315190054],[-122.10489626688701,37.715046688168357],[-122.10489629652898,37.715048061146717],[-122.1048963261709,37.715049434125085],[-122.10489636322332,37.715051150348025],[-122.10489639286527,37.715052523326392],[-122.10489642250724,37.715053896304752],[-122.10489645214919,37.715055269283113],[-122.10489648179112,37.715056642261452],[-122.10489651143307,37.71505801523984],[-122.10489654107501,37.715059388218179],[-122.10489657071699,37.715060761196547],[-122.10489660035891,37.71506213417485],[-122.10489663000089,37.715063507153204],[-122.10489665964282,37.715064880131571],[-122.10489841760824,37.715066229562368],[-122.10489844725022,37.715067602540721],[-122.10489847689223,37.715068975519081],[-122.10489850653424,37.715070348497449],[-122.10489853617619,37.715071721475788],[-122.10490029414174,37.715073070906556],[-122.10491354104489,37.715126108983455],[-122.10491914842345,37.715145603281258],[-122.10492647672014,37.715164730786086],[-122.10493381245064,37.715184202435942],[-122.10494114075487,37.71520332993979],[-122.10494846906288,37.715222457443112],[-122.10495579737459,37.715241584945943],[-122.10496484660726,37.715260345655146],[-122.10497389584445,37.715279106363603],[-122.10498294508629,37.715297867071321],[-122.10499371525088,37.71531626098475],[-122.10500448542081,37.715334654897163],[-122.10501524818504,37.715352705563916],[-122.10502601095448,37.715370756229667],[-122.10503677372911,37.715388806894403],[-122.10504925742913,37.715406490763797],[-122.10506173372376,37.715423831387199],[-122.10506532379061,37.715429962689285],[-122.10508127158019,37.715447942699626],[-122.10509894771008,37.715465899157259],[-122.10511661643703,37.715483512367634],[-122.10513428630644,37.715501125559882],[-122.10515367597225,37.71551837196899],[-122.10517132990103,37.715535298681921],[-122.10519070476059,37.715551858595781],[-122.1052100796288,37.715568418506429],[-122.10522943968145,37.71558429192477],[-122.10524175298097,37.715594081148801],[-122.10528393722589,37.715626125010708],[-122.10532420783767,37.715649610397108],[-122.10539949740777,37.715693562592413],[-122.10547480189335,37.715738201228397],[-122.10549583107942,37.715751305090379],[-122.10556770865561,37.715797363757147],[-122.10563960856283,37.715844452113203],[-122.10571153193825,37.71589257014309],[-122.105780012415,37.715941421754117],[-122.10584851522671,37.715991303058445],[-122.10591704037614,37.716042214055932],[-122.10616348090822,37.716245892360782],[-122.10643832675758,37.716643859729786],[-122.106755834609,37.717015837002364],[-122.10745647500427,37.71783580207056],[-122.10747243875305,37.717854469139695],[-122.10748839506763,37.717872792061485],[-122.10750607235553,37.717890748151007],[-122.10752374965205,37.717908704237821],[-122.107541419534,37.717926317077627],[-122.10755908200129,37.717943586670522],[-122.10757847286673,37.717960832673818],[-122.10759612050434,37.717977415772523],[-122.1076154965405,37.717993975281146],[-122.10763487258532,37.718010534786529],[-122.10765596218309,37.718026384212173],[-122.10767532339808,37.718042257222322],[-122.10769640558981,37.718057763396402],[-122.10771748036649,37.718072926322407],[-122.10773854772779,37.7180877460004],[-122.10775960767357,37.718102222430353],[-122.10778239602101,37.718116675266614],[-122.10780344113498,37.718130465200161],[-122.10782621465094,37.718144231539419],[-122.10784898075083,37.718157654630005],[-122.10787346782917,37.718170710880806],[-122.10789621909646,37.718183447473727],[-122.10792069134199,37.718195817226182],[-122.10794342777531,37.718207867321532],[-122.10796788518678,37.71821955057564],[-122.10799233518091,37.718230890580465],[-122.1080167777572,37.718241887335978],[-122.10804294244609,37.718252517233033],[-122.10806737018608,37.718262827489539],[-122.10809351890434,37.718272770902388],[-122.1081057290675,37.7182777544039],[-122.10831490425842,37.718356615887842],[-122.10832536377134,37.718360593231637],[-122.10835151998518,37.71837087983122],[-122.10837767620633,37.718381166424997],[-122.10840384728873,37.718392139501354],[-122.10842829740606,37.718403479415372],[-122.10845275495808,37.718415162568448],[-122.10847894091822,37.71842682211642],[-122.10850341334091,37.718439191747329],[-122.10852616479829,37.718451928218101],[-122.10855064466472,37.718464641083301],[-122.10857513939516,37.718478040431748],[-122.10859791429458,37.718491806605591],[-122.10862068806836,37.718505572790477],[-122.10864346927869,37.718519682215131],[-122.10866626535409,37.718534478123594],[-122.10868906143861,37.71854927402768],[-122.10871013655706,37.718564436774905],[-122.10933521407729,37.719007055971296],[-122.10934927176115,37.71901750763621],[-122.10936333688045,37.719028302543478],[-122.10937913784981,37.719039417079905],[-122.10939148199458,37.719050578841156],[-122.10940556198972,37.719062060231451],[-122.10941964198919,37.719073541620119],[-122.10943372942484,37.71908536625115],[-122.10944609588114,37.719097557738827],[-122.10945846234149,37.719109749225197],[-122.10947082880594,37.719121940710217],[-122.10948320270647,37.719134475438011],[-122.10949557661118,37.719147010164463],[-122.1095062295351,37.719159911748847],[-122.10951861089968,37.719172790617833],[-122.10952927126358,37.719186035444125],[-122.10953993163128,37.719199280269457],[-122.10955059943521,37.719212868337848],[-122.10956126724298,37.719226456405259],[-122.10957020663567,37.719240068087757],[-122.10958088188355,37.719253999397374],[-122.10958982871567,37.719267954322369],[-122.10959878298388,37.71928225249075],[-122.10960772982278,37.719296207414345],[-122.10961496310991,37.719310872442101],[-122.10962391738799,37.719325170608435],[-122.10963115068114,37.719339835635125],[-122.10963838397704,37.719354500661368],[-122.10964561727587,37.719369165687098],[-122.10965285801041,37.719384173956378],[-122.10965837032519,37.719399205842628],[-122.10966561106527,37.71941421411109],[-122.10967112338484,37.719429245996615],[-122.10967664313964,37.719444621125895],[-122.10968043447266,37.719460019872614],[-122.10968594679865,37.719475051757385],[-122.10968595423168,37.719475395001417],[-122.10987239444994,37.72010082818754],[-122.10987618585699,37.720116226926336],[-122.10988002930358,37.720134028372939],[-122.10988560862623,37.720152149442683],[-122.10988945207697,37.720169950888895],[-122.10989330296366,37.720188095578891],[-122.10989541797677,37.720205920645611],[-122.10989926886671,37.720224065335373],[-122.10990139131638,37.720242233645848],[-122.10990351376709,37.720260401956203],[-122.10990390777579,37.720278593887542],[-122.10990603022816,37.72029676219779],[-122.10990642423766,37.720314954128987],[-122.10990681824741,37.720333146060128],[-122.1099072122573,37.720351337991204],[-122.10990587782224,37.720369553543243],[-122.10990454338653,37.720387769095218],[-122.10990320895016,37.720405984647137],[-122.10990187451313,37.720424200198998],[-122.10990053264138,37.720442072506764],[-122.10989746975578,37.720460311679375],[-122.10989440686869,37.720478550851851],[-122.10989133654599,37.720496446780196],[-122.10988826622179,37.720514342708448],[-122.10988346746679,37.720532263158148],[-122.10988039713924,37.720550159086038],[-122.10987559836042,37.720568078634422],[-122.10986906369514,37.72058567855904],[-122.10986426491131,37.720603598106848],[-122.10981881206602,37.720740184080185],[-122.10981561534025,37.72075224485841],[-122.10981241861352,37.720764305636521],[-122.10980922931941,37.720776709658502],[-122.10980603259054,37.720788770436414],[-122.10980284329429,37.72080117445816],[-122.10979965399703,37.720813578479792],[-122.10979819315453,37.720825958881882],[-122.10979673231151,37.720838339283965],[-122.10979527146799,37.720850719685977],[-122.1097938180577,37.720863443331908],[-122.10979235721318,37.720875823733863],[-122.10979089636818,37.720888204135754],[-122.10979117141393,37.720900904162235],[-122.10978971056829,37.720913284564077],[-122.10978997818025,37.720925641346561],[-122.10979025322597,37.720938341373007],[-122.10979052083813,37.720950698155484],[-122.10979252434304,37.720963374562508],[-122.1097927919752,37.720975732245783],[-122.10979478804744,37.720988065408783],[-122.1097967915541,37.721000741815658],[-122.10979705916755,37.721013098597972],[-122.10979897347065,37.721021656077362],[-122.1097989957718,37.721022685809238],[-122.1098647402226,37.721423845905079],[-122.10986668428032,37.721433776358495],[-122.1098686283386,37.72144370681189],[-122.10987057239738,37.721453637265199],[-122.10987424492728,37.721463544097965],[-122.10987618898734,37.721473474551154],[-122.10987813304786,37.721483405004307],[-122.10988179814611,37.721492968592834],[-122.10988547067946,37.721502875425138],[-122.10988913577957,37.721512439013459],[-122.10989280088069,37.72152200260161],[-122.10989646598264,37.721531566189633],[-122.10990013108561,37.721541129777499],[-122.10990552466215,37.721550669744303],[-122.10990918976722,37.721560233331914],[-122.10991457591194,37.721569430054316],[-122.10991823358479,37.721578650397717],[-122.109923619732,37.7215878471197],[-122.10992900588053,37.721597043841406],[-122.10993438459606,37.721605897318973],[-122.10994149922135,37.72161507041865],[-122.1099415289591,37.721616443394268],[-122.11001301730948,37.721723963586193],[-122.11001480526437,37.721726685914817],[-122.11001660065421,37.721729751487302],[-122.1100183960442,37.721732817059753],[-122.11002018399948,37.72173553938822],[-122.11002197195491,37.721738261716737],[-122.11002549582227,37.721741303666363],[-122.11002728377807,37.721744025994781],[-122.11002907173395,37.721746748323184],[-122.11003258816716,37.721749447028699],[-122.11003437612341,37.721752169356968],[-122.11003789255707,37.721754868062298],[-122.11003967307872,37.721757247146648],[-122.11004318951279,37.721759945851822],[-122.11004497003474,37.721762324936051],[-122.11004848646927,37.721765023641098],[-122.11005199546912,37.72176737910209],[-122.11005377599149,37.721769758186227],[-122.11005728499175,37.721772113647084],[-122.11006079399216,37.721774469107828],[-122.1100643029928,37.721776824568487],[-122.1100660760808,37.72177886040852],[-122.11006958508186,37.721781215869015],[-122.11007308664807,37.721783228085492],[-122.11007659564953,37.72178558354576],[-122.11008009721611,37.721787595762088],[-122.11008359878291,37.721789607978245],[-122.1100871003499,37.721791620194296],[-122.11009059448189,37.721793289166413],[-122.11009409604924,37.721795301382279],[-122.11009759018162,37.721796970354148],[-122.11010109174934,37.721798982569808],[-122.11010458588203,37.721800651541436],[-122.11010808001483,37.721802320513021],[-122.11011157414782,37.721803989484499],[-122.11011506828102,37.721805658455814],[-122.11011855497905,37.721806984183218],[-122.1101220491125,37.721808653154355],[-122.11012726428935,37.721809955257264],[-122.11013075098784,37.721811280984262],[-122.11013423768642,37.721812606711119],[-122.11013772438517,37.721813932437911],[-122.11014293212723,37.721814891296283],[-122.11014641882623,37.721816217022806],[-122.1101498980899,37.721817199505345],[-122.1101551058324,37.721818158363142],[-122.11015858509631,37.721819140845419],[-122.1101620643603,37.72182012332761],[-122.11016727210318,37.721821082184846],[-122.11017074393183,37.721821721422913],[-122.11017422319607,37.721822703904714],[-122.11017942350377,37.721823319517583],[-122.11018289533264,37.721823958755238],[-122.11018636716156,37.721824597992843],[-122.11019156003385,37.721824870361239],[-122.11019503186292,37.721825509598567],[-122.11020022473531,37.721825781966608],[-122.11020369656447,37.721826421203659],[-122.11020888943698,37.721826693571323],[-122.11021234639483,37.721826646320366],[-122.11021581078845,37.721826942313221],[-122.11022100366097,37.721827214680346],[-122.11022446061885,37.721827167429041],[-122.11022964605569,37.721827096551884],[-122.11023310301356,37.72182704930033],[-122.11023828845035,37.721826978422811],[-122.1102417379724,37.721826587927133],[-122.11024519493023,37.72182654067521],[-122.11025037293109,37.721826126553267],[-122.11025382245302,37.721825736057234],[-122.11025900045379,37.721825321934922],[-122.11026244997564,37.721824931438633],[-122.11026762797624,37.721824517315895],[-122.11027107006205,37.721823783575509],[-122.11027451958378,37.72182339307885],[-122.11027969014827,37.721822635711746],[-122.11028313223379,37.721821901970955],[-122.11028829536204,37.721820801359598],[-122.11029173744744,37.721820067618594],[-122.11029517209671,37.721818990633579],[-122.11030034266065,37.72181823326558],[-122.11030377730967,37.721817156280295],[-122.11030721195863,37.721816079294932],[-122.1103123750861,37.721814978682531],[-122.11031580229857,37.721813558453064],[-122.11031923694721,37.721812481467332],[-122.1103226641595,37.721811061237659],[-122.11032781985014,37.721809617380671],[-122.11033124706211,37.721808197150736],[-122.11033467427394,37.721806776920694],[-122.11033638787983,37.721806066805669],[-122.11040837530446,37.721776928423004],[-122.1104118025134,37.721775508190696],[-122.1104186643675,37.721773010969699],[-122.11042724726209,37.721770146875798],[-122.11043410911516,37.721767649653877],[-122.11044097096787,37.721765152431558],[-122.1104478402568,37.721762998452732],[-122.11045470210858,37.721760501229646],[-122.11046330731085,37.72175866686468],[-122.11047017659862,37.721756512884568],[-122.11047705332285,37.721754702147869],[-122.11048565852394,37.721752867781305],[-122.11049253524747,37.72175105704374],[-122.11049941940773,37.721749589549617],[-122.11050802460763,37.721747755181418],[-122.11051491620435,37.721746630930248],[-122.11052352884069,37.721745139804781],[-122.11053042043696,37.721744015552709],[-122.11053904050983,37.721742867669988],[-122.1105459395429,37.721742086660875],[-122.11055455961532,37.721740938777025],[-122.11056145864806,37.721740157766995],[-122.11057009359472,37.721739696369703],[-122.11057700006458,37.721739258602646],[-122.11058563501111,37.721738797204246],[-122.11059254148067,37.721738359436259],[-122.1106011838645,37.721738241280548],[-122.11060809777148,37.721738146755548],[-122.11061674015525,37.721738028598693],[-122.11062538997655,37.721738253685096],[-122.11063231132118,37.721738502402523],[-122.11064096114258,37.721738727487754],[-122.11064788248731,37.721738976204236],[-122.11065653974657,37.72173954453222],[-122.1106634685292,37.721740136491654],[-122.11067213322652,37.721741048062349],[-122.11067906944729,37.7217419832647],[-122.11068773414503,37.721742894834222],[-122.11069467036616,37.721743830035727],[-122.11070161402537,37.721745108480626],[-122.1107102861618,37.721746363292368],[-122.11071723725955,37.721747984980205],[-122.11072590939656,37.721749239790768],[-122.11073286049492,37.72175086147768],[-122.11073981903179,37.721752826408036],[-122.11074849860786,37.721754424460791],[-122.11075545714549,37.721756389390265],[-122.11076241568341,37.721758354319284],[-122.11076938165999,37.721760662491718],[-122.11077807611424,37.721762947030022],[-122.11078504209178,37.721765255201575],[-122.11079200806974,37.721767563372659],[-122.11079898148648,37.721770214787249],[-122.11080595490377,37.721772866201412],[-122.11081292832151,37.721775517615121],[-122.11081990173982,37.721778169028461],[-122.1108268825971,37.721781163685215],[-122.11083386345497,37.721784158341535],[-122.11084084431346,37.721787152997472],[-122.11084783261106,37.721790490896815],[-122.11085482090931,37.721793828795782],[-122.11086008073013,37.721797190329319],[-122.11086707646835,37.721800871471338],[-122.11087406476838,37.721804209369175],[-122.11087933202963,37.721807914145636],[-122.11088632776978,37.721811595286539],[-122.11089333094941,37.721815619670856],[-122.11089859821244,37.721819324446521],[-122.1109038729149,37.721823372465757],[-122.11091087609661,37.721827396849015],[-122.11091615823925,37.721831788111551],[-122.11092143294356,37.721835836130012],[-122.11092844356638,37.721840203756017],[-122.11093372684512,37.721844595002253],[-122.11093900899034,37.721848986263737],[-122.11094429857521,37.721853720768827],[-122.11094958818036,37.721858456174566],[-122.11095487776664,37.72186319067918],[-122.11096016735355,37.72186792518351],[-122.11096545694114,37.721872659687619],[-122.1109690180496,37.721877417828125],[-122.11097431507767,37.721882495575692],[-122.11097961210646,37.721887573322981],[-122.11098318065574,37.721892674706844],[-122.11098847768591,37.721897752453735],[-122.11099205367559,37.721903197081161],[-122.1109956222265,37.721908298464683],[-122.11100092669795,37.721913719454804],[-122.1110045026894,37.721919164081847],[-122.11100807868125,37.721924608708733],[-122.1110116546737,37.721930053335569],[-122.11101523066671,37.721935497962242],[-122.11101881409962,37.721941285832671],[-122.11102239009367,37.72194673045918],[-122.11102424504605,37.721952541966743],[-122.1110278284805,37.721958329836852],[-122.11103141191553,37.721964117706875],[-122.11103326686911,37.721969929214332],[-122.11103685030513,37.72197571708417],[-122.11103870525942,37.721981528591456],[-122.11104229613593,37.721987659704929],[-122.11104415109094,37.721993471212215],[-122.11104600604621,37.721999282719416],[-122.11107181921712,37.7220734356967],[-122.11107369649574,37.722080276934868],[-122.11107730969906,37.722087437778583],[-122.1110791869785,37.722094279016623],[-122.11108279274332,37.722101096616377],[-122.11108639106908,37.722107570972213],[-122.11108999683525,37.722114388571732],[-122.11109187411645,37.722121229809524],[-122.11109547244394,37.722127704165054],[-122.11109907077208,37.722134178520449],[-122.11110439758676,37.722140629237174],[-122.11110799591626,37.722147103592263],[-122.11111159424641,37.722153577947324],[-122.11111519257719,37.722160052302186],[-122.11112051195522,37.722166159774339],[-122.11112411028736,37.722172634128938],[-122.11112942966697,37.722178741600665],[-122.11113474904751,37.722184849072178],[-122.11114006098887,37.722190613299603],[-122.11114365188384,37.7221967444098],[-122.11114896382676,37.722202508636826],[-122.1111542757705,37.722208272863625],[-122.11115958771502,37.722214037090126],[-122.1111666281482,37.722219777676941],[-122.11117194009452,37.72222554190293],[-122.11117724460144,37.722230962884836],[-122.11118254910916,37.722236383866552],[-122.11118958210594,37.722241781208169],[-122.11119487917506,37.722246858945503],[-122.11120191217374,37.722252256286382],[-122.11120893773304,37.722257310383043],[-122.11121422736421,37.722262044875677],[-122.11122125292535,37.722267098971599],[-122.1112282710469,37.722271809823262],[-122.11123528916943,37.72227652067459],[-122.11124230729276,37.722281231525443],[-122.11124931797653,37.722285599132114],[-122.11125633610159,37.722290309982114],[-122.11126333934645,37.722294334344106],[-122.11127035003263,37.722298701949498],[-122.11127735329853,37.722302727211577],[-122.11128608503537,37.722306727931084],[-122.11129308828338,37.722310752291342],[-122.11130008409131,37.722314433407348],[-122.11130880838995,37.72231809088138],[-122.11131580419938,37.722321771996498],[-122.11132452849962,37.722325429469372],[-122.11133151686958,37.722328767339768],[-122.1113402337305,37.722332081567686],[-122.11134894315117,37.722335052551173],[-122.11135592408209,37.722338047176329],[-122.11136463350414,37.722341018158637],[-122.11137334292681,37.722343989140342],[-122.11138204490908,37.722346616877594],[-122.1113907468919,37.7223492446142],[-122.11139944143412,37.722351529106419],[-122.11140813597692,37.722353813598019],[-122.1114151020293,37.722356121732055],[-122.11142379657312,37.722358406222462],[-122.11143248367601,37.722360347468438],[-122.11144116333796,37.722361945470006],[-122.11145157893277,37.722363863071024],[-122.11146025859557,37.72236546107122],[-122.11146893825868,37.722367059070734],[-122.11147761048061,37.722368313825847],[-122.11148628270277,37.72236956858027],[-122.11149495492525,37.722370823334103],[-122.11150361970633,37.722371734843541],[-122.11151228562179,37.722372646336829],[-122.11152267145268,37.722373190956482],[-122.11153132879247,37.722373759220133],[-122.11153998613244,37.722374327483095],[-122.11154864347252,37.722374895745418],[-122.11155902186204,37.722375097118153],[-122.11156766431829,37.72237497889158],[-122.11157631421662,37.722375203908094],[-122.11158495667287,37.722375085680248],[-122.11159532017818,37.722374600562219],[-122.11160396263438,37.722374482332974],[-122.11161259764826,37.722374020859306],[-122.11162122521982,37.722373216141293],[-122.11162985279115,37.722372411422633],[-122.1116402088535,37.722371583056876],[-122.11164882898203,37.72237043509304],[-122.11165745655272,37.72236963037237],[-122.11166606923834,37.722368139163507],[-122.11167468936608,37.722366991197795],[-122.11168330205105,37.722365499987724],[-122.11169363578396,37.722363641885948],[-122.11170224102554,37.722361807430701],[-122.1117108462666,37.722359972974871],[-122.11171945150733,37.722358138518345],[-122.1117280493048,37.722355960817488],[-122.11172803441927,37.722355274329942],[-122.11222155868441,37.722230752870736],[-122.11223016389755,37.722228918376871],[-122.11224048270758,37.722226373739694],[-122.11225253000445,37.722223805446177],[-122.11226285625824,37.72222160405078],[-122.11227491844416,37.722219722242478],[-122.11228524469675,37.722217520845113],[-122.11229731432675,37.722215982278215],[-122.11230764802359,37.722214124122587],[-122.1123197176526,37.722212585553422],[-122.11233006623941,37.722211413883272],[-122.11234214331309,37.722210218555503],[-122.11235422783201,37.722209366470238],[-122.11236458386355,37.722208538040782],[-122.11237666838193,37.722207685953236],[-122.11238703185882,37.722207200765546],[-122.11239912382256,37.722206691919425],[-122.11241122323204,37.722206526315745],[-122.11242159415443,37.722206384368768],[-122.11243370100983,37.722206562006477]],[[-122.12048143610298,37.722638213172722],[-122.1206968142852,37.721944956072278],[-122.12150244347072,37.72210287201672],[-122.12128707234424,37.722796130572227],[-122.12048143610298,37.722638213172722]]],[[[-122.10289424407628,37.714403736494212],[-122.10292581991563,37.714424937582258],[-122.10295741057594,37.714446825151249],[-122.1029872803463,37.714469079475997],[-122.10301888584695,37.714491653517761],[-122.10304704214631,37.714514617836699],[-122.10307694157895,37.714538245117353],[-122.10310512012036,37.714562239156336],[-122.10313329867999,37.714586233188541],[-122.1031614920627,37.714610913703318],[-122.1031618594952,37.714611224111827],[-122.10317019284952,37.714613542050373],[-122.10321018834658,37.714624328108485],[-122.10325190476642,37.714634747384913],[-122.1032640695901,37.714637671922844],[-122.10330404290443,37.714647428214946],[-122.10334400142283,37.71465649800404],[-122.10338395254743,37.714665224534876],[-122.10342389000822,37.714673264547308],[-122.10346381893974,37.714680961316922],[-122.10350373307146,37.714687971583601],[-122.10354536071758,37.714694271819688],[-122.10358525265093,37.714700252324668],[-122.10362685809703,37.714705522797821],[-122.10366844873946,37.714710106766937],[-122.10370830366638,37.714714371006785],[-122.10374987210334,37.714717925213144],[-122.10379142573352,37.714720792915408],[-122.10380181043887,37.714721338216336],[-122.10384855642607,37.714724478548646],[-122.10389355188383,37.714726612661167],[-122.10394026825408,37.714728379978354],[-122.10398523522588,37.714729141061788],[-122.10403192197403,37.714729535363993],[-122.10407686559347,37.714729266693894],[-122.1041235301215,37.714728631225789],[-122.10417017242747,37.714726966005259],[-122.10421507160093,37.714724637814541],[-122.10426169167977,37.714721942823857],[-122.10430656862418,37.714718584864308],[-122.10435315906412,37.714714516858805],[-122.10439800636729,37.714709785885844],[-122.1044187017015,37.714707443933506],[-122.10446525508604,37.71470165966047],[-122.10451179364593,37.714695188879844],[-122.10455832592291,37.714688374820668],[-122.10460484223914,37.714680874269312],[-122.10465134372731,37.71467268721036],[-122.10469610207203,37.71466383718839],[-122.10474257390051,37.714654277114875],[-122.10478730258347,37.714644054079756],[-122.10483202384404,37.714633487782997],[-122.10487845117399,37.714621868188161],[-122.10492314276593,37.71460992887836],[-122.10496609120953,37.714597326610878],[-122.10501075312884,37.714584014289336],[-122.10505540762095,37.714570358706226],[-122.10509831155099,37.714555696922829],[-122.1051412091867,37.714540691863789],[-122.10515836630019,37.714534621193017],[-122.10519952705496,37.714519296434879],[-122.10524068038085,37.71450362841771],[-122.10528181886492,37.714487273896957],[-122.10532294250609,37.71447023287255],[-122.10536232299425,37.714452528899017],[-122.10540169605085,37.714434481667588],[-122.10544105426253,37.71441574793387],[-122.10548039762804,37.714396327697685],[-122.10551973355983,37.714376564203796],[-122.10555733375035,37.714356481009325],[-122.10555737201101,37.714356519238095],[-122.1056222754424,37.71432160460251],[-122.10563080576483,37.714316338142538],[-122.106628647265,37.713770888147387],[-122.10664060436459,37.713764201489674],[-122.10673972508572,37.713711004279347],[-122.10684059734706,37.713658813127317],[-122.10694150543164,37.713608338126583],[-122.10704417134791,37.713559212438135],[-122.10714859509797,37.713511436057402],[-122.10725305581987,37.713465375806365],[-122.10735754723315,37.713420688425003],[-122.10746552364213,37.713377326773752],[-122.10753578945885,37.713348900196735],[-122.10763352214033,37.71331151416409],[-122.10773301271762,37.71327547833986],[-122.10783253289388,37.713240815409442],[-122.1079338046636,37.71320715852071],[-122.10803511233146,37.713175217782641],[-122.10813817789115,37.71314462634016],[-122.10816223269731,37.713137774361002],[-122.10828077838504,37.713103537988538],[-122.10840109679825,37.713071337364596],[-122.10852144594941,37.713040509579962],[-122.10864183100455,37.713011397910023],[-122.10876398137985,37.712983978734925],[-122.10888616880861,37.712958275655325],[-122.10900839329913,37.712934288671136],[-122.10913238426593,37.712911994157068],[-122.1092564111764,37.712891415750008],[-122.10935464027774,37.712877026564719],[-122.10948047706518,37.712860199096511],[-122.10960462383898,37.712845112217941],[-122.1097305348611,37.712831717827591],[-122.10985648300374,37.712820039524608],[-122.10998246827552,37.712810077308923],[-122.11010849811944,37.712802174424773],[-122.1102362870792,37.712795620741922],[-122.11029674675153,37.712793420842928],[-122.11030891102357,37.712793021144122],[-122.10957375414203,37.711667400371354],[-122.10835632510681,37.709803291480412],[-122.10817645877609,37.709805288695186],[-122.10646037947481,37.709824355523359],[-122.10529893328591,37.709836061304067],[-122.10517475448007,37.710569776888164],[-122.0989542756988,37.7132789205709],[-122.09902741735721,37.713303678592219],[-122.09918942522022,37.713360877960923],[-122.09935310992628,37.713415650924951],[-122.099518480002,37.713468341607886],[-122.09955153904332,37.713478193049433],[-122.09958290673391,37.713489784176289],[-122.09968206916577,37.713518651928744],[-122.09978120951445,37.713546489862608],[-122.09988031300151,37.713572611487976],[-122.09990265279761,37.713578166561227],[-122.09994785668495,37.713578217639274],[-122.09999280075711,37.713577950511805],[-122.10003945720948,37.713576973416409],[-122.10008437798211,37.713575676534511],[-122.10012927658828,37.713573349900528],[-122.10017588870463,37.713570313281295],[-122.10022076513845,37.713566956877585],[-122.10026562679022,37.713562913966847],[-122.10027252517206,37.713562133558305],[-122.10028632932442,37.713560915985006],[-122.10031565852833,37.713558114108217],[-122.10034499511936,37.713555655469115],[-122.10037433909791,37.71355354006765],[-122.10040369785398,37.713552111148729],[-122.10043478489852,37.713550658740445],[-122.10046415843206,37.713549916296422],[-122.100493539355,37.713549517090009],[-122.10052292766781,37.71354946112119],[-122.10055406018468,37.713550068135696],[-122.10058347066889,37.71355104188666],[-122.10061288115391,37.713552015630235],[-122.10064231381172,37.713554019101259],[-122.10067174647122,37.713556022564973],[-122.10070118652318,37.713558369266266],[-122.10073064135923,37.713561402450004],[-122.10076010358893,37.713564778871351],[-122.10078957321267,37.713568498530258],[-122.10081905023087,37.71357256142673],[-122.10084853464397,37.713576967560726],[-122.10087803384418,37.713582060177195],[-122.10090754044029,37.713587496031174],[-122.10093532614232,37.713593298612132],[-122.10096484753144,37.71359942094157],[-122.10099264802706,37.713605909998819],[-122.10102218421086,37.713612718803716],[-122.10131937928642,37.713685588363013],[-122.10133675093815,37.713689472349728],[-122.10136627979257,37.71369593782341],[-122.10139581604635,37.713702746534544],[-122.10142536709425,37.713710241728016],[-122.10145492554251,37.71371808015892],[-122.10148276309822,37.71372628532481],[-122.10151233634835,37.713734810230996],[-122.10154018870639,37.713743701873028],[-122.10156804846613,37.713752936753302],[-122.10159765131716,37.713762834617583],[-122.10162552588169,37.71377275597397],[-122.10165168694977,37.713783387313406],[-122.10167958371576,37.713794338391565],[-122.10170748901959,37.71380563269252],[-122.10173367229831,37.713817293748257],[-122.10175986298101,37.713829298043031],[-122.10195895980542,37.713922728160085],[-122.10257043597353,37.714219301408768],[-122.10260713735842,37.714237686084275],[-122.10265084078323,37.714260095627388],[-122.10269455903484,37.714283191643759],[-122.10273656380804,37.714306997649189],[-122.10277858342889,37.714331491029974],[-122.1027978316294,37.714342216179666],[-122.10283110725341,37.714362020782062],[-122.10286266825494,37.714382535397625],[-122.10289424407628,37.714403736494212]]]]},"properties":{"AGENCY_NAM":"EBRPD","GLOBALID":"{5C9FA118-DB1A-4D1E-A3BA-F4D6556741F3}","SHAPE.AREA":76686128.359050706,"SHAPE.LEN":110270.022603684,"OBJECTID":9,"NAME":"Lake Chabot"}},{"type":"Feature","id":10,"geometry":{"type":"MultiPolygon","coordinates":[[[[-122.07752087651983,37.852648233241531],[-122.07736533232672,37.852377712141624],[-122.07729429647256,37.852254792296975],[-122.07731431950454,37.85224282875518],[-122.07731442049609,37.852242767929987],[-122.07733503599616,37.852230393655326],[-122.0773558173321,37.852218015358112],[-122.07941517630549,37.850987576487313],[-122.07980175757891,37.850917688319647],[-122.07963759995307,37.849453260405852],[-122.08399080549285,37.849355543930869],[-122.08387734786068,37.844268611707804],[-122.08385721538095,37.843725373323394],[-122.08253325317328,37.843756220200952],[-122.08243864293087,37.843559116324627],[-122.08240657745014,37.843492310993945],[-122.08216664619304,37.842992445978901],[-122.08152807297685,37.842063312562125],[-122.08096685049411,37.840382310528135],[-122.08097448268764,37.840071436560486],[-122.08037930721447,37.840062245407594],[-122.07923091629485,37.840517388576608],[-122.07920824707863,37.839203767322552],[-122.07922348824079,37.839203875134743],[-122.08320750683914,37.83923195903845],[-122.08681741770855,37.83925728940649],[-122.0869171973815,37.839257987704393],[-122.09090426748251,37.839270407135515],[-122.09090422128503,37.83927058438325],[-122.09075273285779,37.839878275139974],[-122.09062073793385,37.840425961284922],[-122.09101761603416,37.840359496628494],[-122.092000422105,37.840885967541041],[-122.0920897619002,37.840933516011091],[-122.09239057713685,37.840264068685386],[-122.0924787250013,37.84009464298633],[-122.09259122649244,37.839930382807225],[-122.09272473799241,37.839776825703282],[-122.09287927414397,37.839634657178749],[-122.09304968660587,37.839506008484449],[-122.09312986048367,37.839449305404571],[-122.09329321342108,37.839314571587437],[-122.09354964527687,37.83907901180806],[-122.09417628507069,37.838503353041617],[-122.09408701945628,37.838459238521033],[-122.09363371488989,37.838236011547046],[-122.09333820317984,37.838345063617325],[-122.09296094145735,37.838598734496628],[-122.09254487034227,37.838657911490145],[-122.09220442558384,37.838690659580045],[-122.09174026349842,37.838606967708628],[-122.09115087066769,37.838336126498156],[-122.09148513939998,37.837127189602427],[-122.09207408496343,37.834824759403666],[-122.09213814562212,37.83470796947352],[-122.09216987680334,37.834650119219162],[-122.09216778347019,37.834647770238412],[-122.0921656385235,37.834645451692047],[-122.09216344421584,37.834643162648462],[-122.09216119829466,37.834640904039183],[-122.09215890420637,37.834638677620056],[-122.09215656079571,37.834636482505509],[-122.09215416923735,37.834634320481939],[-122.0921517306863,37.834632192434981],[-122.09214924625931,37.834630097448375],[-122.0921467160143,37.834628038224743],[-122.0921441399319,37.83462601386325],[-122.09214152030339,37.834624025234092],[-122.09213885714787,37.834622073238137],[-122.09213615162076,37.834620158760991],[-122.09213340372193,37.834618281802648],[-122.09213061574258,37.834616443233294],[-122.09212778768271,37.834614643052987],[-122.09212492071683,37.834612883048095],[-122.09212201482563,37.834611162317763],[-122.09211963242156,37.83460979768617],[-122.091904646386,37.834488480637447],[-122.0917062334111,37.834290527664727],[-122.09154053381913,37.834257962385188],[-122.09128567247893,37.834374347175014],[-122.09105574272238,37.834345624861193],[-122.09073138535337,37.834100210050373],[-122.0905928019787,37.83386377428927],[-122.0905156441377,37.833691906650536],[-122.09027646739845,37.833549731300891],[-122.09008513654916,37.833313649948416],[-122.08987929323835,37.833185247391782],[-122.08949801592961,37.832988979797129],[-122.08927545263842,37.832898122503494],[-122.08911388296386,37.832876175935816],[-122.08894965895732,37.832862442813457],[-122.08873422816664,37.832789555570038],[-122.088413807427,37.832616281474998],[-122.08836142832895,37.832652204403232],[-122.08828447676672,37.832726679388365],[-122.08814218723342,37.832822894499195],[-122.08805456940659,37.832858908627074],[-122.08804704116567,37.832856264158281],[-122.08796420824372,37.832881625326678],[-122.08755049110042,37.832936062096891],[-122.08755038007368,37.832936077108002],[-122.08753783765715,37.832904371374902],[-122.08749639141278,37.832799307317714],[-122.08746796871182,37.832727458244776],[-122.08729447470661,37.832678854183328],[-122.08714756791906,37.832477551383043],[-122.08703444168405,37.832511298173046],[-122.08687865577731,37.832335889109132],[-122.0869429571967,37.832218708588705],[-122.08684383426652,37.832195887439347],[-122.08648393931449,37.832000718532598],[-122.08648653241043,37.83162318924969],[-122.08622756331074,37.83175246068204],[-122.08602474584872,37.831545069384248],[-122.08576382868273,37.831437590319418],[-122.08538754049964,37.831593513829944],[-122.0853065910842,37.831571282560319],[-122.08529629394107,37.831545061450747],[-122.08535855615906,37.831461796858434],[-122.08508259016004,37.831442774212547],[-122.08500182297065,37.831570316427211],[-122.08452267127571,37.830965035486706],[-122.08434177482449,37.830934811750765],[-122.08411984221812,37.830972400386621],[-122.0838907767112,37.831091987854492],[-122.0834701439766,37.831092203732531],[-122.08360177214276,37.835771148837786],[-122.07912575701923,37.835823062068805],[-122.07035104000188,37.835535050955315],[-122.07032747297026,37.83397677997332],[-122.07031162584988,37.832931865589394],[-122.07027636941156,37.830582741182567],[-122.07021380676218,37.828757094251749],[-122.06297512952801,37.828751411907263],[-122.06272078866758,37.828750741307026],[-122.0626281700297,37.821054624276613],[-122.06153161347011,37.821040312493992],[-122.06152250715685,37.815174605256338],[-122.06031699014856,37.813842092100103],[-122.05907596448172,37.812787363200499],[-122.05851514658281,37.811876283653596],[-122.0575884350486,37.811468131861602],[-122.05725617613324,37.810796143587403],[-122.05568869775226,37.807813802793135],[-122.05595886214913,37.806975466847412],[-122.05676845677638,37.806434271820414],[-122.05716296897096,37.805520751324373],[-122.05638138903858,37.804222024880318],[-122.05648268877515,37.804142462106917],[-122.05728256952018,37.80403319943823],[-122.05780481819831,37.803693995095202],[-122.05819001815125,37.802680770450635],[-122.05844835711116,37.801284238357681],[-122.05809811992307,37.800625003501118],[-122.06013614555698,37.798931691366178],[-122.06153319031803,37.797823160847976],[-122.06152809214176,37.793228338728873],[-122.06152789154758,37.793044640989208],[-122.05302705181609,37.79312943431664],[-122.05303612040275,37.79488721022755],[-122.05161022502844,37.794901081741841],[-122.05155721340333,37.798293362988922],[-122.05161019357303,37.794901152445277],[-122.0509330869905,37.794900236261803],[-122.05094264009838,37.793150370424399],[-122.04627896306214,37.79319614297026],[-122.04385657655759,37.793220328950277],[-122.04382064616651,37.7858314760011],[-122.03991577958335,37.785869491975902],[-122.03997229700526,37.793880572641378],[-122.03990600383091,37.8070646361653],[-122.03989563348929,37.809125871695962],[-122.04031008436607,37.809311121367166],[-122.04092471966474,37.809622764085653],[-122.04125624457221,37.809768874864773],[-122.04169196484158,37.810000367898525],[-122.04208356996273,37.810256989606494],[-122.04243190979719,37.810560459505233],[-122.04258287920645,37.810705384319476],[-122.04334999637605,37.811525004040199],[-122.04348850590446,37.811700370101981],[-122.0437934876141,37.812016308445898],[-122.04356525003581,37.812202881100504],[-122.04352772478242,37.812468862774772],[-122.04186772147582,37.813651696890268],[-122.04081023201769,37.813213011515515],[-122.03986671556586,37.813153413394772],[-122.03986437168381,37.814101647845291],[-122.03986429161611,37.814133985518687],[-122.03640257599348,37.814132230776401],[-122.03619912090564,37.814129543198931],[-122.03619859137648,37.814059929606564],[-122.03621321922658,37.811991135690413],[-122.03623447323938,37.808984707581722],[-122.03623983255416,37.808253578631195],[-122.03623823105175,37.807685836527824],[-122.03808740356907,37.80829328615787],[-122.03829085186801,37.808061954049926],[-122.03825559945948,37.808005862520972],[-122.03829738069849,37.807958357173838],[-122.03821863921365,37.807894748666989],[-122.03809278663017,37.807714078574101],[-122.03769433995787,37.807303317543948],[-122.03709213474936,37.806949147022827],[-122.03623433731926,37.806306896337318],[-122.03615958336761,37.806233335475333],[-122.03582963435358,37.80599199052574],[-122.0351410458556,37.805395072859817],[-122.03471286092946,37.805651960052522],[-122.03450312771679,37.805369329165963],[-122.03317006145733,37.805992039777806],[-122.033284038543,37.806573167284412],[-122.03368245552214,37.806968646373626],[-122.03320437926052,37.807122302673591],[-122.03214159018226,37.80741307182852],[-122.03147792366538,37.809261982063624],[-122.03094484909906,37.809141534101514],[-122.02948287047001,37.807105059718594],[-122.02575003890442,37.80709938497256],[-122.02583627969051,37.809070042262903],[-122.02419351529132,37.809072012612624],[-122.02028773418294,37.809062103207367],[-122.02013745235803,37.804974096153046],[-122.02002519080284,37.804946821849008],[-122.0193472468867,37.804782107333025],[-122.01933735899745,37.804598673945797],[-122.01933354329785,37.804411209019619],[-122.01931744819375,37.80386559927225],[-122.0193156112535,37.803811850900296],[-122.01933022043492,37.803735263892364],[-122.01936457975825,37.803662766853016],[-122.0194171818805,37.803597515157627],[-122.01948573776407,37.803542370562134],[-122.01956724156418,37.80349974177097],[-122.01961176060176,37.803483723487844],[-122.01970587970708,37.803463163224734],[-122.01977846395242,37.803454638491786],[-122.01987868184769,37.803420871662127],[-122.01995832837024,37.80338207115166],[-122.02000366972744,37.803351527425434],[-122.02003580089884,37.803317246588605],[-122.02007388889356,37.803276915295648],[-122.02013542346883,37.803211758101043],[-122.02036784084282,37.802970308246366],[-122.02040349497454,37.80293598459037],[-122.02043022329754,37.802906648469396],[-122.02045953520771,37.802872367809066],[-122.02048223667832,37.802827914663133],[-122.02048628133048,37.802778349259079],[-122.02047887937486,37.802746327978717],[-122.02044942104234,37.802707900070814],[-122.02041158699647,37.802672256525874],[-122.02038240267616,37.802647207031107],[-122.02024042192366,37.802481058973875],[-122.02011601747742,37.802304668007856],[-122.02008234049488,37.802240064837854],[-122.02006284867832,37.802172243781207],[-122.02005196007325,37.802125786957511],[-122.02003369272175,37.802076389286533],[-122.02000913093011,37.802035629985319],[-122.01997378726165,37.801995009637878],[-122.01994950574134,37.801967938667886],[-122.01991218110928,37.801935901079887],[-122.01986216250768,37.801916007757356],[-122.01980043324296,37.801896041842902],[-122.01972786872719,37.801888643173726],[-122.01965328163961,37.801886577348455],[-122.01957459307441,37.801884157907693],[-122.01950295930791,37.801862912772712],[-122.0194431022159,37.801825150224715],[-122.01940089050703,37.801774556040719],[-122.01938044040075,37.801716090263575],[-122.01937998780635,37.801675546496462],[-122.01939016620288,37.801635816472739],[-122.01942427663401,37.80158150943398],[-122.01947786744024,37.801538228294582],[-122.02035539487171,37.801083362216438],[-122.02020594935468,37.800215984439866],[-122.01452731352198,37.80034782107257],[-122.0145078717859,37.796559425534653],[-122.01448890452033,37.792659839168167],[-122.01421777588253,37.792549643655448],[-122.01370991668769,37.79217501928057],[-122.01351652191121,37.792067024265037],[-122.01212162432334,37.791259306215828],[-122.01153424012776,37.790773952488401],[-122.01098065303296,37.79025211981309],[-122.01065424116454,37.789895063572857],[-122.01051765087286,37.789475702126879],[-122.01051819121979,37.789357342703802],[-122.01015767237007,37.789412993979283],[-122.01041731298885,37.788513874696953],[-122.00758454786295,37.788347923060087],[-122.00619309835677,37.788363209001858],[-122.00619682170863,37.788610110493515],[-122.00558115905272,37.788612650092418],[-122.00558103129575,37.788694506978857],[-122.00181954161374,37.787867855865088],[-121.99866756450203,37.787176565065401],[-121.99658767749632,37.787393461725408],[-121.99659179366989,37.786789494450716],[-121.99659178912597,37.786302386240628],[-121.99127168257314,37.786437415367722],[-121.99154525948033,37.786752257626532],[-121.9917880570969,37.787031720612383],[-121.99276195853425,37.786506515434276],[-121.99354819795926,37.787409629843339],[-121.99329117614057,37.787549230411791],[-121.99257484122309,37.787938301141452],[-121.99187847735173,37.788301394377399],[-121.99202647162019,37.788480104912296],[-121.99288093356306,37.788376935641402],[-121.99347784492056,37.789443798298088],[-121.99384547828795,37.79061801754051],[-121.99388998640548,37.791913301117994],[-121.99377181921696,37.792318562801221],[-121.99355248539082,37.793041306612167],[-121.9935160186521,37.79316145244151],[-121.99336707911266,37.793652216840997],[-121.99348443226616,37.793648876984555],[-121.99655727675623,37.793561402155305],[-121.99744627959011,37.795302972588239],[-121.99747006184775,37.795349560505507],[-121.99749290894411,37.79539431746214],[-122.00010389638439,37.800508757040113],[-122.00324720461845,37.800466263460549],[-122.00557446623309,37.800486919913482],[-122.00568075746702,37.806318694979041],[-122.00335391307175,37.803889858426061],[-122.00232215535495,37.802816532578689],[-122.0007807596223,37.803289166209673],[-122.00228651968925,37.804853612496252],[-122.00298400116496,37.805578247970367],[-122.00329979656267,37.805909095510295],[-122.00296198728226,37.807408087318763],[-122.00289968483584,37.807683490615823],[-122.00226134427393,37.808128443441568],[-122.00212703577613,37.808190105874964],[-122.00188144515916,37.808302858681088],[-122.00185391250008,37.808303049766629],[-122.00107868965955,37.809040935369516],[-122.0009850609725,37.809235839168821],[-122.00068080624868,37.809486518866514],[-122.00067188378172,37.809547965643659],[-122.00036421145072,37.809511789074165],[-122.00032249154479,37.809541808604692],[-122.00080243146363,37.809596189793133],[-122.00083897593565,37.809712287889297],[-122.00090758748021,37.809545567575796],[-122.00117532837815,37.809308256320797],[-122.00149546009754,37.809120676348805],[-122.00186331825155,37.808905127412253],[-122.00220318799803,37.808705977631654],[-122.00232749762847,37.808737489533527],[-122.00283157460284,37.808865264504043],[-122.00321940876178,37.80909506161634],[-122.00346527876619,37.809300686434518],[-122.00366289938587,37.809631553316144],[-122.00375664929511,37.809984321680986],[-122.00376592899447,37.810336816114166],[-122.0034879887194,37.810586046555756],[-122.0030567493732,37.810438688039248],[-122.00299826244992,37.810539666937828],[-122.00358592007348,37.810742636170765],[-122.00380316070395,37.810615455511915],[-122.0039220257983,37.810581710768382],[-122.00438452361156,37.81045041035182],[-122.00477148695352,37.810337848532562],[-122.00502041153636,37.810252442754489],[-122.00532169792753,37.810149069030423],[-122.00571947380523,37.810159213793035],[-122.00614084627735,37.809999742745021],[-122.00671468549042,37.809782573644284],[-122.00687704572135,37.809671488711039],[-122.00694724317204,37.809623465002083],[-122.00720884153093,37.80944448053549],[-122.00732879769006,37.808914542168289],[-122.00745232037737,37.808353365987401],[-122.00803230841039,37.808361103579877],[-122.00982274758182,37.808384972406614],[-122.00985487702189,37.808385400977272],[-122.00991242596034,37.808386167367829],[-122.01091362829706,37.808399502506134],[-122.0113577053972,37.808405414232361],[-122.01457115759656,37.808448144543995],[-122.01464075518379,37.808449068407256],[-122.01477234118762,37.808590961733913],[-122.01480930478318,37.80865579715605],[-122.01521507979615,37.808468872753274],[-122.0151799832588,37.808425132595183],[-122.01525875722831,37.80838376934242],[-122.01531007911929,37.808449002288718],[-122.01523440029283,37.808492930107924],[-122.01522257787713,37.80847819514765],[-122.01481512620326,37.808665890858002],[-122.01503583828416,37.80905207287622],[-122.01509348975144,37.809051654935516],[-122.01692745406635,37.809054610222553],[-122.01693835946676,37.809588511998072],[-122.01568217715352,37.810081139077404],[-122.01582355517723,37.810577545543651],[-122.0158399939788,37.810632883263949],[-122.01585109808538,37.810698251646038],[-122.01585352444975,37.810764182120309],[-122.01584725829633,37.810829952162564],[-122.01583386864758,37.810975857522038],[-122.01583368918847,37.811051681756737],[-122.01585658721469,37.811150553443319],[-122.01590490151398,37.811243487978722],[-122.01593796873729,37.811286441173529],[-122.01602011618577,37.811362981633373],[-122.0160682989174,37.811395726142521],[-122.01617623814359,37.811448385487729],[-122.01627629564928,37.811480682967101],[-122.01629561798093,37.811482084562087],[-122.01633445580021,37.811496290989652],[-122.01635846571976,37.811511756782451],[-122.01637789712852,37.811530843638593],[-122.01639666901285,37.811564408577119],[-122.01643904253115,37.811709890858687],[-122.01646346667324,37.811783888463495],[-122.01649940069204,37.811860171159651],[-122.01654519070239,37.811933062292965],[-122.01660032946876,37.81200175104042],[-122.01666422017256,37.812065489907852],[-122.01672917183799,37.812117940034248],[-122.0167361557136,37.812123582381325],[-122.01716702168952,37.81244645983309],[-122.01717394867426,37.812451649613024],[-122.01725292617627,37.812522742061041],[-122.01729870489933,37.81257657303923],[-122.01741075768967,37.812730217790005],[-122.01741515643737,37.812736250205504],[-122.01747269881902,37.812798428434313],[-122.01752639573441,37.812833292991563],[-122.01758806071419,37.812858535364249],[-122.01762104520112,37.812867186362723],[-122.01768952175352,37.812876075464864],[-122.0179137257056,37.812889815584214],[-122.01801932895769,37.81290777699823],[-122.01805623588137,37.812920324389104],[-122.01812409609774,37.812954226008863],[-122.01837036276197,37.813128031083536],[-122.01843207609907,37.813094855987742],[-122.01892860379897,37.812827915497756],[-122.01908511594907,37.8130088422201],[-122.02007556108065,37.812471584441681],[-122.02064718829175,37.812161498931026],[-122.02274802221619,37.812164716812212],[-122.02409999629714,37.812166767646644],[-122.02596014971479,37.812168772894111],[-122.02593259969535,37.813931879816415],[-122.02593225945739,37.813953734188232],[-122.02590773300754,37.815660081768669],[-122.02588362117358,37.817088617080621],[-122.02586373271946,37.818266675843091],[-122.02585268751514,37.819441099188253],[-122.02603664396786,37.819495911350003],[-122.0260580654021,37.821152703835615],[-122.02606023519738,37.821320687002995],[-122.02569792264435,37.821324123566939],[-122.02556910164304,37.821661434424612],[-122.02553158807729,37.821759659873862],[-122.02562844038418,37.822053653190643],[-122.02579573919826,37.822450697077763],[-122.02581324618579,37.822721705577116],[-122.02570574178466,37.823041145107688],[-122.02523219188207,37.823030453333047],[-122.02518289728407,37.823033787764423],[-122.02518854825587,37.823601730841133],[-122.02486304496058,37.823598585382122],[-122.0239497035658,37.823574738442382],[-122.02412439899632,37.824133268621111],[-122.02416659903895,37.824215657050893],[-122.02424741922516,37.824233362846321],[-122.02424755733594,37.82423339440399],[-122.02424893412299,37.824233720850451],[-122.02424907113506,37.824233754224586],[-122.02424928589642,37.824233811826083],[-122.02425141935578,37.824234417761566],[-122.02425163082087,37.824234480812514],[-122.02425184012546,37.82423454929819],[-122.02425391903566,37.824235264976281],[-122.02425412504398,37.824235338911336],[-122.02425432889181,37.824235418281198],[-122.02425634407432,37.824236239314779],[-122.02425654349011,37.8242363241487],[-122.0242566019686,37.824236350427292],[-122.02425717990192,37.824236611499579],[-122.02425723838041,37.824236637778192],[-122.02441467791206,37.824309230407486],[-122.02441481557192,37.824309295312929],[-122.02441617995451,37.824309958042662],[-122.02441631539835,37.824310025680184],[-122.02441650377149,37.82431012597592],[-122.02441836631243,37.824311148130931],[-122.02441855945062,37.824311259178735],[-122.02441876759426,37.824311381747457],[-122.02454473608563,37.824386560723099],[-122.02454489714546,37.824386658668161],[-122.02454648215836,37.824387664582638],[-122.02454663876769,37.824387767090919],[-122.02454680933921,37.82438788563929],[-122.02454848822177,37.824389092195766],[-122.02454865320701,37.824389215322029],[-122.02454881372321,37.824389342110607],[-122.0245503887013,37.824390633815774],[-122.02455054363124,37.82439076518223],[-122.02455069295645,37.824390900225623],[-122.02455215935741,37.824392270831936],[-122.02455230307788,37.824392409552303],[-122.02455244119355,37.824392551949721],[-122.02455378980191,37.824393995268196],[-122.02455392231285,37.824394141342609],[-122.0245540480832,37.824394291108646],[-122.02455527538068,37.824395801778003],[-122.02455539552774,37.82439595432011],[-122.02455550891584,37.824396109653001],[-122.0245566090755,37.824397680539413],[-122.02455671572311,37.824397839563943],[-122.02455681440186,37.824397997790371],[-122.0245577697583,37.82439959848336],[-122.02455786167803,37.82439975950053],[-122.02461250396226,37.824499489808339],[-122.0246125914872,37.824499658091362],[-122.02461342447336,37.824501329753105],[-122.02461350404803,37.824501498138893],[-122.02461357684513,37.824501668414513],[-122.0246142697744,37.824503379734068],[-122.02461433577547,37.824503550998664],[-122.02461437685238,37.824503670319324],[-122.02461476939359,37.824504861057981],[-122.02461480708175,37.824504981323571],[-122.02467270920368,37.824698307744704],[-122.02467273112784,37.824698379552501],[-122.02475009445158,37.824959513847581],[-122.0248472914362,37.82518816609543],[-122.02488039280242,37.825237865005505],[-122.02865408244314,37.825137130581957],[-122.02864450345888,37.825418263391455],[-122.02864225004103,37.825484376763896],[-122.02856990748623,37.827607485761618],[-122.02498781699607,37.825681041666911],[-122.02504347385553,37.825742879276945],[-122.02559885719225,37.826359940105753],[-122.02593892154258,37.827311105311082],[-122.02594825792116,37.8278187852992],[-122.02595877553107,37.828390490283113],[-122.02597003376134,37.829002631429098],[-122.02597990825262,37.829539171364658],[-122.02599551661669,37.830387908565484],[-122.02593882041266,37.830388073253495],[-122.0259348420479,37.830499612642079],[-122.02591926702658,37.830936098381208],[-122.02534280547137,37.831208057379186],[-122.02532254867913,37.831217614507324],[-122.02554350377039,37.831584193701175],[-122.02555253030394,37.831576715589392],[-122.02585514897399,37.831822153492411],[-122.0259525175213,37.832024505456374],[-122.02600717016853,37.832138079117684],[-122.02602043117612,37.832310243039501],[-122.02602393429072,37.83235573403627],[-122.02602552757102,37.83237641797556],[-122.02618761193038,37.832162102535754],[-122.0261877443218,37.832162131461942],[-122.02618780404735,37.8321620522903],[-122.02666121557094,37.832037181840008],[-122.02680355286661,37.831970105678387],[-122.02701142535575,37.831806048638938],[-122.02721628569275,37.83166400356334],[-122.02734470266836,37.8315936744807],[-122.02761837404927,37.831513910381929],[-122.02786690449346,37.831390525394575],[-122.02796491730329,37.831273209285733],[-122.02809517143243,37.831292122353624],[-122.02820788779444,37.831300275761734],[-122.02830951754217,37.831190465850057],[-122.02829923572297,37.831185467052741],[-122.02808389285902,37.831080773918899],[-122.02814532128005,37.831036718237151],[-122.02814151657218,37.831004395915585],[-122.02814137206204,37.83100317133772],[-122.02810964625667,37.830733673220877],[-122.02808933948361,37.830588361792813],[-122.02794977406788,37.830453522488504],[-122.02781364401874,37.830149030721373],[-122.02776460305623,37.829869505357848],[-122.02780768909857,37.829816965228623],[-122.02786932609875,37.829741801459612],[-122.02790710451139,37.829642432060034],[-122.02781100129008,37.829347722803519],[-122.02785166219235,37.829220161803796],[-122.02769884735801,37.829067740450682],[-122.02769889110841,37.829067602911095],[-122.02891491195453,37.830280038937033],[-122.02903880657445,37.830404226000013],[-122.03301110305154,37.834385657762532],[-122.0341357758911,37.835511816452161],[-122.03412553346541,37.835518940661068],[-122.03269169777438,37.83651607522232],[-122.03263038473241,37.836558711507244],[-122.03229555462151,37.836791556473422],[-122.03228531182397,37.836798679619875],[-122.03233084106812,37.836839993981592],[-122.03263545836298,37.837044058151498],[-122.03248719754616,37.837304980889094],[-122.03254528867882,37.837710336000626],[-122.03255914716854,37.837807040960399],[-122.03271862863744,37.838054003438934],[-122.03313384381397,37.83867061788559],[-122.03327145837306,37.83883076244706],[-122.03358733920038,37.839198359663953],[-122.03402696831537,37.839709953181696],[-122.03403396930537,37.839718102169904],[-122.0342671285528,37.839586114253812],[-122.03484438050732,37.839277087991995],[-122.03551094221227,37.838920244708781],[-122.0362142982525,37.83854369723381],[-122.0363695342965,37.838715386728659],[-122.03694962219173,37.838475836736308],[-122.0371476379709,37.838435529318161],[-122.03798886827587,37.838264287194121],[-122.03856024434074,37.838147974333154],[-122.04114460857876,37.838326889492059],[-122.04330205745916,37.838476203676372],[-122.04337989424734,37.838481588184344],[-122.04590564917575,37.838656340361823],[-122.04789533900737,37.838789431277711],[-122.04791784820732,37.841061146380305],[-122.0479236182758,37.842210652072012],[-122.04896450508375,37.842272098659116],[-122.05081686270555,37.842381427528025],[-122.05237086801286,37.842473124532809],[-122.06151059217169,37.842984886313218],[-122.06152113609832,37.845910018832249],[-122.06244723985145,37.846464594602786],[-122.06747855661334,37.849476521290775],[-122.06803464765441,37.849472941979023],[-122.06865978294474,37.849979149947629],[-122.07119108188304,37.852028785328997],[-122.0752475222771,37.853564368692524],[-122.07829473848643,37.855792747531815],[-122.07811594096938,37.856367647526938],[-122.07809502130266,37.856434914541893],[-122.0801550935918,37.856378793901023],[-122.08005411540945,37.854231256969655],[-122.07971347618574,37.854018398294954],[-122.07963311844003,37.853968277256484],[-122.07962796193158,37.853964962483232],[-122.0796228054043,37.85396164680887],[-122.07892739011628,37.853527496651623],[-122.07892237052668,37.853524043943757],[-122.07891707608783,37.853520867057881],[-122.07806999825183,37.852991153429954],[-122.0780603065743,37.852984922757308],[-122.07783918268696,37.852847011780895],[-122.07782902555499,37.85284048272635],[-122.07775350362891,37.852793607476819],[-122.0777516296225,37.852792435812745],[-122.07761035689697,37.852704152449867],[-122.07752087651983,37.852648233241531],[-122.07725709179999,37.852483385854434],[-122.07725705787419,37.852483340349615],[-122.07752087651983,37.852648233241531]]],[[[-122.03510553213465,37.804404956892519],[-122.03479359257682,37.804550721622441],[-122.03523301180957,37.804893934526824],[-122.03571420697112,37.805459671096727],[-122.03624338375995,37.805898501634871],[-122.03631619355798,37.791558146707331],[-122.03623410655435,37.785905845083576],[-122.0345489757924,37.785922294152748],[-122.03464023227276,37.778778879262916],[-122.03074270184588,37.778822104126171],[-122.03083539597398,37.787842981184717],[-122.03094103862803,37.796754790276687],[-122.03206438207791,37.796760115086755],[-122.03205880066274,37.797580076328629],[-122.03205245425706,37.798362967077857],[-122.03131802515153,37.7989218445802],[-122.03250976352179,37.799555957716649],[-122.03354631628237,37.800385031072487],[-122.03347340006523,37.800541854714091],[-122.03359562946557,37.800593825748585],[-122.03371632306676,37.8006518200568],[-122.03373198647444,37.80065934637306],[-122.03371834154841,37.800836685256776],[-122.03358574504159,37.80087857810917],[-122.03356873648515,37.800883952028279],[-122.03349437427174,37.800886979000687],[-122.03334868363372,37.801039941198496],[-122.03333174875723,37.80105801485562],[-122.03289061856391,37.801320565678687],[-122.0329693052927,37.8014431438652],[-122.03296915939976,37.801443338606475],[-122.03296884612115,37.801443347184353],[-122.03286107842973,37.801587246809412],[-122.03390047728909,37.802093753372866],[-122.03348411731923,37.802624423317788],[-122.03370824544503,37.802685248593626],[-122.03377279471673,37.802548796834991],[-122.03416529617931,37.802652141696306],[-122.03411792176695,37.802787810656078],[-122.03408466930472,37.802889530020295],[-122.03430775607103,37.8031706335275],[-122.03410617313702,37.803340205442211],[-122.03447010256492,37.803770403758669],[-122.03452483477894,37.803834455974162],[-122.03485087837194,37.803757341361788],[-122.03495135044822,37.804168966026815],[-122.03510553213465,37.804404956892519]]],[[[-122.04174758347536,37.810795138633679],[-122.04164290663785,37.811675082715738],[-122.04227858279623,37.81200076003752],[-122.04282682966435,37.811639198064761],[-122.0427970723259,37.811589846835048],[-122.04289325469159,37.811433837927886],[-122.04214115119763,37.810693488216955],[-122.04132876908362,37.810102831116673],[-122.03989408123964,37.809434306755513],[-122.03988700055034,37.810399315434772],[-122.04013701056654,37.810272990927018],[-122.04063146710226,37.810438740278578],[-122.04118436519497,37.810293040092468],[-122.04174758347536,37.810795138633679]]]]},"properties":{"AGENCY_NAM":"EBRPD","GLOBALID":"{71F36CEB-1246-484C-9BD9-4689AA37E71E}","SHAPE.AREA":243714118.05012301,"SHAPE.LEN":188288.90151194399,"OBJECTID":10,"NAME":"Las Trampas"}},{"type":"Feature","id":11,"geometry":{"type":"Polygon","coordinates":[[[-122.18301388908168,37.833323926169541],[-122.18346418633668,37.832997523862502],[-122.18390394052993,37.832678201088058],[-122.18390443701355,37.832678399467419],[-122.18390486961775,37.832678085996157],[-122.18469297197834,37.832993012468791],[-122.18557544370324,37.831634035351129],[-122.18553720232482,37.831433157906147],[-122.18554259852623,37.831365785449826],[-122.18556213896059,37.831311257978136],[-122.18560429153428,37.831261214253445],[-122.18563145748888,37.831237478754559],[-122.18566729402525,37.831214306054285],[-122.18573238602706,37.831183160874353],[-122.18578198159511,37.831154225051058],[-122.18583817998928,37.831114353847028],[-122.18589753309249,37.831059257416733],[-122.18595680813851,37.831000728632709],[-122.18603077062062,37.830939047619573],[-122.18603837203273,37.83093320848257],[-122.18604735033763,37.830926311526206],[-122.18606412309809,37.830913870957076],[-122.18608116817428,37.83090166440121],[-122.18609847769736,37.83088969557565],[-122.18611604834173,37.830877968132356],[-122.18613387453064,37.830866486656838],[-122.18615195060556,37.830855252130995],[-122.18617027216648,37.830844270925724],[-122.1861888312832,37.830833544055388],[-122.18620762351499,37.830823076089295],[-122.18622664437989,37.830812869794812],[-122.18624588598874,37.83080292798801],[-122.18626534388022,37.83079325433733],[-122.18628501130091,37.830783851642664],[-122.18630488261287,37.83077472178676],[-122.18632495223937,37.830765869355155],[-122.18633874649008,37.830758958510629],[-122.18635238758573,37.830751857905547],[-122.18636587102409,37.830744569406548],[-122.18637919116679,37.830737094896655],[-122.18639234468827,37.830729438028058],[-122.18640532820153,37.83072159975044],[-122.18641813722462,37.830713582831414],[-122.18643076841138,37.830705390022366],[-122.18644321612372,37.830697023206199],[-122.18645547928716,37.830688485101952],[-122.18646755116868,37.83067977941046],[-122.18647943067339,37.830670907949902],[-122.18649111329886,37.830661872586823],[-122.18650259460428,37.830652677890797],[-122.18651387233842,37.830643324795126],[-122.18652494206034,37.830633817869163],[-122.18653580151896,37.830624158046326],[-122.18654644629376,37.830614350796857],[-122.18655687411319,37.830604396153326],[-122.18656708055686,37.830594299585947],[-122.1865770645298,37.830584062912685],[-122.18658682043494,37.830573689818358],[-122.18660562709609,37.830552562602207],[-122.18662666456339,37.830528856799404],[-122.1866385432572,37.830516151778035],[-122.18665069839186,37.830503612222401],[-122.18666312895424,37.83049124355378],[-122.18667582932665,37.830479048555937],[-122.18668879618353,37.830467030881024],[-122.18645923254719,37.830264935333155],[-122.18671445623211,37.82985966544679],[-122.18671492345158,37.829857826698571],[-122.1867153908464,37.829856145651682],[-122.18671589361504,37.829854471308415],[-122.18671643518535,37.82985280452089],[-122.18671701214987,37.829851145337805],[-122.18671762566493,37.829849494643831],[-122.18671827573051,37.829847852438895],[-122.18671896123126,37.829846219640231],[-122.18671968216721,37.829844596247725],[-122.1867204397151,37.829842984046898],[-122.1867212326981,37.829841381252336],[-122.18672206004194,37.829839790582739],[-122.1867229228619,37.829838211121128],[-122.18672323211355,37.829837670506613],[-122.18676956236456,37.829426746415784],[-122.18678560126067,37.829284499786901],[-122.18680965952018,37.829071131183419],[-122.18684713903035,37.828738731304853],[-122.18684377936334,37.828737729484338],[-122.18686188410638,37.828604457727394],[-122.18686515532289,37.828605767208124],[-122.18691754602995,37.828296648344043],[-122.18696132182775,37.828038357590415],[-122.18695997371836,37.828038279541545],[-122.18695786727592,37.828038128527872],[-122.18702796808395,37.827543044148982],[-122.18658094163601,37.826824536455831],[-122.18644701128731,37.826593524131937],[-122.18634847878683,37.826423567895418],[-122.18626168501845,37.826273859694012],[-122.1861842944537,37.826140369579747],[-122.18610265206351,37.825999544318186],[-122.1860338548877,37.825880875314667],[-122.18596152834169,37.825756117970577],[-122.18581687599944,37.825506604041244],[-122.18573689752822,37.825368647493391],[-122.18588891370527,37.824945108120396],[-122.18616922273597,37.82419639922783],[-122.18629778830763,37.823817147819504],[-122.18636611488409,37.823615588673057],[-122.18678655170736,37.823697560389952],[-122.18674859146053,37.823626803803236],[-122.18673236834603,37.823462827979675],[-122.18673226258316,37.823461873354624],[-122.18673213639799,37.823460919922738],[-122.18673198979056,37.823459967684002],[-122.18673182166603,37.823459018456504],[-122.18673163316021,37.823458072223843],[-122.18673142311685,37.823457128101481],[-122.18673119269215,37.82345618697407],[-122.18673094188615,37.823455248841547],[-122.18673067071927,37.823454314604767],[-122.18673037805574,37.823453384280107],[-122.18673006618758,37.823452458735787],[-122.18672973282287,37.823451537103516],[-122.18672938025345,37.823450620251663],[-122.18672900620793,37.823449708212735],[-122.18672861297821,37.823448801855093],[-122.18672820056427,37.823447901178739],[-122.18672776783046,37.823447006199906],[-122.18672731477663,37.823446116918618],[-122.18672684369484,37.823445234203241],[-122.18672635233411,37.823444358987189],[-122.18672584067386,37.823443490369549],[-122.18672531212135,37.823442628301542],[-122.18672476328982,37.823441773732824],[-122.18672419647129,37.823440927531806],[-122.18672361050938,37.823440088813804],[-122.18672300656048,37.823439258463509],[-122.18672238462442,37.823438436480878],[-122.18672174472181,37.823437623766765],[-122.18672108683216,37.823436819420394],[-122.18672041097584,37.823436024342485],[-122.18671971717342,37.823435239433998],[-122.18671900767576,37.823434463761657],[-122.18671828023199,37.823433698258683],[-122.18671753709302,37.82343294199179],[-122.18671677604888,37.823432197696064],[-122.18671599930951,37.823431462636378],[-122.1867152069364,37.82343073951543],[-122.1867143988886,37.823430026531405],[-122.18671357407125,37.823429325502289],[-122.18671273473541,37.823428635494736],[-122.18671188090147,37.823427957409677],[-122.18671101143377,37.823427291263251],[-122.18671012748848,37.823426637940173],[-122.18670923016037,37.823425995622401],[-122.18670831837514,37.823425367028889],[-122.18670739209182,37.823424750357773],[-122.18670645362278,37.823424147378404],[-122.18670550179138,37.823423556305215],[-122.18670453665909,37.823422979840863],[-122.18670355932059,37.823422416167368],[-122.18670256866065,37.823421866201791],[-122.1867015669507,37.823421329911739],[-122.18670055419079,37.823420807297133],[-122.18669952926565,37.823420299275092],[-122.18669849329055,37.823419804928591],[-122.18669744744199,37.823419326043023],[-122.18669638940777,37.823418860849166],[-122.18669532263588,37.82341841110005],[-122.18669424594974,37.823417975010194],[-122.18669316054641,37.823417555265941],[-122.18669206522878,37.823417149180948],[-122.186690961194,37.823416759441557],[-122.1866898484011,37.823416384246052],[-122.18668872802667,37.823416025379871],[-122.18668760005038,37.823415681942251],[-122.18668646447207,37.823415353933136],[-122.18668532242756,37.823415041336226],[-122.18668417280168,37.823414745068739],[-122.18668301670944,37.823414464213528],[-122.18668083356677,37.823413981763032],[-122.18645062481303,37.823366290446231],[-122.18649245293241,37.823243189750677],[-122.186649862133,37.822779088008005],[-122.18670832760658,37.822606706966269],[-122.18681626411318,37.822288464938161],[-122.18688464134381,37.822086858708246],[-122.18654238801977,37.821538648878068],[-122.18578668727345,37.820431697980119],[-122.18561740684554,37.820393760073621],[-122.18544231496521,37.82092610537881],[-122.18443686944212,37.820717291972358],[-122.18461707768468,37.820169571561152],[-122.18299587986562,37.819806214217273],[-122.18295799074522,37.819797722397162],[-122.18292010161299,37.819789229664003],[-122.18144783106744,37.819460031735815],[-122.1811824647899,37.819399746535169],[-122.17986305949846,37.818373659627994],[-122.17957848497616,37.818152343857015],[-122.17875804012456,37.817514265386379],[-122.17838743308732,37.817226030419874],[-122.1782318697993,37.817105042706004],[-122.17715592361721,37.816268215188899],[-122.17602040033761,37.815388049473391],[-122.17594373909698,37.81526093439269],[-122.17587264609942,37.815112615925869],[-122.17577651136909,37.814878898257895],[-122.17570262767067,37.814695990239976],[-122.17564402322513,37.814517030307407],[-122.17586721451745,37.814518228304188],[-122.17564197604716,37.813665771293891],[-122.17575210935095,37.81347105978454],[-122.17581846388211,37.813353746797674],[-122.17577481795202,37.813293090313017],[-122.17572399203721,37.813209591230681],[-122.17568158140263,37.813123186169861],[-122.17564784680853,37.813034407628471],[-122.17562299594547,37.812943802374193],[-122.17561685850369,37.812914055560888],[-122.17556633409315,37.812920091081871],[-122.17552918934008,37.812724397949474],[-122.17572783623585,37.812137027326365],[-122.17575123011582,37.812055605327963],[-122.1757675847323,37.811966935224241],[-122.17577477468019,37.811877501367263],[-122.17577493611934,37.811833627598254],[-122.17577275213571,37.811787901010774],[-122.17576153057391,37.811698729634109],[-122.17574118476742,37.811610580942563],[-122.17571185064311,37.811524040561295],[-122.1756737229899,37.811439685166505],[-122.17563104552787,37.811364409663582],[-122.1755019507839,37.811157822734913],[-122.175485239129,37.811132988781878],[-122.17544452983354,37.811084056083459],[-122.17543763007053,37.811076942059927],[-122.17539641130826,37.811039556917819],[-122.17537208068293,37.811020834742571],[-122.17537081614371,37.811019915491521],[-122.17527401589763,37.810944557024222],[-122.17519099193197,37.81087096465707],[-122.17518384874414,37.810864185705576],[-122.17510072733957,37.810779168772832],[-122.17506600518342,37.810739827640553],[-122.17502502955995,37.810689892881442],[-122.17495710198901,37.810596767660101],[-122.17489725401735,37.810500215881021],[-122.17484575794464,37.810400677964338],[-122.17480285007476,37.810298610159876],[-122.17476872485646,37.810194476519513],[-122.17474793037651,37.810110436134359],[-122.17469791379128,37.810092878776572],[-122.17469790628725,37.810092848243499],[-122.17436666039383,37.809979436101877],[-122.1736977992271,37.809753305031613],[-122.17411987840052,37.80897001647422],[-122.17478799093037,37.809196748700501],[-122.17536441922796,37.808124246452678],[-122.17536828132509,37.808043673240313],[-122.17537145126552,37.807973147955686],[-122.17537345581606,37.807909115009018],[-122.17537954632188,37.807791895729515],[-122.17539813567656,37.807698742090011],[-122.17544202673766,37.807587617518145],[-122.17549448836616,37.807502299546798],[-122.17555299295482,37.807427269032168],[-122.1756105888127,37.80737151564221],[-122.17568371213247,37.807313481546423],[-122.17580999882884,37.807233404662014],[-122.17599183105571,37.8071600919126],[-122.17621243559853,37.807119284454686],[-122.1764147251823,37.807118135035552],[-122.17654124866444,37.807133596627708],[-122.17672651866894,37.807184381358297],[-122.17676900914827,37.807202853189601],[-122.17764575823747,37.806810415256614],[-122.17824820955757,37.806135009938693],[-122.17820209105982,37.806022602986872],[-122.17813654122882,37.805887529674948],[-122.1781408603987,37.805750734951367],[-122.17815496369064,37.805682596147491],[-122.17819457906748,37.805577511421333],[-122.17826321846555,37.805458201474551],[-122.17835408948442,37.805356263233371],[-122.17843792394166,37.805285372060652],[-122.17854358553519,37.805217173768206],[-122.17870138316921,37.805069345966366],[-122.17886404177966,37.804917718809811],[-122.1781522142127,37.804200789176768],[-122.17800105918289,37.804053713700746],[-122.1772668730688,37.803342687809014],[-122.17703789846863,37.803230791901541],[-122.17643258180537,37.802727332732537],[-122.17626826192598,37.802851361216284],[-122.1759710025042,37.802704579055344],[-122.17589283028835,37.802666024134147],[-122.17559518797856,37.802519219448044],[-122.17535221816048,37.8023993744103],[-122.17519483567824,37.802321751272501],[-122.17503004198019,37.802240469013391],[-122.17462225717532,37.802039333104872],[-122.17444553496189,37.80195216267564],[-122.17426805294795,37.8018646215789],[-122.17409135920121,37.801777467346028],[-122.17391466246312,37.80169031289541],[-122.17373797295205,37.801603158081953],[-122.1735612769826,37.801516000396425],[-122.17338458489495,37.801428845099146],[-122.17314084477464,37.801308616307566],[-122.17291092912825,37.801199606906771],[-122.17271991710615,37.801111247040254],[-122.17252891016132,37.801022890402145],[-122.17202920257064,37.800791730130591],[-122.17190517246877,37.800734353050395],[-122.17182261516479,37.800696162238346],[-122.17150529355214,37.800549368646834],[-122.17116626612621,37.800392531896961],[-122.1711106190298,37.800366790075792],[-122.17072811065833,37.800189489008794],[-122.17071180131148,37.800225306258852],[-122.17148542085856,37.800575612043197],[-122.17149307265512,37.800587789206098],[-122.17103648636663,37.801611904608919],[-122.17055129218025,37.801611538531766],[-122.17056358676888,37.802396584516174],[-122.17082129067256,37.802725274259231],[-122.17084618171019,37.802761653180433],[-122.17102543028024,37.802940744628721],[-122.17108107542028,37.802996340390003],[-122.17113812965722,37.803063117663505],[-122.17118982910277,37.803138786004304],[-122.17121888467119,37.803195673167799],[-122.17124632105224,37.803262870089497],[-122.17127025438816,37.803338930058658],[-122.17127924186875,37.803391512848798],[-122.17134916252476,37.803800621385278],[-122.17135907095044,37.80383563368202],[-122.17136324287389,37.803850376223771],[-122.17137923753131,37.803892989219186],[-122.17140657992508,37.803965831440287],[-122.17141551181331,37.803981780771373],[-122.17142780327082,37.804003731120822],[-122.17148706040574,37.804142682096789],[-122.17149818063471,37.804168756556621],[-122.17150032014655,37.80417469646369],[-122.17151398076325,37.804212610493465],[-122.17152104567914,37.804243804280375],[-122.17152426288837,37.80425801063555],[-122.17152964965361,37.804287865642053],[-122.17153272396624,37.804304906389341],[-122.17153562548867,37.804365326346506],[-122.17153154711647,37.804414826663553],[-122.17149817690398,37.804624053086151],[-122.17147574420204,37.804704026943035],[-122.1714492788673,37.804758650452108],[-122.17142944143113,37.804800132932151],[-122.17140283696452,37.804848579100913],[-122.17137604700073,37.804888786722493],[-122.17133238575943,37.804948460716687],[-122.17127491218955,37.805009703802654],[-122.17115270210348,37.805117185641976],[-122.17058926915125,37.805463019765419],[-122.17054477285804,37.805485624081278],[-122.17054890172329,37.807204885381907],[-122.17015613503072,37.807206026815813],[-122.17002808257436,37.807206353150775],[-122.16914815655275,37.807205658676118],[-122.16913377890475,37.806330864264787],[-122.16912886508959,37.806031864733541],[-122.16912470010456,37.806032977140873],[-122.16910881300119,37.806035629720327],[-122.16909298422459,37.80603850225782],[-122.16907722508859,37.806041592791026],[-122.16906153447792,37.80604490223682],[-122.16904591802907,37.806048428713204],[-122.16903038251415,37.806052170322026],[-122.16901493131913,37.806056126114214],[-122.16899956896548,37.806060295124603],[-122.16898430115045,37.806064678173875],[-122.16896913229428,37.806069269792467],[-122.16895406695886,37.806074070816983],[-122.16893910853021,37.806079080298417],[-122.16892426493608,37.806084297223528],[-122.1689095349397,37.806089717103909],[-122.16887044514004,37.806105338633266],[-122.16807118269553,37.806454777437501],[-122.16806730363,37.806734984918542],[-122.16832683134379,37.806729935296332],[-122.16833478457731,37.807214071431254],[-122.16795405802516,37.807218007262875],[-122.16693647537149,37.807228519565037],[-122.16692500161562,37.807002405378604],[-122.16705857886441,37.806585340496859],[-122.16679072453643,37.806557334006385],[-122.16671689506636,37.806548362718644],[-122.16664102801217,37.806536104790332],[-122.16662278883686,37.806533006588822],[-122.16661174033315,37.806530153722804],[-122.16656286760384,37.806519538305281],[-122.16649837766853,37.806502810147563],[-122.16646399473962,37.806492709078647],[-122.16643362830717,37.806483175756966],[-122.16635863427172,37.806458141204772],[-122.16625384291872,37.806420181321073],[-122.16617645441337,37.806392147160253],[-122.16612271731309,37.806372681447343],[-122.16606841226564,37.806353010157117],[-122.16600175227892,37.806331382109406],[-122.1659404109775,37.806308624533287],[-122.16586444008453,37.806282761780729],[-122.16573211019212,37.806230769957885],[-122.16558544540177,37.806174472801196],[-122.16552814006077,37.806166355123608],[-122.16547599634175,37.806156791153391],[-122.16524518784766,37.806130522667161],[-122.16517382477579,37.80611298967186],[-122.16509535529801,37.806087316707007],[-122.16502519929381,37.806046419189123],[-122.16496896257016,37.806008758571664],[-122.16447965647667,37.805647599474284],[-122.16445849139285,37.805630044287334],[-122.16443394244291,37.805615970291832],[-122.1644077235122,37.80560466661062],[-122.16410032456722,37.805481967071437],[-122.16405487235809,37.805462007745753],[-122.16398638638402,37.805418339306634],[-122.16393531222823,37.805379231090988],[-122.16358886050475,37.805058628393198],[-122.16353778682587,37.805019520903699],[-122.16348005308035,37.804992181025533],[-122.16342080430019,37.804974476118886],[-122.16337896717391,37.804961332429414],[-122.16297669189518,37.804853014256686],[-122.1629487903236,37.804843794046064],[-122.16292438029808,37.804835897974094],[-122.16284396730937,37.804800637308503],[-122.1627826502117,37.804767854113493],[-122.16235476167479,37.804520498224768],[-122.16227223466008,37.804468098876164],[-122.16218234055935,37.804395890254682],[-122.16212946085426,37.804353374181865],[-122.16207627272594,37.804297128675543],[-122.16196966848574,37.804174340487627],[-122.16194136777466,37.804147271783599],[-122.16191323610875,37.804127754257138],[-122.16188697312583,37.804114390582534],[-122.16184688249834,37.804101908435598],[-122.1618208039166,37.804096782402148],[-122.16156184082917,37.80404961529922],[-122.1615479505958,37.804047750928213],[-122.16149412458719,37.804040268986292],[-122.16144901191541,37.804035411021545],[-122.16142994705639,37.80403430622242],[-122.16138835658819,37.80403214536679],[-122.1613537183475,37.804031259937844],[-122.16133293847554,37.804030865969843],[-122.16131044119639,37.804031177471124],[-122.16129820569765,37.804031339010834],[-122.16100104555574,37.804049289823418],[-122.1609366031857,37.804050627254441],[-122.16086174782846,37.804046523168672],[-122.16077803359272,37.804033946671886],[-122.16069635006181,37.804015323541648],[-122.16062048220577,37.803990170632218],[-122.16056074322913,37.80396541058137],[-122.16050331136822,37.803935078556648],[-122.16046377616853,37.80391156237053],[-122.160403288297,37.803868901230864],[-122.16035514955782,37.803826688910959],[-122.16031355725794,37.803783858130814],[-122.16028065310357,37.803741764738568],[-122.16022475081427,37.803675851079703],[-122.16022445217152,37.803675498422457],[-122.16019061753792,37.803640295795027],[-122.16015236257547,37.803601285779557],[-122.16011527734992,37.803566129789651],[-122.16006112420091,37.803518747320666],[-122.16000653635078,37.80347609935837],[-122.15996743859618,37.80344784843993],[-122.15993494680363,37.803424234745663],[-122.15987063817039,37.803383013107187],[-122.15962697883731,37.80324372831808],[-122.15947225080313,37.803156492915797],[-122.15937839807071,37.803102361200054],[-122.15907931680971,37.802949458075148],[-122.15902899255428,37.802919877860312],[-122.15900727505981,37.802910596772733],[-122.15874228635093,37.802762683290666],[-122.15836408870891,37.80255561276833],[-122.15836117486333,37.802553956848612],[-122.15810158612761,37.802401072695467],[-122.15809802889895,37.802398679650572],[-122.15809693043782,37.802398162505988],[-122.1577861021652,37.802192262507127],[-122.15778482602803,37.802190908872831],[-122.15778247628808,37.802189744254825],[-122.15754302690287,37.802015548921169],[-122.15754004180864,37.802012225927015],[-122.1575362795998,37.802010162869301],[-122.15739963371045,37.801890594597992],[-122.15739886062819,37.801889643919822],[-122.15739513992725,37.801886387132257],[-122.1572207452006,37.801711576974981],[-122.15713674845404,37.801628946257587],[-122.15713458170839,37.801626107394945],[-122.15713087971729,37.801622568271796],[-122.15705220994681,37.801527884361853],[-122.15705198102822,37.801527550542723],[-122.15705175350766,37.801527330250678],[-122.1569369394999,37.801386703577634],[-122.15683346299126,37.801262117754383],[-122.15681042024093,37.80124094960096],[-122.15671762916138,37.801155712513243],[-122.15671757307543,37.801155642109102],[-122.15671733811185,37.801155444450124],[-122.15660706400566,37.801053264061395],[-122.1564768610961,37.800957984351243],[-122.15647486125681,37.800955752319815],[-122.15647213945491,37.800954300023676],[-122.15636713365092,37.800866993036735],[-122.15636576147735,37.800865354165943],[-122.15635760841015,37.800857833107337],[-122.15627909674188,37.800770155732366],[-122.15627767687617,37.800768160669136],[-122.15627613638063,37.800766663841792],[-122.15610447852043,37.800552602153246],[-122.15604467873665,37.800490957842165],[-122.15592747092772,37.800411906167042],[-122.15592606660981,37.800410403818475],[-122.15592361667186,37.800409172983784],[-122.15564243408434,37.800199521384897],[-122.15551360147089,37.800112092169762],[-122.1554413986496,37.800065236762613],[-122.15537705399029,37.800023478839314],[-122.15537114855231,37.80001931364253],[-122.15537104402972,37.8000192610398],[-122.15521679800648,37.799902272262528],[-122.1552119436718,37.799898335619623],[-122.15500777759836,37.799721303308324],[-122.15500732459159,37.799720749141287],[-122.15500471861175,37.799718528295422],[-122.15485431659663,37.799575786594453],[-122.15485344671762,37.799574668740568],[-122.15485103625777,37.799572506426912],[-122.15471917632712,37.799433586640639],[-122.15460774673427,37.799342000311192],[-122.15441178492883,37.799234255080293],[-122.15432194986808,37.799191435758004],[-122.15405524081204,37.799079979192825],[-122.15379413716249,37.798977493821738],[-122.15360337329217,37.798910849488308],[-122.15360174009069,37.798909979334987],[-122.15360030927953,37.798909731751969],[-122.15312073015627,37.798727212689577],[-122.15311985399732,37.798726729331037],[-122.15311622400806,37.798725388817978],[-122.15300310799853,37.798676826413043],[-122.15261083868003,37.798532507402115],[-122.15242246533387,37.798493876428232],[-122.15231246934408,37.798480555647572],[-122.15223946732451,37.798478362212833],[-122.1521660891527,37.798476157781828],[-122.1519414333516,37.798492866602672],[-122.15184522305756,37.798501167663531],[-122.1518358311565,37.798501638055228],[-122.15170926289622,37.798503410844582],[-122.15170751518041,37.798503160468023],[-122.1517059149672,37.79850341447986],[-122.15161461729946,37.798502357343679],[-122.15161164735513,37.798501892484119],[-122.15159540108257,37.798500706989962],[-122.15148902128394,37.798483505751015],[-122.15148205147483,37.798481867714791],[-122.15147944998198,37.79848157792496],[-122.1510872111653,37.798386608434612],[-122.15108353960157,37.798385591959715],[-122.15108308516128,37.798385533438385],[-122.15098420785458,37.798357957039066],[-122.15087931450462,37.798337616416084],[-122.15083037429633,37.798330154096192],[-122.15066530033329,37.798317188254181],[-122.15058880391811,37.798318258967342],[-122.15045382851538,37.798340623435386],[-122.15033132953354,37.798382040386542],[-122.15018917991657,37.798440947122458],[-122.15009695512373,37.798480545187559],[-122.14993757373631,37.798571873293845],[-122.14983525371149,37.798639745830428],[-122.14976885220277,37.798704764659448],[-122.14968746064365,37.798802603563416],[-122.14961059940532,37.798912364515807],[-122.1496104207983,37.798912555357482],[-122.14961017550837,37.79891296521356],[-122.14948117702788,37.799093606470301],[-122.14947914882907,37.799095760684345],[-122.14947715470205,37.799098784044965],[-122.14938715750171,37.799205586210576],[-122.14937554557274,37.799217014066087],[-122.14937463565329,37.799217515223162],[-122.14937405829153,37.799218211787363],[-122.14928328071736,37.799289843346699],[-122.14928056033209,37.799291308835613],[-122.14926377671587,37.79930193307581],[-122.1491504452143,37.799356289229756],[-122.14913866626378,37.799361120174176],[-122.14913850806052,37.799361207095949],[-122.14898303755403,37.799415421509416],[-122.14891962503826,37.79944035122206],[-122.14873840848414,37.799527891660972],[-122.1486524640745,37.799590393945458],[-122.14853795781057,37.799678632548599],[-122.14841154138288,37.799779569996119],[-122.14841113739516,37.799779789218746],[-122.148404173423,37.799784913250249],[-122.14833134142474,37.799832839523653],[-122.14832299016058,37.799836914160565],[-122.14831588970547,37.799841262390046],[-122.14822076532423,37.799883637201837],[-122.14821135311354,37.799887345466416],[-122.14820264638377,37.799889988607937],[-122.14814387294714,37.799905469240308],[-122.14814300560332,37.799905586798026],[-122.14814053195836,37.799906299944659],[-122.14803393710221,37.799931243295347],[-122.14802857740784,37.799931895840608],[-122.14802215919501,37.79993341657979],[-122.14792638403109,37.799946481791608],[-122.14791364548215,37.799947434796003],[-122.14791263419127,37.799947616543768],[-122.14772247572682,37.799953205969445],[-122.14772033871832,37.799952916815769],[-122.14771822827306,37.799953261709966],[-122.14744697934498,37.799958202953917],[-122.14717638282761,37.799947451515479],[-122.14700166192657,37.799940543102075],[-122.14697761746308,37.799939554190921],[-122.14697537591974,37.799939467443082],[-122.14697313334094,37.799939385215545],[-122.14697089084211,37.799939306591405],[-122.14696864844315,37.799939232471729],[-122.14696640500877,37.799939162872228],[-122.14696416278973,37.799939096860406],[-122.14696191953516,37.799939035368809],[-122.14695967524524,37.799938978397456],[-122.14695743219052,37.799938925914603],[-122.1469551880804,37.799938877051105],[-122.14695294409022,37.799938833592861],[-122.14695070017991,37.799938793738157],[-122.14694845634958,37.799938757486885],[-122.14694621150375,37.799938726656762],[-122.14694396787323,37.79993869941427],[-122.14694172320726,37.799938676692037],[-122.14693947862121,37.79993865757325],[-122.14693723415509,37.799938643859761],[-122.14693498976889,37.79993863374974],[-122.14693274434724,37.79993862816],[-122.14693050016085,37.799938627058729],[-122.14692825491906,37.799938629576864],[-122.14692601091249,37.799938636583498],[-122.14692376587053,37.799938648110356],[-122.14692152206378,37.799938664125762],[-122.14691927720166,37.79993868376048],[-122.14691703243938,37.799938707899585],[-122.14691478777704,37.799938736543083],[-122.14691254434999,37.799938769675087],[-122.14691029986746,37.799938806426468],[-122.14690805548487,37.799938847682185],[-122.14690581233756,37.799938893426457],[-122.14690356815477,37.799938943690996],[-122.14690132518732,37.799938997543109],[-122.1468990811843,37.799939055915488],[-122.14689683841668,37.799939118776351],[-122.14689459461351,37.799939186157502],[-122.14689235202569,37.799939257126312],[-122.14689010953769,37.799939332599422],[-122.14688786714964,37.79993941257699],[-122.14688562486155,37.799939497058858],[-122.1468833826533,37.799939585144266],[-122.14688114168034,37.799939677718214],[-122.14687889967193,37.799939774812337],[-122.14687665887882,37.799939875494111],[-122.14687441820553,37.79993998158119],[-122.14687217761221,37.799940091271722],[-122.14686993825416,37.799940205450852],[-122.14686769897598,37.799940323233407],[-122.14686545866238,37.799940445536187],[-122.14686322071937,37.799940572311684],[-122.14686098174089,37.79994070360739],[-122.14685874399773,37.799940839391645],[-122.14685650633446,37.799940978779375],[-122.14685426877108,37.799941122671449],[-122.14685203130755,37.799941271067929],[-122.14684979505935,37.799941423052104],[-122.14684755891105,37.799941579540565],[-122.14684532399802,37.799941740517589],[-122.14684308918483,37.799941905999006],[-122.14684085445157,37.799942075083912],[-122.14683862097358,37.799942249558228],[-122.14683638755547,37.799942426735122],[-122.14683415425723,37.799942609317327],[-122.14683192217434,37.799942795487162],[-122.14682969019132,37.799942986161355],[-122.14682745944351,37.799943181324103],[-122.14682522879563,37.799943380991188],[-122.14682299255085,37.799943584341044],[-122.14682075869666,37.799943793064479],[-122.14681852378705,37.799944005407248],[-122.14681629011265,37.799944222238565],[-122.14681405767357,37.799944443558381],[-122.14681182531432,37.799944668481707],[-122.14680959421034,37.799944898794429],[-122.14680736316627,37.799945131809778],[-122.14680513337744,37.799945370214523],[-122.14680290368851,37.799945613123668],[-122.14680067521482,37.799945859620401],[-122.14679844797637,37.799946110605688],[-122.14679622081786,37.799946365194515],[-122.14679399377921,37.799946625188582],[-122.14679176909119,37.799946888754384],[-122.14678954450305,37.799947156824601],[-122.14678731999477,37.799947428498307],[-122.1467850967218,37.799947704660589],[-122.14678287468406,37.799947985311341],[-122.14678065388158,37.799948270450599],[-122.14677843317894,37.799948560094272],[-122.14677621369155,37.799948853325617],[-122.14677399543945,37.799949151045439],[-122.14677177726728,37.799949452368772],[-122.14676956035028,37.799949759081493],[-122.14676734464851,37.799950069381886],[-122.14676512902668,37.799950383285776],[-122.14676291579543,37.799950702563208],[-122.14676070264409,37.799951025444116],[-122.14675849072798,37.799951352813615],[-122.14675627889173,37.799951683786546],[-122.14675406944613,37.79995202013302],[-122.14675186008044,37.799952360083047],[-122.14674965192995,37.79995270362069],[-122.14674744503468,37.799953052547757],[-122.14674523935471,37.79995340506246],[-122.14674303488995,37.79995376116478],[-122.14674083054508,37.799954122672368],[-122.14673862855085,37.799954487751755],[-122.1467364266564,37.79995485733555],[-122.14673422711265,37.799955230491108],[-122.14673202768877,37.799955609051935],[-122.14672982946011,37.799955990299502],[-122.14672763248667,37.799956376936521],[-122.14672543672852,37.799956767161135],[-122.14672324220555,37.799957161874339],[-122.14672104891787,37.799957561076013],[-122.14671885684538,37.79995796386536],[-122.14671666600817,37.799958371143191],[-122.14671447638622,37.799958782008702],[-122.14671228801949,37.799959198263593],[-122.14671010084801,37.799959617205282],[-122.14670791493175,37.799960041536359],[-122.14670573023068,37.799960469455122],[-122.14670354676491,37.799960901862356],[-122.14670136564973,37.799961337841417],[-122.14669918465441,37.799961779225747],[-122.14669700598969,37.799962223280957],[-122.14669482744485,37.79996267274143],[-122.14669265125062,37.799963125773722],[-122.14669047629165,37.799963583294527],[-122.14668830254786,37.799964044402969],[-122.14668613003933,37.799964509999946],[-122.14668395874602,37.79996497918453],[-122.14668178984334,37.799965453742722],[-122.14667962213589,37.799965930987632],[-122.14667745454828,37.799966413637861],[-122.14667529044659,37.799966899843959],[-122.14667312642484,37.799967389653602],[-122.14667096365835,37.799967884852684],[-122.14666880324233,37.799968383623536],[-122.14666664404164,37.799968885982018],[-122.14666448721154,37.799969392813189],[-122.14666233048132,37.799969904148725],[-122.14666017610168,37.799970419056038],[-122.14665802295724,37.799970938451921],[-122.14665587216342,37.799971461419574],[-122.14665372260478,37.799971988875747],[-122.14665157428141,37.799972520820468],[-122.14664941476427,37.799973060130746],[-122.14664725646236,37.799973603028647],[-122.14664510053102,37.799974150399244],[-122.14664294581495,37.799974701357549],[-122.14664079235401,37.799975257705185],[-122.14663864122376,37.799975816723745],[-122.14663649134864,37.799976381131714],[-122.14663434382418,37.799976949111496],[-122.14663219751493,37.799977520678922],[-122.14663005246088,37.799978097635758],[-122.14662790973748,37.799978677263475],[-122.14662576940462,37.79997926226477],[-122.146623630287,37.799979850853738],[-122.1466214923846,37.799980443030336],[-122.14661935687276,37.799981040580498],[-122.14661722369154,37.799981640801548],[-122.14661509176553,37.799982246412021],[-122.14661296219008,37.799982855594301],[-122.14661083382993,37.799983468364225],[-122.14660870784031,37.799984085606788],[-122.14660658308587,37.79998470733792],[-122.14660446068207,37.799985332640887],[-122.14660234064884,37.799985962416464],[-122.14660022183084,37.799986595779714],[-122.14659810538345,37.79998723361566],[-122.14659599015123,37.799987875039193],[-122.14659387842495,37.799988520919584],[-122.14659176679857,37.799989171304404],[-122.14658965865813,37.799989825245078],[-122.14658755173291,37.79999048277346],[-122.14658544717824,37.799991144774516],[-122.14658334385881,37.799991811264114],[-122.14658124402534,37.79999248130963],[-122.14657914540709,37.79999315494279],[-122.146577048024,37.799993833064477],[-122.14657495414694,37.799994515643057],[-122.14657286148503,37.799995201809239],[-122.14657077119368,37.799995892448081],[-122.14656868325302,37.799996586658722],[-122.14656659766291,37.799997284441197],[-122.14656451330792,37.799997986712185],[-122.14656243132357,37.799998693455819],[-122.1465603516898,37.799999403771309],[-122.14655827440667,37.80000011765857],[-122.14655619949401,37.800000836018505],[-122.14655412695201,37.800001558851122],[-122.14655205560521,37.800002284370507],[-122.14654998664892,37.800003015263435],[-122.14654792115867,37.800003748811477],[-122.14654585692355,37.800004487748893],[-122.14654379501908,37.80000522935724],[-122.14654173548517,37.800005975438282],[-122.14653967832177,37.800006725991963],[-122.14653762350902,37.800007480117465],[-122.14653556991148,37.80000823783061],[-122.14653351981983,37.800009000000593],[-122.14653147207879,37.800009765742395],[-122.14652942668836,37.800010535055939],[-122.14652738253311,37.800011308858046],[-122.14652534186376,37.800012086216121],[-122.14652330356506,37.800012868046871],[-122.1465212676169,37.80001365344944],[-122.14651923290391,37.80001444334048],[-122.14651720165693,37.800015235886583],[-122.14651517280049,37.800016033806322],[-122.14651314627464,37.800016834396935],[-122.14651112211936,37.800017639460279],[-122.14650910145002,37.800018448079491],[-122.14650708201586,37.800019261187316],[-122.1465050649323,37.800020077866883],[-122.14650305133473,37.800020898102424],[-122.14650104010765,37.800021722810641],[-122.14649903009584,37.800022551106515],[-122.14649702356992,37.800023382958344],[-122.14649501941457,37.800024219282854],[-122.14649301874518,37.800025059163268],[-122.14649101929098,37.800025902631397],[-122.1464890233428,37.800026750556327],[-122.14648702972509,37.800027601152181],[-122.14648503847802,37.80002845622073],[-122.14648304960149,37.800029315761968],[-122.14648106421086,37.800030178859146],[-122.14647908115086,37.800031044627261],[-122.14647710048143,37.800031915768891],[-122.14647512214258,37.800032789581508],[-122.14647314730961,37.800033667850911],[-122.14647117482725,37.800034549692121],[-122.14646920469545,37.800035435105109],[-122.14646723806959,37.800036324974982],[-122.14646527377434,37.800037217515744],[-122.14646331184962,37.80003811452918],[-122.14646135341086,37.800039015098612],[-122.14645939620725,37.80003992015655],[-122.14645744360499,37.800040827853735],[-122.14645549223786,37.800041740039418],[-122.14645354435677,37.800042655781084],[-122.14645159996154,37.800043575078703],[-122.14644965793691,37.80004449884899],[-122.14644776321779,37.800045404836688],[-122.14644771824288,37.800045425290186],[-122.14644578880697,37.800046353390492],[-122.14644386170167,37.800047284161721],[-122.14644193696691,37.800048219405582],[-122.14644001569815,37.800049157304578],[-122.14643809793525,37.800050099660361],[-122.14643618252296,37.800051045587949],[-122.14643426946125,37.800051995087372],[-122.14643235988548,37.800052948142742],[-122.14643045266023,37.800053904769953],[-122.14642854894089,37.800054865853937],[-122.14642664868757,37.800055829593035],[-122.14642474964946,37.800056796919762],[-122.14642285525257,37.800057768687473],[-122.14642096320628,37.800058744027034],[-122.14641907349066,37.800059722037453],[-122.14641718728082,37.800060704504745],[-122.14641530455697,37.800061690528004],[-122.14641342418373,37.800062680123034],[-122.14641154729641,37.800063673274046],[-122.14640967275963,37.800064669996864],[-122.14640780170878,37.800065670275629],[-122.14640593412389,37.800066673209471],[-122.14640406890958,37.800067680615989],[-122.14640220718118,37.800068691578488],[-122.14640034780336,37.800069706112794],[-122.1463984919115,37.800070724203032],[-122.14639663950551,37.800071745849237],[-122.14639478945016,37.800072771067278],[-122.14639294401607,37.800073799825341],[-122.1463910997972,37.800074832171148],[-122.14638926019958,37.800075868057007],[-122.14638742295257,37.80007690751475],[-122.14638558919148,37.800077950528376],[-122.14638375891636,37.800078997097991],[-122.14638193097176,37.800080046338515],[-122.14638010653313,37.800081100035889],[-122.14637828556039,37.800082156388306],[-122.14637646809364,37.800083217197638],[-122.14637465409277,37.800084280661991],[-122.14637284244256,37.800085347698172],[-122.1463710342982,37.800086419191203],[-122.14636922961982,37.800087493339277],[-122.14636742842733,37.800088571043332],[-122.14636562956547,37.800089651418311],[-122.1463638342095,37.800090736250077],[-122.14636204347477,37.800091824622037],[-122.14636025507076,37.800092915664898],[-122.14635847015258,37.800094010263727],[-122.14635668758496,37.800095108434355],[-122.1463549096387,37.800096210145071],[-122.14635313517834,37.800097315411769],[-122.14635136306849,37.800098424250237],[-122.14634959442468,37.800099535743847],[-122.14634783040214,37.800100650777509],[-122.14634606873013,37.800101769383019],[-122.14634431054412,37.800102891544512],[-122.14634255584399,37.80010401726193],[-122.14634080460982,37.800105145634404],[-122.14633905686154,37.800106277562918],[-122.14633731259924,37.800107413047279],[-122.14633557182286,37.8001085520877],[-122.14633383451239,37.800109693783149],[-122.14633210068793,37.800110839034581],[-122.1463303703493,37.800111987841959],[-122.14632864349669,37.800113140205305],[-122.14632692010997,37.800114295223764],[-122.1463252002092,37.800115453798128],[-122.14632348379435,37.800116615928509],[-122.1463217708455,37.800117780713911],[-122.14632006140251,37.800118949956207],[-122.14631835540551,37.800120120952684],[-122.14631665404974,37.800121296390159],[-122.14631495502466,37.800122474498544],[-122.14631326062079,37.800123656147036],[-122.14631156854749,37.800124840466495],[-122.14630988111551,37.800126029226945],[-122.14630819712947,37.800127219741576],[-122.14630651664939,37.800128414713072],[-122.14630483963519,37.80012961233966],[-122.14630316608695,37.800130812621276],[-122.14630149717996,37.800132017343927],[-122.14629983060361,37.800133224737515],[-122.14629816862858,37.800134434770321],[-122.14629651013946,37.800135648359088],[-122.14629485513628,37.800136865503831],[-122.14629320473439,37.800138085287784],[-122.14629155668307,37.800139308643608],[-122.14628991323306,37.800140534638629],[-122.14628827326899,37.800141764189569],[-122.14628663677084,37.800142996395657],[-122.14628500489401,37.800144232141832],[-122.14628337650309,37.800145471443983],[-122.14624283715953,37.800168723235885],[-122.14624114813806,37.800169686726697],[-122.14623945561054,37.800170645760637],[-122.14623775961698,37.800171602139393],[-122.14623606127276,37.800172554946336],[-122.14623435942252,37.800173503296385],[-122.14623265524163,37.800174448975426],[-122.14623094757465,37.800175391098456],[-122.14622923642173,37.800176329665433],[-122.14622752178275,37.800177264676485],[-122.14622580479309,37.800178196115588],[-122.14622408545279,37.800179123982879],[-122.14622236149114,37.800180048310018],[-122.14622063517881,37.800180969065217],[-122.14621890651578,37.800181886248588],[-122.14621717436673,37.800182799875955],[-122.1462154387317,37.800183709947312],[-122.14621370074596,37.800184616446771],[-122.14621195927424,37.800185519390212],[-122.14621021543185,37.800186417860928],[-122.14620846812345,37.800187313676496],[-122.1462067184644,37.800188205920222],[-122.14620496531927,37.800189094607887],[-122.14620320980355,37.800189978822836],[-122.14620145082179,37.800190860382628],[-122.14619968946928,37.800191737469696],[-122.14619792465089,37.80019261190165],[-122.14619615746179,37.800193481860802],[-122.14619438678665,37.800194348263958],[-122.14619261376083,37.800195211095257],[-122.14619083838447,37.800196070354623],[-122.14618905952197,37.800196926058064],[-122.14618727830891,37.800197778189585],[-122.14618549358981,37.800198625864191],[-122.14618370654,37.800199470867859],[-122.14618191711958,37.80020031139874],[-122.14618012421317,37.800201148373603],[-122.14617832895605,37.800201981776631],[-122.1461765313483,37.800202811607768],[-122.14617473025451,37.800203637882838],[-122.14617292679009,37.800204459685212],[-122.14617112097505,37.800205277915722],[-122.14616931167403,37.800206092590209],[-122.14616750002227,37.800206903692796],[-122.14616568601986,37.800207711223543],[-122.14616386966682,37.800208515182383],[-122.14616204980778,37.800209314684388],[-122.14616022759809,37.800210110614451],[-122.14615840303776,37.800210902972665],[-122.14615657612671,37.800211691759024],[-122.14615474684507,37.800212476072666],[-122.14615291407746,37.800213256830233],[-122.14615107895914,37.800214034015916],[-122.14614924149022,37.800214807629757],[-122.14614740165061,37.800215576770839],[-122.14614555834498,37.800216343256828],[-122.14614371378416,37.800217104353251],[-122.14614186575723,37.800217862794575],[-122.14614001649505,37.800218616747294],[-122.14613816376684,37.80021936804485],[-122.14613630864807,37.800220113968805],[-122.14613445119853,37.800220857221753],[-122.14613259137845,37.800221596001975],[-122.14613072920766,37.800222331210321],[-122.14612886468622,37.800223062846726],[-122.14612699779418,37.800223790010463],[-122.1461251285515,37.800224513602302],[-122.14612325693818,37.800225232721345],[-122.1461213818588,37.800225949185297],[-122.14611950554421,37.800226661160607],[-122.14611762685895,37.800227368663215],[-122.14611574584302,37.80022807349475],[-122.14611386243652,37.800228772952714],[-122.14611197669929,37.800229469739683],[-122.14611008859147,37.800230162053907],[-122.14610819813299,37.800230850796225],[-122.1461063053239,37.800231535966695],[-122.14610441127955,37.80023221664851],[-122.14610251372919,37.800232892873481],[-122.14610061498351,37.800233566411606],[-122.1460987138672,37.800234235476928],[-122.14609680924488,37.800234900085385],[-122.14609490340736,37.800235561106113],[-122.1460929963545,37.800236218539077],[-122.14609108579569,37.800236871515182],[-122.1458858243745,37.800300997454919],[-122.14588250272044,37.800301421400242],[-122.14587680410952,37.800302874304073],[-122.14567067244673,37.800338000867654],[-122.14566514135385,37.80033850610355],[-122.14566214962241,37.800339160642302],[-122.14553260613411,37.800352415747817],[-122.14545104989404,37.800364846172414],[-122.14545099326553,37.800364853270665],[-122.14535654808356,37.800379194597319],[-122.14534012329716,37.800380626804241],[-122.14523199047468,37.800383181638544],[-122.14517077901269,37.800384626731628],[-122.14516313473264,37.800384585580147],[-122.14492597429478,37.800376321036346],[-122.14468168689568,37.800379728143149],[-122.14467998476398,37.800379741968449],[-122.14445460550397,37.800379952525013],[-122.14445423059219,37.800379895572611],[-122.14445389337064,37.800379950740002],[-122.14429499997532,37.800379234784707],[-122.14429459769515,37.800379172806409],[-122.14428912935242,37.800379076027049],[-122.14419665691123,37.800374502346806],[-122.14419209165867,37.800373696373327],[-122.14418210826466,37.800372957828237],[-122.14403377572724,37.800348638819031],[-122.14401674291169,37.800344615568065],[-122.14401396538567,37.800343198910191],[-122.14401120900345,37.800342737189972],[-122.14389573186567,37.800300370191067],[-122.14389277066779,37.80029876234066],[-122.14388243944272,37.80029452129363],[-122.14378899385176,37.80024598412011],[-122.14378209991969,37.800241616752338],[-122.14377938570743,37.800240340689079],[-122.14369689275418,37.800185786914703],[-122.14369416792498,37.800182902422044],[-122.14368975126202,37.800180599329352],[-122.14346229606613,37.799999148115347],[-122.14342978671949,37.799973353890437],[-122.1432059312766,37.799967283169281],[-122.14320712777888,37.799811045441523],[-122.1431414561029,37.79976554969263],[-122.14304327809789,37.799703567646034],[-122.14303580593068,37.799698367506878],[-122.1430346295067,37.799697451193758],[-122.14291999579515,37.79960679802327],[-122.14276457987374,37.799496253750711],[-122.14262591269247,37.799398650986269],[-122.14262540639866,37.799398096613999],[-122.14262453826819,37.799397665334034],[-122.14254567442777,37.799340128739303],[-122.14254495016472,37.799339321472416],[-122.14254383249593,37.799338750382624],[-122.14253811031811,37.799334003454682],[-122.14231457487963,37.799133071819369],[-122.14231409954279,37.799132479165898],[-122.14231203526832,37.799130701082326],[-122.14214702402528,37.798970574298238],[-122.14214685794501,37.798970356727125],[-122.14214637159679,37.798969933644898],[-122.14202226114658,37.798847007575915],[-122.14186438053609,37.798727382101283],[-122.1417405086342,37.798667442788521],[-122.14151091108648,37.798647260038756],[-122.14135134483159,37.7986494810173],[-122.1413421459755,37.798649285530807],[-122.14117567431822,37.798639875553206],[-122.14115564395489,37.798636268494832],[-122.14114817920741,37.798635298192124],[-122.14099016517244,37.798590588868315],[-122.14098876209988,37.79858989827617],[-122.14098699163178,37.798589644453244],[-122.14096683997577,37.798581216029078],[-122.14082849196362,37.798506915318647],[-122.14081456919089,37.798497955027244],[-122.14080586186329,37.798490399174227],[-122.1407529860543,37.798438362777866],[-122.14075157794197,37.798436518765044],[-122.14074873947585,37.798433880001987],[-122.14070080477622,37.798379515622088],[-122.14059830956934,37.798374286478129],[-122.14059719919456,37.798374095559325],[-122.14059310454174,37.798373918221095],[-122.14038116603555,37.798352508955169],[-122.13992467646408,37.798339946948275],[-122.13962500281288,37.798362384033148],[-122.13962262331785,37.798362116128409],[-122.13961971342083,37.798362617981454],[-122.13961414635914,37.798362517854187],[-122.13939929096674,37.798351771185295],[-122.13939724213706,37.798351408563029],[-122.13939191888143,37.798351086053557],[-122.13921831791527,37.798327405204034],[-122.13921538026942,37.798326753043916],[-122.13921327391196,37.798326562438909],[-122.1390481273159,37.798293836910275],[-122.13903953309611,37.798291652987828],[-122.13901681679818,37.798280059852125],[-122.13901551305052,37.798278568525426],[-122.13901391293874,37.798277696811546],[-122.13886922831519,37.798152670771209],[-122.13886741226686,37.798150453917593],[-122.13886186958293,37.7981450771114],[-122.13879958375773,37.798067660529895],[-122.1387949146734,37.798060699953588],[-122.13879469803409,37.798060455144537],[-122.1387394821157,37.797962102709548],[-122.13863170574223,37.797791223319997],[-122.13847652615324,37.797625713738768],[-122.13838099390824,37.797530775267482],[-122.13833014660759,37.79751858064899],[-122.13829228729564,37.79753322331986],[-122.13816782999585,37.79765114361895],[-122.13808106767854,37.797786878828759],[-122.13808077839376,37.797787201858483],[-122.13808017419112,37.797788230366812],[-122.13801143025285,37.797888754645754],[-122.13800941595444,37.797890934599494],[-122.13800733074292,37.79789401850266],[-122.13790502504322,37.798010193462098],[-122.13780308163199,37.798161858265424],[-122.13780177522892,37.798163283122918],[-122.13780007281123,37.798165907520072],[-122.13769726822645,37.798291625308778],[-122.1376949968796,37.798293891733316],[-122.13769400091803,37.798295283441149],[-122.13760261132713,37.798389255988084],[-122.13759930862966,37.798392288301478],[-122.13759902477589,37.798392651806822],[-122.1374478934974,37.798524533919448],[-122.13744706796099,37.798525002271198],[-122.1374464742573,37.798525735048997],[-122.13743355216825,37.798534066383326],[-122.13733597208306,37.798582802529815],[-122.13732670309376,37.798586687264084],[-122.13731628327059,37.798589524604736],[-122.13721117654758,37.798610897730597],[-122.13719520336514,37.798612609106804],[-122.13716862484091,37.798608795799339],[-122.13716853180583,37.798608748428173],[-122.13716842243576,37.798608732824448],[-122.13705164760806,37.798571898636887],[-122.13702913397933,37.798560369895796],[-122.13702783841269,37.798558887445743],[-122.13702624636488,37.79855802009903],[-122.1369292056782,37.798474218149266],[-122.13691669815628,37.798458959365],[-122.13691632889984,37.798457612747733],[-122.13691548425494,37.798456596246247],[-122.13683203369452,37.798282649799205],[-122.13683100209271,37.798278407029066],[-122.13682797567607,37.798269502300322],[-122.13680777045752,37.798132705208808],[-122.13678059061623,37.797991248583457],[-122.13676138713969,37.797892624312105],[-122.13673763312677,37.797863453564148],[-122.13665417581504,37.797825587037828],[-122.13651922900908,37.797812282449655],[-122.13636651167603,37.797811108816639],[-122.13613472632562,37.797823125600686],[-122.13589871133659,37.797839406324144],[-122.13589653212622,37.797839155391785],[-122.13589392655598,37.797839604268518],[-122.13588406868541,37.797839182296563],[-122.13559439164008,37.79781023943567],[-122.13557973386463,37.797807266135713],[-122.13557845916658,37.797807090065184],[-122.13537809066571,37.797746693839009],[-122.1353777323564,37.797746513168605],[-122.13537730285013,37.797746451537733],[-122.13536511363519,37.797740159243666],[-122.1353545873105,37.797734858596371],[-122.13535437524457,37.797734614618925],[-122.13535406969612,37.797734457548181],[-122.13522903072526,37.797636622101003],[-122.13522813456679,37.797635585575293],[-122.13522702660261,37.797634987247683],[-122.1350843276861,37.797513658127649],[-122.13491934453273,37.797394569876964],[-122.13491875669537,37.797393919277461],[-122.13491784011649,37.797393450764432],[-122.13491350117552,37.797389808946498],[-122.13480869640409,37.797293365995678],[-122.13471701940063,37.797272717015879],[-122.13463794784305,37.797277478116676],[-122.13460799942072,37.797288373752849],[-122.13460446338085,37.797289012126413],[-122.13460186220088,37.797290330534842],[-122.1344969227568,37.797319252479809],[-122.13449381952947,37.797319690200176],[-122.13448708828359,37.797321334396003],[-122.13430078265668,37.797349323832933],[-122.13428911528358,37.797350274042394],[-122.13428798740973,37.797350112144208],[-122.13428695303773,37.797350276973049],[-122.13420385671547,37.797349368478841],[-122.1341794410427,37.797345551567723],[-122.13416908644494,37.797341493841735],[-122.13403090279164,37.797275426815354],[-122.13402178946811,37.797269871268696],[-122.13402004771993,37.797269010462131],[-122.13385297118235,37.797148408765764],[-122.13385200151643,37.797147333597167],[-122.13385056432485,37.797146584818449],[-122.13356695281504,37.796921160149573],[-122.13356680014475,37.79692098293328],[-122.13356369720029,37.796918387315699],[-122.13341180151804,37.796779720901917],[-122.13341038359414,37.796777937317593],[-122.13340675132062,37.79677451004639],[-122.13332325560529,37.796676782973584],[-122.13332051579246,37.796672831479064],[-122.13331929259304,37.796671536329683],[-122.13326819066818,37.796594467552445],[-122.13318459442252,37.796524010023298],[-122.13304996241298,37.796462036223687],[-122.13304768839451,37.796460673617752],[-122.13304504941726,37.796459550367807],[-122.13290488154401,37.796381834978185],[-122.13289644278026,37.796376321371916],[-122.1328844985669,37.796364159773049],[-122.13282202420773,37.796277814919769],[-122.13281857471176,37.796272368300549],[-122.13281453191377,37.796262561065156],[-122.13276890665081,37.796102175052951],[-122.13272394383145,37.796014878470373],[-122.13267699173443,37.795949131854073],[-122.13261240954692,37.795906453921774],[-122.1324853232735,37.795892780015748],[-122.13230444229163,37.795897943229669],[-122.13230381468219,37.795897858196227],[-122.13230316073694,37.795897969980487],[-122.13229103871721,37.795897291581596],[-122.13215913642111,37.795880576782878],[-122.13214468230339,37.795877441638943],[-122.13213146048781,37.795871935603756],[-122.13200712293252,37.795805674613383],[-122.13200056989591,37.795801472170432],[-122.13199940579437,37.795800900723599],[-122.13179220557711,37.79565290192523],[-122.13145599844533,37.795417998926986],[-122.13133670736833,37.795350938386051],[-122.13128966492663,37.795357044786307],[-122.13127514483789,37.795365736391325],[-122.13125216049656,37.795407134683181],[-122.13124872192178,37.795465142247359],[-122.1312692705998,37.79553789622387],[-122.13129419262575,37.795598396984502],[-122.13129439529143,37.795599351214321],[-122.13129539283294,37.795601646190335],[-122.13131843364141,37.795671991122603],[-122.13131849360357,37.795672342647244],[-122.13131869599776,37.795672819265228],[-122.1313480787704,37.795768618976666],[-122.13138325373598,37.795863606807167],[-122.13141864638931,37.795950097268346],[-122.13141871619389,37.795950431534635],[-122.13141913117032,37.795951331460827],[-122.13144037467843,37.796007729627107],[-122.13147507468032,37.796064756270837],[-122.13151924337394,37.796125331344818],[-122.13157100872267,37.796180334853254],[-122.13163286573092,37.796232246505163],[-122.1317066940295,37.796288823607277],[-122.13170747336517,37.79628971488625],[-122.1317085040871,37.796290262949015],[-122.13178981719453,37.796357364730738],[-122.13179071860286,37.796358436354609],[-122.13179651373562,37.796363806387994],[-122.1318563390403,37.796431205461808],[-122.13185765290072,37.796433061696113],[-122.13185886610412,37.796434265080173],[-122.13193473686243,37.796533118798031],[-122.1319375173083,37.796537372551683],[-122.13193803053242,37.796537936785583],[-122.13197142591176,37.796593188930856],[-122.13201591050516,37.796649760998328],[-122.13207068357175,37.796712555561648],[-122.13214145409785,37.796785550620498],[-122.13221482824854,37.796858105880766],[-122.13228758137267,37.796920537034445],[-122.13237961519975,37.796977358269146],[-122.13237975588682,37.796977455449436],[-122.13237981440187,37.796977482575429],[-122.13247944113348,37.797039456905857],[-122.13248481957483,37.797043173636538],[-122.13259101475656,37.797124550867736],[-122.13259545211037,37.797128284226709],[-122.13268424295788,37.797210361014677],[-122.13275505694706,37.797264624473122],[-122.1328189095837,37.797306862756024],[-122.13291806445638,37.797359685654946],[-122.13302326803711,37.79741405761542],[-122.13302344770322,37.797414171377277],[-122.13302363336899,37.797414248108417],[-122.13313236380942,37.797471222350751],[-122.13313454760909,37.797472612338346],[-122.13313596288384,37.797473242475959],[-122.13325110123648,37.797542311571149],[-122.13325147478841,37.797542565932041],[-122.13325164912131,37.797542643720966],[-122.13334503035141,37.797599831252612],[-122.13334949039432,37.797602889299625],[-122.13334983832156,37.79760306291066],[-122.13342896188136,37.797661358926405],[-122.13352702714286,37.797722789890045],[-122.13365790132583,37.797790221292743],[-122.13365822377637,37.797790424092945],[-122.13365855157214,37.797790560133166],[-122.13382781537776,37.797879934495342],[-122.1339899021991,37.797955481513334],[-122.13413367949303,37.798004328290695],[-122.13427625626142,37.798037526642155],[-122.13451148642747,37.798082543546656],[-122.13477910786123,37.798129893751984],[-122.13477962165676,37.79813001819906],[-122.13477994480532,37.798130046161255],[-122.13494821499411,37.798161560117393],[-122.13513484091365,37.798190424938362],[-122.1351449740052,37.798192770742048],[-122.13514583971553,37.798192888505689],[-122.13524784295129,37.79822315175597],[-122.13524835052257,37.798223406054611],[-122.13524896915168,37.798223494801825],[-122.13525410685448,37.798225294371292],[-122.13537490425369,37.79827235318745],[-122.13537764075592,37.79827387785307],[-122.13538364185412,37.79827641160562],[-122.13547067226868,37.798323938588311],[-122.13547951267739,37.798329673536664],[-122.13548554899002,37.798334940018961],[-122.13554834186623,37.798397422626067],[-122.13555770033437,37.798409764910119],[-122.13555991985443,37.798414371505189],[-122.13559233641432,37.798491895823744],[-122.13559584780803,37.798508232944812],[-122.13559713559081,37.798566695066199],[-122.13559510962325,37.798580877710542],[-122.13557216081075,37.79865429642058],[-122.13556938061316,37.798661203633209],[-122.1355682097204,37.798662647312462],[-122.13556782914377,37.798664085437615],[-122.13552640683503,37.798735323605392],[-122.1355256227971,37.798736232937024],[-122.13552313046897,37.798740277671492],[-122.13547932428152,37.798799038957071],[-122.13544905281395,37.798873303549854],[-122.13543771034789,37.798967080716331],[-122.13545491198515,37.799040988832111],[-122.13549946865054,37.799124001399825],[-122.13555317470679,37.799214959664006],[-122.13555379500914,37.7992170832092],[-122.13555522415068,37.799218804432584],[-122.13560029549097,37.799313210418582],[-122.13560065784358,37.799314708530389],[-122.13560313989889,37.799320765957752],[-122.13563980628493,37.799451838707235],[-122.13564003806925,37.799453389996039],[-122.13564047849002,37.799454565310278],[-122.13565759926422,37.799534738489051],[-122.13565779926661,37.799536445218394],[-122.13565804798969,37.799537167203617],[-122.1356830785036,37.799697641308008],[-122.1356830948625,37.799697816807601],[-122.13568311549321,37.79969787689928],[-122.13570470047823,37.799841342502567],[-122.13570473986108,37.79984178983355],[-122.13570478486611,37.79984192528471],[-122.13571566157965,37.799921423575313],[-122.13573313414375,37.800022763745332],[-122.13575008966886,37.800121098500561],[-122.1358005024841,37.800263420764594],[-122.13584153931022,37.800353432680218],[-122.13589630719103,37.800471957902374],[-122.13589654283096,37.800472962132069],[-122.13589826031547,37.800476892603832],[-122.13593444474661,37.800586041272133],[-122.13593534439602,37.800591203260701],[-122.13593632701898,37.800594151747177],[-122.13596108858772,37.800777169351889],[-122.13596125301497,37.800779271282579],[-122.13596134724705,37.800779579073719],[-122.13597197320001,37.800913449674212],[-122.13597185461708,37.800914046986826],[-122.13597205747638,37.800914748880885],[-122.13597890987388,37.801053329026374],[-122.13598823213856,37.801134007737446],[-122.13598786977946,37.801136015144444],[-122.13598851660132,37.801138413173341],[-122.13598841664772,37.801143618766112],[-122.13598975909782,37.80122738020308],[-122.13599063320076,37.801338389338362],[-122.13601600647709,37.801459361587838],[-122.13604797939594,37.801526875510248],[-122.13609677268107,37.801598775427635],[-122.13614805815457,37.801649248084445],[-122.1362243335054,37.801705349609676],[-122.13630697635129,37.801752762056573],[-122.13631152797757,37.801755784479518],[-122.13631237410965,37.801756197186499],[-122.1364567724895,37.801857912743436],[-122.13645868812056,37.801860009297812],[-122.13646132710133,37.80186143075796],[-122.13652459867309,37.801915005445572],[-122.13652518091948,37.8019157092833],[-122.13652873104402,37.801918843822094],[-122.13659392222986,37.801985356841904],[-122.13659561440392,37.801987620506431],[-122.13659785340332,37.801989805390761],[-122.13667012172505,37.802080853399872],[-122.13667144553732,37.802082841914263],[-122.13667212662521,37.802083547083072],[-122.13673118387574,37.802168295442094],[-122.1367340853899,37.802172970049355],[-122.13673471295007,37.802175265609023],[-122.13673600091722,37.802176864417369],[-122.13676869408179,37.80225160718085],[-122.13676909716727,37.802253405711319],[-122.13677092947603,37.80225790411059],[-122.13679579755086,37.802348314015525],[-122.13679617297987,37.802350867201611],[-122.13679672149368,37.802352410487266],[-122.13681659732853,37.80246504472084],[-122.13685060512465,37.802559844381932],[-122.1368680116497,37.80259178776182],[-122.13690700141154,37.802625509649403],[-122.13697763427137,37.802666029537704],[-122.13703637119777,37.802692427501057],[-122.13713051297491,37.802727533919381],[-122.13724674617205,37.802768453365402],[-122.13724815749177,37.802769206968954],[-122.13725553478034,37.802772169402083],[-122.13734144834237,37.802815056962906],[-122.1373526701385,37.802822035659268],[-122.1373533610351,37.802822824495998],[-122.1373542849657,37.802823313615434],[-122.13742750287938,37.802883232692999],[-122.13742823293443,37.802884097584347],[-122.13743387438215,37.80288925500443],[-122.13748410760194,37.802944306985445],[-122.13748793903373,37.802949635522346],[-122.13748961865453,37.802951430744763],[-122.1375386766111,37.803027242850767],[-122.13753917719707,37.803028826449641],[-122.13754057652589,37.803030426406622],[-122.13754274589786,37.803034910201269],[-122.13758240333534,37.803129004004113],[-122.13758330880137,37.803133187237869],[-122.13758531427723,37.803138839410025],[-122.13760203100117,37.803233978980899],[-122.13761930049765,37.803319214320872],[-122.13763867568778,37.803363768137537],[-122.13768064021892,37.803415023813997],[-122.13773434730813,37.803458395263661],[-122.13782471636873,37.80351544003225],[-122.13789775644815,37.803558908795111],[-122.13797317917366,37.803601541487438],[-122.13797924493859,37.803605541304869],[-122.13797989949909,37.803605866544707],[-122.13805131212334,37.803658031493704],[-122.13805293181534,37.80365983745348],[-122.13805506291473,37.803660988375213],[-122.13810002491161,37.803699258895399],[-122.13810177528309,37.803701376643495],[-122.13810778623557,37.803707215584573],[-122.13815819322099,37.803770043694442],[-122.13816137949512,37.803774799922245],[-122.13816208015086,37.803775566991021],[-122.13824853502892,37.803916981152867],[-122.13824930709559,37.803919543243346],[-122.1382510761004,37.803921681457119],[-122.13828876144238,37.804001488376215],[-122.13834871340423,37.80412765890312],[-122.13834880222944,37.804128029848734],[-122.13834980138739,37.804130125587022],[-122.13839655714169,37.80424477332263],[-122.13844941708128,37.804328557979993],[-122.13851767285176,37.804404995128564],[-122.13859215577712,37.80448223516666],[-122.13859313912249,37.804483562432139],[-122.13859464484048,37.804484988776977],[-122.13870202265915,37.804611850136645],[-122.13870803706349,37.804620567308504],[-122.13870818896997,37.804621120313087],[-122.13870856904255,37.80462156471151],[-122.13873928810145,37.804680776721121],[-122.13873962800211,37.804682076879558],[-122.13874345344931,37.804692168997299],[-122.13875714181445,37.804753915601566],[-122.13875978566828,37.804765842680084],[-122.13876082174316,37.804774395622445],[-122.13876074909111,37.804778050840255],[-122.13875713591703,37.804836444017603],[-122.13875613282489,37.80484014009977],[-122.13875508858231,37.804847271979853],[-122.13874133101943,37.804890247565162],[-122.13873722294859,37.804899512710101],[-122.13870417672339,37.804957017174956],[-122.13870397631958,37.804957251557852],[-122.13870313816871,37.804958746514657],[-122.13866597941387,37.80501785540249],[-122.13865318190679,37.805049167425842],[-122.13865037468027,37.805083048631381],[-122.13865915889822,37.805128233355042],[-122.13867881522648,37.805169162229859],[-122.1386789226968,37.805169605910159],[-122.13867915847798,37.805169893709177],[-122.13874432426091,37.80531160780685],[-122.13877837633436,37.805361159004597],[-122.13882261248143,37.805408521243109],[-122.13887544930516,37.805450190270868],[-122.1388755798754,37.805450342554984],[-122.13887892404854,37.80545313924771],[-122.13893062231698,37.8055003914453],[-122.13894182928632,37.805514493878498],[-122.13894216405787,37.805515715706498],[-122.13894294220123,37.805516647507524],[-122.13897546739074,37.805583613176516],[-122.1389798484456,37.805598701711951],[-122.13899013300824,37.80569449999453],[-122.13899036861307,37.805700284877396],[-122.13898780373479,37.805799830321519],[-122.13899503661374,37.805866721213107],[-122.13900756300734,37.805938839168938],[-122.1390245773847,37.805970382161505],[-122.13905993211127,37.806010902665015],[-122.13910871011926,37.806053599449513],[-122.13916369527564,37.806080756838178],[-122.13927911690345,37.806111018581241],[-122.13941563434899,37.806152102796304],[-122.13941599155332,37.806152282569066],[-122.13941642224709,37.806152344169334],[-122.13942221829835,37.806154403859473],[-122.13950052850383,37.806185727349124],[-122.13951745010307,37.806195260705252],[-122.13952565587438,37.806202802898873],[-122.13956753349029,37.80624921898977],[-122.13957472506009,37.806259284111306],[-122.13957866731334,37.806268741962825],[-122.1395985484981,37.806336531170139],[-122.13960033889134,37.806348016809665],[-122.13960119758291,37.806386899881431],[-122.13960023566611,37.806397036896321],[-122.13958912898744,37.806449051310814],[-122.13958692157058,37.806456330035374],[-122.13955596721057,37.806534550366202],[-122.13955581274229,37.806534756175921],[-122.13955575082036,37.806535089565124],[-122.13953771653792,37.806579069100984],[-122.13952304051529,37.806640007757657],[-122.1395239005027,37.806678951187109],[-122.13953422790789,37.806715496588303],[-122.13956067882151,37.806740807465438],[-122.13959396875424,37.806761656236972],[-122.13962420533927,37.806772616653632],[-122.13969273783997,37.806779604025117],[-122.13975916929306,37.806778680439088],[-122.13977205750106,37.806779458284915],[-122.13984786176837,37.806789749051404],[-122.13986155397176,37.806792782128674],[-122.13987035524835,37.806796118411256],[-122.13991574397136,37.806816555556928],[-122.13992966173787,37.806824812223653],[-122.13997952841987,37.806863013847234],[-122.1399920475609,37.806875980497402],[-122.14003002052139,37.806930553961429],[-122.1400328989638,37.806935194565554],[-122.14003508419729,37.806939715942953],[-122.1400825130539,37.807052499963085],[-122.14008507112889,37.807060582048749],[-122.14010326818534,37.807144601067805],[-122.14010388309674,37.807148116957258],[-122.14011122583092,37.807203116334449],[-122.14011134323052,37.807204625948728],[-122.14011142639303,37.807204894239398],[-122.14011679912723,37.807263161585261],[-122.14011697316876,37.807266206891263],[-122.14011617326175,37.807275551338478],[-122.14010700102368,37.807322677132802],[-122.14010547154012,37.807328456819931],[-122.14009669370026,37.807353897900597],[-122.14186394671174,37.80735501507268],[-122.14246833813446,37.80734947637908],[-122.1431361159553,37.808192352838219],[-122.14298197047694,37.808663358169163],[-122.14326767287639,37.808899801459631],[-122.14330993388155,37.809495706524721],[-122.14354449656138,37.809888448028488],[-122.14361412703336,37.809986951495041],[-122.14520535354848,37.81119110742533],[-122.14627766172737,37.812708827788811],[-122.14648368344736,37.813021828879613],[-122.14918653296496,37.814917091494387],[-122.15013224436746,37.815250640192971],[-122.15065335159062,37.81543483769736],[-122.15155503697743,37.815752979388456],[-122.15209531625131,37.815864397417819],[-122.15211782354619,37.815869019642186],[-122.15455498686026,37.816371602791662],[-122.15623906981253,37.817620643577449],[-122.1585413003646,37.818691116597869],[-122.16463357449146,37.822548946378724],[-122.16523801231122,37.823550684528151],[-122.16556928863152,37.82409911693771],[-122.16817162608913,37.826108282364423],[-122.17098162312691,37.827655908353108],[-122.17099603191373,37.827663843569383],[-122.17794257145607,37.831371635156565],[-122.17902572728784,37.83178867744855],[-122.18301388908168,37.833323926169541]]]},"properties":{"AGENCY_NAM":"EBRPD","GLOBALID":"{F14968B9-E1CC-4B4B-8427-4287BC7386A5}","SHAPE.AREA":82821510.299990103,"SHAPE.LEN":57952.6033654856,"OBJECTID":11,"NAME":"Redwood"}},{"type":"Feature","id":12,"geometry":{"type":"MultiPolygon","coordinates":[[[[-122.21828735627683,37.863210942841718],[-122.21858783850016,37.863041052075118],[-122.2185736774894,37.86303069391176],[-122.21854862509093,37.863011716082362],[-122.21852399553991,37.862992394154382],[-122.21849979243319,37.862972736186215],[-122.21847602608089,37.862952745632668],[-122.21845270340515,37.862932426899043],[-122.21842983374681,37.862911790663546],[-122.21840741948269,37.8628908413977],[-122.21838547098558,37.862869585258885],[-122.21836399406206,37.862848027569797],[-122.21834299115146,37.862826175504502],[-122.21792224434807,37.862389375052814],[-122.21791755631729,37.862383812809966],[-122.21791274826799,37.862378319901197],[-122.21790781670771,37.862372892772534],[-122.21790276969497,37.862367535812631],[-122.21789760603082,37.862362246335366],[-122.21789232365136,37.862357033382359],[-122.21788693156341,37.862351893217919],[-122.21788142635826,37.862346825891635],[-122.21787580595087,37.862341839544285],[-122.21787007932751,37.862336929539289],[-122.21786424425719,37.862332097711374],[-122.21785830322113,37.862327353036093],[-122.21785226396486,37.862322686389021],[-122.21784611525044,37.862318103340726],[-122.21783987193335,37.862313607279653],[-122.21783352950995,37.862309200073661],[-122.21782709021123,37.862304879887859],[-122.21782055748774,37.862300648474431],[-122.21781393142292,37.862296509436746],[-122.21780721997081,37.862292462659035],[-122.2178004140828,37.862288510075359],[-122.21779352400638,37.862284652437651],[-122.21778654972064,37.86228088884512],[-122.21777949707395,37.862277226421867],[-122.21777236013459,37.862273654440258],[-122.21776515057827,37.862270186247876],[-122.21775786274438,37.862266822828168],[-122.2177505042949,37.862263551453367],[-122.21774307219651,37.862260388388584],[-122.21773556973287,37.86225732817897],[-122.21772800370084,37.862254369824434],[-122.21772037424643,37.862251519631023],[-122.21771268471591,37.862248774846506],[-122.21770493283665,37.862246135504023],[-122.2176971277616,37.862243604173742],[-122.21768507255422,37.862239939750687],[-122.21766847954522,37.862235138309536],[-122.2176595386331,37.862232348651155],[-122.21765066424072,37.86222943726812],[-122.21764185293843,37.862226403309009],[-122.21763310817678,37.862223248526007],[-122.21762443673198,37.862219971018263],[-122.21761583870828,37.862216575289949],[-122.21760731753547,37.862213062192517],[-122.21759887319266,37.862209430825033],[-122.2175905091097,37.862205682038713],[-122.21758222993607,37.8622018202718],[-122.21757403790265,37.862197843689508],[-122.21756593189404,37.862193753209233],[-122.21755791881142,37.862189552335266],[-122.21754999861314,37.862185239265905],[-122.21754217828391,37.862180821108787],[-122.21753445426864,37.862176291607561],[-122.21752682902788,37.862171658836928],[-122.21751930820136,37.862166920912458],[-122.21751189294611,37.862162078718534],[-122.21750458557653,37.86215713402386],[-122.21749739067953,37.862152088563988],[-122.21749030490886,37.862146945091112],[-122.21748333402923,37.862141707126092],[-122.21747647915629,37.862136373751525],[-122.21746974243736,37.862130939529123],[-122.21746312868881,37.862125416104085],[-122.21745663454335,37.862119805327687],[-122.21745026671462,37.862114102596422],[-122.21744402417053,37.862108312431175],[-122.21743791153963,37.862102438369249],[-122.21743192880112,37.86209647950988],[-122.21742607944728,37.862090439406849],[-122.21742036347801,37.862084318060219],[-122.2174147798614,37.862078119990827],[-122.21740933429967,37.862071846016931],[-122.21740402906541,37.862065496105373],[-122.21739886653548,37.86205907472749],[-122.21739384098662,37.862052580164296],[-122.21738896396951,37.862046020358115],[-122.21738423087635,37.862039392672557],[-122.21737964410484,37.862032702479773],[-122.2173752024561,37.862025947093663],[-122.21737091514547,37.862019131787221],[-122.2173667742816,37.862012259378687],[-122.21736278558757,37.862005331587213],[-122.21735895472385,37.861998347429292],[-122.21735527613421,37.861991312392725],[-122.21735175097567,37.861984227361866],[-122.2173508617185,37.861982345151546],[-122.21734838154165,37.861977093204501],[-122.2173451736596,37.861969916144076],[-122.21734212049074,37.86196269537885],[-122.21733922891553,37.861955433512286],[-122.21733649554582,37.861948131494849],[-122.2173339249058,37.861940788359547],[-122.21733151625543,37.86193342123925],[-122.2173292726699,37.861926015670669],[-122.21732718865539,37.861918579844129],[-122.21732526997661,37.861911117280499],[-122.2173235131622,37.861903625326775],[-122.2173219253218,37.861896116495807],[-122.21732050069052,37.861888587266826],[-122.21731924488711,37.861881034854648],[-122.21731815128143,37.861873467466175],[-122.217317227911,37.861865888589087],[-122.21731646905256,37.861858296504423],[-122.2173158815864,37.861850693815498],[-122.21731545881977,37.861843086026724],[-122.21731420582219,37.861828878472707],[-122.21731264408805,37.861814689829387],[-122.21731076696665,37.861800527402863],[-122.2173085801396,37.861786391110336],[-122.21730608034413,37.861772287307502],[-122.21730327111447,37.861758221349888],[-122.21730015362883,37.861744195022666],[-122.21729672914864,37.861730213714424],[-122.21729299436957,37.861716281979071],[-122.21728895625549,37.861702406023397],[-122.21728461030308,37.86168858771525],[-122.21727996448732,37.861674827839707],[-122.21727501455528,37.861661139074876],[-122.21726976280048,37.861647522288649],[-122.21726421482113,37.86163397379476],[-122.21725836636405,37.861620506271336],[-122.21725221864925,37.861607123305312],[-122.2172457887627,37.861593826450395],[-122.2172390597855,37.861580621359636],[-122.21723204202767,37.861567511487678],[-122.21722473555191,37.861554499537],[-122.21721714734292,37.861541592615353],[-122.21720927397105,37.861528789871322],[-122.21720111905384,37.861516100263891],[-122.21719268602106,37.861503524644277],[-122.21718397960566,37.861491071054061],[-122.21717500081886,37.861478734071454],[-122.21716574879558,37.86146652542417],[-122.21715623264697,37.861454445880682],[-122.21714644913118,37.861442502697493],[-122.21713640618128,37.861430694857887],[-122.21712610278631,37.861419027783569],[-122.21711554584732,37.861407504978651],[-122.21710473656321,37.861396129129176],[-122.21709367850973,37.861384907392392],[-122.21708237278156,37.861373837949898],[-122.21707082970941,37.861362925157216],[-122.21705904382048,37.861352178105555],[-122.2170403177895,37.861335846567812],[-122.21672124960476,37.861074934437724],[-122.21669980342479,37.861059328198081],[-122.21668445616146,37.861047683081779],[-122.21666936780827,37.861035830534618],[-122.21665454177401,37.861023770507025],[-122.21663998382347,37.861011506519993],[-122.21662569515546,37.860999041259625],[-122.21661168616319,37.860986381784222],[-122.21659795692996,37.860973531697219],[-122.21658451319976,37.860960493618826],[-122.2165713572867,37.860947269317663],[-122.21655849615432,37.860933865000774],[-122.21654593108467,37.860920286957743],[-122.21653366666455,37.860906536924361],[-122.21652170754318,37.860892619338799],[-122.21651005603468,37.860878535969881],[-122.21649871573541,37.860864294875853],[-122.21648769468251,37.860849899544661],[-122.2164769884975,37.860835357249286],[-122.21646660500919,37.860820662469031],[-122.21645654791803,37.860805827766399],[-122.21644681964227,37.860790859414486],[-122.21643741336423,37.860775757512577],[-122.21642834736835,37.860760526300616],[-122.21641961954859,37.860745173018614],[-122.21641122998811,37.86072970127006],[-122.21640318219991,37.860714115509829],[-122.2163954774034,37.860698419324912],[-122.2163881203101,37.860682619856092],[-122.21638111445385,37.860666722459129],[-122.21637445650893,37.860650730787022],[-122.21636815335532,37.860634647443305],[-122.21636220179239,37.860618481486235],[-122.21635661091005,37.860602232783705],[-122.21635137639237,37.860585911311261],[-122.21634650053242,37.86056951793676],[-122.21634199035607,37.860553061569796],[-122.21633784138055,37.860536544979055],[-122.2163340594327,37.860519974387955],[-122.21633063657947,37.860503350813126],[-122.21632602813469,37.860468152549593],[-122.21586856031389,37.860778853394088],[-122.21570768315506,37.860617126071773],[-122.21553607630882,37.860444616156947],[-122.21519009123666,37.860098252582176],[-122.21467897437911,37.859586572324268],[-122.21398305244722,37.858896510937726],[-122.21394573148331,37.858859076939147],[-122.21361569785701,37.858926859702784],[-122.21223885714554,37.8592096324953],[-122.21197003622683,37.85886853938807],[-122.21190676183491,37.858786098585206],[-122.21190555305958,37.858786715392313],[-122.21186347544248,37.858733327043879],[-122.21228040816429,37.858532438243685],[-122.21230566820725,37.858513715053185],[-122.21232534631321,37.858491348329032],[-122.21233128819597,37.858482812805292],[-122.21234001579262,37.858462698356263],[-122.21234004363239,37.858443368877602],[-122.21233253791982,37.858424973263908],[-122.21231822915789,37.858409318564071],[-122.21203076840696,37.858180838764099],[-122.21200385655811,37.85815945250296],[-122.21197296841976,37.858132186141326],[-122.21192277853775,37.858070743724156],[-122.21188622091135,37.857990961314542],[-122.21188101113162,37.85797492225894],[-122.21184374233079,37.857861752097534],[-122.21183129645968,37.857805841439827],[-122.21182630029398,37.857749207233461],[-122.21183221282226,37.857667922056237],[-122.21156772758933,37.857371910783165],[-122.21127249380403,37.857544966485783],[-122.21030318206287,37.858166253006964],[-122.21027598152632,37.858085628917223],[-122.21021639453734,37.858111957470754],[-122.21015366580907,37.858133202992477],[-122.21008847192208,37.858149131284463],[-122.21002154214742,37.858159574974117],[-122.20995360220965,37.858164409997613],[-122.20988539329656,37.858163591371103],[-122.2098176668072,37.858157122627432],[-122.20975116774366,37.858145074980939],[-122.20968661760439,37.858127584872086],[-122.20959014397474,37.858089253633828],[-122.20964700005001,37.858010550557786],[-122.20972928282586,37.858043300949831],[-122.20978248918537,37.858057719290535],[-122.209837299252,37.858067646402986],[-122.20994934178964,37.858073653314847],[-122.21006051123057,37.858061061029929],[-122.21011423973106,37.85804793028079],[-122.2102202945571,37.858006403481255],[-122.21113729844902,37.857420353640649],[-122.21144759215539,37.857237450041744],[-122.21109405261103,37.856841568866827],[-122.21078319778373,37.856957318618932],[-122.21073974965509,37.85695108154119],[-122.21067174266726,37.856931466675199],[-122.21061040884905,37.856900768053578],[-122.21058399180389,37.856881923698047],[-122.21053621008765,37.856837981558328],[-122.2105021387114,37.85678766050917],[-122.21048354089679,37.856732308382128],[-122.21047768143661,37.856703552438823],[-122.2107851030287,37.856589226618311],[-122.21089031712282,37.856194228677978],[-122.21066499078185,37.8558122624042],[-122.21011382113697,37.855196050455689],[-122.21046613505784,37.855120878382898],[-122.21042770499565,37.855079150902789],[-122.21084648952382,37.854295221445959],[-122.21085829889419,37.854273114995692],[-122.21054591586359,37.853903045988716],[-122.21037850480248,37.853704717139216],[-122.21019355867143,37.853485618886701],[-122.21001227881753,37.853270853197003],[-122.209815777771,37.853038059172007],[-122.20966165925661,37.8528554765482],[-122.20956533749884,37.852741359683932],[-122.20941121674622,37.85255877406896],[-122.20931490629536,37.852444670358352],[-122.20906450979874,37.852148018760197],[-122.20891065430065,37.85196573956604],[-122.20890251257997,37.851941918917078],[-122.20884194078467,37.851764669044996],[-122.2088097368905,37.851670432828875],[-122.20880178508573,37.851670647097528],[-122.20879198724103,37.8516710439973],[-122.20877936908023,37.851671759292074],[-122.20876999909413,37.851672672670475],[-122.20876065025287,37.851673714608538],[-122.2087513271631,37.851674887743144],[-122.20874202856407,37.851676186685452],[-122.20873276362792,37.851677614907388],[-122.20872352551699,37.851679171606762],[-122.20871432900104,37.851680856569722],[-122.20870516720089,37.851682667192428],[-122.20869604928866,37.851684606946769],[-122.20868697511906,37.8516866695266],[-122.20867349409774,37.851689989954764],[-122.20849841586892,37.851725708321318],[-122.20844626546209,37.851737345768264],[-122.20840759102886,37.851745295193773],[-122.20836873834899,37.851752710092498],[-122.20832973917298,37.85175958730116],[-122.2082905911048,37.851765921447345],[-122.20825393124241,37.851773209943715],[-122.20822557234587,37.851778369577048],[-122.20819709979507,37.851783134336017],[-122.20816853069479,37.851787506676565],[-122.20813986719327,37.851791481160447],[-122.2081111240815,37.851795058474771],[-122.20808230363217,37.851798238586497],[-122.20805341830182,37.851801019513033],[-122.20802447499065,37.85180340475911],[-122.2080058560193,37.851805256678205],[-122.20799294585093,37.851806322161998],[-122.20798001106343,37.851807206866503],[-122.20796706074611,37.851807910660227],[-122.20795409622173,37.851808441634468],[-122.20794112071223,37.851808791632152],[-122.2079281376261,37.851808960603897],[-122.20791515716796,37.851808947500963],[-122.20790217603314,37.851808756876892],[-122.20788920213326,37.851808386814888],[-122.20787624003368,37.85180783815003],[-122.20786328853616,37.851807108196226],[-122.20785035691648,37.851806204929716],[-122.20783745281675,37.851805114722367],[-122.20782455184758,37.851803913625126],[-122.20777333308341,37.851797176057445],[-122.20776067011401,37.851794859471767],[-122.20774802400085,37.851792534530318],[-122.20773543065222,37.851790033096862],[-122.20772289808328,37.851787357758937],[-122.2077104240841,37.851784511251992],[-122.20769800855102,37.851781489071747],[-122.20768566530442,37.851778299128739],[-122.20767339764917,37.851774936869283],[-122.20766120223902,37.851771405045376],[-122.20764908597397,37.851767707161905],[-122.20763705335696,37.851763841351278],[-122.20762511008964,37.851759808432277],[-122.20761325513955,37.851755612925665],[-122.20760149517845,37.851751248426737],[-122.20758983506195,37.851746728382842],[-122.20757827119505,37.851742044735495],[-122.2075668150637,37.851737202725467],[-122.20755546896081,37.851732203220834],[-122.20754423400192,37.851727045304315],[-122.20735093488327,37.851640388793044],[-122.20734246355353,37.851636250644553],[-122.20733390173572,37.851632230054889],[-122.20732525178498,37.851628330594551],[-122.20731651475454,37.851624548643578],[-122.20730770103542,37.851620891261085],[-122.20729880715693,37.851617355793657],[-122.20728983652758,37.851613942192017],[-122.20728078807328,37.85161065317515],[-122.20727167437438,37.851607492165662],[-122.20726248731216,37.851604452071768],[-122.20725324093473,37.851601550713433],[-122.20724392796916,37.851598768370287],[-122.20723022906373,37.851594942845189],[-122.2072166022641,37.851592571656496],[-122.20720292755601,37.851590390403842],[-122.20718920483574,37.851588394582947],[-122.20717544228407,37.851586593988259],[-122.2071616397144,37.851584980511987],[-122.20714780522461,37.851583560345055],[-122.20713394220238,37.85158233253734],[-122.20712005401444,37.851581295237843],[-122.20710614068142,37.851580449347303],[-122.20709221701446,37.85157979645389],[-122.20707828080332,37.851579339293039],[-122.2070643353113,37.85157907150937],[-122.20705038407101,37.851578998458777],[-122.2070363429461,37.851579118654811],[-122.20640376123576,37.851626617999131],[-122.20521565830909,37.851742839202814],[-122.20520530101803,37.851744362233021],[-122.2051949279504,37.851745198802988],[-122.2051845706585,37.851746721831347],[-122.20517419759031,37.851747558399531],[-122.20516384029776,37.851749081426085],[-122.20515348300465,37.851750604451745],[-122.20514314148689,37.851752813935725],[-122.20513451566714,37.851754311942052],[-122.20512417414822,37.851756521424413],[-122.20511383262875,37.851758730905821],[-122.20509489683756,37.851763811308381],[-122.20471739147862,37.851842740551021],[-122.20470015557221,37.851846422960108],[-122.2046846353693,37.851849393896465],[-122.20467082973433,37.851851653377203],[-122.20465529375795,37.85185393785035],[-122.20464148925744,37.851856197311228],[-122.20462593750834,37.851857795321195],[-122.20461040152934,37.851860079788437],[-122.20459658125567,37.851861652784713],[-122.204581013734,37.851862564329423],[-122.20456546198224,37.851864162331431],[-122.20454989445969,37.85186507387202],[-122.20453604264368,37.851865273942508],[-122.2045204751205,37.851866185479267],[-122.2045048918272,37.851866410554578],[-122.20449104001085,37.851866610619787],[-122.20447544094786,37.851866149231817],[-122.20445984188501,37.851865687841844],[-122.20444597429946,37.851865201442394],[-122.20443037523705,37.851864740048541],[-122.2044147604059,37.85186359219319],[-122.20440087705215,37.851862419329088],[-122.20438524645328,37.851860585010513],[-122.20436963162369,37.851859437149216],[-122.20435573250312,37.851857577820439],[-122.20434010190638,37.851855743495861],[-122.20432618701915,37.851853197704202],[-122.20431054065608,37.851850676916385],[-122.20429662577077,37.851848131121244],[-122.20428097940982,37.851845610329462],[-122.20426704875891,37.85184237807146],[-122.20425311810924,37.851839145811823],[-122.20423745598433,37.851835938554842],[-122.20422350957001,37.851832019832329],[-122.20420957892411,37.851828787567506],[-122.20419561674568,37.851824182382266],[-122.20417993885968,37.85182028865831],[-122.20416597668469,37.851815683469546],[-122.20415374598733,37.851811053276009],[-122.20413978381571,37.851806448084176],[-122.20412580587961,37.85180115643125],[-122.20411182794543,37.851795864776655],[-122.20409786464313,37.851791259596212],[-122.20378320404267,37.851665331395893],[-122.20376048998192,37.851656732390147],[-122.20373777592651,37.851648133380024],[-122.20371507763875,37.851640220825047],[-122.20369066364616,37.851633019721469],[-122.20366798113002,37.851625793616869],[-122.20364356714674,37.851618592503556],[-122.20362090040118,37.851612052849426],[-122.20357385121194,37.851599684982162],[-122.20285474963329,37.85143564487327],[-122.20282514138937,37.851428518542406],[-122.2028077164376,37.851423963159768],[-122.20279029148799,37.851419407774578],[-122.20277285078683,37.851414165927181],[-122.20275714155511,37.851408899094558],[-122.20273968510547,37.851402970782594],[-122.20272397587843,37.851397703945572],[-122.20270651943403,37.851391775628663],[-122.202690778706,37.851385135867879],[-122.20267332226723,37.85137920754606],[-122.20265756579226,37.851371881321178],[-122.20264182507282,37.851365241553836],[-122.20262606860393,37.851357915324733],[-122.20261031213813,37.851350589093499],[-122.20259455567543,37.851343262860162],[-122.20257878346405,37.851335250165022],[-122.20256474272117,37.851327212487966],[-122.20254897051639,37.85131919978884],[-122.20253491402836,37.851310475648489],[-122.20252085754362,37.851301751506504],[-122.202505085349,37.851293738801445],[-122.20249101311995,37.851284328196179],[-122.20247694089443,37.851274917589208],[-122.20246460013617,37.851265482002198],[-122.20245052791758,37.851256071392044],[-122.2024364557026,37.851246660780205],[-122.20242408343276,37.851235851368621],[-122.20241172693753,37.851225729316319],[-122.20239763898304,37.851215632240049],[-122.20238528135856,37.851205510201289],[-122.20237290912377,37.851194701685145],[-122.20236226835435,37.85118386819088],[-122.20234989612648,37.851173059672242],[-122.20233750815262,37.851161564692553],[-122.2023268516437,37.851150044735277],[-122.20231621088745,37.851139211236763],[-122.20230555438499,37.851127691277476],[-122.20229488213675,37.851115484857459],[-122.20228422564102,37.851103964896168],[-122.20227355339968,37.851091758474169],[-122.20226461262122,37.851079527075818],[-122.20225394038663,37.851067320651985],[-122.20224498386571,37.851054402792307],[-122.20223604309651,37.851042171391676],[-122.20222881804003,37.85102922855571],[-122.20221986152802,37.851016310694057],[-122.20221090501921,37.851003392831643],[-122.20220367997085,37.850990449994022],[-122.20219645492507,37.850977507155974],[-122.20218922988175,37.850964564317387],[-122.20218198909286,37.850950935018567],[-122.20217647976287,37.850937280745178],[-122.20216925472694,37.850924337905319],[-122.20216372965332,37.850909997171485],[-122.20215648887446,37.850896367870924],[-122.202152711008,37.850882688622477],[-122.20214720168838,37.850869034347546],[-122.20214167662313,37.850854693612462],[-122.20213789876155,37.850841014363411],[-122.20213238944777,37.850827360087706],[-122.20212859584176,37.850812994378437],[-122.20212653369009,37.850798603695686],[-122.20212274006599,37.850784237085307],[-122.20211896221149,37.850770557835432],[-122.20211690006288,37.85075616715239],[-122.20211483791509,37.850741776469299],[-122.20211277576809,37.85072738578608],[-122.20211071362195,37.850712995102782],[-122.20211038292716,37.85069857944633],[-122.20210186563246,37.850685037943414],[-122.20210185682591,37.850684356790424],[-122.20210166465715,37.850669935531229],[-122.20210146897682,37.850655509816804],[-122.20210127664288,37.850641081350602],[-122.20210108443305,37.850626658289549],[-122.20210797127051,37.850612177282919],[-122.20210881468556,37.85059776631963],[-122.20210997092612,37.850583367966422],[-122.2021114491843,37.850568986596542],[-122.20211323935884,37.850554627762683],[-122.20211534613867,37.850540297705308],[-122.20211776838748,37.850525996440744],[-122.20212050393626,37.850511728506163],[-122.20212355418954,37.850497505596408],[-122.20212691914713,37.850483327711352],[-122.20214355345726,37.850412062542482],[-122.20215633023669,37.850357333498067],[-122.20215771004361,37.850351789460433],[-122.20215897119809,37.850346225506264],[-122.20216011155205,37.850340647073487],[-122.20216112656094,37.850335054227685],[-122.20216201620421,37.850329446068024],[-122.20216278056448,37.850323826197936],[-122.20216342771866,37.850318199907875],[-122.20216394956927,37.850312561006582],[-122.2021643429353,37.850306919452635],[-122.20216461566626,37.850301270627071],[-122.20216476336242,37.850295620901484],[-122.2021647859824,37.850289968474151],[-122.20216468360897,37.850284316948517],[-122.20216446086928,37.85027866986249],[-122.20216410974847,37.850273024628237],[-122.2021636337377,37.850267384799977],[-122.20216303746405,37.850261753915703],[-122.20216231522626,37.850256131156435],[-122.20216146931736,37.850250517390286],[-122.20216049990266,37.850244919824128],[-122.20215940803564,37.850239334838186],[-122.20215819266291,37.850233766052284],[-122.20215686062177,37.850228214268888],[-122.20215539604798,37.85022268151927],[-122.20215381495065,37.85021717207821],[-122.20215211274383,37.850211684209604],[-122.20215029054309,37.850206216996177],[-122.20214834634487,37.850200782181972],[-122.20214628675929,37.850195370659961],[-122.20214410509352,37.850189987933639],[-122.20214180717295,37.850184640227212],[-122.20213939518709,37.850179323904371],[-122.20213686006777,37.850174039997071],[-122.20213420761955,37.850168793828594],[-122.20213144463852,37.850163584399738],[-122.20212856893512,37.850158415346691],[-122.2021255759028,37.850153284032466],[-122.20212247365988,37.850148197549203],[-122.20211925755845,37.85014315145817],[-122.20211593119289,37.850138153817944],[-122.20211249561676,37.850133201008703],[-122.20210895434168,37.850128297485568],[-122.20210530170776,37.850123444231379],[-122.20210154455231,37.850118642048656],[-122.20209768060319,37.850113890970142],[-122.20209371339276,37.850109196351859],[-122.20208964399507,37.850104555474822],[-122.20208547594254,37.850099973695094],[-122.20208120462863,37.850095448375569],[-122.20207683472196,37.850090984855896],[-122.20207236616035,37.850086580433512],[-122.20206780134018,37.850082240480752],[-122.20206314474376,37.850077962229463],[-122.20205839188878,37.850073748447883],[-122.20205354744361,37.850069604475536],[-122.20204861130493,37.850065525808134],[-122.20204359037211,37.850061515950813],[-122.20203847673369,37.850057576819957],[-122.20203328292818,37.850053710037109],[-122.20202799982546,37.850049913931606],[-122.20202263432472,37.850046192008499],[-122.20201718873955,37.850042546036832],[-122.20201166532162,37.850038975082896],[-122.20200605960896,37.85003548281572],[-122.20200014088705,37.850031920266034],[-122.20183093954684,37.84993069503173],[-122.20173381708804,37.849868826670118],[-122.2017093619603,37.849853157519739],[-122.20169737840448,37.84984506033944],[-122.2016855739633,37.849836794760961],[-122.20167395568079,37.849828370595532],[-122.20166252574654,37.849819784207114],[-122.20165128209482,37.849811044637079],[-122.2016402347855,37.849802144531118],[-122.20162938646254,37.849793100072155],[-122.20161873807622,37.849783903136014],[-122.20160829206392,37.849774560896961],[-122.2015980564404,37.849765075942983],[-122.20158802897475,37.849755450108574],[-122.20157821321992,37.84974568965076],[-122.20156861580649,37.849735786363453],[-122.20155923720969,37.849725760966699],[-122.20155008174662,37.849715603485436],[-122.20154115073923,37.849705322011168],[-122.20153244993006,37.849694919164605],[-122.20152397477459,37.849684395011373],[-122.20151573574559,37.849673760214415],[-122.20150772924883,37.849663006715161],[-122.20149996348482,37.849652145209433],[-122.20149243733805,37.849641176614433],[-122.20148515217186,37.849630110823433],[-122.20147811360465,37.849618945051958],[-122.20147131828999,37.849607682051762],[-122.20146477767159,37.849596325262574],[-122.20145848503589,37.849584879287029],[-122.20145244279966,37.849573350398458],[-122.20144665777941,37.849561738498707],[-122.20144113127651,37.849550050778248],[-122.20143585990299,37.849538288187155],[-122.20143084933947,37.849526450643594],[-122.20142609749944,37.849514546288148],[-122.20142161473173,37.849502580378633],[-122.20141738965447,37.84949055217794],[-122.20141343038553,37.849478468778457],[-122.20140974031246,37.849466329230204],[-122.201406318547,37.84945414435991],[-122.20140316277529,37.849441912398639],[-122.20132585882496,37.849092697551754],[-122.20132357758663,37.849083067257006],[-122.20132107772247,37.849073468050179],[-122.20131837075861,37.849063906974479],[-122.20131544762701,37.84905438506167],[-122.20131232433656,37.849044906586876],[-122.20130898607654,37.84903546996113],[-122.20130544205992,37.849026080458756],[-122.20130169468277,37.84901674345204],[-122.20129774173496,37.849007461676443],[-122.20129358088244,37.848998232461916],[-122.2012892202432,37.84898906290092],[-122.20128466099465,37.848979954778684],[-122.20127989869572,37.848970912665038],[-122.2012749402252,37.848961939164283],[-122.20126978211273,37.848953031622969],[-122.2012644290886,37.848944198083309],[-122.2012588835078,37.848935442115994],[-122.20125314873734,37.848926761870146],[-122.2012472192207,37.848918162832845],[-122.20124110410862,37.848909647575539],[-122.20123480344249,37.848901217900071],[-122.20122831513605,37.848892881946931],[-122.20122164460129,37.84888462792285],[-122.20121479677508,37.848876472878793],[-122.20120776703045,37.848868413276826],[-122.20120056220466,37.848860449919385],[-122.20119318481773,37.848852593584247],[-122.20118563234969,37.848844833493658],[-122.2011779119063,37.848837182161454],[-122.20117002458235,37.848829637769455],[-122.2011619738481,37.848822202971149],[-122.20114958200804,37.848811257635546],[-122.20078202115748,37.848505416995728],[-122.20076139936693,37.84848739083305],[-122.2007473462828,37.848474567942034],[-122.20073357629774,37.848461551724881],[-122.20072009407994,37.848448347521405],[-122.20070690427696,37.848434959770522],[-122.20069401261047,37.848421390192222],[-122.20068142151774,37.848407645960762],[-122.20066913438633,37.848393726126261],[-122.20065715491347,37.84837964325186],[-122.20064548756078,37.84836539366863],[-122.20063413819449,37.848350985402647],[-122.20062310462491,37.848336422090277],[-122.20061239604374,37.848321708104763],[-122.20060201026138,37.848306847082632],[-122.20059195425935,37.848291846132526],[-122.20058223045417,37.848276711527866],[-122.20057283872188,37.848261437863599],[-122.20056378852257,37.848246041224392],[-122.20055507750138,37.848230518039557],[-122.20054670367503,37.848214880954082],[-122.20053868063498,37.84819912796987],[-122.20053100400189,37.848183266359406],[-122.20052367955937,37.848167300545178],[-122.20051670517937,37.848151236866109],[-122.20051009005373,37.848135079695624],[-122.20050382515538,37.848118831867296],[-122.20049792312571,37.848102499507242],[-122.20049238187799,37.848086090756006],[-122.20048719913997,37.848069605646394],[-122.20048238302901,37.848053051270803],[-122.20047793137614,37.84803643216636],[-122.20047384318936,37.848019754655503],[-122.20047012772241,37.848003025814279],[-122.20046677813781,37.847986244840008],[-122.20046379802936,37.847969419791497],[-122.20046119099098,37.847952558727435],[-122.20041845814038,37.847649858837102],[-122.20025352642388,37.847627306400035],[-122.19983082725145,37.847612536691933],[-122.19936296555431,37.847503872921052],[-122.19881729512647,37.847574904832136],[-122.19879802774643,37.847564926956679],[-122.19862526821903,37.847476616163775],[-122.19836725026484,37.847344994882654],[-122.19816053944406,37.847015054530289],[-122.19770354591599,37.846686485343923],[-122.19733654876367,37.84629107112098],[-122.19674462761583,37.8459175676361],[-122.19652785955277,37.845536935344882],[-122.19643570356773,37.845072941510921],[-122.19643028954204,37.845045694248988],[-122.19647625813981,37.844634951470937],[-122.19649774676655,37.844388871647354],[-122.1965564628792,37.844214632675993],[-122.19651264202533,37.844112776000181],[-122.19649088938844,37.844063528311644],[-122.19643966459957,37.844022591318002],[-122.19630741976638,37.843933097290154],[-122.19616277686866,37.843857607891842],[-122.19608754789148,37.843827884727645],[-122.1955200596767,37.843916349217849],[-122.1936443959964,37.844147591613051],[-122.19342638887643,37.844177679630107],[-122.19330408977568,37.844083254377793],[-122.19330239100414,37.844522745604408],[-122.19330182438372,37.844666587548382],[-122.19330094880091,37.844890663607387],[-122.1932934467402,37.846803364252786],[-122.18861958320589,37.846808500447899],[-122.18861984557533,37.84682762025944],[-122.18859978007588,37.850438058811996],[-122.18860067731281,37.850563728288293],[-122.1886325467579,37.852047171707895],[-122.18916869065022,37.853165136930166],[-122.18952297876415,37.853399919447376],[-122.19030028214023,37.854207143541515],[-122.19125220666531,37.854945949432633],[-122.19268413811321,37.855606022854914],[-122.19384327705538,37.856067702793403],[-122.19498195777015,37.856670045590995],[-122.19419519091241,37.857681143898553],[-122.19419824085571,37.857681212762422],[-122.19768901722163,37.857760326060941],[-122.19768919007318,37.857760329882716],[-122.19771820855601,37.861272114179002],[-122.19976908136651,37.861326844530183],[-122.19987842309321,37.861329750391839],[-122.19987887690473,37.861329762780301],[-122.20338011459565,37.86142312419171],[-122.20550274190367,37.861423660816584],[-122.20673738546368,37.861423744348208],[-122.20673738806147,37.861423956083947],[-122.20673778134069,37.861423955803993],[-122.20675006047018,37.862331807871236],[-122.20681973668388,37.86229258650981],[-122.20748356468438,37.862232857032659],[-122.20760016495578,37.862331426345754],[-122.20878491656937,37.862325267018662],[-122.20892693616075,37.861722359429017],[-122.20894270355001,37.861654835872308],[-122.20895862904089,37.861594176886619],[-122.20897628620692,37.861533492824293],[-122.20899565635972,37.861472910117868],[-122.20804629293035,37.861407274523941],[-122.20808008272488,37.860952396553188],[-122.20737894580283,37.860396794600668],[-122.20738099167725,37.860369379558016],[-122.20802070113164,37.860399378458226],[-122.20822117946632,37.860228415531573],[-122.20889921775337,37.860115690971746],[-122.2090098543503,37.860509154573634],[-122.20914640398084,37.861097729479319],[-122.20926756654951,37.860867994067711],[-122.20920606374963,37.860604509517884],[-122.20910462222351,37.860336797367474],[-122.20897318962076,37.860045484455519],[-122.20910057385818,37.860010678962432],[-122.20961524246023,37.859868634516722],[-122.20976471596094,37.860209667551146],[-122.20986914745372,37.860447668651346],[-122.21017839806619,37.860677944836219],[-122.21087577341447,37.86079564739773],[-122.21148119685714,37.860825360417117],[-122.21166269777196,37.860834266896553],[-122.2126632994994,37.861282676054692],[-122.21337741459352,37.86141501099064],[-122.21392254306988,37.861708978173226],[-122.21410744247069,37.861808139933977],[-122.21438881699008,37.861959665393336],[-122.21503911838369,37.862309852725183],[-122.21615667746867,37.862996143783228],[-122.21707445595204,37.861980354008359],[-122.21828735627683,37.863210942841718]],[[-122.19327831754741,37.850611431270401],[-122.19327936799739,37.850976683465298],[-122.19206713417618,37.850978862764784],[-122.19206608626403,37.850613609707352],[-122.192065558838,37.850429609847041],[-122.19206320424115,37.84960572347839],[-122.1940720072504,37.849602101864569],[-122.19407438408827,37.850425985490972],[-122.1932777859178,37.850427428729205],[-122.19327831754741,37.850611431270401]],[[-122.19456665509991,37.850576139174031],[-122.19456633995674,37.850425094410696],[-122.19567209781161,37.850423079253495],[-122.19563788522835,37.85057472739819],[-122.19456665509991,37.850576139174031]]],[[[-122.17489941216226,37.850512801988778],[-122.17947131695163,37.850488035702838],[-122.17948176520106,37.846881241158393],[-122.18402694455418,37.846854661435373],[-122.18401838833996,37.843249145741119],[-122.18404389573507,37.840409369373219],[-122.18404488773209,37.840298955575491],[-122.18404538445927,37.840243630612925],[-122.18404644356417,37.840125658703009],[-122.18405055839443,37.839667442509409],[-122.18363920308042,37.839674361742901],[-122.18351978904089,37.83967637107623],[-122.18345587904643,37.839710649366239],[-122.18341971791413,37.839729040744935],[-122.18338315674028,37.83974692956378],[-122.18334620674199,37.839764309354187],[-122.18330888031309,37.839781175433146],[-122.18327118867067,37.839797521332194],[-122.18323314311353,37.839813344186389],[-122.18319475485889,37.839828637527127],[-122.1831560363007,37.839843396671583],[-122.18305590769745,37.839872409522179],[-122.18295419153714,37.839897713215571],[-122.1829049104288,37.839910906214506],[-122.18286899882401,37.839919866799875],[-122.18283289628849,37.839928325446138],[-122.18279660974075,37.839936286560366],[-122.18276015830894,37.8399437417591],[-122.18272354422496,37.839950689208003],[-122.18268678574638,37.839957132251328],[-122.18264988504389,37.839963066352084],[-122.18261286814327,37.839968486633225],[-122.18257573285484,37.839973396730592],[-122.18253849601467,37.839977787392314],[-122.18250117026206,37.839981664746219],[-122.18246376005993,37.839985025124051],[-122.18242628695141,37.839987866416109],[-122.18238875322979,37.839990189490926],[-122.18235117360194,37.83999199143517],[-122.18231356399264,37.83999327292301],[-122.18227592896692,37.83999403479045],[-122.18223828211634,37.839994275041455],[-122.18220063711398,37.839993995283329],[-122.18216300527958,37.839993193552438],[-122.18212539572188,37.839991870620089],[-122.18208781984228,37.839990028126103],[-122.18205029125262,37.839987664975332],[-122.18201282242885,37.839984780088855],[-122.18197541929668,37.839981384196122],[-122.18193809753569,37.83997746716102],[-122.18190086749279,37.839973034243108],[-122.18186374054879,37.839968086181386],[-122.1818267303973,37.839962625484269],[-122.18178984387528,37.839956652955628],[-122.18175309696851,37.839950171972376],[-122.1817164976091,37.839943181520432],[-122.18168005498745,37.83993568597473],[-122.18164378399435,37.839927690530239],[-122.18160769475195,37.839919190537032],[-122.18157179651202,37.839910193072782],[-122.18153610410393,37.839900700629755],[-122.18150062550043,37.839890713995679],[-122.18146537222509,37.839880240215926],[-122.18143035336618,37.839869279161071],[-122.1813955838347,37.839857836927109],[-122.18136106927008,37.839845911631485],[-122.18132682462415,37.839833511171882],[-122.18129285456375,37.839820640889023],[-122.18125917383644,37.839807299671804],[-122.1812257951627,37.839793497252103],[-122.18119272304604,37.839779231763636],[-122.18115996905064,37.839764512053513],[-122.18112754577444,37.839749342448286],[-122.18109545895888,37.839733725570021],[-122.1810637223583,37.839717666629923],[-122.18080291447124,37.839722049832233],[-122.18066441953823,37.839724376738381],[-122.17950244568469,37.839743891047441],[-122.17950669338246,37.838277690231052],[-122.1794252638621,37.838243707553303],[-122.17934518167156,37.838211816166108],[-122.17926440888191,37.8381810384777],[-122.17918297182081,37.838151383123659],[-122.17910089456421,37.838122859672694],[-122.17901820116745,37.838095476792844],[-122.17893243611219,37.838068030324862],[-122.17899534709566,37.837940097389406],[-122.17815452972684,37.837669144619838],[-122.17810598993059,37.837801623632771],[-122.17797566822048,37.838056065556422],[-122.1762223407528,37.837491235021375],[-122.17503569519991,37.83980784920049],[-122.17044716202999,37.839873375824304],[-122.1704495899417,37.840990911840962],[-122.1729088310509,37.841985615688017],[-122.1733471524952,37.842675587639064],[-122.17364387939712,37.843336052781495],[-122.17412372397152,37.843791168189156],[-122.17421335868005,37.844000796836831],[-122.1741767080387,37.844853600871218],[-122.17417489847084,37.844895690899847],[-122.17417585935989,37.844910376090866],[-122.17420594098542,37.84540035073698],[-122.17436552970979,37.846916494143272],[-122.17491006588375,37.846912919104398],[-122.17489941216226,37.850512801988778]]],[[[-122.20796335825011,37.851206762914686],[-122.20826799024287,37.851184659284407],[-122.20844611468667,37.851084792765072],[-122.20846894323064,37.850445588492192],[-122.20772647934811,37.847685367986358],[-122.2076569963647,37.847436081066846],[-122.20765298208252,37.847421696176724],[-122.20762801380972,37.847332095931321],[-122.20756298610387,37.84709879874238],[-122.20751814318614,37.846937902870103],[-122.20748226770331,37.846809189419126],[-122.20745236920762,37.846701924628533],[-122.20739490473878,37.846495754729702],[-122.20736237011955,37.846379013547669],[-122.20733053602947,37.846264808012997],[-122.20729898656484,37.846151608557385],[-122.20726535157648,37.846030938862853],[-122.20718164416968,37.845730599113807],[-122.20710423242646,37.845452849662863],[-122.20704561153612,37.845242514890714],[-122.20701171607399,37.845120909867191],[-122.20696521725179,37.844954073794476],[-122.20693323289862,37.84483930978643],[-122.20690460407796,37.844736583667718],[-122.20686648768769,37.844599827071043],[-122.20682834145882,37.844462952839208],[-122.20679094993122,37.84432879550657],[-122.20675358566555,37.84419473058631],[-122.20671614240641,37.844060387433643],[-122.20667871378522,37.843926081904691],[-122.20664133883071,37.843791979249666],[-122.20660540195058,37.843663032981603],[-122.20656796276027,37.843528695123652],[-122.20653363019117,37.843405507509921],[-122.20638286001402,37.843422904968051],[-122.20631315822703,37.843430947399582],[-122.20618789060593,37.844013698080119],[-122.20618993045636,37.844013254049322],[-122.20619383292387,37.8440124667774],[-122.20619775476899,37.844011731492742],[-122.20620169500076,37.844011054517907],[-122.20620564322921,37.844010428793787],[-122.20620960976144,37.844009857775973],[-122.20621358443539,37.844009344314898],[-122.20621757167088,37.844008882939725],[-122.20622157386424,37.844008479022698],[-122.20622557269418,37.844008126520663],[-122.20622958770089,37.844007835063863],[-122.2062336062431,37.844007598526915],[-122.20623762712277,37.844007414223675],[-122.20624165273618,37.844007287526438],[-122.20624567961316,37.844007215781936],[-122.206249711141,37.844007198039975],[-122.20625374060727,37.844007238903501],[-122.20625776679302,37.844007334785438],[-122.20626179201167,37.844007487454661],[-122.20626581163643,37.844007693373442],[-122.20626982804289,37.844007957013233],[-122.20627383660404,37.844008274836298],[-122.20627783849743,37.844008648627927],[-122.20628182806368,37.844009079371098],[-122.20628581203599,37.844009563363848],[-122.20628978361894,37.844010101605548],[-122.2062937463036,37.844010697650376],[-122.20629768862614,37.844011347158343],[-122.20630161975755,37.844012053601439],[-122.20630553378992,37.844012807152339],[-122.20630942750158,37.844013615967988],[-122.20631330671776,37.844014486272478],[-122.20631716546818,37.844015405535671],[-122.20632100497185,37.844016377344722],[-122.20632482068469,37.844017401765271],[-122.20632861151213,37.844018480615517],[-122.20633237850726,37.844019610275552],[-122.20633612505752,37.844020789795216],[-122.20634461437622,37.844023922047519],[-122.20634900068738,37.84402564382912],[-122.20635334761428,37.844027431965195],[-122.2063576571804,37.844029275612492],[-122.20636192271461,37.844031181175637],[-122.20636614524933,37.844033144133903],[-122.20637032369007,37.844035166305446],[-122.20637445913133,37.844037245872045],[-122.20637855039571,37.844039381048468],[-122.20638259068781,37.844041572834165],[-122.20638658116438,37.844043822113541],[-122.20639052399389,37.84404612434944],[-122.20639441576822,37.84404847959113],[-122.20639825307937,37.844050887887875],[-122.20640203712547,37.844053351925886],[-122.20640576670847,37.844055869019023],[-122.20640944170394,37.844058433762044],[-122.20641305542011,37.844061051658791],[-122.2064166156641,37.844063716288083],[-122.2064201134514,37.844066432285793],[-122.20642355435842,37.844069195065387],[-122.20642693386183,37.844072005593532],[-122.20643024861577,37.844074866621995],[-122.20643349942473,37.844077763720591],[-122.20643668775625,37.84408071128675],[-122.20643981115181,37.844083701245452],[-122.20644286626552,37.844086736348721],[-122.20644585410899,37.844089811174797],[-122.2064487769959,37.844092927492653],[-122.20645162693243,37.844096083615554],[-122.20645440838001,37.844099275874278],[-122.2064571192943,37.844102514211237],[-122.20645976037638,37.844105779691802],[-122.20646232739283,37.844109085894779],[-122.20646482131401,37.844112425596684],[-122.20646724106602,37.844115801516587],[-122.20646958776412,37.844119212737269],[-122.20647185661564,37.844122648513952],[-122.20647404898449,37.844126118739801],[-122.20647616935257,37.844129620646527],[-122.20647820741287,37.844133150778454],[-122.20648016993999,37.844136707235307],[-122.20648205356737,37.844140291868165],[-122.20648385932739,37.844143900156226],[-122.2064855804868,37.844147535801518],[-122.20648722714544,37.844151193251015],[-122.20648879017374,37.844154870834409],[-122.20649027190584,37.844158571221413],[-122.2064916733535,37.844162288990432],[-122.20649299238976,37.844166030480395],[-122.2064942288072,37.844169786682649],[-122.20649538266819,37.844173560299829],[-122.20649644936634,37.84417734869492],[-122.20649743454035,37.844181149984195],[-122.2064983393677,37.844184965952842],[-122.20649915810611,37.84418879398055],[-122.20649989410146,37.844192631315302],[-122.20650054402851,37.84419648160992],[-122.20650110317752,37.84420033772318],[-122.2065015874941,37.844204201226745],[-122.20650198105328,37.84420807144987],[-122.20650229172428,37.844211944674015],[-122.20650251614056,37.844215822750222],[-122.20650265428131,37.844219704777593],[-122.20650270835644,37.844223588020718],[-122.20650267716766,37.844227469793388],[-122.20650255844305,37.844231350128524],[-122.2065023567266,37.844235228960294],[-122.2065020674536,37.84423910545366],[-122.20650169281303,37.844242975972271],[-122.20650123396179,37.844246841400533],[-122.20650069313038,37.844250699903881],[-122.20650006459722,37.844254549762731],[-122.20649934838315,37.844258391877879],[-122.20649855004383,37.84426222076204],[-122.20649601794592,37.844274714196956],[-122.2064937604989,37.84428724150883],[-122.2064917764633,37.844299798209768],[-122.20649006798699,37.844312378861744],[-122.20648864300158,37.84432498244886],[-122.2064874889488,37.844337606449329],[-122.2064866157629,37.844350238103104],[-122.20648602018106,37.844362883765548],[-122.20648570088088,37.844375535345371],[-122.20648566234445,37.84438819007412],[-122.2064859021342,37.844400840777851],[-122.20648642138624,37.844413487440107],[-122.20648721776645,37.84442612739111],[-122.20648829108868,37.844438752523033],[-122.20649046850704,37.844457978047842],[-122.20649080376,37.844462178940738],[-122.20649101239997,37.84446581573247],[-122.20649113821359,37.844469458227792],[-122.20649118332796,37.844473100087875],[-122.20649114892043,37.844476743097893],[-122.20649103610644,37.844480386340734],[-122.20649084253097,37.844484026245595],[-122.20649056922649,37.844487658291854],[-122.20649021301273,37.844491292438235],[-122.20648977593393,37.844494918742427],[-122.20648926375299,37.844498540725702],[-122.20648867180152,37.84450215304858],[-122.2064879955354,37.844505755776801],[-122.20648724402214,37.844509347878052],[-122.20648641503114,37.844512931186891],[-122.20648550277862,37.844516501281156],[-122.20648451523741,37.844520058946721],[-122.20648344899956,37.844523604232869],[-122.20648230505597,37.844527130817099],[-122.20648108348952,37.844530642302878],[-122.20647978537404,37.844534135971138],[-122.20647840955284,37.844537610937465],[-122.20647695491064,37.844541068119192],[-122.20647543388144,37.844544504632999],[-122.20647382479792,37.844547917187469],[-122.20647214705544,37.844551309106841],[-122.20647039596483,37.844554674150757],[-122.20646856714767,37.844558019591908],[-122.20646666944359,37.844561334488397],[-122.20646469500396,37.844564623459583],[-122.2064626563666,37.844567888126456],[-122.206460538618,37.844571122396545],[-122.20645835078433,37.844574323435786],[-122.20645609189525,37.844577498467608],[-122.20645377083173,37.844580638351836],[-122.2064513729084,37.844583746905556],[-122.20644890832868,37.844586823079972],[-122.20644638037645,37.844589861420701],[-122.2064437823183,37.844592865629707],[-122.20644112097051,37.844595835608381],[-122.20643839282124,37.844598766901733],[-122.20643559784993,37.844601658608916],[-122.20643274405018,37.844604512416559],[-122.20642982675356,37.844607322985262],[-122.20642684957524,37.844610099274391],[-122.2064238089001,37.844612832324501],[-122.20642071148201,37.844615519334496],[-122.20641755405804,37.844618166659693],[-122.20641433759837,37.844620767076663],[-122.20641106447876,37.844623325056993],[-122.20640773796217,37.844625834245264],[-122.20640435478559,37.844628300996824],[-122.20640091932742,37.844630718039006],[-122.20639743049297,37.844633087190012],[-122.20639388824088,37.844635406648067],[-122.20639029602071,37.844637678165647],[-122.20638665494772,37.84463990082547],[-122.20638296723182,37.844642071891982],[-122.20637923060094,37.844644191398118],[-122.20637544726505,37.844646256608407],[-122.20637162075654,37.844648272878722],[-122.20636775204564,37.844650232985785],[-122.20636383667114,37.844652140598697],[-122.20635988140783,37.844653993817118],[-122.20635588854844,37.844655793509176],[-122.2063518511732,37.844657535269022],[-122.20634777841184,37.844659220766935],[-122.20634367369323,37.844660850854559],[-122.20633952896141,37.84466242114253],[-122.20614152928462,37.844727509604127],[-122.20613451551101,37.844730085614358],[-122.20612755974292,37.844732762617284],[-122.20612066059581,37.844735529818877],[-122.20611382732359,37.84473839429468],[-122.20610705420462,37.844741354325087],[-122.206100352475,37.844744404340673],[-122.20609371201385,37.844747548993617],[-122.2060871464122,37.84475078628509],[-122.20608064870891,37.844754110007578],[-122.20607423156588,37.84475752718734],[-122.20606788798061,37.844761029815203],[-122.20606162487279,37.844764622296886],[-122.20605543643794,37.844768299309422],[-122.20604933290039,37.844772060704891],[-122.20604331087274,37.844775907433444],[-122.20603737822432,37.844779835776812],[-122.20603152927497,37.84478384581697],[-122.20602577309228,37.844787936521726],[-122.20602010506992,37.844792105254157],[-122.20601452983493,37.844796355552162],[-122.2060090494729,37.844800679274975],[-122.20600366627662,37.844805077290687],[-122.20599838028751,37.844809551401013],[-122.20599319142276,37.844814098002509],[-122.20598810530035,37.844818714310563],[-122.20598312194105,37.844823401225923],[-122.20597823898991,37.84482815517805],[-122.20597346673341,37.844832978721698],[-122.2059687924887,37.84483786392974],[-122.20596423676659,37.844842813209276],[-122.20595978709146,37.844847827641743],[-122.20595544897778,37.844852899938061],[-122.20595122025698,37.844858034635536],[-122.20594710646429,37.844863225345932],[-122.20594310871512,37.844868471151997],[-122.20593922591478,37.844873773871903],[-122.20593546252466,37.844879129836443],[-122.20593181492956,37.844884530086269],[-122.20592829029768,37.84488998983764],[-122.20592488373286,37.844895493841449],[-122.20592159525593,37.844901042998636],[-122.20591843395508,37.844906637177779],[-122.20591539749618,37.844912273709113],[-122.20591248019907,37.844917952674805],[-122.20590969447726,37.844923670290775],[-122.20590528034015,37.844933394600297],[-122.20589366019425,37.844954685009505],[-122.20588250499924,37.844976130905714],[-122.20587183057718,37.84499772845566],[-122.20586162769511,37.845019471484832],[-122.20585190868421,37.845041352605691],[-122.20584267108623,37.845063363743527],[-122.20583391707018,37.845085500361137],[-122.20582565557973,37.845107756021257],[-122.20581788409471,37.845130119946425],[-122.20581060368949,37.845152589417722],[-122.20580382097353,37.845175155328029],[-122.20579753472842,37.845197814090405],[-122.20579175034496,37.845220553010698],[-122.20578646662518,37.84524336940278],[-122.20578168233018,37.845266258778807],[-122.20577740508125,37.845289206610019],[-122.20577363601484,37.845312212880117],[-122.20577036920281,37.845335266860786],[-122.20576761360959,37.845358363015492],[-122.20576536677724,37.845381493269358],[-122.20576362622714,37.845404648646578],[-122.20576239987047,37.845427827230502],[-122.20576156595618,37.845457844493993],[-122.20576087559478,37.845465186356414],[-122.20576021643976,37.845470721831973],[-122.20575942973728,37.845476245633705],[-122.20575852005224,37.845481758596847],[-122.20575749294063,37.84548725523409],[-122.2057563451806,37.845492743702486],[-122.20575507427225,37.845498214125385],[-122.20575368579227,37.845503661916283],[-122.20575217651887,37.845509095232245],[-122.20575054725671,37.845514499643031],[-122.20574880046425,37.845519883223545],[-122.20574693618283,37.845525247775498],[-122.20574495290374,37.845530577099794],[-122.20574285428344,37.845535881957495],[-122.20574063678967,37.845541156992667],[-122.20573830494575,37.845546401238749],[-122.20573585868959,37.845551611993145],[-122.20573329684375,37.845556787470542],[-122.20573061940813,37.845561927670971],[-122.20572783421082,37.845567027074196],[-122.20572493340299,37.845572090299505],[-122.20572192479203,37.845577110925944],[-122.2057188004877,37.845582091770986],[-122.20571557054866,37.845587025479936],[-122.20571223392183,37.845591915672614],[-122.2057087939324,37.845596758696388],[-122.20570524027309,37.845601551095491],[-122.20570158436652,37.845606295408331],[-122.20569781933423,37.845610989030781],[-122.20569395988272,37.845615629046868],[-122.20568999465149,37.845620215620649],[-122.20568593607491,37.84562474586901],[-122.20568176824835,37.845629220021749],[-122.20567750482508,37.845633638782751],[-122.20567314671321,37.845637992225953],[-122.20566869405789,37.845642286657458],[-122.20566414677617,37.845646518473821],[-122.20565950711938,37.845650686741308],[-122.20565477618226,37.845654789641742],[-122.20564995741428,37.845658828927618],[-122.20564505071192,37.845662800094487],[-122.20564005489771,37.845666701357132],[-122.2056349756519,37.845670532633441],[-122.20562981074384,37.84567429575791],[-122.20562456796017,37.845677983408706],[-122.20561924060874,37.845681601089503],[-122.20561383197362,37.845685143345854],[-122.20560835225845,37.845688609129112],[-122.20560279807579,37.845691999389352],[-122.20559716587259,37.845695307869804],[-122.20559146273429,37.845698546183165],[-122.20558568835035,37.845701700816491],[-122.2055798462324,37.845704776224771],[-122.20557393627693,37.845707767903683],[-122.20556796540372,37.84571068025906],[-122.20556337767185,37.845712411020571],[-122.20555883344362,37.845714205135877],[-122.20555432813336,37.845716060868902],[-122.20554986510783,37.845717976368711],[-122.2055454422399,37.845719957974154],[-122.20554106611796,37.845721995677252],[-122.20553673589602,37.845724102106516],[-122.2055324489084,37.845726260178317],[-122.20552821554529,37.845728476951855],[-122.20552402795772,37.84573075704639],[-122.20551989048305,37.845733091387608],[-122.20551580665341,37.845735485331346],[-122.20551177520862,37.84573793348892],[-122.20550780067217,37.845740434893827],[-122.20550387973945,37.845742994099616],[-122.20550001457894,37.845745606569153],[-122.2054962108503,37.845748271319401],[-122.20549246291453,37.845750990234222],[-122.20548877857922,37.845753756892712],[-122.20548515460172,37.845756578550962],[-122.20548159081638,37.845759448002106],[-122.20547809292424,37.845762366064896],[-122.2054746563189,37.845765330102388],[-122.20547129248511,37.845768345355651],[-122.20546799326353,37.845771402930893],[-122.2054647598937,37.845774507316172],[-122.2054615934702,37.845777656693159],[-122.20545850076802,37.845780849161734],[-122.20545351212415,37.845786249851848],[-122.20544929649591,37.845792551349142],[-122.20544522314465,37.845798912069299],[-122.20544128736059,37.845805324870994],[-122.20543749377076,37.845811793292143],[-122.20543384679519,37.84581831186177],[-122.2054303407329,37.845824879761167],[-122.20542698010748,37.845831496023855],[-122.2054237659722,37.84583815702986],[-122.20542069944239,37.845844861862027],[-122.20541777820453,37.845851608751374],[-122.20541500674084,37.845858394929685],[-122.20541238953332,37.845865217628685],[-122.20540991854693,37.845872073359857],[-122.20540759960693,37.845878968347193],[-122.20540543132874,37.845885891796648],[-122.205403419372,37.845892842725384],[-122.20540155692041,37.845899821231875],[-122.20539985074899,37.845906825415867],[-122.20539829732533,37.845913849921416],[-122.20539690121439,37.845920895583738],[-122.20539566006134,37.845927958832256],[-122.2053945727301,37.845935039683368],[-122.20539364141005,37.845942134500689],[-122.20539286829049,37.845949239648],[-122.20539224661721,37.845956357926482],[-122.20539178983671,37.845963481031177],[-122.20539148656766,37.8459706082255],[-122.20539133796686,37.845977740393863],[-122.20539134622373,37.84598487389993],[-122.20539151350687,37.845992004206622],[-122.20539183758559,37.845999133148446],[-122.20539231945108,37.846006254402944],[-122.20539295119248,37.846013369886798],[-122.20539374749559,37.846020475783014],[-122.20539469689646,37.846027567751513],[-122.20539580509616,37.846034646611088],[-122.20539706513335,37.846041706154075],[-122.20539848165595,37.846048750819257],[-122.20540005222624,37.846055773432425],[-122.20540177913695,37.846062774861693],[-122.2054036611073,37.846069748817364],[-122.20540569134165,37.846076696298802],[-122.2054078766563,37.846083617207491],[-122.20541170821241,37.846094672301597],[-122.20541943374772,37.846116383272182],[-122.20542473314707,37.846134193916079],[-122.20542741838022,37.846144323858724],[-122.20542988629967,37.846154492087422],[-122.20543212651505,37.846164691543024],[-122.20543414575992,37.846174918523602],[-122.2054359361024,37.846185174044955],[-122.2054375031399,37.846195454421455],[-122.20543884441386,37.846205751578218],[-122.20543995426468,37.846216066498243],[-122.20544083948785,37.846226398182097],[-122.20544149983485,37.84623673581941],[-122.20544192861337,37.846247084913919],[-122.20544213129668,37.84625743637482],[-122.20544210672783,37.846267789317722],[-122.20544185255184,37.846278140171997],[-122.20544137325071,37.846288486169314],[-122.2054406653333,37.846298823755497],[-122.20543972877896,37.846309152029654],[-122.20543856569387,37.846319463752053],[-122.2054371737439,37.846329756252963],[-122.20543555749376,37.846340030367443],[-122.20543371795517,37.846350280673953],[-122.20543164595689,37.846360503700346],[-122.20542936184427,37.846370694646744],[-122.20542684180134,37.846380855659703],[-122.20542410268261,37.846390978385031],[-122.20542113988162,37.846401060185912],[-122.20541795569122,37.846411101930265],[-122.2054145522383,37.846421097279205],[-122.20541092832472,37.846431043546588],[-122.20540708956858,37.846440937947591],[-122.20540303136342,37.846450777845341],[-122.20539875589851,37.846460559603493],[-122.20539426542508,37.84647028228833],[-122.20538956554067,37.846479942214302],[-122.20538464928383,37.846489533173774],[-122.20537952349157,37.846499055969154],[-122.20537419144777,37.846508505145856],[-122.20536864974414,37.846517880753211],[-122.20536290505214,37.84652717638653],[-122.20535695509955,37.846536392078683],[-122.20535080205484,37.846545523292427],[-122.20534444932622,37.846554569978544],[-122.20533790017689,37.846563525781605],[-122.20533115227251,37.846572388031902],[-122.20532421478434,37.846581160201481],[-122.20507560254578,37.846927262178632],[-122.2050626395329,37.846946813719569],[-122.205050110065,37.846966538326541],[-122.20503801422517,37.846986439603128],[-122.20502635849893,37.847006503037122],[-122.20501514621184,37.847026724975969],[-122.20500438176354,37.847047099048062],[-122.20499406947106,37.847067615278299],[-122.20498420491445,37.847088279137701],[-122.20497480013547,37.847109070626708],[-122.20496585627055,37.847129989729105],[-122.20495736747408,37.847151029320045],[-122.20494934948572,37.847172181962996],[-122.20494179540668,37.847193444152978],[-122.20493471077275,37.847214809501992],[-122.20492809872343,37.847236266249638],[-122.20492195808156,37.847257812610586],[-122.20491629206965,37.847279440428011],[-122.20491110620267,37.847301142412917],[-122.20490639360256,37.847322915961236],[-122.20490216761281,37.847344748263943],[-122.20489841679027,37.847366635881727],[-122.20489515127723,37.847388575063505],[-122.20489236964832,37.847410553213649],[-122.20489006959041,37.847432568563207],[-122.20488825539975,37.847454610236134],[-122.20488692579585,37.84747667194285],[-122.20488608648022,37.847498754502205],[-122.20488572797147,37.847520840929],[-122.20488585367816,37.847542931174004],[-122.20488647244098,37.847565014295604],[-122.2048875785179,37.847587087673176],[-122.20488916257234,37.847609140627625],[-122.20489237420959,37.847641588436517],[-122.20489290236645,37.847646917505294],[-122.20489301791469,37.847648632555305],[-122.20489311366174,37.847650079344199],[-122.20489325898184,37.847653238531649],[-122.20489333165523,37.847656401472065],[-122.20489333502805,37.847659565413771],[-122.20489326905881,37.847662728554958],[-122.20489313370621,37.847665889093861],[-122.20489292558271,37.847669047980624],[-122.20489265150471,37.847672205116787],[-122.20489230913795,37.847675357832522],[-122.20489189955639,37.847678503408844],[-122.2048914103253,37.847681644728929],[-122.20489085947708,37.847684775224074],[-122.20489023808851,37.847687902232472],[-122.20488955053852,37.847691018481584],[-122.20488879110509,37.847694122251781],[-122.20488796559303,37.847697218866173],[-122.20488707267978,37.847700300233264],[-122.20488611474104,37.847703370824703],[-122.20488508372081,37.847706426251015],[-122.20488398536152,37.847709469132674],[-122.20488282187318,37.84771249673426],[-122.20488159203701,37.847715505468848],[-122.20488029700969,37.847718496220708],[-122.20487893798948,37.847721471676131],[-122.20487750915103,37.847724425611055],[-122.20487601733143,37.847727358827974],[-122.20487446370828,37.847730273112077],[-122.20487284363369,37.84773316402476],[-122.20487115937981,37.847736031533202],[-122.20486941662709,37.847738875555294],[-122.20486760744362,37.847741697106763],[-122.20486573852165,37.847744490684015],[-122.20486380767188,37.847747259923267],[-122.20486181590616,37.847749999403],[-122.20485976223321,37.847752715445552],[-122.20485764865629,37.847755396306873],[-122.20485548219867,37.847758050897255],[-122.20485325257363,37.847760676661707],[-122.20485096763019,37.847763268981026],[-122.20484862627373,37.847765829673349],[-122.20484622850418,37.847768358738719],[-122.20484377310271,37.847770852589981],[-122.20484126353961,37.847773313880595],[-122.20483870425569,37.847775738040518],[-122.2048360918841,37.84777812692078],[-122.20483342303739,37.847780481471396],[-122.20483070550245,37.847782794370573],[-122.20482793830878,37.847785072841695],[-122.20482511792403,37.847787311528755],[-122.20482225118521,37.847789511234147],[-122.20481933582032,37.847791671990699],[-122.20481637517544,37.847793791046591],[-122.20481336693703,37.847795866632858],[-122.20481030998967,37.847797899666837],[-122.2048072146616,37.847799894505101],[-122.20480407176069,37.847801846774651],[-122.20480088799998,37.847803751872597],[-122.20479766121069,37.847805614336188],[-122.20479439812662,37.847807430463455],[-122.20479109199326,37.847809203055455],[-122.20478774723087,37.847810926641344],[-122.20478437073859,37.847812604726087],[-122.20478094776824,37.847814238423922],[-122.20477749635208,37.847815821166186],[-122.20477344437603,37.847817678427951],[-122.20476943577994,37.847819593638611],[-122.20476546932434,37.847821562310273],[-122.20476154618653,37.847823586228216],[-122.20475766973351,37.847825663541514],[-122.20475383884984,37.847827795167461],[-122.20475005463021,37.847829979287866],[-122.20474632271355,37.847832214019],[-122.20474263857631,37.847834500327316],[-122.20473900335456,37.847836838196457],[-122.20473542045653,37.84783922757719],[-122.20473189200945,37.847841662130598],[-122.20472841931502,37.847844149047241],[-122.20472499879939,37.847846681169443],[-122.20472163622578,37.84784926201857],[-122.20471832919783,37.847851886222266],[-122.2047150835408,37.847854560004542],[-122.20471189231404,37.847857278058662],[-122.20470876559745,37.847860033930914],[-122.20470569905356,37.847862836695576],[-122.20470269485112,37.847865681815513],[-122.20469975179195,37.847868566604497],[-122.20469687439974,37.847871490096047],[-122.20469406054704,37.847874458629079],[-122.20469131341459,37.847877462244824],[-122.20468863531595,37.847880502712222],[-122.20468602172733,37.847883580997724],[-122.204683474859,37.847886694365933],[-122.20468099816046,37.847889844569387],[-122.20467859373842,37.84789302436829],[-122.20467625723471,37.847896241936169],[-122.20467398730632,37.847899488280682],[-122.20467179994124,37.847902766775604],[-122.20466967687933,37.847906074080008],[-122.20466762950218,37.847909410930669],[-122.20466565659083,37.847912773740546],[-122.20466375709208,37.847916166129572],[-122.20466193313318,37.847919581758745],[-122.20466018366078,37.847923024248054],[-122.20465850972833,37.847926489977553],[-122.20465691356654,37.84792997711277],[-122.20465539408063,37.847933487471742],[-122.20465395114658,37.847937015649386],[-122.20465259166363,37.847940565150623],[-122.20465130191599,37.847944132568962],[-122.20465009559877,37.84794772041009],[-122.20464896566784,37.847951318862833],[-122.2046479202413,37.847954935019402],[-122.20464694676022,37.847958566357676],[-122.2046460610055,37.847962207242659],[-122.20464525403355,37.847965864111693],[-122.20464452450119,37.847969527972623],[-122.20464387827511,37.847973206851123],[-122.20464331163664,37.847976887283423],[-122.20464282485491,37.847980580980831],[-122.2046424209863,37.847984272579339],[-122.20464210029985,37.847987973790225],[-122.20464185701174,37.847991680191242],[-122.20464170018988,37.847995390750235],[-122.20464162175756,37.847999100176878],[-122.20464162745729,37.848002811091689],[-122.20464171268267,37.848006520857737],[-122.20464187737161,37.848010226772423],[-122.20464212958014,37.848013933225161],[-122.20464254527676,37.848018473597349],[-122.2046417981969,37.848056051250893],[-122.20464045289842,37.848086189417629],[-122.20463844334037,37.848116302935168],[-122.20463577507813,37.848146386316337],[-122.20463243990991,37.848176428865543],[-122.20462844890609,37.848206417806438],[-122.2046237951252,37.848236347832348],[-122.20461848519663,37.848266210736824],[-122.20461251771458,37.848295994825015],[-122.20460589470198,37.848325689253535],[-122.20459862171447,37.848355288535103],[-122.2045906951773,37.848384785511819],[-122.20458212382671,37.848414164737669],[-122.2045729064224,37.848443421724426],[-122.20456304618565,37.848472548315087],[-122.20455254398286,37.848501532781739],[-122.20450815235459,37.84862377265457],[-122.20450773646554,37.848624814099963],[-122.20450728762781,37.848625806457257],[-122.20450609161598,37.848628310046081],[-122.20450506650386,37.848630584973982],[-122.20450408937647,37.848632870923986],[-122.2045031626095,37.84863517236753],[-122.20450229062313,37.848637483833784],[-122.20450146441145,37.848639809057552],[-122.20450069409574,37.848642143386755],[-122.20449997176483,37.848644488737939],[-122.20449930194238,37.848646844144731],[-122.20449868797459,37.848649206855214],[-122.20449812197084,37.848651579686909],[-122.20449760843425,37.848653960772367],[-122.20449714726118,37.848656345607338],[-122.20449673741918,37.848658738712565],[-122.2044963845058,37.848661136402463],[-122.20449608284068,37.848663538759155],[-122.20449583355986,37.848665945766193],[-122.20449563546519,37.848668354737391],[-122.20449549310111,37.848670765607146],[-122.20449540305917,37.848673178424605],[-122.20449536533954,37.848675593189867],[-122.20449538330907,37.848678008051891],[-122.20449545231993,37.848680418572066],[-122.20449557371514,37.848682833742558],[-122.20449574958066,37.848685245422821],[-122.2044959787804,37.848687653629213],[-122.20449625898001,37.848690055692018],[-122.20449659365002,37.848692454264516],[-122.20449698165417,37.848694849363206],[-122.20449742179444,37.848697238301838],[-122.20449791293468,37.848699621096827],[-122.20449845961926,37.848701997682575],[-122.20449905387487,37.848704367273044],[-122.20449970350928,37.848706723447307],[-122.20450040525901,37.848709072560681],[-122.20450115567455,37.848711412860652],[-122.20450196037415,37.848713741562563],[-122.20450281367741,37.848716058748458],[-122.20450371897192,37.848718363468237],[-122.20450467621633,37.848720653920147],[-122.20450568433652,37.848722932823286],[-122.20450674440661,37.84872519745857],[-122.20450784506568,37.848727447990122],[-122.20450900213613,37.848729680584668],[-122.2045102066122,37.848731898977064],[-122.20451145950561,37.848734097745627],[-122.20451275978388,37.848736281411099],[-122.20451410509196,37.848738446402884],[-122.20451550445665,37.848740589887051],[-122.20451695004931,37.848742717383658],[-122.20451844284057,37.848744821669442],[-122.20451997723276,37.848746906429866],[-122.20452155768749,37.84874896799576],[-122.2045231854856,37.848751012656862],[-122.20452485583445,37.848753029668416],[-122.20452657104764,37.848755020799281],[-122.20452833127005,37.848756992355547],[-122.20453013524138,37.8487589389484],[-122.20453198066878,37.848760859709863],[-122.2045338674901,37.848762751937286],[-122.20453579465214,37.848764619250524],[-122.20453776669918,37.848766461583963],[-122.2045397755958,37.848768275448997],[-122.20454182590714,37.848770061680838],[-122.20454391306809,37.848771819444295],[-122.20454603817336,37.84877354692118],[-122.20454820347437,37.848775243177812],[-122.20455040450969,37.848776911883327],[-122.20455264119637,37.848778549434194],[-122.20455491582736,37.848780156698574],[-122.20455722491164,37.84878173012217],[-122.204559566239,37.848783272440322],[-122.20456194319715,37.848784782703035],[-122.20456435345177,37.848786258240459],[-122.20456679363593,37.8487877009036],[-122.20456926486504,37.848789109775211],[-122.20457176934931,37.848790482119767],[-122.20457430151163,37.848791822523729],[-122.20457686349999,37.848793125549086],[-122.20457945655396,37.848794395683676],[-122.20458207144004,37.848795626752818],[-122.20458536489483,37.848797109358017],[-122.2047318454897,37.848846075039177],[-122.20473951918697,37.848848806459742],[-122.20474372214751,37.848850402085084],[-122.20474788894172,37.848852055907216],[-122.20475201956977,37.848853767926208],[-122.20475610942501,37.84885553550513],[-122.2047601630519,37.848857358578329],[-122.20476417255989,37.848859239963275],[-122.20476814464135,37.848861174156312],[-122.20477207031104,37.84886316579307],[-122.20477595169632,37.848865208534662],[-122.20477978662832,37.848867306918279],[-122.20478357616055,37.848869457324],[-122.20478731686396,37.848871658900251],[-122.20479101216745,37.848873912498611],[-122.20479465407703,37.848876216432259],[-122.20479824486495,37.848878570668447],[-122.20480178112291,37.848880975256328],[-122.20480526733307,37.848883427427644],[-122.20480869787721,37.848885929967118],[-122.20481207261041,37.84888847656871],[-122.20481539161545,37.848891070835826],[-122.20481865255796,37.848893710098721],[-122.20482185657414,37.848896394341025],[-122.20482499790073,37.848899120041274],[-122.20482808230091,37.848901890720946],[-122.20483110169793,37.848904701089694],[-122.20483405968625,37.84890755920609],[-122.20483695599684,37.848910453358862],[-122.20483978511486,37.848913390837026],[-122.2048425513983,37.84891636346714],[-122.20484525602473,37.848919373034562],[-122.20484788655919,37.848922422422383],[-122.20485045196621,37.848925506094119],[-122.20485295108898,37.848928623165321],[-122.20485537952807,37.848931780007717],[-122.20485773815044,37.848934964893644],[-122.20486002596483,37.848938184145588],[-122.20486224175251,37.848941434176488],[-122.20486438774404,37.848944713151816],[-122.2048664594366,37.848948022938906],[-122.20486846246918,37.848951361653981],[-122.20487038655494,37.848954726742221],[-122.20487223733274,37.848958116319743],[-122.20487401713707,37.848961533056432],[-122.20487571681697,37.848964974380927],[-122.20487734077186,37.848968433921449],[-122.20487889030355,37.848971918868678],[-122.20488036297408,37.848975422048454],[-122.20488175667698,37.848978950700456],[-122.20488306889165,37.848982494047178],[-122.20488430998778,37.848986058246993],[-122.2048854695956,37.848989637141486],[-122.20488655339561,37.848993230648702],[-122.20488700723791,37.848995028223904],[-122.20488739268205,37.848996717746317],[-122.20488773956106,37.848998410529383],[-122.20488805252289,37.84900011101174],[-122.204888326816,37.849001810250442],[-122.20488856374214,37.849003515435982],[-122.20488876210311,37.849005223882138],[-122.20488892309716,37.84900693827516],[-122.20488904881016,37.849008650474396],[-122.20488913248752,37.849010363280918],[-122.20488918328027,37.849012079266018],[-122.20488919090143,37.849013795874839],[-122.20488916435687,37.849015509372556],[-122.20488910036245,37.849017225213714],[-122.20488899772018,37.849018940711986],[-122.20488885746249,37.849020651346713],[-122.20488867401242,37.849022361704286],[-122.20488846773695,37.849024067885836],[-122.2048882091389,37.849025772119788],[-122.20488791866812,37.849027474110656],[-122.20488759056124,37.849029170337175],[-122.20488722366143,37.849030859914784],[-122.20488682259595,37.849032546381345],[-122.20488638385299,37.84903422528172],[-122.20488590635853,37.849035899334979],[-122.20488539345872,37.849037565789246],[-122.20488484294358,37.849039227379954],[-122.20488425702307,37.849040881371678],[-122.20488363330092,37.84904252239204],[-122.20488297080655,37.849044157664409],[-122.20488228073535,37.849045779817665],[-122.20488154970256,37.849047399859245],[-122.20488078528825,37.849049001458603],[-122.20487998433252,37.849050595475397],[-122.20487914788868,37.849052178289739],[-122.20487827591533,37.849053748099905],[-122.20487737301892,37.849055307542805],[-122.20487643232076,37.84905685401435],[-122.20487545948073,37.84905838653161],[-122.20487445447807,37.849059904193723],[-122.20487341625949,37.849061410620585],[-122.20487234125108,37.849062898654452],[-122.2048712352989,37.849064375420149],[-122.20487009823738,37.849065833710888],[-122.20486892558428,37.849067276294804],[-122.2048677253543,37.84906870575967],[-122.20486649399427,37.849070115848569],[-122.20486523038885,37.849071507478904],[-122.20486393800832,37.849072883303968],[-122.20486261108951,37.849074239802341],[-122.20486125996067,37.849075581330617],[-122.20485987761909,37.849076899879606],[-122.20485846644029,37.849078199920655],[-122.20485702411071,37.849079479684946],[-122.20485555637308,37.84908074179301],[-122.20485406081016,37.849081979971587],[-122.20485253981838,37.849083199593004],[-122.20485098765512,37.849084398036794],[-122.20484941452463,37.849085574254374],[-122.20484781363101,37.849086729245073],[-122.20484618716364,37.849087859372574],[-122.20484453526736,37.849088970942965],[-122.20484286002818,37.849090055815594],[-122.20484116268567,37.849091118478427],[-122.20483943764199,37.849092162616955],[-122.20483769365498,37.849093173686036],[-122.20483592872139,37.849094163429719],[-122.20483413941221,37.849095130996417],[-122.20483233244053,37.849096071783308],[-122.20483050332417,37.849096988558628],[-122.20482865431454,37.849097880388719],[-122.20482678537027,37.849098745471807],[-122.2048248964706,37.84909958290708],[-122.20482299230493,37.849100398934866],[-122.20482106692361,37.849101181926009],[-122.20481912741228,37.849101943493331],[-122.20481717015578,37.849102674677376],[-122.20481519757108,37.849103381751348],[-122.20481321058733,37.849104055690198],[-122.20481120606533,37.849104708254458],[-122.20480919067673,37.849105333039567],[-122.20480716090989,37.849105925590386],[-122.20480512042131,37.849106496668149],[-122.20480306433556,37.849107031924589],[-122.20480099744539,37.84910754210447],[-122.20479891970929,37.849108025406004],[-122.20479683432866,37.849108472771405],[-122.20479473816431,37.849108895961109],[-122.20479263113342,37.849109291371612],[-122.20479051546681,37.84910965716842],[-122.20478839343663,37.849109993318656],[-122.20478626613765,37.849110298004256],[-122.20478412454311,37.849110574058997],[-122.20478199025965,37.849110822071999],[-122.20477984050312,37.849111039668877],[-122.20477769006359,37.849111227537207],[-122.20477553551206,37.849111384825264],[-122.20477337691054,37.849111514235631],[-122.20477121756393,37.849111611214859],[-122.204769054126,37.849111678514667],[-122.2047668934547,37.849111717838397],[-122.20476472863005,37.849111724780151],[-122.20476256316375,37.849111703794989],[-122.20476040040194,37.84911165213115],[-122.20475824030343,37.849111567986867],[-122.20475607964609,37.849111459519172],[-122.20475392617558,37.849111317604482],[-122.20475177082388,37.849111143275067],[-122.20474962177133,37.849110946325439],[-122.20474747990571,37.849110715928859],[-122.20474533622095,37.849110455820103],[-122.20474320546575,37.84911016488492],[-122.2047410786339,37.849109846858084],[-122.20473895791501,37.849109498103331],[-122.20473685020841,37.849109122125576],[-122.20473474857332,37.8491087136182],[-122.20473265652149,37.849108277036215],[-122.20473057399089,37.849107809677022],[-122.2047285022624,37.849107317830274],[-122.20472644232738,37.849106795173618],[-122.20472438972413,37.849106245376014],[-122.20472235345868,37.84910566470279],[-122.20472033026759,37.849105059509185],[-122.20471832002673,37.849104424390056],[-122.20471632391352,37.849103761130699],[-122.20471434079195,37.849103069747507],[-122.20471237762342,37.849102356448114],[-122.20471042726022,37.849101606917145],[-122.20470849344176,37.84910083551916],[-122.2047065771801,37.849100036832596],[-122.20470468078858,37.849099212626349],[-122.20470280087984,37.849098363850523],[-122.20470094191535,37.849097486835966],[-122.20469910170576,37.849096585219087],[-122.20469728023043,37.849095658098904],[-122.2046954808561,37.849094703624452],[-122.20469370255027,37.84909372631661],[-122.20469194413539,37.849092724389898],[-122.20469020908187,37.849091700497731],[-122.2046884972449,37.849090648334098],[-122.20468681110361,37.849089576874746],[-122.20468514710473,37.849088479862928],[-122.20468350640516,37.849087358183056],[-122.20468189026518,37.849086217223977],[-122.20468030201027,37.849085053332914],[-122.20467873598056,37.849083867492837],[-122.20467720126499,37.849082659572446],[-122.20467569108824,37.849081431471937],[-122.20467420774324,37.849080184059346],[-122.2046727511472,37.849078913731212],[-122.20467132138292,37.849077624091038],[-122.20466992413087,37.84907631505672],[-122.20466855255384,37.849074985825879],[-122.20466721243567,37.849073640820841],[-122.20466590251615,37.849072274652748],[-122.20466462393139,37.84907088730516],[-122.20466337240603,37.849069490555074],[-122.20466215560306,37.849068071675447],[-122.20466096575598,37.849066638888971],[-122.20465981635307,37.849065185692623],[-122.20465868828778,37.84906372137403],[-122.20465670103033,37.849061959465956],[-122.20465467242042,37.849060227893624],[-122.20465261030715,37.849058522037836],[-122.20465051138574,37.849056846452129],[-122.20464837113255,37.84905520210306],[-122.20464619968965,37.849053585239368],[-122.2046439914386,37.849051998645834],[-122.2046417452847,37.849050444140488],[-122.20463946913927,37.849048919806769],[-122.20463715965613,37.849047428396538],[-122.20463481565776,37.8490459681244],[-122.20463244059377,37.849044540742881],[-122.20463003555898,37.849043144433857],[-122.20462760408579,37.849041784553286],[-122.20462513473041,37.849040457661793],[-122.20462263887462,37.849039164496155],[-122.2046201165597,37.849037906858037],[-122.20461756660822,37.849036682962222],[-122.20461499255261,37.849035498164568],[-122.2046123897036,37.849034346224713],[-122.20460976268845,37.849033230680512],[-122.20460711148631,37.849032150631004],[-122.20460443733687,37.849031110564162],[-122.20460174011595,37.849030105074782],[-122.20459901986484,37.849029135964606],[-122.20459628240901,37.849028209457636],[-122.20459352188159,37.849027317528112],[-122.20459074175302,37.849026462829372],[-122.20458794551446,37.84902564891572],[-122.2045851319882,37.849024874001756],[-122.20458229888153,37.849024137219551],[-122.20457945189563,37.849023439387778],[-122.20457658989427,37.849022780522937],[-122.20457371519105,37.849022162393894],[-122.2045708266707,37.84902158591796],[-122.20456792534497,37.849021045673481],[-122.20456501026412,37.849020549784719],[-122.20456093295053,37.849019921991399],[-122.20455770435076,37.849019481997409],[-122.20455447102246,37.849019083525214],[-122.20455122749223,37.849018735665489],[-122.20454797464772,37.849018427591488],[-122.20454471949174,37.849018167312508],[-122.20454146194162,37.849017951225058],[-122.20453819181377,37.849017781278654],[-122.20453492156388,37.849017655490975],[-122.2045316501593,37.84901757838275],[-122.20452837625704,37.849017540961782],[-122.20452510235687,37.849017553104758],[-122.20452183397377,37.849017607522718],[-122.20451855982947,37.849017707983123],[-122.20451528893003,37.849017850751359],[-122.2045120237959,37.849018046604982],[-122.2045087652735,37.849018282915388],[-122.20450551230951,37.849018563302472],[-122.20450226382988,37.849018890485311],[-122.20449902318083,37.849019261711959],[-122.20449579040375,37.849019678784316],[-122.20449257006366,37.849020142537427],[-122.20448935970221,37.849020644896427],[-122.20448616057952,37.849021191250117],[-122.20448297401809,37.849021789689786],[-122.20447665817993,37.849023105596437],[-122.20444643173363,37.849026880086136],[-122.20442697756263,37.849028957089665],[-122.20440748200502,37.849030766140558],[-122.20438794952254,37.849032303569778],[-122.20436838579595,37.849033569295308],[-122.2043487988401,37.849034565904809],[-122.20432918861391,37.849035291596557],[-122.20430956986615,37.849035745256401],[-122.20428994259704,37.849035926884305],[-122.20427031478013,37.849035837266285],[-122.20425068978255,37.849035474551393],[-122.20423107566069,37.849034843129139],[-122.20421148030529,37.849033940181982],[-122.20419190594745,37.849032763875513],[-122.20417236291566,37.849031318566333],[-122.20415285573384,37.849029603288017],[-122.20413338436083,37.849027616238793],[-122.20411396592105,37.849025360776118],[-122.20409459591164,37.84902283876729],[-122.2040752834216,37.849020050081215],[-122.20405603970876,37.849016990049414],[-122.20403686266648,37.849013665911706],[-122.20401776365597,37.849010077504097],[-122.20399874379288,37.849006223909285],[-122.2039798122903,37.849002110401379],[-122.20397499930088,37.849001267919483],[-122.20397099730144,37.849000504744836],[-122.20396701333306,37.848999685437484],[-122.2039630440288,37.848998811848396],[-122.20395909851891,37.848997885648046],[-122.2039551709987,37.848996901513274],[-122.2039512684089,37.848995864750862],[-122.2039473907496,37.848994775360772],[-122.20394353339354,37.848993629805229],[-122.20393970668979,37.848992433341721],[-122.20393590154961,37.848991186101536],[-122.20393212689622,37.848989880746444],[-122.20392838291588,37.848988525384364],[-122.203924668431,37.848987118229864],[-122.20392098348312,37.848985661084683],[-122.20391733259582,37.848984152982439],[-122.20391371461237,37.848982593038556],[-122.2039101341806,37.848980985691824],[-122.20390658789223,37.848979330991405],[-122.20390307785394,37.848977621697642],[-122.20389960761887,37.84897586406727],[-122.20389617501823,37.848974062637573],[-122.20389278224144,37.8489722137722],[-122.20388943156078,37.848970317438358],[-122.20388612297617,37.848968373636055],[-122.20388285995799,37.848966385018635],[-122.20387964025474,37.8489643525199],[-122.20387646384575,37.84896227523884],[-122.20387333300316,37.848960153142734],[-122.20387024892524,37.848957988917796],[-122.20386721617689,37.848955783399198],[-122.20386423019322,37.848953535751782],[-122.20386129551852,37.848951245909866],[-122.2038584122355,37.84894891747701],[-122.20385557924952,37.848946552271215],[-122.20385279751049,37.848944142168392],[-122.20385007061283,37.848941695227111],[-122.20384739857724,37.848939212348263],[-122.20384478138301,37.848936692630922],[-122.20384222132306,37.848934136943207],[-122.20383971616651,37.848931547119619],[-122.20383726928033,37.848928921309231],[-122.20383488417619,37.848926263967208],[-122.2038325528394,37.848923572505704],[-122.2038302776249,37.848920850495404],[-122.20382806646458,37.848918096920734],[-122.20382591710705,37.848915312715171],[-122.2038238295936,37.848912499680587],[-122.20382180388286,37.848909656015273],[-122.20381984235048,37.848906786190625],[-122.20381794049347,37.848903892074105],[-122.20381610733838,37.848900970831878],[-122.20381433497406,37.848898024380439],[-122.20381262451589,37.848895051802579],[-122.2038109908365,37.848892057389378],[-122.20380941123466,37.848889042369777],[-122.20380790723414,37.848886003729469],[-122.20380646877551,37.848882948823082],[-122.20380509567265,37.848879869542799],[-122.20380379145793,37.848876771244576],[-122.20380255507796,37.848873657548324],[-122.20380138541739,37.848870529371311],[-122.20380028803255,37.848867381226285],[-122.20379926310959,37.848864221221092],[-122.20379830040292,37.848861048602501],[-122.20379740889797,37.848857858734902],[-122.20379659111502,37.848854662395929],[-122.20379584230294,37.848851450642513],[-122.20379516489932,37.848848230648798],[-122.20379455772667,37.848845000629424],[-122.20379402202462,37.848841765072351],[-122.20379355661554,37.848838522192267],[-122.20379316379245,37.848835272857173],[-122.20379284248116,37.848832019786116],[-122.20379259148365,37.848828760292868],[-122.20379241546824,37.848825499717094],[-122.20379230642035,37.848822235470884],[-122.20379227241668,37.848818972844718],[-122.20379231636093,37.848815442348403],[-122.20379230238346,37.848814388187584],[-122.20379224754802,37.84881333641902],[-122.203792140473,37.848812286305822],[-122.20379203602987,37.84881149929474],[-122.20379189979687,37.848810713643751],[-122.20379173987135,37.848809935544168],[-122.20379155488978,37.84880915510287],[-122.20379126874644,37.848808126499499],[-122.20379093280117,37.848807106725623],[-122.20379065625113,37.848806347432017],[-122.20379035148495,37.848805596656199],[-122.20378990930551,37.848804602747613],[-122.20378942302524,37.848803618487374],[-122.20378889161161,37.848802648396173],[-122.20378846609023,37.848801934509275],[-122.20378802032609,37.848801229926245],[-122.20378738645884,37.848800301866738],[-122.20378670640483,37.848799391596117],[-122.20378599396268,37.848798506124574],[-122.20378524322436,37.848797635624614],[-122.20378465014213,37.848796998953567],[-122.203784043675,37.84879637328973],[-122.20378319649454,37.848795559153167],[-122.2037823157691,37.848794768931242],[-122.20378163425949,37.848794191211368],[-122.20378093153639,37.848793630018747],[-122.20378021321837,37.848793082568733],[-122.20377947711583,37.84879255249767],[-122.20377846353293,37.848791866025437],[-122.20377768616035,37.848791369893299],[-122.20377689216009,37.848790892024468],[-122.20377608485776,37.848790428766328],[-122.20377525754007,37.848789984721606],[-122.20377413642467,37.848789416052107],[-122.20377299446818,37.848788880125454],[-122.20377182594881,37.848788375221893],[-122.20377063446094,37.848787909399938],[-122.20376942541616,37.848787470866483],[-122.20376850347678,37.848787162461385],[-122.20376757864619,37.848786876627116],[-122.20376663834476,37.848786609940667],[-122.20376568932689,37.848786359601014],[-122.20376441534356,37.848786062586719],[-122.20376313074398,37.848785798167611],[-122.20376182650142,37.848785569177508],[-122.20376085028261,37.848785421062168],[-122.20375986315803,37.848785292929811],[-122.20375854737155,37.848785155123991],[-122.2037575545681,37.848785076637697],[-122.20375656226108,37.84878501977223],[-122.20375523484803,37.848784969547147],[-122.20375390159063,37.848784961761169],[-122.20375257141215,37.848784989076179],[-122.20375157801358,37.848785033156844],[-122.20375058172381,37.848785099808325],[-122.20374926152512,37.848785215293383],[-122.20374827312766,37.848785328691427],[-122.20374728977093,37.848785463644745],[-122.2037459888062,37.848785674375478],[-122.20374469542347,37.848785918339779],[-122.20374341656327,37.848786200844522],[-122.20374214873456,37.848786518335409],[-122.2037408896239,37.848786869043472],[-122.20373965404181,37.848787254557287],[-122.20373843405625,37.84878767589251],[-122.20373723522367,37.848788127561889],[-122.20373605543736,37.848788616805216],[-122.2037349001502,37.848789133630895],[-122.20373376264914,37.848789682641716],[-122.20373292709732,37.848790117351093],[-122.2037321135242,37.848790568865269],[-122.20373130600399,37.848791036513063],[-122.2037305170542,37.848791521014803],[-122.20372949031568,37.848792191886041],[-122.2037284948929,37.848792890241242],[-122.20372752729477,37.848793612526165],[-122.20372659902715,37.848794364882863],[-122.20372569519655,37.848795142119329],[-122.20372504413081,37.848795741781771],[-122.20372441725391,37.848796355513656],[-122.20372360561392,37.848797188192499],[-122.203723020319,37.848797831062456],[-122.20372246026632,37.848798484381973],[-122.20372174313036,37.848799374272161],[-122.20372119518485,37.848800109422847],[-122.20370936375123,37.848816755327292],[-122.20369789630124,37.848833563592152],[-122.20368680299789,37.848850531367397],[-122.20367608357249,37.848867646941791],[-122.2036657448004,37.848884908415343],[-122.20365578661982,37.848902313085503],[-122.20364620989805,37.848919849224778],[-122.20363702372417,37.84893751670203],[-122.20362822793298,37.848955308310337],[-122.20361982357791,37.848973220430032],[-122.20361181728981,37.848991244854943],[-122.20360420673461,37.849009378915319],[-122.20359699854298,37.849027614405117],[-122.20358579416215,37.849058457201167],[-122.20340342106012,37.849562820338221],[-122.2034007834809,37.849571195082213],[-122.20339833984553,37.849579602172049],[-122.2033960811479,37.849588045342443],[-122.20339400720196,37.849596516485583],[-122.20339211691308,37.849605017419627],[-122.20339041350346,37.84961353998758],[-122.20338890273636,37.849622087710955],[-122.20338757199073,37.849630655364891],[-122.20338644161303,37.849639238149912],[-122.20338549910618,37.84964783624644],[-122.2033847341212,37.849656444396821],[-122.20338417053709,37.849665063157609],[-122.20338379234505,37.849673688253986],[-122.2033836028707,37.849682316033409],[-122.20338360663783,37.849690945529296],[-122.20338379794532,37.849699575922827],[-122.20338418005683,37.849708200858721],[-122.20338475183618,37.8497168203534],[-122.20338551088726,37.849725429034528],[-122.20338646287003,37.849734025919062],[-122.20338760206252,37.849742609287453],[-122.20338893176985,37.849751174586075],[-122.20339044744756,37.849759721880517],[-122.20339215351602,37.849768245699998],[-122.2033940465257,37.849776744291951],[-122.20339612527852,37.849785214970218],[-122.20339838632481,37.849793655982175],[-122.20340083869142,37.849802064494106],[-122.20340347326891,37.849810439736295],[-122.20340629330023,37.849818774452608],[-122.20340929312546,37.84982706962591],[-122.20341247954082,37.84983532425683],[-122.20341584327124,37.849843530368844],[-122.20341938780781,37.849851691516236],[-122.20342311407994,37.849859798673833],[-122.20342701308151,37.84986785557637],[-122.20343109381866,37.849875858489121],[-122.20343535273842,37.849883801155173],[-122.20343977734363,37.849891683754997],[-122.20344438013143,37.849899506108038],[-122.20344915188905,37.849907262940413],[-122.20345409480595,37.849914950615798],[-122.20345920551517,37.849922570985044],[-122.20346632458858,37.849932674809885],[-122.20360983386391,37.850108219977777],[-122.20388168411182,37.850678734324994],[-122.20394968385345,37.850722961217635],[-122.20403395716872,37.850719778039206],[-122.20433804676345,37.850565998909246],[-122.20471811265554,37.850479916386703],[-122.20492408894491,37.85048283892138],[-122.20544636721283,37.850591542575742],[-122.20574721745484,37.850609341465756],[-122.20601141749297,37.850468201120258],[-122.20635757922756,37.850417987642906],[-122.20666121449212,37.850538407327861],[-122.20678901781464,37.850809784048678],[-122.20680176240654,37.85097079287101],[-122.20702323110555,37.851101823475013],[-122.20761474928689,37.851042759111039],[-122.20796335825011,37.851206762914686]]],[[[-122.21113527063117,37.861830448724824],[-122.2110822459109,37.861880315532986],[-122.2109933155149,37.861944851988987],[-122.21070741923074,37.862149401310894],[-122.21045007122044,37.862376524878314],[-122.21022406699889,37.862623724897141],[-122.21003189638596,37.862888304338981],[-122.20987566379023,37.863167360877156],[-122.20975707677626,37.86345783390334],[-122.20967743435669,37.863756539834341],[-122.20963761765741,37.86406021189223],[-122.20963800802629,37.864330774976445],[-122.20987342149999,37.864439171306557],[-122.21008471727859,37.864441318040271],[-122.21026402858935,37.864806960408217],[-122.2123997614983,37.864816293477475],[-122.21233007220452,37.86502896338633],[-122.21369896522233,37.865679526378081],[-122.21547251410826,37.86375334635698],[-122.21311266141575,37.862348739793852],[-122.21170977893648,37.861813680781367],[-122.21117385828877,37.861780230674967],[-122.21113527063117,37.861830448724824]]],[[[-122.20371842145425,37.851435119864966],[-122.2037381253333,37.851440672243932],[-122.20375770245209,37.851446494996708],[-122.20377714830769,37.851452589990515],[-122.20379645711617,37.851458952803178],[-122.20381562429176,37.851465581698655],[-122.20383464060073,37.851472470502252],[-122.20385350404003,37.851479630957932],[-122.20387220392935,37.851487043394485],[-122.20389073933964,37.851494716836989],[-122.20420908156299,37.851619203788616],[-122.20421864971553,37.851623007308177],[-122.20422830123582,37.851626679855428],[-122.20423803376868,37.851630217859622],[-122.20424784270749,37.851633618683948],[-122.20425772129754,37.851636885129224],[-122.20426767631417,37.851640015295381],[-122.20427769402015,37.851643004874958],[-122.20428777786536,37.851645855620426],[-122.20429792332581,37.851648568498234],[-122.2043081257949,37.851651140871432],[-122.20431837950908,37.851653569218584],[-122.20432869250399,37.851655857028277],[-122.20433905106323,37.851658000893913],[-122.20434945518672,37.851660000815507],[-122.20435990028845,37.851661855056946],[-122.20437038756657,37.851663566304417],[-122.2043809090474,37.851665133771888],[-122.20439146915128,37.851666551988465],[-122.20440204984477,37.851667827522839],[-122.20441265895663,37.851668954854873],[-122.20442329530923,37.851669932199343],[-122.20443394886365,37.851670767811569],[-122.2044446170991,37.851671450914012],[-122.20445530245334,37.851671988680856],[-122.20446600145591,37.851672378458723],[-122.20447670045236,37.85167261954355],[-122.20448740398717,37.851672711869774],[-122.20449810987071,37.851672659073671],[-122.20450881227748,37.851672454931247],[-122.2045195124884,37.851672105732064],[-122.2045301944526,37.851671605399908],[-122.20454087306396,37.851670959126587],[-122.20455152783055,37.85167016540575],[-122.20456216895687,37.851669223188921],[-122.20457278169374,37.851668133590181],[-122.20458337744388,37.851666898247274],[-122.20459393910316,37.851665514703726],[-122.20460447016261,37.851663986513742],[-122.20461496607768,37.85166231374302],[-122.20462542341913,37.851660495539903],[-122.20463583650636,37.851658531986494],[-122.20465360156355,37.85165483112872],[-122.20501931979244,37.851580771944121],[-122.20504694111858,37.851574074638023],[-122.20506096520045,37.851570987390744],[-122.20507505405072,37.851568097462192],[-122.20508920533521,37.851565402182473],[-122.20510341227859,37.851562903451878],[-122.20511767374482,37.851560601286799],[-122.20513198066563,37.851558496719335],[-122.20514633302038,37.85155658884873],[-122.20516072861982,37.851554881311131],[-122.20517515721804,37.851553373353447],[-122.20518961315534,37.851552065958643],[-122.20555500363518,37.851516102054646],[-122.20701604596813,37.85138724968472],[-122.20704367518275,37.851386784248604],[-122.20706185839533,37.851386792479083],[-122.20708003720682,37.851387053997726],[-122.20709820701066,37.851387566167666],[-122.20711636330402,37.851388330856381],[-122.20713450034425,37.851389345443451],[-122.20715261139766,37.85139061363094],[-122.20717069171259,37.851392126476014],[-122.20718873474192,37.851393895788455],[-122.20720673912167,37.851395911675297],[-122.20722469353221,37.851398176102506],[-122.20724259803576,37.851400691772881],[-122.2072604433985,37.851403452511732],[-122.20727822734824,37.85140645835201],[-122.20729593852387,37.851409709458132],[-122.20732163162259,37.851416624570291],[-122.20733494310343,37.85142050615476],[-122.2073481656309,37.851424571961076],[-122.20736129463982,37.851428821154244],[-122.20737432781659,37.851433251965382],[-122.20738726507837,37.851437860791066],[-122.20740009851377,37.851442649548147],[-122.20741282231778,37.85144761291361],[-122.20742543655265,37.851452753590131],[-122.20743793541342,37.851458066254736],[-122.20745031448004,37.85146355637842],[-122.20746257224323,37.851469207762037],[-122.20747470560556,37.851475033967979],[-122.20766573656314,37.851560679547092],[-122.20767329309336,37.851564179367728],[-122.20768092561252,37.851567573553176],[-122.20768862959673,37.851570863070144],[-122.20769640721454,37.851574043381234],[-122.20770425175284,37.851577119089534],[-122.20771216193032,37.851580083905361],[-122.20772014001923,37.851582937795868],[-122.20772817812875,37.851585683578669],[-122.20773627499837,37.851588315865051],[-122.20774442494736,37.851590834737159],[-122.2077526349169,37.851593245501547],[-122.20776089437075,37.851595534793212],[-122.20776920244224,37.851597714339789],[-122.20777755669324,37.851599776967298],[-122.20778595714442,37.851601723576522],[-122.20779439584281,37.851603554282548],[-122.20780287727077,37.851605266317108],[-122.20781139126512,37.851606862530602],[-122.20781994344435,37.85160834013837],[-122.20782852471946,37.851609699271812],[-122.20783713281793,37.851610939963891],[-122.20784576994988,37.851612059479102],[-122.20785442933996,37.85161305971782],[-122.20786310989351,37.851613942498169],[-122.20787180243831,37.851614704348272],[-122.20788052172342,37.851615344153529],[-122.20788924612084,37.851615860424538],[-122.20789798149764,37.851616261186919],[-122.20790672772958,37.851616541035497],[-122.20791547452902,37.851616697415579],[-122.20792422650275,37.851616732964089],[-122.20793297456161,37.851616647812499],[-122.20794172325013,37.851616441895054],[-122.20795046232229,37.851616114458857],[-122.20795919522789,37.851615667256375],[-122.2079679151087,37.85161509858446],[-122.20797662533157,37.851614406592091],[-122.2079853157956,37.851613596832514],[-122.20799606864553,37.851612424693577],[-122.2080208132359,37.85161046789743],[-122.20804551123292,37.851608165723057],[-122.20807014912708,37.851605523773109],[-122.20809473146262,37.851602541981812],[-122.20811924006094,37.851599220612307],[-122.20814367380645,37.851595560581934],[-122.20816802470422,37.851591560204156],[-122.20819228153792,37.851587225949537],[-122.2082364358095,37.851578421369993],[-122.20827146472223,37.851572862391102],[-122.20830636549056,37.851566822232357],[-122.20834113009862,37.851560298306282],[-122.20837574497445,37.851553293513021],[-122.20843386654525,37.851540374708001],[-122.20860643990116,37.851505167609858],[-122.20862049577056,37.851501789301899],[-122.20863364991955,37.851498834978933],[-122.20864686733708,37.851496061773794],[-122.20866014124779,37.851493471586863],[-122.208673475081,37.851491065269649],[-122.20868685749625,37.851488843887559],[-122.20870028626267,37.851486809275023],[-122.20871375681529,37.851484960597162],[-122.20872726688188,37.851483297886752],[-122.20874524335022,37.851481730010633],[-122.20866280253642,37.851240473330364],[-122.20864119123466,37.851177226159507],[-122.20834244705708,37.851344725092268],[-122.20791523499122,37.851375714978509],[-122.20757000333435,37.851213304083124],[-122.20696608797643,37.851273608188507],[-122.20660038604974,37.851057244967443],[-122.20658354854086,37.85084451619656],[-122.2064951375893,37.850656778983563],[-122.2063266997973,37.850589980759644],[-122.20609152342746,37.85062409443573],[-122.20580358993661,37.850777911347762],[-122.20541197296839,37.850754746686761],[-122.20489544336502,37.850647239471456],[-122.20474538688012,37.850645108666157],[-122.20442424559808,37.850717841988505],[-122.20409907859846,37.850882286376454],[-122.20387970349282,37.850890568069616],[-122.20370692972537,37.850778190177692],[-122.20340599760732,37.850165000655529],[-122.2031306684335,37.849821450427513],[-122.20275406594834,37.849166710919789],[-122.20235874041086,37.8489720188931],[-122.20172388336772,37.848530051697061],[-122.20160535985033,37.848276548355329],[-122.20159143789616,37.848050701934966],[-122.20143381069123,37.84790714739556],[-122.20086076450893,37.847657075953222],[-122.20084107819406,37.847647823574498],[-122.20087584191805,37.847703138832543],[-122.20080195696582,37.847694229653975],[-122.20079475707507,37.84769356473079],[-122.20078751175899,37.847693297875324],[-122.20078026088331,37.847693433018826],[-122.20077304084373,37.84769397143905],[-122.20076588216963,37.847694906387865],[-122.20075882794922,37.847696233639631],[-122.20075190875325,37.847697948247898],[-122.20074515395447,37.847700042580122],[-122.20073860077477,37.847702504384657],[-122.2007322819333,37.847705323277268],[-122.20072621980044,37.847708483615683],[-122.20072045614261,37.847711973082959],[-122.20071501099621,37.847715773367042],[-122.20070991914591,37.847719865042237],[-122.20070519038288,37.847724229043003],[-122.20070086283823,37.847728843191931],[-122.20069695196274,37.847733687440744],[-122.20069347182348,37.847738730947185],[-122.20069045045078,37.847743957086394],[-122.20068789179031,37.8477493396677],[-122.20068581563072,37.847754849568751],[-122.20068422587639,37.847760458797261],[-122.2006831333513,37.84776614376684],[-122.2006825476403,37.847771876403378],[-122.20068246806201,37.847777626978278],[-122.20068315007201,37.847785318499177],[-122.20070523127927,37.84793396542414],[-122.20070741854799,37.84794748380704],[-122.20070990623887,37.847960969924088],[-122.20071268856833,37.847974419352873],[-122.20071576659012,37.847987828473492],[-122.2007191345001,37.848001191962553],[-122.20072280361784,37.848014507854678],[-122.20072676250017,37.848027772710005],[-122.20073100982526,37.848040978437076],[-122.20073555127375,37.848054124954075],[-122.20074037868656,37.848067203366831],[-122.2007454955136,37.848080215427956],[-122.20075089365771,37.848093154946],[-122.20075657877888,37.848106020938111],[-122.20076254939012,37.848118798105979],[-122.20076879435774,37.848131496522733],[-122.20077532595184,37.848144106098751],[-122.20078212473506,37.848156621707169],[-122.20078920204782,37.84816904228321],[-122.20079655094975,37.848181362519995],[-122.20080417137898,37.848193579714831],[-122.20081205527991,37.848205689477979],[-122.20082021046058,37.848217685388668],[-122.2008286233913,37.848229572147595],[-122.20083730062028,37.848241337945367],[-122.20084623417431,37.848252981995557],[-122.20085542171937,37.848264501628286],[-122.20086486197494,37.848275890553772],[-122.20087455262751,37.848287147003063],[-122.20088448907093,37.848298268338887],[-122.20089466442676,37.848309251956906],[-122.20090508656504,37.848320094138948],[-122.20091574046891,37.848330784287377],[-122.2009266308273,37.848341328642803],[-122.200937752972,37.84835172186537],[-122.20094910000385,37.848361960449857],[-122.20096098589468,37.848372305714001],[-122.20132545853319,37.848679560999258],[-122.20134344579346,37.848695686643623],[-122.20135448079772,37.848706041432912],[-122.20136528627319,37.84871654642015],[-122.20137585990624,37.848727199836375],[-122.2013861948183,37.848737999077414],[-122.20139629311636,37.84874893690359],[-122.20140615029717,37.848760015182251],[-122.20141575595007,37.848771225952994],[-122.20142511577598,37.84878257003497],[-122.20143422960969,37.848794040221229],[-122.20144308613149,37.848805638477337],[-122.20145168507277,37.848817353092144],[-122.20146002416118,37.848829184098463],[-122.20146810232265,37.848841134215292],[-122.20147591703684,37.848853192665047],[-122.20148346708513,37.848865355860774],[-122.20149074562997,37.848877622999872],[-122.20149775595581,37.848889988628017],[-122.20150448771358,37.848902447487554],[-122.2015109488766,37.848915000364698],[-122.20151713017003,37.848927639282756],[-122.20152303382453,37.848940362407276],[-122.20152865855945,37.848953163448584],[-122.20153399757862,37.84896604340593],[-122.20153905406305,37.848978992320639],[-122.20154382117525,37.848992009390123],[-122.20154830230275,37.84900509366453],[-122.20155250060589,37.849018234284223],[-122.20155640249253,37.849031433247646],[-122.20156001349849,37.849044684166785],[-122.20156333920085,37.849057982455456],[-122.20164242953547,37.849409918154322],[-122.20164466118584,37.849419019273547],[-122.20164709543471,37.84942808412822],[-122.20164973120821,37.849437115437382],[-122.2016525627224,37.849446108778579],[-122.20165559222903,37.84945506321813],[-122.20165881615458,37.84946397159829],[-122.20166223794865,37.849472835671641],[-122.20166585519453,37.849481649164758],[-122.20166966568209,37.849490414813047],[-122.20167366581704,37.849499124557937],[-122.20167785442214,37.84950777661394],[-122.20168223945011,37.84951637086639],[-122.20168681398101,37.849524902909224],[-122.2016915733673,37.849533368303625],[-122.20169651529542,37.849541765280605],[-122.20170164329768,37.84955009919625],[-122.20170695590755,37.849558355652952],[-122.20171244300336,37.849566539302536],[-122.20172040953106,37.849577828656223],[-122.20172601279694,37.849585031965702],[-122.20173177443665,37.849592153688732],[-122.20173769337609,37.849599196544219],[-122.20174376606235,37.849606154275222],[-122.20174998904574,37.849613025129187],[-122.20175636589994,37.849619816263782],[-122.20176288604877,37.849626512511762],[-122.20176955300394,37.849633118328313],[-122.20177637118577,37.849639628242599],[-122.20178332477155,37.849646046087486],[-122.20179042159003,37.849652366343037],[-122.20179765591936,37.849658587289476],[-122.20180502540465,37.849664705355991],[-122.20181252787708,37.84967072507974],[-122.20182016308867,37.849676635650226],[-122.20182792777571,37.849682443422701],[-122.20183581722844,37.849688141255704],[-122.20184383256242,37.849693728231976],[-122.20185196694024,37.849699203548916],[-122.20186022368755,37.849704563553935],[-122.20187416752339,37.849713199280053],[-122.20215065394193,37.849877648218758],[-122.20216144700869,37.849883487986894],[-122.20216820345782,37.84988750254481],[-122.20217477780157,37.849891703566485],[-122.20218116192186,37.849896083959756],[-122.20218734883667,37.849900636616077],[-122.20219333610852,37.849905354361283],[-122.20219910795586,37.849910242830028],[-122.20220466278789,37.849915282219698],[-122.20220999159834,37.849920476264913],[-122.20221598354115,37.849925149784568],[-122.20222819269519,37.849935052295422],[-122.20223600793543,37.8499416739648],[-122.20224367228211,37.84994840594991],[-122.20225118664406,37.849955238324874],[-122.20225855116595,37.849962177395852],[-122.20226576111725,37.849969215120538],[-122.2022728154239,37.849976354218029],[-122.20227970819862,37.849983585761507],[-122.20228644413054,37.849990915991661],[-122.20229301960454,37.849998335948946],[-122.20229942662661,37.850005843946398],[-122.20230566643609,37.850013444471948],[-122.2023117489686,37.850021124766073],[-122.202317649333,37.850028889693569],[-122.20232338225742,37.850036737239726],[-122.20232894078045,37.850044661196883],[-122.20233432376585,37.850052661581437],[-122.20233953108968,37.850060732988169],[-122.20234456169847,37.850068879036996],[-122.20234940856869,37.850077090817592],[-122.20235407742226,37.850085370049769],[-122.20235855788954,37.85009371057501],[-122.20236285910052,37.850102114063908],[-122.20236697411464,37.850110575209719],[-122.2023709005975,37.850119091342521],[-122.20237464075933,37.850127659726994],[-122.20237818776266,37.850136279560715],[-122.20238154947752,37.850144947125386],[-122.20238471790991,37.850153660734087],[-122.20238769407166,37.850162414965197],[-122.20239047573192,37.850171211653283],[-122.20239306499747,37.850180043558673],[-122.20239546186818,37.850188910681318],[-122.20239765717255,37.850197809548931],[-122.20239965993729,37.850206737327802],[-122.20240146667138,37.850215690463592],[-122.20240307508176,37.850224668088266],[-122.20240449074572,37.850233665615569],[-122.20240569887289,37.850242682357731],[-122.2024067129727,37.850251712712797],[-122.20240752629026,37.850260759481777],[-122.20240813979636,37.85026981544133],[-122.20240855906812,37.850278876005191],[-122.20240877733009,37.85028794307344],[-122.20240879100851,37.850297009488294],[-122.20240861150585,37.85030607688762],[-122.20240822735748,37.850315140930917],[-122.20240764527664,37.850324197015624],[-122.20240686520138,37.850333242439085],[-122.20240588826762,37.850342277184872],[-122.20240470871208,37.850351297731507],[-122.20240333211188,37.850360299492692],[-122.20240175497598,37.850369278914144],[-122.20239998870682,37.850378237633677],[-122.20239801500237,37.85038717050827],[-122.2023958496856,37.850396073705092],[-122.20239226737964,37.850410831479245],[-122.20236539019687,37.850521531593991],[-122.20236282310461,37.850532390704693],[-122.20236049996792,37.850543282342663],[-122.20235840828981,37.850554206688265],[-122.20235656381055,37.850565156305123],[-122.2023549551691,37.850576131357087],[-122.20235359356143,37.850587124473464],[-122.20235247103477,37.850598135768898],[-122.20235159093559,37.850609162491601],[-122.20235095770512,37.850620200071788],[-122.20235056324601,37.850631242318023],[-122.20235041437503,37.850642289132082],[-122.20235050534968,37.850653337893249],[-122.20235084166475,37.850664380411764],[-122.20235142445634,37.850675416671265],[-122.20235224583379,37.850686449489153],[-122.20235330889551,37.850697465303099],[-122.20235461477769,37.850708464096826],[-122.20235616112558,37.850719442299635],[-122.20235795477673,37.850730400713957],[-122.20235998631145,37.850741325057143],[-122.20236225940694,37.850752226991219],[-122.20236477034496,37.850763093052322],[-122.20236752030307,37.850773925025891],[-122.20237050802118,37.850784717523027],[-122.20237373339599,37.850795466039365],[-122.20237719293671,37.850806167020636],[-122.2023808877175,37.850816817747791],[-122.20238481660222,37.850827418237209],[-122.20238898056176,37.850837961265597],[-122.20239337046603,37.850848445162185],[-122.20239799870895,37.850858865242508],[-122.2024028505211,37.85086922171952],[-122.20240793259522,37.850879509089644],[-122.20241323805274,37.850889724748633],[-122.20241876796773,37.850899865977389],[-122.20242451998543,37.850909929205265],[-122.20243049286636,37.850919909944281],[-122.20243668093001,37.850929808276369],[-122.2024430897124,37.850939617813459],[-122.20244971460701,37.850949335918493],[-122.20245655222629,37.850958963541451],[-122.20246359790168,37.850968495342684],[-122.20247085374014,37.850977924082372],[-122.20247831416448,37.850987254346883],[-122.20248598018681,37.8509964807145],[-122.20249384943162,37.851005598713691],[-122.2025019195853,37.851014606575454],[-122.20251018372778,37.851023499893692],[-122.20251864068163,37.851032276883096],[-122.20252729162442,37.851040939328996],[-122.20253613405644,37.851049477354543],[-122.20254515665773,37.851057892925354],[-122.20255437068634,37.851066181373113],[-122.20256376252945,37.851074343795432],[-122.2025733342732,37.851082372051579],[-122.20258307914212,37.851090268041645],[-122.2025929981691,37.851098027244873],[-122.2026030844753,37.851105647056968],[-122.20261333582984,37.851113129312452],[-122.2026237543395,37.851120466771455],[-122.20263432977922,37.851127659581508],[-122.20264506318168,37.851134703221888],[-122.20265595000234,37.851141597758094],[-122.20266698563469,37.851148340553067],[-122.20267816892193,37.851154930722259],[-122.20268949525735,37.851161365628613],[-122.20270095999318,37.851167640833367],[-122.20271256317061,37.851173758138174],[-122.2027243012366,37.851179711286143],[-122.20273616743629,37.851185503078092],[-122.20274815718383,37.851191131777988],[-122.20276026804137,37.851196590211494],[-122.2027725001124,37.851201882882975],[-122.20278484527843,37.851207002700235],[-122.20279730137058,37.851211954200309],[-122.20280986483563,37.8512167311263],[-122.20282253104642,37.851221329940302],[-122.20283529675966,37.851225757898362],[-122.20284815947581,37.851230005123739],[-122.2028611124192,37.851234073516501],[-122.20287415333823,37.851237964010217],[-122.20288727764698,37.851241674868788],[-122.20290048067675,37.851245200752466],[-122.20292233798766,37.851250598733131],[-122.20364132541273,37.851416272068732],[-122.20367866772634,37.851424835645261],[-122.20369860002805,37.851429843133559],[-122.20371842145425,37.851435119864966]]]]},"properties":{"AGENCY_NAM":"EBRPD","GLOBALID":"{26F28AAD-3B17-4EAC-B72B-A206FB830A9C}","SHAPE.AREA":40404322.842143402,"SHAPE.LEN":71817.397769984702,"OBJECTID":12,"NAME":"Sibley Volcanic"}},{"type":"Feature","id":13,"geometry":{"type":"Polygon","coordinates":[[[-122.18463525355007,37.835485141122362],[-122.18441038058803,37.835495905219965],[-122.18456183853372,37.835836400433401],[-122.18463386095313,37.835728935683846],[-122.18476613027262,37.835529280389522],[-122.18477439619002,37.835511995190416],[-122.18477879472,37.835476911359315],[-122.18463525355007,37.835485141122362]]]},"properties":{"AGENCY_NAM":"EBRPD","GLOBALID":"{A2BA33A3-9292-4C09-B52C-7AD3A6724AD3}","SHAPE.AREA":7108.5753222289204,"SHAPE.LEN":384.09877087658901,"OBJECTID":13,"NAME":" "}},{"type":"Feature","id":14,"geometry":{"type":"Polygon","coordinates":[[[-122.25835516023672,37.964482480404165],[-122.25843690880956,37.964534324935158],[-122.25861779388414,37.964790377768544],[-122.25873526140107,37.964956659560457],[-122.25871554521456,37.965061026032238],[-122.25846734905346,37.96529447644528],[-122.25839396743741,37.965363496958844],[-122.25836302293057,37.965491992913044],[-122.25835132622463,37.965540580379923],[-122.25833484664737,37.965609029183021],[-122.25852449609393,37.965659784799577],[-122.25871349160491,37.965710361504634],[-122.25891123014463,37.965823439635187],[-122.25904284781072,37.965975107440016],[-122.25917238403407,37.966124375674177],[-122.25931152901103,37.96628471467681],[-122.25946497561142,37.966461522744943],[-122.25944459702362,37.966632915999156],[-122.25942604564429,37.966788939039752],[-122.25940791194998,37.966941511652841],[-122.25958956810682,37.967077002698737],[-122.25977182192244,37.96721294686364],[-122.25997852880583,37.967367121009026],[-122.2600916502826,37.967542203733508],[-122.26005985902552,37.967592431493401],[-122.26019227129595,37.967835131322467],[-122.26035517844853,37.968133723132581],[-122.26023762596476,37.968521417903638],[-122.26001224249306,37.96872112226994],[-122.25982587113876,37.968886258452478],[-122.25981472365915,37.96906125581814],[-122.25975429923464,37.969119055883574],[-122.25943543135217,37.969154016428057],[-122.25952145254725,37.969342695875731],[-122.25943213957665,37.969754458950163],[-122.25908856488044,37.969759805881786],[-122.25908423747349,37.969793193031109],[-122.25906493142057,37.969830303157103],[-122.25903209230506,37.969860874063812],[-122.25900421759314,37.969876110098987],[-122.25905508426168,37.969948638308729],[-122.25923224182704,37.970201239196847],[-122.25874718582806,37.970242349558134],[-122.2582580544851,37.970639478345383],[-122.26014351977854,37.972094751955829],[-122.26070287269256,37.972951854970013],[-122.26738726388126,37.97406482716022],[-122.26811338290761,37.970545291802395],[-122.26826480167337,37.969811319980799],[-122.26857817450183,37.968331696367656],[-122.26861061859465,37.968180116444671],[-122.26838894453084,37.967029362722002],[-122.2683630051433,37.966894705822298],[-122.26827390172984,37.966432140613932],[-122.26823824778741,37.966247041877303],[-122.26789892943275,37.964485473418577],[-122.26786127543282,37.964289987093686],[-122.26758599154863,37.962836754256337],[-122.26679710538829,37.962066259910742],[-122.26671513250956,37.961986197600076],[-122.26609304118546,37.961380456710444],[-122.2659019450074,37.961194378896394],[-122.26567919016269,37.960977477578567],[-122.26549166635766,37.960794875564467],[-122.26506408383585,37.960378516350943],[-122.26451603132054,37.959844839774327],[-122.2642230635736,37.959559551918936],[-122.26406301660828,37.959571104729385],[-122.26393801959637,37.959592013555344],[-122.26381646890491,37.959623152077718],[-122.26369969483906,37.959664177840992],[-122.26358897636511,37.959714647330479],[-122.26348552932667,37.959773999025039],[-122.26339048223061,37.959841588001346],[-122.2630526709932,37.960094464794402],[-122.26293087444212,37.960178315416222],[-122.26279950098403,37.96025112092979],[-122.26265923266621,37.960312652151863],[-122.26093017645414,37.960965639935665],[-122.26081727604897,37.961011862394102],[-122.26067365220862,37.961084532583214],[-122.26054040949393,37.96116869085008],[-122.26041900557583,37.961263412562026],[-122.26031077825795,37.961367661329291],[-122.26021690138026,37.96148030137509],[-122.26013841416558,37.961600087183598],[-122.25991222620887,37.961985312524021],[-122.25982104045676,37.962114461810899],[-122.25972854744904,37.962216190392013],[-122.25962313277638,37.962309711630816],[-122.25950594311041,37.962393991922838],[-122.25937827021686,37.962468115358199],[-122.25924151068131,37.962531265398738],[-122.25909715968064,37.962582750204419],[-122.25894680200595,37.96262200817587],[-122.25879208709182,37.962648611030353],[-122.25841590365064,37.962695744247931],[-122.258068898511,37.962759243324086],[-122.25633372990779,37.963104151950134],[-122.25574101440608,37.963220318648837],[-122.25575579252742,37.963258613432906],[-122.25573725987971,37.963263901839319],[-122.25572304876616,37.963274698768302],[-122.2557156123251,37.963289141146795],[-122.25571739561857,37.963307858606512],[-122.25574835876205,37.963384976980187],[-122.25577237269533,37.963440853904203],[-122.25580338423396,37.96353902784756],[-122.25582126646147,37.963639228865318],[-122.2558258147011,37.963740363301895],[-122.25581699454446,37.963841317846047],[-122.25629114362194,37.963876567864382],[-122.25637067778132,37.964046827361365],[-122.2563902694765,37.96420882007353],[-122.25640482601514,37.964351625491503],[-122.25636475442472,37.964413634422037],[-122.25631151909171,37.964496011215424],[-122.25621987701942,37.964603951189062],[-122.25636895407762,37.964590916789291],[-122.25741738290567,37.964529891112534],[-122.25761660320804,37.964558834047949],[-122.2577296731889,37.964658045514078],[-122.25782470644056,37.964522767937261],[-122.25804377290015,37.964465921842709],[-122.25824877754397,37.964460414061442],[-122.25835516023672,37.964482480404165]]]},"properties":{"AGENCY_NAM":"EBRPD","GLOBALID":"{D52899C0-7968-4FE3-AE00-3B75EAEEE51C}","SHAPE.AREA":11865349.823768901,"SHAPE.LEN":15999.946217791101,"OBJECTID":14,"NAME":"Sobrante Ridge"}},{"type":"Feature","id":15,"geometry":{"type":"MultiPolygon","coordinates":[[[[-122.26644371725821,37.921445648888664],[-122.26684629282265,37.921439982235682],[-122.26852611091154,37.92141759396835],[-122.26862283510359,37.921416305312817],[-122.27061988478273,37.921389650748175],[-122.27068569866778,37.923925932381081],[-122.27799633717223,37.920300040484953],[-122.27800269005998,37.920296889012306],[-122.27814970022274,37.920223968043743],[-122.27937858295476,37.919614387983607],[-122.2797635381837,37.919423429688287],[-122.28024489273149,37.919184649631795],[-122.28091673046258,37.918851371611652],[-122.28113102821202,37.918745062446156],[-122.28122118781613,37.918702078978548],[-122.28108492140062,37.91851826302144],[-122.28094942229048,37.918335485198348],[-122.28092510471011,37.918315830655288],[-122.28076954201231,37.918190103312277],[-122.28060008108301,37.918053144085697],[-122.28039135807559,37.918002989996971],[-122.28016856539504,37.917995341072547],[-122.28014448300385,37.917773154056214],[-122.28013999159909,37.917765322130712],[-122.28020644700887,37.917623930746146],[-122.28013835988837,37.917564973528627],[-122.27991409041995,37.917370784465895],[-122.27973756690014,37.917181481734886],[-122.27958222016584,37.917055752312528],[-122.27924657641711,37.916979264967154],[-122.27908218393607,37.916889642971761],[-122.27903363125428,37.916677646098819],[-122.2790155173176,37.916598537077689],[-122.27926279527088,37.916426557672622],[-122.2792500722485,37.916421162101422],[-122.27897728370401,37.916173717847947],[-122.27875012644655,37.915967577410484],[-122.2790601692322,37.915754481013522],[-122.27902482898472,37.915722675883593],[-122.27877275577617,37.915495816283332],[-122.27855018415512,37.915295506342204],[-122.2779521598405,37.914757286997066],[-122.27707210183675,37.913962361507316],[-122.27668463450345,37.913612368083434],[-122.27652607507761,37.913469141875254],[-122.27649957959271,37.913445208925431],[-122.27647336315161,37.913421527703839],[-122.27645124968804,37.913401552538737],[-122.27624531835069,37.913215533784019],[-122.27609674416784,37.91308132620486],[-122.27594461984371,37.912943910506044],[-122.27566003859907,37.912686843114457],[-122.27537154759968,37.912425690263255],[-122.27507284585654,37.912155291926616],[-122.27479725742459,37.911905813941367],[-122.27451874678378,37.91165368745078],[-122.27406151141241,37.91123976429585],[-122.27380049694649,37.911420468918543],[-122.27338177588317,37.911056127228278],[-122.27326522737573,37.9111754557767],[-122.27317949993144,37.911262879828755],[-122.2729408194695,37.911506279209888],[-122.27270846713091,37.911327685524313],[-122.27262135328498,37.911249840057664],[-122.27256967745805,37.911194674891505],[-122.27252712204708,37.911137620962542],[-122.27246882818586,37.911041707960962],[-122.27245751593784,37.911015048236059],[-122.27242336743245,37.910926732849845],[-122.27236955504624,37.910746973921583],[-122.27232851585286,37.910609875499688],[-122.27228802665331,37.910474604482218],[-122.27224784349039,37.91034037691206],[-122.27220685416859,37.910203442607333],[-122.27220216296297,37.910187768740791],[-122.27218667744926,37.910147345930639],[-122.27214231924901,37.910074981080875],[-122.2721115637938,37.910039836608618],[-122.27203961393049,37.909980739934923],[-122.27202310656538,37.909969083212772],[-122.27197483892671,37.909933583251274],[-122.27190011180714,37.909860975537349],[-122.27183691014194,37.90977827123961],[-122.27181624018142,37.909739926746042],[-122.27180541429708,37.909719845377197],[-122.27174671361928,37.909615818623763],[-122.27170506946108,37.90955951672246],[-122.27164750956463,37.909497600483789],[-122.27153899923883,37.909386415768061],[-122.27137425899474,37.909443608157915],[-122.27117348637638,37.909250706795717],[-122.2711495805637,37.909229723001324],[-122.27112957944817,37.909225496390746],[-122.27111058860311,37.909227660109536],[-122.27086351143345,37.9092458647809],[-122.27081239238353,37.90925642060418],[-122.27077017008178,37.90927268797266],[-122.27072793262616,37.909227651086667],[-122.27059468840356,37.909299806227708],[-122.27052430153054,37.909332795111467],[-122.2704554883714,37.909357479554984],[-122.27038379798559,37.909376325182187],[-122.2703100105127,37.909389135555585],[-122.27023046181577,37.909408368326773],[-122.27018193209585,37.909425911447499],[-122.27012786398498,37.909456304360937],[-122.26999875935218,37.909537813041624],[-122.26995593083383,37.909494827686039],[-122.2697574016173,37.909621321797601],[-122.26970597822965,37.90963615592063],[-122.26966234355817,37.909631917313128],[-122.26961697005568,37.909607676352529],[-122.26959484453273,37.9095750135128],[-122.26953797541755,37.909385087157148],[-122.26949612184335,37.909244972988645],[-122.26948191269089,37.909212636696729],[-122.26949221620495,37.909208573973856],[-122.26977167899032,37.909098408723935],[-122.26989847243846,37.90911454640964],[-122.26990890117452,37.909115873443824],[-122.2698959492633,37.9090645028732],[-122.26988050792875,37.909012622599299],[-122.26984796714612,37.908946937687588],[-122.26982193877249,37.908911109004165],[-122.26977736133824,37.908865310221515],[-122.26974046835504,37.908834715180426],[-122.26965037085533,37.908772471796155],[-122.26961482896535,37.908748633233692],[-122.26953645711428,37.908687579337908],[-122.26948851529684,37.908638528987758],[-122.26944516377006,37.908582650207144],[-122.2692609512706,37.908323028523895],[-122.26918666119326,37.908246867401168],[-122.26914239211231,37.908213814350297],[-122.26909400192714,37.908184607006312],[-122.26899851941367,37.908143018299519],[-122.26883710563493,37.908088648989356],[-122.26881119735623,37.908080799465537],[-122.26875004146974,37.908058035455241],[-122.2687100134382,37.908037496291122],[-122.26865905159531,37.90800279323043],[-122.26862630396529,37.907975288946496],[-122.26852674561634,37.907884065252517],[-122.26842892923891,37.907794431181806],[-122.26838154032221,37.907756727694476],[-122.26829460767856,37.907716773088289],[-122.26821892507847,37.907701667228423],[-122.26796667703404,37.907673499087402],[-122.26799718314165,37.907797137341454],[-122.26800648003677,37.908065323639789],[-122.26779115584692,37.908115796724005],[-122.26752949588924,37.908177133424353],[-122.26745515153131,37.908194558919369],[-122.26726323228687,37.908053994295472],[-122.2669850044808,37.907850213514976],[-122.26660856611355,37.907574499518418],[-122.26643563903414,37.907447840128754],[-122.26668142674116,37.907312207004672],[-122.26700597953992,37.907133108654207],[-122.26722664230259,37.907011338903153],[-122.26739499089973,37.906918438233376],[-122.26764649479098,37.906779648121201],[-122.26802631173651,37.906570047043644],[-122.2679994484681,37.906260132037623],[-122.2679639999951,37.905851172281984],[-122.26796085893895,37.905814936583823],[-122.26795945457644,37.905798731223513],[-122.26795944979081,37.905798673620573],[-122.26794892796161,37.905677279241999],[-122.26794517357546,37.905633971366058],[-122.2678897017897,37.905002699081059],[-122.26784608397672,37.904506309646329],[-122.26782593307057,37.904276985277917],[-122.26782480606637,37.904264157834326],[-122.26766205372134,37.904348840682928],[-122.26746745285426,37.904430307879885],[-122.26726317371354,37.904495207464386],[-122.26705144813181,37.904542834626341],[-122.26683460098405,37.904572665213337],[-122.26661500620438,37.90458437171084],[-122.26639507090415,37.904577825282665],[-122.26617720134035,37.904553099885277],[-122.26596379020816,37.904510464347126],[-122.26532449757046,37.904351165508338],[-122.26520359762792,37.904311749765192],[-122.26509640905655,37.904253587495596],[-122.26500682211066,37.904179042026506],[-122.2649387549391,37.904091363919669],[-122.26489944012529,37.904041548397949],[-122.26484130335557,37.903981158705228],[-122.26478058934438,37.903934715179503],[-122.26473925940005,37.903910894990616],[-122.26464833992965,37.903874133394666],[-122.26454976089059,37.903853152030948],[-122.26444783069851,37.903848870581101],[-122.26439700024414,37.903853080575125],[-122.26431423843421,37.903854624328972],[-122.26422885633073,37.903849242064162],[-122.26414465209622,37.903836815758623],[-122.26406255024044,37.903817482099917],[-122.26398345214447,37.903791457425946],[-122.26390821405076,37.90375902093141],[-122.26383766915644,37.903720535064174],[-122.26377258812164,37.903676410969211],[-122.26371368786322,37.90362714350217],[-122.26353383775246,37.903449718901676],[-122.26330609781333,37.903178875197433],[-122.26311534001702,37.90289065418736],[-122.26260462880927,37.902003568704004],[-122.26255962080369,37.901935368915971],[-122.26250882113598,37.901875228158119],[-122.26245036514869,37.901819627265745],[-122.2623848904036,37.901769168604211],[-122.26231312437938,37.901724409940876],[-122.26223584414494,37.901685842518873],[-122.26215389667405,37.901653884445956],[-122.26206818310068,37.90162888813947],[-122.2619796437691,37.90161113334063],[-122.26188925201554,37.901600804678722],[-122.26179798638948,37.901598019120364],[-122.2617106935249,37.901594475823117],[-122.26164110628862,37.901585103646475],[-122.26157313813293,37.90157001642023],[-122.26150753346704,37.901549383276645],[-122.26144501303453,37.901523430475621],[-122.26138625111071,37.901492439041562],[-122.2613319018858,37.90145675428181],[-122.26128256014739,37.901416758437257],[-122.26123876646923,37.901372897639021],[-122.26120099623083,37.901325650531419],[-122.26116966536583,37.901275530889237],[-122.26114511457493,37.901223093259844],[-122.26112762236939,37.90116890753589],[-122.26111737130779,37.901113573877133],[-122.26111447343921,37.901057692592438],[-122.26112435047493,37.900108040743959],[-122.26111236132159,37.900025776438824],[-122.2610822288475,37.899958572628748],[-122.26106068562973,37.899927209831553],[-122.26100582201492,37.899870673327761],[-122.26097309860779,37.899846118825685],[-122.26089887127104,37.899805782900792],[-122.2608581795641,37.899790441746291],[-122.26077185503172,37.899770257749616],[-122.26068212114984,37.899764734213477],[-122.2605929004028,37.899774115441048],[-122.26054970540615,37.899784292849972],[-122.26046850745632,37.899815061582764],[-122.26030449805182,37.899893720735108],[-122.26019818031908,37.89993739171905],[-122.26012102377462,37.899959674975541],[-122.2600413459334,37.89997544518981],[-122.25996002748953,37.899984528824341],[-122.25987795316595,37.899986826179365],[-122.25979602891677,37.89998231744493],[-122.25971514737016,37.899971044291263],[-122.25963619406802,37.899953133206104],[-122.25956003802754,37.899928781216516],[-122.25948751131952,37.899898257995261],[-122.25941940758833,37.89986189146385],[-122.25935647447812,37.899820084125963],[-122.25929940282364,37.899773288896498],[-122.25924881457156,37.89972202730462],[-122.25903431058607,37.899486153537843],[-122.2589406942581,37.899402423042474],[-122.25888289800257,37.899364225610292],[-122.25882038137442,37.899331027828069],[-122.25875382614583,37.899303189012073],[-122.25868395842654,37.899281020057465],[-122.25861155587461,37.899264751790511],[-122.25853740088934,37.899254575317393],[-122.25846230908097,37.899250595640787],[-122.2583871036791,37.899252855471509],[-122.25831261210202,37.899261334378643],[-122.25823964515253,37.899275934680382],[-122.25816900199376,37.899296499393365],[-122.25810145627253,37.899322802526342],[-122.25803775635522,37.899354558988989],[-122.25731176108951,37.899763097527639],[-122.25724604559956,37.899795397207377],[-122.25719782300477,37.899812753879459],[-122.25709585451058,37.899835056501743],[-122.2569902623502,37.899840069136467],[-122.25688566223397,37.899827578017437],[-122.25678662297702,37.899798126169131],[-122.25674055644406,37.899777414226186],[-122.25665785165765,37.899725154114876],[-122.25659066826614,37.899660409932828],[-122.25654193918199,37.899586010992394],[-122.25604283462398,37.898593384629649],[-122.25601445363965,37.898516026249126],[-122.25600720630216,37.898431185735319],[-122.25598402263503,37.898432296471938],[-122.25599730715841,37.89833458930859],[-122.25602454952255,37.89824079470656],[-122.25607622618266,37.898154189397339],[-122.25616747473632,37.898055322777694],[-122.25627085079475,37.897956275714165],[-122.25632767581274,37.897867534550784],[-122.25635273090691,37.897754544232441],[-122.25630128171085,37.897192224680019],[-122.25627760656479,37.896997557495418],[-122.25624694360199,37.896873723063436],[-122.25608762462994,37.896440044846827],[-122.2560490962677,37.896349974126153],[-122.25598296187589,37.896265121628886],[-122.25583929754667,37.896126486920785],[-122.25577423634,37.896086939744585],[-122.25566994437663,37.896074069956327],[-122.25557664985504,37.896086444022671],[-122.25542183691138,37.896208915901191],[-122.25525225967267,37.896366628099507],[-122.2551393271912,37.896428048539441],[-122.25499787956984,37.896456245876919],[-122.25485725458246,37.896445975411872],[-122.25429671957843,37.896268210971009],[-122.25415415144414,37.896249041605174],[-122.2540262065171,37.896261929168787],[-122.2538968039306,37.896286511930839],[-122.25374619031028,37.89629355569577],[-122.25360333006326,37.896262029630776],[-122.25347539687058,37.896202127553735],[-122.2533852042895,37.896125871140406],[-122.2533315739031,37.896056625345857],[-122.25317213990772,37.895837191596897],[-122.25309694111763,37.895735304921104],[-122.25301667491227,37.895638986926741],[-122.25291204058115,37.895538222905799],[-122.25277779103767,37.89543103242066],[-122.2526982881557,37.895366977194676],[-122.25264088574374,37.895284740019115],[-122.25261649777995,37.895206132936082],[-122.25256945326689,37.894682201024018],[-122.25259603341988,37.894560261921377],[-122.25264950889355,37.894476379017668],[-122.25297291188556,37.89415432780649],[-122.25301257575711,37.894072709823099],[-122.25302076345041,37.893979198742876],[-122.25298230502236,37.893891873662362],[-122.25289896552103,37.893812081711935],[-122.25278863620601,37.893763591291446],[-122.25265149771035,37.893753952307222],[-122.25252624299269,37.893733837374171],[-122.25238495841411,37.893695419636643],[-122.2522586333036,37.893629998922741],[-122.25215670733625,37.893570396215594],[-122.25206438552699,37.893550478799519],[-122.25195708814346,37.893556877635447],[-122.25186426646172,37.893589155738482],[-122.25179291501428,37.893649956123419],[-122.25146602560703,37.893897893558275],[-122.25139444655791,37.893949083440397],[-122.25131010803041,37.893973681708239],[-122.2512148884464,37.893977840664853],[-122.25111714097235,37.89394838934804],[-122.25102379778632,37.893885224955412],[-122.25083902259233,37.893766420276002],[-122.25071080422323,37.893694159123889],[-122.25058992097881,37.893638956274501],[-122.25041665862811,37.893567362596123],[-122.25028918632498,37.89352667755491],[-122.25016969587314,37.893457033201742],[-122.25006372488657,37.893372767923381],[-122.25000469168793,37.893294672890747],[-122.24994683915334,37.893193213861366],[-122.24994481426037,37.893107407945237],[-122.24996697848769,37.893018496790916],[-122.25001022443514,37.892941633560831],[-122.250020084365,37.892918826744115],[-122.25002123357116,37.892894088062747],[-122.25001187488736,37.892864699204807],[-122.24999395131817,37.892839557407292],[-122.24996927628331,37.892822069228316],[-122.24994129727904,37.892811496883915],[-122.24990470592951,37.89280311222889],[-122.24985964688203,37.892803093298468],[-122.24981824704383,37.892811260374124],[-122.24978225501779,37.892828274234759],[-122.24967659433712,37.892904002186363],[-122.24963898562974,37.892743720507561],[-122.24965350134664,37.892733356503626],[-122.2497131709664,37.892691273780848],[-122.2497748899969,37.892662891702443],[-122.24985252131714,37.89264801023441],[-122.24995986256319,37.892643664594523],[-122.25003319304008,37.892665930574346],[-122.25026888250558,37.892373335445384],[-122.25011663773574,37.892310359452587],[-122.24993986225832,37.892236762521996],[-122.24993377415331,37.891831700778084],[-122.24980261588287,37.891781458948962],[-122.24968497433903,37.891716588134628],[-122.24945033615373,37.891540842056386],[-122.24940801055985,37.891509883327458],[-122.24932626656603,37.891423887788477],[-122.24929600959801,37.891389993557858],[-122.24926124875284,37.89138570982945],[-122.24923526279584,37.89138608668835],[-122.24922069343374,37.89138746682881],[-122.24902454149543,37.890754716998273],[-122.25029211984726,37.889832933914676],[-122.24955109185585,37.889420915722106],[-122.24923945792,37.887009072372265],[-122.24692120900998,37.88533875984632],[-122.24505110229786,37.883991249536905],[-122.24672225431353,37.883874520174068],[-122.24674474070608,37.883872814117183],[-122.24674574099886,37.883872705596772],[-122.24668282026768,37.883303777974696],[-122.24666538513611,37.883299229097389],[-122.2466253021246,37.883289521763992],[-122.24651655638145,37.883263012315169],[-122.24640292880491,37.883235312446416],[-122.24628779407595,37.883207244557063],[-122.24616204710846,37.883176589462593],[-122.24602926981335,37.883144519742331],[-122.24584003085175,37.883098087545363],[-122.24570161281699,37.883064215632928],[-122.24542449808666,37.882996209601892],[-122.24539312481332,37.88298843315556],[-122.24536346758147,37.882979944644028],[-122.24533206201298,37.882970795282617],[-122.2453023724873,37.88296093385685],[-122.2452726829695,37.882951072423531],[-122.24524299345963,37.882941210982743],[-122.24521328780448,37.882930663084998],[-122.24518529819295,37.882919403125427],[-122.24515557526558,37.882908168780475],[-122.2451275695191,37.882896222357694],[-122.24509781544224,37.882883615082349],[-122.24506979356251,37.882870982196344],[-122.24504177169231,37.882858349303582],[-122.24501544971558,37.88284431790283],[-122.24498741171367,37.882830998547604],[-122.24477243713108,37.882719175261158],[-122.24396819271408,37.882300827090496],[-122.24391713889011,37.882271594943504],[-122.24387277983631,37.882242755022993],[-122.24387193225704,37.882241814109271],[-122.24387062500674,37.882241149433753],[-122.24383357149239,37.882212855836045],[-122.24383121970568,37.882210175361251],[-122.24382835078534,37.882208615464201],[-122.24379474550605,37.882179584234336],[-122.24379429602727,37.882179036656396],[-122.24379381684933,37.882178773384268],[-122.24376019545764,37.882149055694605],[-122.24375767790144,37.882145949613133],[-122.24375010863375,37.882138826852994],[-122.24372516426492,37.882109667683402],[-122.24372324724321,37.882106908691952],[-122.24372168259565,37.882105354761464],[-122.24369843814033,37.882074797102987],[-122.2436943463404,37.882068519638899],[-122.24369343740346,37.882067531868373],[-122.24367362503021,37.882035550139136],[-122.24367303995179,37.88203363569297],[-122.24367142780268,37.882031802200828],[-122.24365333147709,37.881999108435494],[-122.24365217716337,37.881994937767182],[-122.24364982563009,37.881992025685605],[-122.24363517751777,37.881958594302603],[-122.24363497690564,37.881957702407981],[-122.2436335873616,37.881954697717177],[-122.24362065529104,37.881920554300095],[-122.24362011836121,37.881917834401712],[-122.24361835241628,37.881913521370251],[-122.24360888466738,37.881879325886956],[-122.24360817145423,37.881874524195958],[-122.24360718139258,37.881871729884701],[-122.24360116186402,37.881836797687967],[-122.24360061812392,37.881831224799761],[-122.24360032146009,37.881830261329235],[-122.24359792764203,37.881802142467173],[-122.24359884391836,37.881797445577483],[-122.2435977074929,37.881792778102096],[-122.24359877800028,37.881764608076587],[-122.24359894690045,37.881763957644125],[-122.24359909832927,37.881759952430137],[-122.24360190099652,37.881731756822795],[-122.24360227121416,37.881730480711653],[-122.2436024979045,37.881727161975469],[-122.2436070327293,37.881698940786094],[-122.24360852175228,37.881694328257502],[-122.24360915443036,37.881689513898642],[-122.24361716970674,37.881661927994962],[-122.24361855846146,37.88165837040961],[-122.24361879447643,37.881656947588112],[-122.2436278544387,37.881631965042011],[-122.24372005883184,37.881330478132426],[-122.24372154141209,37.881317322646119],[-122.24372114321204,37.881300385710936],[-122.2437195413786,37.881282934865276],[-122.24371625205157,37.881268908140378],[-122.24370995878152,37.881252606182052],[-122.2437025937117,37.881236561565842],[-122.24369187099454,37.8812198329911],[-122.24368322941322,37.881206751335533],[-122.24368260691229,37.881205807997375],[-122.24367052223775,37.88119324399721],[-122.24365687515066,37.88117999385404],[-122.24364251313204,37.881169026106953],[-122.24363080646468,37.88116136877435],[-122.2436141889073,37.881154327371874],[-122.24359098168463,37.881145554822602],[-122.24356792679609,37.881138425547704],[-122.24354419324628,37.881132026322341],[-122.24351931716082,37.881127228214694],[-122.24349338595046,37.881123299988843],[-122.24346987878718,37.881121065296867],[-122.24344050506798,37.881119662498136],[-122.2434381144196,37.881119244515432],[-122.24343086937824,37.881118895515591],[-122.24338979180769,37.881114306893657],[-122.24335234891697,37.881111304707019],[-122.24331502176953,37.881110082403993],[-122.24327654900965,37.881110040410192],[-122.24323931152148,37.881111181418049],[-122.2432038531785,37.881113957893824],[-122.24317761035964,37.881117475124739],[-122.2431543956051,37.88112192450405],[-122.24312907126026,37.881128142473678],[-122.24310583328386,37.881135183938554],[-122.24308134889831,37.881144245290095],[-122.24305972194625,37.881153219390576],[-122.24303937924148,37.881163719124253],[-122.24301942404863,37.881175033193834],[-122.24300297187898,37.881186637985472],[-122.24298586908367,37.881200166455912],[-122.24297110660353,37.881213326040395],[-122.24295826479573,37.881226789797545],[-122.24295744722501,37.881227802161405],[-122.24295666412084,37.881228587823799],[-122.24295613279382,37.881229395001782],[-122.24294331363265,37.881244596771275],[-122.24292914864735,37.881262136205571],[-122.2429177249891,37.881278421297942],[-122.24290801794706,37.881294552180307],[-122.24289151221392,37.881328457989156],[-122.24289019652251,37.881330094103241],[-122.24288975614637,37.881331868691234],[-122.24286982527228,37.881368557394616],[-122.24286833330194,37.881370336692669],[-122.24286789984532,37.881371921933592],[-122.24284622068636,37.881407950654442],[-122.24284555413919,37.881408712967414],[-122.24284365567863,37.881411967165626],[-122.24282021205927,37.881446647651053],[-122.24281844380994,37.881448572509811],[-122.24281607103349,37.881452302315488],[-122.24278914694719,37.881486347484675],[-122.24278880271343,37.881486697712582],[-122.24278853173557,37.881487117149987],[-122.24276159149395,37.881520475862651],[-122.24275806039985,37.881524023607987],[-122.24275632957766,37.881526476897406],[-122.24272589273335,37.881558513840112],[-122.2427236528998,37.881560595251955],[-122.24272311191835,37.881561330478071],[-122.24269092675799,37.881592706530256],[-122.24268647253159,37.8815966941509],[-122.24268618988411,37.881597052481077],[-122.24265222414647,37.881626394740692],[-122.24265164739143,37.88162672046419],[-122.24265123100552,37.881627242076917],[-122.24261724911139,37.881655897876314],[-122.24261663525076,37.881656241269482],[-122.24261621646427,37.881656757510505],[-122.24260416236339,37.881665427114029],[-122.24256830311796,37.881687930416135],[-122.24256613074506,37.88168896367489],[-122.24256319435236,37.881690966149307],[-122.24252557066539,37.881712122104645],[-122.24252145038578,37.881713967225494],[-122.24251872374131,37.881715702561465],[-122.24247931948507,37.881734824717725],[-122.24247680499636,37.881735863024169],[-122.24247587811718,37.881736433624255],[-122.24243644158459,37.881754182866104],[-122.24243178243019,37.881756030529857],[-122.24243098944376,37.881756492816017],[-122.2423897884741,37.88177289470665],[-122.24238792669975,37.881773259219251],[-122.24238602578244,37.881774329020807],[-122.24234479254027,37.881789357995643],[-122.24234062504932,37.881790113396676],[-122.24233731846189,37.881791845571946],[-122.24229430465947,37.881804840742134],[-122.24229373822681,37.881804928403831],[-122.24229021511847,37.881806010428221],[-122.24225367002883,37.881815877699665],[-122.24222884975484,37.881825174523335],[-122.24219996543167,37.881837743067173],[-122.24217252030736,37.881850883332973],[-122.24214733771205,37.881864553434049],[-122.24212333394415,37.881880247274161],[-122.24209747900983,37.881897774360006],[-122.24207420344928,37.881915234542333],[-122.24205453428688,37.881932496418109],[-122.2420356423259,37.881951383338702],[-122.24201589926507,37.881973922620794],[-122.24201545236315,37.881974355466092],[-122.24201523470239,37.881974673184345],[-122.24199491626206,37.881997403888967],[-122.24197763639916,37.882021223422029],[-122.24196039951931,37.882044985544681],[-122.24194638818719,37.882069470569405],[-122.24193210890965,37.882095037339198],[-122.24192146390132,37.882119655628749],[-122.24191097161436,37.88214758164375],[-122.24190107022913,37.882175203357065],[-122.24189516553061,37.882198281903783],[-122.24189132872615,37.882226237685998],[-122.2418897453074,37.882231338212613],[-122.241888946597,37.882237414838656],[-122.24187932741867,37.88227051777816],[-122.24187921261556,37.882270809647203],[-122.24187918946295,37.882270985716005],[-122.24186955417508,37.882303403105325],[-122.24186854013527,37.882305975573118],[-122.24186836260225,37.882307082119773],[-122.24185699510807,37.882339524163214],[-122.24185554440247,37.882342965488398],[-122.24185540896075,37.882343685715334],[-122.24184229315702,37.882375466863088],[-122.2418291773632,37.882407248910084],[-122.24182664960671,37.88241057996192],[-122.24182563131745,37.882414762874106],[-122.24180903501053,37.882445908678889],[-122.2418085119547,37.882446536397318],[-122.24180835492635,37.88244716051797],[-122.24179339405568,37.882474162064959],[-122.24179242496652,37.882475308225551],[-122.24178773007273,37.882483092364708],[-122.24176927258567,37.882508772118534],[-122.24176768724735,37.882510450947301],[-122.24176603853363,37.882513013852837],[-122.24174583273032,37.882538032707572],[-122.24174532508745,37.882538542145674],[-122.24174496948,37.882539086288588],[-122.24172474754172,37.882563418689571],[-122.24172234302549,37.8825658007963],[-122.24172115956107,37.882567501631847],[-122.24169918816848,37.882591173149109],[-122.24169616345641,37.882594016789447],[-122.24169541634393,37.882595029005543],[-122.24167169776911,37.882618039604488],[-122.24166669528202,37.882622506581413],[-122.24166648325277,37.882622773750668],[-122.24164100023725,37.882644436996571],[-122.24164019111245,37.882644890503549],[-122.24163963200557,37.882645580933378],[-122.24161413285456,37.882666557723397],[-122.24160562163034,37.882672914833805],[-122.24157717651629,37.882692197626611],[-122.24155044048499,37.882710762205591],[-122.24154829865618,37.882711839151284],[-122.2415431227447,37.882715457981107],[-122.24151577852543,37.882731655151048],[-122.24148843429427,37.882747852314608],[-122.24148325783402,37.882750237454843],[-122.24147925748575,37.882752787282001],[-122.24145013269815,37.882766950637119],[-122.24144661035383,37.882768406607475],[-122.24144543667948,37.882769120519917],[-122.24141627964315,37.882781910966635],[-122.24141199724838,37.882783586315703],[-122.24141136908344,37.882783950640054],[-122.24138046373132,37.882796080177407],[-122.24137641166914,37.882796863579131],[-122.24137269856055,37.882798863059904],[-122.24134174484414,37.882808933237044],[-122.24134100410572,37.882809055005708],[-122.24133181044051,37.882811771541711],[-122.24120776985623,37.882842441858187],[-122.24120755219889,37.882842469399669],[-122.24120702710336,37.882842623132554],[-122.24108296916441,37.88287260688449],[-122.24108249869926,37.882872666090009],[-122.2410814709432,37.882872960607529],[-122.2409573818119,37.882901571310427],[-122.24083486224549,37.882929819900212],[-122.24080371896675,37.882937729032385],[-122.24077265945557,37.882946446167146],[-122.24074507506946,37.882955667173377],[-122.24071638259946,37.882966992509481],[-122.24068811504515,37.882979321779473],[-122.24065992038949,37.882992819679743],[-122.24063557830064,37.883005656993291],[-122.24061055548931,37.883021416001171],[-122.2406090262768,37.883022145059606],[-122.24060678864154,37.883023694709479],[-122.2405717339784,37.883044053362234],[-122.24054082538511,37.883064048990917],[-122.24051035911705,37.883085984606289],[-122.24048097274023,37.883108345864528],[-122.24045574280277,37.883130834185586],[-122.24043136933585,37.883155032001177],[-122.24041567433611,37.883172822563282],[-122.24040099477224,37.883192119320427],[-122.24038733859824,37.883212485992054],[-122.24037534992624,37.883232977674616],[-122.24036449691194,37.883255108054783],[-122.24035568760634,37.883275758333788],[-122.24034912745257,37.883297723600172],[-122.24034179155444,37.883323649204868],[-122.24032532391986,37.883394425208976],[-122.24031198443878,37.883467538679618],[-122.24030015655072,37.883540868674579],[-122.24029005250341,37.883614738287335],[-122.24028173790886,37.883688503119771],[-122.24027693373849,37.88375894497883],[-122.24027746393691,37.883781540174773],[-122.24027803284044,37.883805784832568],[-122.24028014969117,37.883829322689436],[-122.24028013965669,37.883829379610724],[-122.24028016180695,37.883829451377395],[-122.24028236752496,37.883854450514349],[-122.24029038761242,37.883914032650118],[-122.2403003364378,37.88397527693958],[-122.24031027860777,37.884035897719812],[-122.24032174225732,37.884096136506905],[-122.24033485044463,37.884155616601987],[-122.24034990433353,37.884216172842159],[-122.2403507273845,37.884222271506736],[-122.24035151993903,37.884224647910109],[-122.24035362265292,37.884240410724729],[-122.24035427381345,37.884248729688998],[-122.24035464430746,37.884264518037526],[-122.24035435063142,37.884273225813644],[-122.24035297279542,37.884288353246163],[-122.24035100450944,37.884295229308037],[-122.24034958725422,37.884304994491359],[-122.240344744993,37.884320173892355],[-122.24033990270858,37.884335352392256],[-122.24033521436624,37.884346915854081],[-122.24033262316993,37.884350117136911],[-122.24033178860081,37.884353169967866],[-122.24032344964816,37.884367026634436],[-122.24031511069239,37.884380883300359],[-122.24031015883128,37.884386547116634],[-122.24030274618846,37.884397093667694],[-122.24029091058166,37.884409629399315],[-122.2402892949469,37.884411134728275],[-122.24028884667057,37.884411752325413],[-122.24027699493026,37.884423600704757],[-122.24026929614381,37.88443057835407],[-122.24026608463961,37.884432347816485],[-122.24026420398327,37.88443452751789],[-122.24024887167705,37.884445740509726],[-122.24024766964479,37.88444636200753],[-122.24024285233399,37.884449861943899],[-122.24022748780675,37.884459702033126],[-122.24022453192396,37.884461123481799],[-122.2402204005826,37.884463911299235],[-122.24020500383519,37.884472378485697],[-122.24019128923236,37.884478443604699],[-122.24018872795425,37.884479916009667],[-122.24016640229434,37.884488485317128],[-122.24016414510929,37.884488913295733],[-122.24016202691874,37.884490079982861],[-122.2401527938847,37.884492922264513],[-122.2401286876708,37.884499457746038],[-122.24012836468192,37.884499503058898],[-122.24012725033006,37.884499839396277],[-122.24010486023234,37.884505662892352],[-122.24009978575681,37.884506344165807],[-122.24009058053242,37.884508627310723],[-122.24006640988461,37.884512416979753],[-122.24006386803522,37.884512633773546],[-122.24006225430468,37.884513009011009],[-122.2400380675484,37.884516112224297],[-122.24002094186054,37.884517331568908],[-122.23999495845328,37.884517714502707],[-122.23999268818598,37.884517391099678],[-122.239990629858,37.884517717016202],[-122.23996636257274,37.884517387965069],[-122.23996478311243,37.884517139991502],[-122.23995352012319,37.88451667155686],[-122.23992920452476,37.884514283148221],[-122.23992277499178,37.884512989205454],[-122.23991618757894,37.884512429334528],[-122.23984830864636,37.884499695891186],[-122.23984539225076,37.884498971977074],[-122.23984411011642,37.884498844882266],[-122.23977618176255,37.884484052064273],[-122.23977334324643,37.884483303570505],[-122.23977256689689,37.884483216783565],[-122.23970633972944,37.884467025483126],[-122.23970582123404,37.884466782599532],[-122.23970497182341,37.884466683371272],[-122.23963958076222,37.88445002282333],[-122.2394504815377,37.884404274048642],[-122.23945018379096,37.884404135150184],[-122.23944968217342,37.884404078557822],[-122.23935556246616,37.884380744438324],[-122.23935387012067,37.884379949310599],[-122.23935130294645,37.884379619455444],[-122.23932339417273,37.884371790360035],[-122.23931915785118,37.88436971520705],[-122.23931443615528,37.8843689547938],[-122.23928647795717,37.884359066356211],[-122.23928580550344,37.88435870678515],[-122.2392810058674,37.884356998592708],[-122.23925301661832,37.884345737230269],[-122.23925073168965,37.884344448882068],[-122.23924493979092,37.884342174054439],[-122.23921865058011,37.884329514266014],[-122.23921448517913,37.884326972162611],[-122.23921067387323,37.884325323303749],[-122.23918608470164,37.884311265090588],[-122.23917789841731,37.884305846222951],[-122.23917644578566,37.884305139480368],[-122.23915354055741,37.884288996393344],[-122.23915141326232,37.884286672085793],[-122.23914821792816,37.884285010546762],[-122.2391270288368,37.884268155488137],[-122.23912555831427,37.884266443309059],[-122.23912381007663,37.88426549490233],[-122.23910258880269,37.884247266939013],[-122.23910113757864,37.884245504911362],[-122.23909435982827,37.884239396626427],[-122.23907658691354,37.884220431177106],[-122.23907568474773,37.884219197254396],[-122.23907430614078,37.88421791357618],[-122.23905650104352,37.884197575223574],[-122.23904977675141,37.884188024602139],[-122.2390476326666,37.884185711354007],[-122.23902963443051,37.884157135595643],[-122.23902951751566,37.884156756125201],[-122.23902914879386,37.884156354229994],[-122.23901113447604,37.884127092018453],[-122.23901055295353,37.88412517930152],[-122.23900896531374,37.884123369718026],[-122.23900526380517,37.884115783266054],[-122.23899243006312,37.884085758058532],[-122.23899237150481,37.884085491275236],[-122.23899194942746,37.884084608042862],[-122.23897908350496,37.884053209933391],[-122.23897857085535,37.884050791549818],[-122.23897641913697,37.884045679396415],[-122.23896701765925,37.884014230257783],[-122.23896627366898,37.884009558765996],[-122.23896508229882,37.884006270842718],[-122.23895914526057,37.88397477067592],[-122.23895880183787,37.883971519827362],[-122.23895846295547,37.883970499293625],[-122.23895424204153,37.883938287162628],[-122.23895361448223,37.883930143571867],[-122.23895285799875,37.883897880413535],[-122.23895334739049,37.883895718521437],[-122.23895287132378,37.883893793436918],[-122.2389538470532,37.883861504764887],[-122.23895412707726,37.883860403022275],[-122.23895452360537,37.883853407750962],[-122.23895896375609,37.883821068051653],[-122.23896018582829,37.883817130888012],[-122.23896082019338,37.88381179295952],[-122.23896718569497,37.883787665148326],[-122.23896974710308,37.88378086418269],[-122.23897996249354,37.883753777015073],[-122.23898042662613,37.883753156485895],[-122.23898061503479,37.883752172342746],[-122.23899046103865,37.88372867995249],[-122.23899405717206,37.883723966162101],[-122.23899546317618,37.88371866012352],[-122.23900878968335,37.883695803153593],[-122.23900935202526,37.883695152340451],[-122.23901135229504,37.883691672319237],[-122.23902641100015,37.883668789832832],[-122.23902816001488,37.883666862613843],[-122.23903082739663,37.883662641921681],[-122.23904765046808,37.883641105917391],[-122.2390508796891,37.883637813258858],[-122.23905279773616,37.883635045466754],[-122.23907138521534,37.883614857745279],[-122.23907497046217,37.883611474231223],[-122.2390758191477,37.883610330768761],[-122.23909615491689,37.883590803978258],[-122.23910127588768,37.88358774388913],[-122.23910530338981,37.883582952548878],[-122.23913083575925,37.883563349205112],[-122.23913157358126,37.883562957144143],[-122.23913700608966,37.883558927317196],[-122.23916430284156,37.883540671350325],[-122.23916516945594,37.883540244048852],[-122.239167068019,37.883538876050139],[-122.23919609696028,37.883520594559279],[-122.23919758797442,37.88351988410556],[-122.23919977638235,37.883518366749108],[-122.23922492164962,37.883503737206269],[-122.23924594114995,37.883489320732963],[-122.23926741824246,37.883474005361862],[-122.23928355603212,37.883460730478973],[-122.2392986060073,37.883445238533618],[-122.23931630679104,37.883425790172332],[-122.23932836093078,37.883411324626785],[-122.23933289846454,37.883403507764385],[-122.23933750263767,37.883391841947549],[-122.23934201375727,37.883376838686729],[-122.23934477939551,37.883363815766465],[-122.23934550379182,37.883350730999368],[-122.23934520380726,37.883337939783495],[-122.23934288779532,37.883325531524726],[-122.23933917998923,37.883311325220085],[-122.23932590497832,37.883278483196122],[-122.2393081932051,37.883243451819212],[-122.23928805748216,37.883206825942104],[-122.23926835934304,37.883174216413821],[-122.23924459527871,37.883143739457729],[-122.23921672002257,37.883111282823336],[-122.23918721276246,37.883078807868742],[-122.23915646779083,37.88304795250874],[-122.23912320091681,37.88301685222519],[-122.23909002351233,37.882987093349733],[-122.23905718419395,37.882959629257115],[-122.23901965253872,37.882932215347381],[-122.23901915051091,37.882931655909545],[-122.23901836120797,37.88293125840692],[-122.2389608390753,37.882887997268661],[-122.23890402438302,37.882846585686998],[-122.23884653820568,37.88280591931855],[-122.23878874733032,37.88276811229953],[-122.23874173485112,37.882739939472124],[-122.238718344118,37.882726002295541],[-122.23869486948381,37.882714596819994],[-122.23867012511357,37.882704173383772],[-122.23864544553524,37.88269534945654],[-122.23862095797891,37.882688605287626],[-122.23859773573955,37.882683454663955],[-122.23852961480951,37.88267607967007],[-122.23845718057251,37.882669984722042],[-122.2383836039556,37.882665890914666],[-122.2383686118734,37.882665517793328],[-122.2383681222432,37.882665438490939],[-122.23836774834633,37.882665494461421],[-122.23830705753278,37.882663641314466],[-122.23830668655293,37.882663579189284],[-122.23830641122383,37.882663620190826],[-122.23826725526519,37.882662258295753],[-122.23823371077796,37.882662174528576],[-122.23819977079079,37.882663796170924],[-122.2381661379513,37.882667074127596],[-122.23813422438057,37.882671958772214],[-122.23810296063108,37.882678373030444],[-122.23807104039946,37.882687146280418],[-122.23804271748084,37.882696301826833],[-122.23802075233687,37.882705881041097],[-122.23799749595709,37.882718145804915],[-122.23797482879047,37.882731877096454],[-122.23795368134471,37.882746560171029],[-122.23793248695391,37.882763413035434],[-122.23791259127836,37.882780326080905],[-122.23789486199276,37.882798858166566],[-122.23787584928458,37.882819342138859],[-122.23770632820822,37.883030617300243],[-122.23752793143399,37.883241437961935],[-122.23745496880063,37.883323902169565],[-122.23736418564764,37.883426507347103],[-122.23736315041849,37.883427503047571],[-122.23736270492455,37.88342814312162],[-122.23733566505581,37.883457381879857],[-122.2373343679333,37.883458604021413],[-122.2373339418851,37.883459200553318],[-122.23730686983357,37.883487066403795],[-122.2373019635348,37.883491575931913],[-122.23730140398311,37.88349229788772],[-122.23727085141795,37.883519528257672],[-122.23726963081585,37.883520231103148],[-122.23726870296231,37.883521393740409],[-122.23723811821426,37.883547251200888],[-122.23723525632371,37.883548851424486],[-122.23723344516357,37.883550991304354],[-122.23720109602665,37.883575501342357],[-122.237200423253,37.883575855486235],[-122.23719619374103,37.883579017723903],[-122.23716208023639,37.883602181238622],[-122.23716050783158,37.883602961352338],[-122.23715699811518,37.883605447037397],[-122.23712111906431,37.883627262242207],[-122.23711974920043,37.883627903299555],[-122.23711804938895,37.883629069183158],[-122.23708213929577,37.883649511458366],[-122.23707909017946,37.883650885537037],[-122.23707672815911,37.883652419826412],[-122.23703905367954,37.883671514673374],[-122.23703668598671,37.883672515556242],[-122.23703557441091,37.883673213190463],[-122.2369978677557,37.883690935123276],[-122.23699150412725,37.88369351776177],[-122.23699035664033,37.88369418708664],[-122.23695086952384,37.883709875137583],[-122.2369490438772,37.883710231822356],[-122.23694718547488,37.883711277478298],[-122.23690595005392,37.883726304547672],[-122.23690142916558,37.883727124429804],[-122.23689788961605,37.883728968015795],[-122.23685658987151,37.883741249265988],[-122.23685528013621,37.883741447865226],[-122.23685446665307,37.883741862652776],[-122.23681315081862,37.883753457437216],[-122.23681076089993,37.883753800792718],[-122.23680315757835,37.883755883488284],[-122.23676004521704,37.883764757934074],[-122.2367590812197,37.883764863132264],[-122.23675780996774,37.883765199943625],[-122.23671542976881,37.883773246246868],[-122.23669030377427,37.883778283874101],[-122.2366831311376,37.883779045428383],[-122.23667783333936,37.883780239898989],[-122.23665018112156,37.883783393395603],[-122.23664009617801,37.883784040081608],[-122.23663894599021,37.883784254354936],[-122.23661124668477,37.883785348474184],[-122.23660744547894,37.883784855577233],[-122.23660367110223,37.883785459903187],[-122.23657593964903,37.88378518111314],[-122.23657478022209,37.883785000811869],[-122.23656467081157,37.88378465116395],[-122.23653689113989,37.883782313013207],[-122.23653154107039,37.883781275161731],[-122.23652433658373,37.883780725080094],[-122.23649824090791,37.883776302090808],[-122.23649479241892,37.883775479583392],[-122.2364929395267,37.883775304073872],[-122.23646507949903,37.883769533653542],[-122.23645141873007,37.883766007358048],[-122.23645077547036,37.883765679783579],[-122.23645004640626,37.883765572453918],[-122.23642560259115,37.883757691719097],[-122.23642222354091,37.883755949902287],[-122.23641908414432,37.883755411219262],[-122.23639285991045,37.883745496602259],[-122.23638990893174,37.883743875552923],[-122.23638060062294,37.883740153667176],[-122.23635780867697,37.88372881518977],[-122.23635348208515,37.883726132973763],[-122.23635013559203,37.883724664630002],[-122.23632729544232,37.883711266795018],[-122.23631823799315,37.883705195485376],[-122.23631734646163,37.883704753508901],[-122.2362979546715,37.883690618268027],[-122.23629427035677,37.883686521689796],[-122.23628975278443,37.883684035129242],[-122.23625613371702,37.883654315312299],[-122.23625535864555,37.88365335976161],[-122.23625185948423,37.883650323832661],[-122.23622170486233,37.88362055305803],[-122.23622025268116,37.88361864952725],[-122.23621731374391,37.883615939690621],[-122.2361888431474,37.883584084082244],[-122.23618792613256,37.883582796286689],[-122.23618680859879,37.883581734027317],[-122.23616007023429,37.883549852938884],[-122.23615943579165,37.883548930465018],[-122.23615882969527,37.883548344609579],[-122.23613205921649,37.883515090613407],[-122.23612914124219,37.883510750260797],[-122.236127755578,37.88350930804787],[-122.23610443346666,37.883475316650454],[-122.23610260039359,37.883472344531768],[-122.23610221891406,37.883471931100118],[-122.23608061296075,37.883437227775445],[-122.236080078654,37.883435482868357],[-122.2360785743729,37.883433781962701],[-122.23605930033219,37.883399462484455],[-122.23603831186378,37.883364469810402],[-122.23603769720279,37.883362400764454],[-122.23603609504248,37.883360549901944],[-122.23601615594433,37.883323075308134],[-122.23601563754424,37.883321135515409],[-122.23601446877039,37.883319729763244],[-122.23599624696256,37.883281543227973],[-122.2359958455414,37.883279889186383],[-122.23599246250436,37.883272195228301],[-122.23597942124745,37.883233245829196],[-122.23596638000423,37.883194296428279],[-122.23596579661488,37.883190988722873],[-122.23596442465931,37.883187460111984],[-122.23595481566913,37.883147085967906],[-122.23595354499143,37.883137294580372],[-122.23595295884037,37.883135374708012],[-122.235940828834,37.882984330535649],[-122.23593440422479,37.882927277684381],[-122.23593457838082,37.88292631448283],[-122.23593418449256,37.882925030708655],[-122.23593246666015,37.882904295851375],[-122.23207599554337,37.881855553799923],[-122.23173525453164,37.881580239096294],[-122.23170926890073,37.881573178445855],[-122.23170419057766,37.881570718862349],[-122.23169849300071,37.881569785921144],[-122.23166179593127,37.881556590449755],[-122.23166090931598,37.881556113221258],[-122.23165557611772,37.88155418095009],[-122.2314018636756,37.881448718831706],[-122.23140057764243,37.881447983417985],[-122.23139740789478,37.881446771879077],[-122.23135537136015,37.881427473538267],[-122.23135522263752,37.881427385602954],[-122.23135495876211,37.88142728403654],[-122.23104325676847,37.88128289059869],[-122.23071580644,37.881131860351239],[-122.2307147456067,37.881131225262656],[-122.23071308274361,37.881130565656463],[-122.23047470616946,37.881013889774742],[-122.23046413984889,37.881007388658013],[-122.2304600309233,37.881005442894725],[-122.23021886608581,37.880843486065331],[-122.23021728853442,37.880841804183916],[-122.2302145149775,37.880840418289878],[-122.22991975941314,37.880622360305132],[-122.22948189496228,37.880458065427],[-122.22938441143471,37.880434929539518],[-122.22938215267612,37.880434311986861],[-122.22938169320932,37.880434257438239],[-122.22905397932955,37.880349790044519],[-122.22879440920278,37.880282907696795],[-122.22828663521435,37.880153331137436],[-122.22815525923201,37.880121873418474],[-122.2281526056487,37.880121144470841],[-122.22815212564252,37.88012108661345],[-122.22801756305962,37.88008568323572],[-122.22788007984278,37.880052478935319],[-122.22781435993529,37.880037081063996],[-122.22781273402502,37.880036638958202],[-122.2278123452808,37.880036594182393],[-122.22763910423424,37.879993396348638],[-122.22751295930222,37.879963912419271],[-122.22731955946857,37.879918670578533],[-122.2273184518892,37.879918369574234],[-122.22731816575133,37.879918336813056],[-122.22719648473276,37.879888607905542],[-122.22705918392919,37.879855685658633],[-122.22675844674059,37.879783795866707],[-122.22664770422654,37.879761222950584],[-122.22664741828243,37.879761149632643],[-122.22664728610566,37.879761137147163],[-122.22642300380909,37.879714745050421],[-122.22636585677601,37.879704608166641],[-122.22625091950223,37.879692405525013],[-122.226151861497,37.879688338797436],[-122.2260728924431,37.879692341969871],[-122.2260646533277,37.879693773621817],[-122.22606346778059,37.879693883774863],[-122.22606242555264,37.879694143227837],[-122.22600027692719,37.879703978771524],[-122.22599913316012,37.879704076597967],[-122.22599829991682,37.8797042780241],[-122.22591860995431,37.879715802824748],[-122.2258260083981,37.879742555825459],[-122.22572075781738,37.879786833825072],[-122.22559532640825,37.879849541701844],[-122.22545754754084,37.879921145949439],[-122.22545727060755,37.879921264444583],[-122.22545709141876,37.879921381511153],[-122.22532589231218,37.879988900889018],[-122.22519301885715,37.880059184118409],[-122.2251924515384,37.880059429414423],[-122.22519206295402,37.880059684714858],[-122.22503797555105,37.880139531800928],[-122.2250362610262,37.88014026516683],[-122.22503530317277,37.880140877534629],[-122.22488635222855,37.880213734744075],[-122.22476003224504,37.880275792334992],[-122.22462849311722,37.880341406318678],[-122.22462394639558,37.880343312010496],[-122.22462238914802,37.880344257549353],[-122.22452633129336,37.880386175196826],[-122.22452266373595,37.880387604844934],[-122.22452208491018,37.880387942224267],[-122.22444654125992,37.880417886488665],[-122.22444165175054,37.880418839244598],[-122.22443721681448,37.880421201086776],[-122.22435293261083,37.880447839530078],[-122.22435166392151,37.880448041897466],[-122.22434161625986,37.880450911964004],[-122.22424854362853,37.880472185206635],[-122.22424464673334,37.880472651248191],[-122.22423934194613,37.880473983141925],[-122.22415130609581,37.880488315888165],[-122.22414677889381,37.880488714532746],[-122.22414416279392,37.88048930334859],[-122.22413033760068,37.880490878622886],[-122.22411784395025,37.880491678374739],[-122.22411715216317,37.880491802925064],[-122.22388857254413,37.880497887579622],[-122.22388766805824,37.880497763810084],[-122.22388673609173,37.88049792520917],[-122.22387219232185,37.880497445481687],[-122.22377150491135,37.880489302049931],[-122.22376722331452,37.880488478722363],[-122.22376059326305,37.8804880195094],[-122.22368755627934,37.88047672554243],[-122.22367315216066,37.880473399683346],[-122.22367058752739,37.880473072156349],[-122.22359559509874,37.880452193083215],[-122.22359377116055,37.880451301427264],[-122.22359144861852,37.880450970364173],[-122.22358258932627,37.880447883455723],[-122.22303357779217,37.880235471279924],[-122.22303282912252,37.880235055956781],[-122.22302993494982,37.880234001481874],[-122.22192055758298,37.879767446436283],[-122.22191825754726,37.879766124635267],[-122.22191351824036,37.879764241842388],[-122.2218171200599,37.879716893126009],[-122.22181264928527,37.879714137692488],[-122.22180903111428,37.879712553049856],[-122.22180481612773,37.879710090367823],[-122.22167078615688,37.879854342129867],[-122.22154937039353,37.879986995668183],[-122.22154193989499,37.879994026747127],[-122.2215411691959,37.879995013042816],[-122.22136116307293,37.880152828672671],[-122.22135962914057,37.880153702636214],[-122.22135851944941,37.8801550732625],[-122.22134699648407,37.880163403997379],[-122.22126503303916,37.880215413747358],[-122.22125656466019,37.880219465378268],[-122.22124979700584,37.880223657125342],[-122.22116749889594,37.880261251291749],[-122.22115540468766,37.880266083914421],[-122.22114252424433,37.880269861923601],[-122.22103742041435,37.880295428135689],[-122.22100407123015,37.880299642393808],[-122.22090533952424,37.880301081611272],[-122.22088514113591,37.880300036907641],[-122.22074092797976,37.880282911749333],[-122.22073588233702,37.880281840815201],[-122.2207313655275,37.88028146237577],[-122.22057060676435,37.880251760039059],[-122.22046584753404,37.880244008372131],[-122.2202090812841,37.880236225871776],[-122.22020490624078,37.880235533334002],[-122.22019097828719,37.880234590896876],[-122.22010403726657,37.88022143725788],[-122.22008743477133,37.880217632936734],[-122.22008532949593,37.880217354511537],[-122.21997194372959,37.880184672194019],[-122.2199706509535,37.880184032278969],[-122.21996904938054,37.880183804187773],[-122.21994924251419,37.880175911099982],[-122.21984933303615,37.880126551890569],[-122.21983135257253,37.880115441163248],[-122.21983024361352,37.880114883278104],[-122.21970840923581,37.88002374287084],[-122.21961110546195,37.8799662683954],[-122.21954204716955,37.87993508296347],[-122.21948433556376,37.879926156738122],[-122.21937482860423,37.879921035262569],[-122.21919681702343,37.87992562551883],[-122.21919597186266,37.879925509861344],[-122.21919510217461,37.879925660403615],[-122.21918502562853,37.879925474611483],[-122.21908093776123,37.879920123455996],[-122.21906747108839,37.879917741323659],[-122.21905390141049,37.879916261851157],[-122.21898595071811,37.879900084135649],[-122.21897649487425,37.879897491297044],[-122.21896499186661,37.879893349430048],[-122.21863789002262,37.879758844366833],[-122.2184897154423,37.879707384923798],[-122.21828567358028,37.879643007437075],[-122.21828543195952,37.879642883890035],[-122.21827089529198,37.87963740102461],[-122.21804689016368,37.879537141962651],[-122.2178540753613,37.879457793373142],[-122.21776794255219,37.879437112386775],[-122.21768983973129,37.879436252702163],[-122.21764669745939,37.879442738846002],[-122.21762729844767,37.879450130346854],[-122.21759657100961,37.879466263913955],[-122.21757805427484,37.879474245447483],[-122.21756087316943,37.879489825063949],[-122.21754574087583,37.879509039894351],[-122.21753065364453,37.87953015191291],[-122.21752184082968,37.879546092801867],[-122.21901983798593,37.880645687558335],[-122.21933996548087,37.880881409798413],[-122.2197005789034,37.881150125951955],[-122.22065749931788,37.881863175584748],[-122.22080310186591,37.882097844447919],[-122.2208659664952,37.882201420529952],[-122.22105473161899,37.88259287933127],[-122.22114578331413,37.882801117083751],[-122.22127977524639,37.883538150205936],[-122.22142163586253,37.883740602269235],[-122.22216114248285,37.884442883242585],[-122.22248600013219,37.88524349586622],[-122.22320472541605,37.887014732595937],[-122.22372235388137,37.888067618847693],[-122.22372233661565,37.88806765875087],[-122.22457425332459,37.889800561675315],[-122.22526826001385,37.890347885642264],[-122.22558221238562,37.890633542826095],[-122.22869753502094,37.892971731245005],[-122.2313265202947,37.892732214699109],[-122.23270082703253,37.893444631824437],[-122.23319849050586,37.893801993001048],[-122.23363464600439,37.894115390857934],[-122.23391746155178,37.894318533383647],[-122.23414618263884,37.894312121472716],[-122.23467865891429,37.894880794098796],[-122.2387616206918,37.898053318224093],[-122.24273863050097,37.901534909073867],[-122.24524971856236,37.90422587843036],[-122.24525544382716,37.904232012738035],[-122.24534843440713,37.904341120888049],[-122.24538199595402,37.904380499479352],[-122.24616173935058,37.905295374328269],[-122.24622119703747,37.90536513544896],[-122.24660794424638,37.90581889429987],[-122.24776706920147,37.909889279523107],[-122.24896394006916,37.910570740330222],[-122.25070060062401,37.912118332663475],[-122.25103785153719,37.915259026814262],[-122.25081633427395,37.915348146990446],[-122.25118548901843,37.916864764851084],[-122.2522239963924,37.918660372944451],[-122.25313722512205,37.91937186877685],[-122.25320221024201,37.919422498379085],[-122.25449786538269,37.92043190261662],[-122.2545786998286,37.920494876259419],[-122.25532567524967,37.92052842739524],[-122.25590853648386,37.920554603457205],[-122.25598143836274,37.920558156218391],[-122.25609710125302,37.920563792933741],[-122.25762994457662,37.920638484183634],[-122.25763611398196,37.920638784390363],[-122.25770020206843,37.920641905815643],[-122.25770416657944,37.920642099148033],[-122.26049812728144,37.920778185989136],[-122.26374809629141,37.920936400166262],[-122.26320586019206,37.921494240647583],[-122.26345799140908,37.921487633753735],[-122.26644371725821,37.921445648888664]],[[-122.26970683512383,37.913762289804332],[-122.26994636241982,37.913515789157159],[-122.27080868001933,37.912628344178749],[-122.27146306886708,37.91302399134895],[-122.27084726338208,37.913658079637393],[-122.27019303356771,37.914331716598767],[-122.26970683512383,37.913762289804332]],[[-122.27008168446729,37.914446372410552],[-122.26991432406317,37.914618690337932],[-122.26926001549842,37.91422211424986],[-122.26959545686118,37.913876910465184],[-122.27008168446729,37.914446372410552]]],[[[-122.23925585388825,37.883740625725665],[-122.23925144538708,37.883745412770786],[-122.23923940214205,37.883760830676749],[-122.23922775130688,37.883778533560722],[-122.23921849976136,37.883794402375095],[-122.23921113578275,37.883811973618577],[-122.23920339768893,37.883831579794794],[-122.23919945054857,37.883846537792373],[-122.2391962070222,37.88387016634168],[-122.23919541574702,37.883896352318182],[-122.2391960286825,37.883922489673154],[-122.23919943679954,37.883948498439516],[-122.2392042168332,37.883973857082253],[-122.2392112989419,37.88399755070531],[-122.23922240411915,37.88402465094206],[-122.2392325130497,37.884048299074244],[-122.23924689622626,37.884071664356405],[-122.23926075396204,37.884093665805139],[-122.23927247216545,37.884107051197326],[-122.23928522924932,37.88412066369726],[-122.23930049422134,37.884133775150737],[-122.23931745548067,37.884147268037999],[-122.23933300192814,37.884158224261313],[-122.2393486905376,37.884167194024322],[-122.23936693541198,37.884175980137073],[-122.23938809605565,37.884184494394937],[-122.23940887576764,37.884191843648679],[-122.23943011748439,37.884197802804835],[-122.23952169573958,37.884220506544615],[-122.23971125080129,37.884266365635298],[-122.23977852082027,37.884283494094653],[-122.239842262835,37.884299077642382],[-122.23990628475278,37.884313020516494],[-122.23996560957258,37.884324148852599],[-122.23997695590536,37.884325263093537],[-122.23999261427599,37.884325475701658],[-122.24000781555287,37.884325251671314],[-122.24002140980292,37.884323507628245],[-122.24003625586826,37.884321180104372],[-122.2400509000372,37.884317371336294],[-122.24006731427592,37.884312920983426],[-122.24007449810181,37.884310163880841],[-122.24007848647187,37.884307970240542],[-122.24008730907811,37.884302319676635],[-122.2400927853725,37.884298314393604],[-122.24009772807455,37.884293374356609],[-122.24010135485489,37.884289532407969],[-122.24010452410745,37.88428426615323],[-122.24010769335956,37.884278999898406],[-122.24010959242368,37.884273049455928],[-122.24011181762103,37.884266073187277],[-122.24011203105765,37.88426373332193],[-122.24011186075899,37.884256475149506],[-122.2401108799084,37.884249126190653],[-122.24009661847529,37.884191758278853],[-122.24008256454039,37.884128113399356],[-122.2400823909595,37.884126675896709],[-122.240082112664,37.88412591220613],[-122.24007025373041,37.884063598435887],[-122.24005979840364,37.883999997841137],[-122.24005979075483,37.883999914145562],[-122.24005977978548,37.883999882766474],[-122.24004965310438,37.883937543462793],[-122.24004094954239,37.883873101493563],[-122.24004071319234,37.883870103197744],[-122.24004056066882,37.883869611607459],[-122.24003820639237,37.883842929478931],[-122.24003586824414,37.883816934701137],[-122.24003495340656,37.883785114545347],[-122.24003434140251,37.883759029443489],[-122.24003995873366,37.883673078285646],[-122.24004879017697,37.883594920789101],[-122.24005941718397,37.8835174036887],[-122.24007151929764,37.88344237639091],[-122.24008344662613,37.883376910320081],[-122.23925585388825,37.883740625725665]]],[[[-122.25232821611795,37.890560838552304],[-122.25229902210843,37.890572261523637],[-122.25208994913086,37.890818452564062],[-122.25216893087884,37.890860536490649],[-122.25224623966824,37.890905397351268],[-122.25249104557906,37.890631213569293],[-122.2524469185517,37.890597534995926],[-122.25240097534289,37.890559756023087],[-122.25236262948498,37.890550714192656],[-122.25232821611795,37.890560838552304]]]]},"properties":{"AGENCY_NAM":"EBRPD","GLOBALID":"{81C2A2A1-6573-4420-9F9E-2ACCF28C75F3}","SHAPE.AREA":95220383.780126899,"SHAPE.LEN":66994.417085957801,"OBJECTID":15,"NAME":"Tilden"}},{"type":"Feature","id":16,"geometry":{"type":"Polygon","coordinates":[[[-122.30933095101335,37.960006954419548],[-122.30956572147159,37.960007969511182],[-122.31056845819236,37.960012299079672],[-122.31231715317618,37.960019829407848],[-122.31425909959374,37.95973918455195],[-122.31454531146908,37.959697818597803],[-122.31484728586622,37.959654174172321],[-122.3149528202274,37.959641712564775],[-122.31498795053207,37.959628281934705],[-122.3155842980502,37.959447305617573],[-122.31550497130273,37.958900233038811],[-122.3167007885247,37.9585306234383],[-122.31669221144095,37.958463514055254],[-122.31667446920027,37.958324712895454],[-122.31663903738534,37.958047486434317],[-122.31662288246052,37.957903321461792],[-122.31658895828066,37.957646857133682],[-122.31657425748813,37.957534139334946],[-122.31651187822635,37.957055860995666],[-122.31650789655704,37.957025345703549],[-122.31649378156861,37.956917106674666],[-122.3164620830469,37.956656265346403],[-122.3164610253763,37.956647942231228],[-122.31666702123059,37.956631042128762],[-122.31678472348676,37.956620992521437],[-122.31685222719777,37.956615147966879],[-122.31692123025276,37.95659966670403],[-122.31702815875757,37.956574675373041],[-122.31722996254943,37.956528311191512],[-122.31741449461877,37.95648495901942],[-122.31742649708976,37.956479280944976],[-122.31763698775524,37.95643346915675],[-122.31787156607606,37.956379732912978],[-122.31793538276612,37.956365017514997],[-122.31803714264184,37.956341478141105],[-122.31821478991486,37.956300289776308],[-122.31836560796877,37.956284300475254],[-122.31834555990014,37.956169258989426],[-122.31843598214553,37.956125214685926],[-122.31845838772003,37.956119376431538],[-122.31848277988145,37.956123807914672],[-122.31849863746181,37.956133864217655],[-122.31850949901465,37.956152237643472],[-122.31856504499027,37.956070955782465],[-122.31856501883094,37.956070817405703],[-122.31856448620518,37.956067247978609],[-122.31856424900857,37.956063658685714],[-122.31856430989232,37.956060064805868],[-122.31856466695692,37.956056481688165],[-122.31856531830263,37.95605292468165],[-122.31856581477686,37.956050940788096],[-122.31857163535564,37.95602970899948],[-122.31857208376836,37.956028178230042],[-122.31857331681739,37.956024718609569],[-122.31857483276021,37.956021331234822],[-122.31857662621788,37.956018028804891],[-122.31857868732682,37.956014826791332],[-122.31858100845474,37.956011738829098],[-122.31858140736085,37.956011251468802],[-122.31859272407979,37.955997580582924],[-122.31859489748341,37.955995104981966],[-122.31859770885866,37.95599228342931],[-122.31860074700597,37.955989612486029],[-122.31860399858236,37.955987104973829],[-122.31860745131617,37.95598477099422],[-122.31860836274222,37.95598420545609],[-122.31862667504508,37.955973015961156],[-122.31862940184688,37.955971432106892],[-122.31863252484702,37.955969807010199],[-122.3188628201474,37.955856853357751],[-122.31886350516096,37.955856522901499],[-122.31886746602021,37.955854766850699],[-122.31886815008521,37.955854490478899],[-122.31890766864846,37.95583873367773],[-122.31891108147458,37.955837463677426],[-122.31891529746576,37.955836132652543],[-122.31891961448662,37.955835022660253],[-122.31891973558005,37.955834994662688],[-122.31897374852701,37.955822723947108],[-122.31897802850584,37.955821866848908],[-122.31898249214707,37.955821212389189],[-122.3189870001984,37.95582079064738],[-122.31898802867359,37.955820727956876],[-122.31904408517929,37.955817614930936],[-122.3190475887307,37.955817490712825],[-122.31905212766735,37.955817538901101],[-122.3190566530134,37.955817821601173],[-122.31905857776655,37.955818013661371],[-122.31911422743666,37.955824196970894],[-122.31911679507627,37.955824521518323],[-122.31912123510844,37.955825269629024],[-122.3191256033503,37.955826245938091],[-122.31912829922037,37.955826972233226],[-122.31918110664824,37.955842181170098],[-122.31918269005411,37.955842655140238],[-122.31918686089102,37.955844074254195],[-122.31919090495192,37.955845707093168],[-122.31919414582023,37.955847214417716],[-122.31924181059362,37.955870789601242],[-122.3192424697237,37.955871120094969],[-122.31924621071634,37.955873156813418],[-122.31924977423238,37.955875381903716],[-122.31925314755809,37.955877787451186],[-122.31925578433571,37.955879907853735],[-122.31925651079841,37.955880523881241],[-122.31929503535645,37.955829016826499],[-122.31930051848863,37.955819498124107],[-122.31960853074715,37.955622419576159],[-122.3196187768591,37.955615864447502],[-122.31958418495027,37.955573251087799],[-122.31954073556928,37.955519724008965],[-122.31949366558695,37.955461736920583],[-122.31946483372499,37.955151467284672],[-122.31945554223137,37.955041679933444],[-122.31952462705127,37.955041333623555],[-122.31957924777448,37.95504619161553],[-122.31968139505216,37.955065165384802],[-122.31968818278415,37.955061363389262],[-122.31998250723825,37.954896532748499],[-122.31977414541299,37.954664336371152],[-122.31969525392614,37.954575808642403],[-122.31979476949141,37.954529919118812],[-122.3199076377839,37.954500172818264],[-122.31996639715021,37.954492461423811],[-122.32008534921388,37.954491791073892],[-122.3201544769862,37.954496920106919],[-122.32023610496613,37.954499882112636],[-122.32032352539858,37.954487811718479],[-122.32039223319214,37.954473437756427],[-122.32042841281924,37.954459542298736],[-122.32042780633448,37.95412871856162],[-122.32042779057389,37.954120480351435],[-122.32054243105333,37.954120094931945],[-122.32069895857229,37.954119569628418],[-122.32085392586367,37.954119049232851],[-122.32114842776708,37.954118059114556],[-122.32146216329583,37.954117003415732],[-122.32193349035853,37.95411541615902],[-122.32232755056118,37.954114087623083],[-122.32266979000171,37.954112933420575],[-122.32282415976152,37.954112410645479],[-122.32304929378762,37.954111651256454],[-122.32308525855801,37.954111529903784],[-122.32342592746639,37.954110377012775],[-122.32351023407183,37.954110091778134],[-122.32382160469128,37.954110469421849],[-122.3238320153082,37.954110481778528],[-122.32405958332552,37.953930842006613],[-122.32441720975102,37.953849977703484],[-122.32441556419491,37.953662975996302],[-122.32441454496227,37.953547353192086],[-122.32444904738104,37.953490166021233],[-122.32415710053479,37.953188922503365],[-122.32405061486794,37.953080533779648],[-122.32401057748874,37.953100725083715],[-122.32395002166723,37.953120236372776],[-122.32391932268673,37.953124584298138],[-122.3239113279195,37.95308326666288],[-122.32373449613486,37.952898499116316],[-122.3235053996449,37.952661618617377],[-122.32345614428401,37.952669204079029],[-122.32339248001234,37.952673617152264],[-122.32333118367691,37.952672879538198],[-122.32324164384461,37.952671560230016],[-122.3232357814997,37.952505658579895],[-122.32337018390686,37.952508617008498],[-122.32325792577899,37.952316702849991],[-122.32304471948477,37.952110551196824],[-122.32267827352209,37.951950025081423],[-122.32244791152988,37.951892462617664],[-122.32242396594856,37.951765107821572],[-122.32261721788964,37.951736508149935],[-122.32260151182733,37.951463834904466],[-122.32246515516799,37.951398279222801],[-122.32233525539047,37.951338939188197],[-122.3207384139622,37.951847482908022],[-122.32070407153353,37.951856799296493],[-122.32066868707621,37.951863216457724],[-122.3206326483632,37.951866675247906],[-122.32059635039218,37.951867132633389],[-122.32056019016186,37.951864580695528],[-122.32049424874387,37.951851931282043],[-122.32032205512122,37.951808048549921],[-122.32014501449673,37.951778660678627],[-122.31996506014183,37.951764083017686],[-122.3199573876614,37.951764100249321],[-122.31983929040858,37.951758063515911],[-122.3197544514654,37.951754032380258],[-122.31954663071204,37.951741600818401],[-122.31946314051147,37.951721259237857],[-122.3193896135253,37.951688005503755],[-122.31933200222784,37.951644911985994],[-122.31927690612451,37.951591110819869],[-122.31924184176565,37.951551141436049],[-122.31918854291108,37.951519176641007],[-122.31912632687057,37.951507218891798],[-122.31910996453199,37.951507902427082],[-122.31910986441953,37.951507903968178],[-122.31910495939721,37.951507999299849],[-122.31882942197689,37.951513324591232],[-122.31877498469358,37.951512122198274],[-122.31872318076346,37.951506648280031],[-122.3187210036652,37.951506417744824],[-122.31872001228879,37.951506227536697],[-122.31866807677225,37.951496273222411],[-122.31861287916885,37.951480507005691],[-122.31828993870313,37.95137159886179],[-122.31819439907707,37.951342477903005],[-122.31809553742407,37.951321423844099],[-122.31801250917958,37.951310318297786],[-122.31797773690413,37.951306617765425],[-122.31794091408709,37.951308679278718],[-122.31765393087844,37.951305753825288],[-122.31755106544638,37.951298236022502],[-122.31745239470787,37.951282542228711],[-122.31735633927654,37.951258774244124],[-122.316957744243,37.951136637950626],[-122.3169007965258,37.951122525356013],[-122.31662790716592,37.951065769509952],[-122.31656477629389,37.9510549455362],[-122.31652723517561,37.951051053741111],[-122.31631104510863,37.951035682117819],[-122.31622108085323,37.951729362367026],[-122.31622104824562,37.951729610688517],[-122.31574228684978,37.951899449697002],[-122.31560292421717,37.951948887663221],[-122.31548307483914,37.951991403024344],[-122.31548290558226,37.951991462397984],[-122.31540011156841,37.951967680136207],[-122.31513944322687,37.951892804419828],[-122.31489017326163,37.951998809686451],[-122.31459177679127,37.952125701692928],[-122.31452035502406,37.951861627078301],[-122.31432180935576,37.951943688733735],[-122.31393066690391,37.951876362840963],[-122.31381244284596,37.951891348006917],[-122.31357079981079,37.951793613486323],[-122.3134527802906,37.951820719421328],[-122.3134132452885,37.951836088081158],[-122.3133737136389,37.951851454873626],[-122.31333907999347,37.951872996069476],[-122.3133044440746,37.951894538190814],[-122.31327444725112,37.95192013915517],[-122.31324991574466,37.951949100502311],[-122.31322538310346,37.951978062762436],[-122.31320684988137,37.952009748202187],[-122.31319479564196,37.952043290656583],[-122.31318571415157,37.952068558965657],[-122.31275821508703,37.951942246202286],[-122.31256287336518,37.951851525961409],[-122.31179187058555,37.951493460955895],[-122.31180058314632,37.951212232622176],[-122.31140164860714,37.951114536930959],[-122.31139517470038,37.950589910740035],[-122.31139332366573,37.950475321824001],[-122.31138707843776,37.950001756535244],[-122.31137993524086,37.949503978052647],[-122.31144014958944,37.949479614842588],[-122.31164097343466,37.949398993703404],[-122.31219619455916,37.949175692270273],[-122.31234358344365,37.949100217647178],[-122.31204541908181,37.947584455579772],[-122.31251859852335,37.947576163145442],[-122.31257875513685,37.94742683922798],[-122.31259941512322,37.947375550611532],[-122.31250879244138,37.947301909658819],[-122.31245651350214,37.947259426767964],[-122.31238654087174,37.94720256409105],[-122.31229653404219,37.947129425395225],[-122.3124648969753,37.946879074930614],[-122.31247021596208,37.946871164923017],[-122.31245172346502,37.946873815928306],[-122.31228697599072,37.947121656150387],[-122.31212189916967,37.947123171271834],[-122.31192674192306,37.947410963643541],[-122.31162407389651,37.947233604081163],[-122.31161351677517,37.947227419028138],[-122.31155015274179,37.947192787221361],[-122.3113494752574,37.947297962840111],[-122.31134934787741,37.947372684888087],[-122.31137015152775,37.948822251902456],[-122.311359642714,37.948818051351246],[-122.30961493962803,37.948121286959392],[-122.30886477843976,37.94742636234156],[-122.30869294652774,37.947015860914945],[-122.30847521838297,37.946815813128104],[-122.30831676889795,37.946415316532054],[-122.30795805363539,37.946218995132526],[-122.30722731608539,37.945295752285539],[-122.30711663268079,37.945025730404545],[-122.30709668539113,37.944876647592558],[-122.30793813182906,37.945095528629672],[-122.30992033112437,37.945597757693385],[-122.3113224166657,37.94560131868267],[-122.31218532711668,37.944920990276252],[-122.31207492823698,37.944837924213033],[-122.31197375188736,37.94476180068807],[-122.31189764293444,37.944704529879935],[-122.31177176815605,37.944609818076216],[-122.3115720470869,37.944459539686633],[-122.31147148379523,37.944383873145696],[-122.31137066219469,37.94430801222439],[-122.31162530939358,37.944087399578187],[-122.3114137486446,37.943882661171251],[-122.31141261955237,37.943897035852508],[-122.31117826007915,37.944163237951742],[-122.31093313124289,37.944441673904663],[-122.31041810011581,37.94502667600117],[-122.30761533727772,37.94273595970229],[-122.30690011788582,37.942150845016073],[-122.30651880970719,37.941838897577348],[-122.30640764025307,37.941747946606192],[-122.30623066106698,37.941603411678358],[-122.30593918711679,37.941365361636862],[-122.30565185887781,37.941130702605292],[-122.30493568694777,37.940545793607789],[-122.30481425684852,37.940446496318629],[-122.30320234990899,37.939128366710612],[-122.30327857484848,37.938947102803738],[-122.30197853704989,37.937775878070404],[-122.30042923151541,37.936377787583154],[-122.30009844736431,37.936079489323056],[-122.30020329512217,37.935776520528485],[-122.30003688239275,37.93560074785573],[-122.29963680345153,37.935633590073451],[-122.29940647494487,37.935392801366056],[-122.29919319159151,37.935169835430571],[-122.29823971766533,37.934312747301405],[-122.29771185603663,37.933837206228567],[-122.29759560793094,37.933831217796019],[-122.29720150272074,37.933475636329028],[-122.29636956654979,37.932990787061563],[-122.29636465769519,37.932985651163776],[-122.29635080666814,37.932971159257967],[-122.29627763333524,37.932875190204761],[-122.29621752540356,37.932773685764197],[-122.29577403070948,37.932380830378541],[-122.29576516476408,37.932364753180053],[-122.29554561263132,37.93216643644864],[-122.29550313249202,37.932123024097997],[-122.29557315957392,37.93208004211651],[-122.29535405186103,37.931757606205473],[-122.29520116334602,37.931853454228531],[-122.29490442985413,37.931584437578707],[-122.29449648426916,37.9314475207211],[-122.29418527879893,37.931343072111979],[-122.29378265594225,37.931207936497323],[-122.29336478208343,37.931067683526614],[-122.29307408125133,37.930970112064465],[-122.29255015403068,37.930794254929104],[-122.29225150164623,37.930694011211926],[-122.29209094538021,37.93054894598221],[-122.29163850055602,37.930140141607012],[-122.29118478362875,37.929730182409294],[-122.29091259972381,37.929484250069386],[-122.29089657651762,37.929469769741296],[-122.29065286167105,37.929249557042937],[-122.29101973252634,37.928993224890135],[-122.29109485851509,37.928940735730656],[-122.29116300175396,37.928893123159988],[-122.29162971456589,37.928567026365855],[-122.29174330673338,37.928487658298849],[-122.29187331493148,37.928396818009766],[-122.29176393079314,37.928299956295412],[-122.29165154190689,37.928087674647472],[-122.29128425894383,37.927635895745539],[-122.29117251737992,37.927735690890017],[-122.29074492270165,37.92742563096035],[-122.29067087353387,37.927457934633459],[-122.29016180785428,37.927151965132929],[-122.29018701699819,37.926266506334564],[-122.2904308921208,37.926090895952157],[-122.28964018425195,37.925374531213635],[-122.28935829549616,37.925480104091314],[-122.28831790639548,37.925158774049272],[-122.28805061020509,37.92479036770645],[-122.2880001895787,37.924730762715903],[-122.28795566687357,37.924717010743713],[-122.28775590430108,37.924736448805547],[-122.2875987157915,37.924671438425925],[-122.28751226322416,37.924610530190165],[-122.28738097551464,37.924474115779383],[-122.2873666442531,37.924457590772832],[-122.28733374562491,37.924419653846385],[-122.28729396218927,37.924361579104776],[-122.28724956709347,37.92426709225041],[-122.28722975424547,37.924204969194314],[-122.28720808397911,37.92409963993142],[-122.28715902444479,37.923861178647833],[-122.2871559764138,37.923845501228989],[-122.28714657903315,37.923797164311686],[-122.28707120356056,37.923794753138495],[-122.28704363753583,37.923821417499923],[-122.2870027534086,37.923840919904855],[-122.28696493197303,37.923848774363265],[-122.28692161040176,37.923846828029184],[-122.28686879152674,37.923827927531889],[-122.28683206134821,37.923795632046328],[-122.28649702621927,37.923943816116683],[-122.28637282477109,37.923762614575104],[-122.28624756646128,37.923579877079412],[-122.28613247727449,37.92341197837829],[-122.28599590090124,37.923212722172323],[-122.28597000276598,37.923188027992794],[-122.28577825339165,37.923004773200063],[-122.28557233630724,37.92280798227987],[-122.28536873051578,37.922613398174803],[-122.28531909118873,37.922565958604444],[-122.2851795167802,37.922432565190206],[-122.28495288683897,37.922215974930282],[-122.28472244585323,37.921995736233669],[-122.28460957329698,37.92188785984483],[-122.28451219665233,37.921802722660793],[-122.28429974570456,37.921616968423798],[-122.28407788800851,37.921422995777107],[-122.28386806664759,37.921239538687921],[-122.28384608879186,37.921220321609617],[-122.28365300831157,37.921034359322668],[-122.28342473403271,37.92081449726625],[-122.28331888823408,37.920686080561168],[-122.2832233944834,37.920566065852384],[-122.28304344191295,37.920339917001989],[-122.28299752356575,37.920200976367241],[-122.28293960813897,37.92014587737745],[-122.28272666065212,37.919933530877287],[-122.28243695661843,37.920126012021178],[-122.28230770201061,37.919953730189398],[-122.28227606035502,37.919917302197128],[-122.28219721541346,37.919826527005796],[-122.28207054379357,37.919709166211405],[-122.28202388228283,37.919671621114929],[-122.28187575243017,37.919559008561102],[-122.28154324862258,37.919306224920156],[-122.28145266163722,37.919229014049854],[-122.28138341907703,37.919155972625546],[-122.28130441378696,37.919054278950227],[-122.2812719980582,37.919002217239374],[-122.28123944498822,37.918942828414266],[-122.28113102821202,37.918745062446156],[-122.28091673046258,37.918851371611652],[-122.28024489273149,37.919184649631795],[-122.2797635381837,37.919423429688287],[-122.27937858295476,37.919614387983607],[-122.27814970022274,37.920223968043743],[-122.27800264535652,37.920296827504878],[-122.27800269005998,37.920296889012306],[-122.27799633717223,37.920300040484953],[-122.27068569866778,37.923925932381081],[-122.27061988478273,37.921389650748175],[-122.26862283510359,37.921416305312817],[-122.26852611091154,37.92141759396835],[-122.26684629282265,37.921439982235682],[-122.26644371725821,37.921445648888664],[-122.26345799140908,37.921487633753735],[-122.26313455716203,37.922035087060209],[-122.26313364419249,37.922795415803179],[-122.26280220692614,37.923759915775832],[-122.26182575612705,37.924539801797863],[-122.26184392902766,37.925166227498288],[-122.26269412892375,37.92588752420108],[-122.26399712978244,37.928048976470464],[-122.26484967044699,37.931435019762262],[-122.26601426035602,37.933379113495292],[-122.26634671624507,37.933946591563675],[-122.26895042493931,37.935292792262914],[-122.2696858294468,37.935391283631326],[-122.26974044849803,37.935398601171812],[-122.27009479404859,37.935446052177554],[-122.27062558899347,37.936625116201554],[-122.27081892059229,37.936812562570537],[-122.27100047265303,37.936987846520417],[-122.2717988110378,37.937758616451994],[-122.27189030888725,37.938287680393437],[-122.27196959360025,37.938746098049798],[-122.27203717959372,37.939136890542883],[-122.27210476629985,37.939527682962584],[-122.27203876667153,37.939811562054317],[-122.27196064187699,37.940147577456216],[-122.27180608413144,37.940812358935212],[-122.26973777194578,37.941954005157804],[-122.26971882579629,37.94224743124898],[-122.2696458400864,37.943140754861545],[-122.26829430528988,37.943477310368664],[-122.26671191699057,37.943007036156466],[-122.2669666927206,37.944101628587255],[-122.26721362033223,37.944428928269723],[-122.26809693014778,37.944678584716392],[-122.26811186269632,37.944950919982048],[-122.2679611358319,37.945529964681796],[-122.26820108216967,37.945897756655576],[-122.26783672397502,37.946836449385358],[-122.26794549016267,37.946878978825183],[-122.26803011990128,37.9469023421305],[-122.26809052617901,37.946913579592398],[-122.26809855495215,37.946914544452824],[-122.26857718665264,37.946687417441716],[-122.26865894353305,37.946655546308605],[-122.26870252818065,37.946644859556649],[-122.26879272242222,37.946634555598322],[-122.26886512436721,37.946637127805573],[-122.26914729959149,37.946658313422667],[-122.26921730986919,37.94666356882248],[-122.2693115595691,37.946676844710652],[-122.26935684379146,37.946689251461166],[-122.26944129580525,37.946724938847808],[-122.26949133602756,37.946755991369251],[-122.26967005148778,37.94687999163655],[-122.26977636102554,37.946938969879803],[-122.26983476689983,37.946961541434298],[-122.26995888780606,37.946991618467791],[-122.270088196046,37.947000602676106],[-122.27015302959762,37.946997028031817],[-122.27027951160882,37.94697392810393],[-122.27038716683907,37.94693516592681],[-122.27043473932707,37.947014182189072],[-122.27078356542292,37.947593578606032],[-122.2710753322351,37.948073922385802],[-122.27199369340774,37.947632859028822],[-122.27199315210076,37.947841689705641],[-122.27204192282647,37.948319236927944],[-122.27179459712028,37.948438670381108],[-122.2714097687815,37.948624507250109],[-122.27169536654498,37.94909095241681],[-122.27212762909531,37.949804398175068],[-122.27226115322634,37.950024779711271],[-122.27235197834955,37.950174676776449],[-122.27244279222687,37.950324564028122],[-122.27290595793868,37.951088983291321],[-122.27306264687228,37.951347583212183],[-122.2731236515162,37.951448269746386],[-122.27318336944103,37.951546827197873],[-122.27329230194111,37.951726606361269],[-122.2733943189583,37.951894974218135],[-122.27304371633058,37.952055977505452],[-122.27289369993397,37.952124866948296],[-122.27276584517581,37.952183873285328],[-122.27256349725408,37.952277254056376],[-122.27238036143983,37.952361770923403],[-122.27221711539242,37.95243710652116],[-122.27199600598568,37.95253914480196],[-122.27182029362766,37.952620231405817],[-122.27160386930302,37.952720108906242],[-122.27177553872967,37.952828975862282],[-122.27240916263278,37.953027887623676],[-122.27266917448875,37.953223428057093],[-122.27288333978188,37.953380394135458],[-122.27296298863368,37.953401260434532],[-122.27339317154032,37.953114908282146],[-122.27366758426086,37.952932244723989],[-122.27369406320381,37.952914619890194],[-122.27408804633781,37.952649851325653],[-122.2745317982028,37.952351633776175],[-122.27485282039103,37.952135887962633],[-122.27488109805503,37.952116885001544],[-122.27503991824707,37.95201014823828],[-122.2754527811904,37.951732686905231],[-122.27612481052067,37.951281037367018],[-122.27629858584832,37.951463884575624],[-122.27637931511097,37.951542391997528],[-122.27642952017955,37.951586706004356],[-122.27646837764985,37.951621002988247],[-122.27653335143413,37.9516731945427],[-122.27659553360213,37.951707063338503],[-122.27664851178397,37.951725532716317],[-122.27670141999045,37.951743977890395],[-122.27675615417969,37.951759121681398],[-122.27681363464399,37.951765299990925],[-122.27684529641094,37.951768702516546],[-122.27689269968195,37.95177076712703],[-122.27701642978244,37.951758224302672],[-122.27707637792578,37.951744344355824],[-122.27713416600963,37.951725577441586],[-122.27722505140483,37.951683425145021],[-122.2776995448358,37.952213999209029],[-122.27790496931537,37.952443705824081],[-122.27801111665778,37.952562515216442],[-122.27801623209156,37.952568244411204],[-122.27802341703656,37.952576412542065],[-122.27837906092427,37.952980980662602],[-122.27838631390192,37.952989229753342],[-122.27839587680668,37.952983806862292],[-122.27847671923898,37.952938326292326],[-122.27906520897943,37.952604417144727],[-122.27928900588641,37.952477428741005],[-122.27951280889555,37.952350441608623],[-122.2797653416855,37.95220715106079],[-122.2803213314853,37.951891664247931],[-122.28151247735296,37.952089397524432],[-122.28142524406013,37.952417239208216],[-122.28129620062283,37.952895064486093],[-122.28227801232633,37.953068819673547],[-122.28239874956681,37.953127149230028],[-122.28326835236635,37.953547259457338],[-122.28327888161397,37.953552349820548],[-122.28500258814402,37.954385772539624],[-122.28626381857188,37.954995557888978],[-122.28627444153599,37.955000694334721],[-122.28628948812235,37.954983586399024],[-122.28742014350436,37.953698010436561],[-122.28816303550192,37.953549937151543],[-122.28909598288247,37.953363972864665],[-122.2904210971701,37.953721298277259],[-122.29105680226573,37.954477220512061],[-122.29284659119405,37.953513252685731],[-122.29313294917822,37.953849469116903],[-122.29434951849896,37.955612268506997],[-122.29598082044151,37.956304086157942],[-122.29605173033205,37.956575380611277],[-122.29762015619929,37.957105972266845],[-122.2979298240588,37.957105807990871],[-122.29789038371469,37.956558273511313],[-122.29810053914935,37.956499630526658],[-122.29575755864781,37.954893524851833],[-122.29865329186647,37.953969154388986],[-122.29879068184692,37.953925054703376],[-122.29881533572494,37.95391742509225],[-122.29884009818369,37.953909486527095],[-122.2994125309453,37.953723198860686],[-122.2999292852774,37.954497182488645],[-122.30014056900659,37.955367253618455],[-122.30203261762261,37.955002410251389],[-122.30180530202182,37.952712475158741],[-122.30811980421558,37.952676741070213],[-122.3083555602596,37.952675400107175],[-122.30812914133503,37.955154977656179],[-122.30805941404817,37.955918538920315],[-122.30800968763629,37.957522101744424],[-122.30800364649089,37.957716878547529],[-122.30788448592173,37.960017893573038],[-122.3079210620229,37.960017896393822],[-122.30828500427745,37.960017927475221],[-122.30872106646019,37.96002178850329],[-122.30889836673892,37.960021536055685],[-122.3088984954297,37.960005083375762],[-122.30933095101335,37.960006954419548]],[[-122.31179952127133,37.956384325841114],[-122.31197373422057,37.956569291498383],[-122.31211979262866,37.956674969013029],[-122.31236048173029,37.956760634832222],[-122.31293471830321,37.956832307481555],[-122.31337531488209,37.956981574326264],[-122.31330449191162,37.956994447323929],[-122.31323482251398,37.957012183280327],[-122.3131754885457,37.957046098717747],[-122.31313229414354,37.95709287393435],[-122.31311361075595,37.957132057481552],[-122.31306357520494,37.95737274809953],[-122.31295156520096,37.957884840162869],[-122.31224454749197,37.957835077001164],[-122.31181565040883,37.957563528002815],[-122.31179484133558,37.957563758703017],[-122.31141278548124,37.957550360924458],[-122.31079409375035,37.957168809562425],[-122.31044461196142,37.956813723933543],[-122.31035514401233,37.956368044693342],[-122.31035349221719,37.956359832466056],[-122.31036374628663,37.956353519544706],[-122.31167641971733,37.956126656385969],[-122.31179952127133,37.956384325841114]],[[-122.2999845215423,37.951061290133765],[-122.3001782746835,37.951466181293867],[-122.29856265815741,37.952183799240245],[-122.29850167790295,37.952035411146746],[-122.2994926899419,37.950944805949682],[-122.2999845215423,37.951061290133765]],[[-122.27434191962458,37.947868200676758],[-122.27419198225628,37.948074731863393],[-122.27403725811729,37.948122763346248],[-122.27341053792975,37.948107710396904],[-122.2732804754621,37.94770295888771],[-122.27347710260648,37.947477618475162],[-122.27401286687986,37.947377187864156],[-122.27434191962458,37.947868200676758]]]},"properties":{"AGENCY_NAM":"EBRPD","GLOBALID":"{32C2CF5C-7BD3-4D42-878D-09E390539732}","SHAPE.AREA":119276742.32187501,"SHAPE.LEN":80050.095102377294,"OBJECTID":16,"NAME":"Wildcat Canyon"}}]}