{"type":"FeatureCollection","features":[{"type":"Feature","id":1,"geometry":{"type":"Polygon","coordinates":[[[-122.2337018390605,37.912801111398174],[-122.23096477578822,37.912865542782392],[-122.23104459499265,37.913220584240179],[-122.23134308521742,37.914065935603311],[-122.23148247764065,37.914615985277898],[-122.23173522511939,37.914789121158584],[-122.23214118587882,37.915106996590616],[-122.23253171809992,37.915377238313063],[-122.23216389573817,37.915883225698245],[-122.23222793247966,37.916323822835388],[-122.23252900094066,37.916596141651645],[-122.23342076725703,37.916848802906067],[-122.23409821537327,37.917077918141494],[-122.23440098034708,37.917381527093852],[-122.23446985965805,37.917971925193115],[-122.23460460605141,37.918026981627854],[-122.23512210746688,37.91769316387051],[-122.23591099892771,37.918560748003863],[-122.23624831382992,37.918997396045789],[-122.23657544793754,37.91971606210501],[-122.23687230512641,37.919881309664525],[-122.23792700275828,37.91998467199133],[-122.23846391440436,37.919886049967772],[-122.2394380806839,37.919288713004512],[-122.23956828418714,37.919296409133267],[-122.23954513608885,37.919528028512211],[-122.23918184959921,37.919894706927359],[-122.23783830459345,37.921274236772966],[-122.23905019695756,37.921377135713605],[-122.2396044095108,37.92178282355578],[-122.23960824435599,37.921783987247871],[-122.2396120770115,37.921785154576675],[-122.23961590638237,37.921786327360707],[-122.23961973470078,37.921787503764712],[-122.23962185686915,37.921788157391305],[-122.2396246230508,37.921789010601991],[-122.23962738700038,37.921789865647824],[-122.23963015099233,37.921790722495281],[-122.23963567466014,37.921792446166265],[-122.23963843098785,37.921793315742612],[-122.23964118413654,37.921794195278444],[-122.23964393400053,37.921795080269511],[-122.23966219125516,37.921800992429645],[-122.23966225887877,37.921801013962707],[-122.23966232650237,37.921801035495704],[-122.23966239412587,37.921801057028738],[-122.23966246172832,37.92180107766093],[-122.2396627333175,37.921801161974543],[-122.23966280091997,37.921801182606721],[-122.23966286852234,37.921801203238928],[-122.23966293726195,37.921801223854352],[-122.23966300486441,37.921801244486545],[-122.23966355244362,37.921801406740933],[-122.23966389382512,37.921801508049889],[-122.23966423634373,37.921801609342054],[-122.23966457882011,37.921801708832568],[-122.23966492129654,37.921801808323089],[-122.23968814933178,37.921808522297042],[-122.23969150169131,37.921809485826067],[-122.23969485733565,37.921810443899716],[-122.23969821841241,37.921811391079331],[-122.23970158049967,37.921812332837042],[-122.23970495023023,37.921813260964704],[-122.23970832421368,37.921814176413449],[-122.23971170575598,37.921815074628839],[-122.23971509268836,37.921815960148493],[-122.23972484193156,37.921818482187703],[-122.2397260737241,37.921818811892827],[-122.23972729901055,37.921819155211196],[-122.23972851450618,37.921819517597953],[-122.23972972465417,37.921819894482034],[-122.23973092277915,37.921820292269814],[-122.23973211216594,37.921820705505915],[-122.23973328957209,37.921821141447374],[-122.2397344571028,37.921821592853945],[-122.23973522649293,37.921821899630963],[-122.23973677439194,37.921822513951916],[-122.23973832557573,37.921823122817528],[-122.2397398800443,37.921823726227743],[-122.23974143781882,37.921824325083527],[-122.23974443494618,37.921825469568489],[-122.23974750167558,37.921826622941033],[-122.23975058040696,37.921827754508975],[-122.23975367773085,37.921828854262486],[-122.23975678594061,37.921829933128983],[-122.23975760932473,37.921830213878245],[-122.23976051360656,37.921831183103457],[-122.23976343092173,37.921832126003068],[-122.23976636786094,37.921833032567328],[-122.23976931669634,37.921833912822734],[-122.23977227961777,37.921834763132424],[-122.23977525016132,37.921835598911265],[-122.23977823039009,37.921836411117305],[-122.23978121821992,37.921837207891663],[-122.23978464415734,37.921838107253421],[-122.23978934870378,37.92183934374043],[-122.23979405322918,37.921840579326449],[-122.2397987577759,37.92184181581316],[-122.23980346234389,37.92184305320044],[-122.23980800093914,37.921844247073139],[-122.23981096873933,37.921845014403523],[-122.23981394296111,37.921845764517336],[-122.2398169268681,37.92184649105829],[-122.2398199171966,37.921847200382658],[-122.23982041250284,37.921847316546057],[-122.23982315893643,37.921847958271087],[-122.2398259042964,37.921848602715308],[-122.23982864748771,37.921849251697289],[-122.23983139074248,37.921849903381684],[-122.23983554460682,37.921850893851392],[-122.2398362081605,37.921851053495658],[-122.23983687175644,37.921851214941668],[-122.2398375342998,37.921851380007787],[-122.23983819572706,37.921851545991515],[-122.23983885719659,37.92185171377691],[-122.23983951752895,37.92185188157903],[-122.23984017899855,37.921852049364418],[-122.23984084044697,37.921852216248993],[-122.23984339479914,37.921852865308438],[-122.23984533561351,37.921853353085773],[-122.23984727741713,37.921853834540428],[-122.23984922357927,37.921854307820425],[-122.239851171889,37.921854775661828],[-122.23985932042685,37.921856711183068],[-122.23986225277528,37.921857373598975],[-122.23986519893477,37.92185799435817],[-122.23986816520001,37.921858550839033],[-122.23987114525507,37.921859064762295],[-122.23987413781485,37.921859529838827],[-122.23987713666928,37.921859972293646],[-122.23988014270184,37.92186038129983],[-122.23988315500786,37.921860766783489],[-122.23988687082991,37.921861221206704],[-122.23989110594084,37.921861747283018],[-122.23989533905227,37.921862285103657],[-122.23989956803781,37.921862841008085],[-122.23990379500277,37.921863407755978],[-122.23990532884002,37.921863616761158],[-122.23990878580257,37.921864093019686],[-122.23991224065993,37.921864576518367],[-122.23991569351783,37.92186507176141],[-122.23991914424934,37.921865573343787],[-122.23992259607587,37.921866073107623],[-122.23992604990192,37.921866561126905],[-122.23992950789619,37.921867032863794],[-122.23993296789008,37.921867492856123],[-122.23994045688673,37.921868470243716],[-122.23994328559598,37.921868836802382],[-122.23994611422066,37.921869199757573],[-122.23994894497177,37.921869556373224],[-122.23995177565949,37.92186991028634],[-122.23995460742098,37.921870261480038],[-122.23995743916136,37.921870611772867],[-122.23996026978571,37.921870962983235],[-122.23996310154729,37.921871314176727],[-122.23997253236391,37.921872482842197],[-122.23997430638431,37.921872698221378],[-122.23997608143623,37.921872909079518],[-122.2399778585511,37.921873110895675],[-122.23997963667628,37.921873307289985],[-122.23998141583297,37.921873499163311],[-122.23998319494733,37.921873689234872],[-122.23998497399835,37.921873876603911],[-122.23998675414424,37.921874062154473],[-122.24000956961697,37.921876428652773],[-122.24001020370029,37.921876495911],[-122.24001083784702,37.92187656587177],[-122.24001147096229,37.92187664035351],[-122.24001210409867,37.921876715736119],[-122.24001273620358,37.921876795639697],[-122.24001336719247,37.921876876460878],[-122.24001399826592,37.92187696088542],[-122.24001462938168,37.921877047111629],[-122.24002017497956,37.921877814314087],[-122.24002329408329,37.921878242377744],[-122.24002641417616,37.921878664118623],[-122.24002953521602,37.92187907773507],[-122.2400326584246,37.92187948681368],[-122.24003572331853,37.921879883233849],[-122.24003731502701,37.921880085977868],[-122.24003890776707,37.921880284200967],[-122.2400405015174,37.921880477002155],[-122.24004209629919,37.921880665282373],[-122.24004235750154,37.921880694777535],[-122.24004382221905,37.921880866950517],[-122.24004528582054,37.921881040041058],[-122.24004674950662,37.921881216734917],[-122.24004821209779,37.921881395247205],[-122.24004967477352,37.921881577362896],[-122.24005113639669,37.921881763098661],[-122.24005259696725,37.921881952454569],[-122.2400540576224,37.921882145413818],[-122.24007220459877,37.921884568954134],[-122.24007532563913,37.921884982569345],[-122.24007844657378,37.921885391680256],[-122.24008156963487,37.921885794451647],[-122.24008469372743,37.921886192702019],[-122.24008781887265,37.921886587332146],[-122.2400909439333,37.921886978358785],[-122.24009407006771,37.921887366666063],[-122.240097197276,37.921887752253987],[-122.24010307285053,37.921888474039662],[-122.24010707854049,37.921888967441582],[-122.2401110831355,37.921889462661788],[-122.24011508779405,37.921889960584373],[-122.24011909137887,37.92189046122617],[-122.24012309504833,37.921890965471135],[-122.2401270965281,37.921891473352922],[-122.24013109811357,37.921891985738768],[-122.24013509862536,37.921892500843768],[-122.24014021289825,37.921893163552177],[-122.2401418307419,37.921893365008714],[-122.24014345062736,37.921893556522377],[-122.24014507356488,37.921893732671371],[-122.24014669740698,37.921893898894332],[-122.24014832428013,37.921894048851755],[-122.24014995315268,37.921894187064638],[-122.24015158389793,37.921894308128003],[-122.2401532155054,37.92189441746352],[-122.24015645894377,37.9218946175016],[-122.24015971272279,37.921894821893041],[-122.24016296660757,37.921895030788619],[-122.24016621950318,37.921895246006777],[-122.24016947250449,37.921895465729065],[-122.2401719826736,37.921895637819091],[-122.24017409978786,37.921895785059966],[-122.24017621582843,37.921895935020125],[-122.24017833197472,37.921896089484441],[-122.24018047554084,37.921896248951761],[-122.24018257795608,37.921896400013644],[-122.24018468131827,37.921896542951167],[-122.24018678552159,37.921896673260058],[-122.24018889065056,37.921896794543692],[-122.24019099683215,37.92189691220711],[-122.24019310305609,37.921897031672245],[-122.24019520824855,37.921897155658336],[-122.24019731350447,37.921897282346876],[-122.24020378551349,37.92189767903492],[-122.24020639822156,37.921897857724026],[-122.24020900808895,37.921898060786191],[-122.24021161313748,37.921898300866694],[-122.24021421418703,37.921898564436184],[-122.24021709625804,37.92189887793505],[-122.24021825495757,37.921899001445766],[-122.24021941468861,37.921899120435484],[-122.24022057545112,37.921899234904231],[-122.24022173612902,37.921899345769546],[-122.24022289882754,37.92189944579124],[-122.24022406243064,37.921899535886887],[-122.24022522679027,37.92189960975049],[-122.24022639321279,37.921899674572153],[-122.24025312066946,37.921900965084845],[-122.24025362639216,37.921900991878431],[-122.24025413104116,37.921901021391321],[-122.24025463463751,37.921901054524319],[-122.2402551383185,37.921901091260708],[-122.24025564208404,37.921901131600485],[-122.2402561447547,37.921901173758684],[-122.24025664753114,37.921901220421113],[-122.24025715034981,37.921901268885257],[-122.24026305135392,37.921901862324063],[-122.24026650519043,37.921902205246944],[-122.24026995887897,37.921902541863801],[-122.24027341460931,37.921902868537771],[-122.24027687132883,37.921903188888933],[-122.24028227511106,37.921903681513164],[-122.24028380494153,37.921903816677606],[-122.24028533576114,37.921903945519304],[-122.24028686752764,37.921904066236671],[-122.24028840026212,37.921904179730461],[-122.2402899328486,37.921904286918334],[-122.24029146648769,37.921904390486027],[-122.24029300115822,37.921904489532771],[-122.24029453574417,37.921904584976048],[-122.24030988899312,37.921905514967897],[-122.24031281992875,37.921905680855879],[-122.24031575052605,37.921905832330324],[-122.24031868398501,37.921905960332417],[-122.24032161824283,37.921906073904168],[-122.24032455428861,37.921906166722884],[-122.24032748999598,37.921906245127964],[-122.24033042749132,37.921906302780094],[-122.24033336464819,37.921906346018524],[-122.24034245877553,37.921906449941382],[-122.24034569198656,37.921906505038685],[-122.24034892235701,37.921906584508946],[-122.24035215243627,37.921906700029687],[-122.24035537967498,37.921906839923487],[-122.24035860746362,37.921907003239141],[-122.24036183310479,37.921907171993297],[-122.2403650589786,37.921907350656653],[-122.24036828386332,37.921907535642589],[-122.24037203401485,37.92190775614516],[-122.24037623096108,37.921907964657954],[-122.24038043013458,37.921908122673003],[-122.24038463323856,37.921908205833887],[-122.2403888385486,37.921908237596249],[-122.24039304486396,37.921908215274144],[-122.24039725062943,37.921908169529921],[-122.2404014556123,37.921908090454245],[-122.24040566004527,37.921907987956466],[-122.24040606815385,37.921907975635548],[-122.24041030299519,37.921907860073325],[-122.24041453796343,37.921907749916073],[-122.24041877312206,37.92190764786627],[-122.24042300844978,37.921907553023104],[-122.24042724508399,37.92190746536977],[-122.24043148072903,37.921907384038988],[-122.24043571656441,37.921907310815605],[-122.24043995368508,37.921907243881286],[-122.2404403505697,37.921907238033661],[-122.24044458867945,37.921907164776513],[-122.24044882537706,37.921907079824933],[-122.24045306274651,37.921906975037857],[-122.24045729870376,37.921906858556412],[-122.24046153419567,37.921906722256217],[-122.24046576823312,37.921906572459918],[-122.24047000182635,37.921906403745666],[-122.24047423398621,37.92190622243627],[-122.24047696699738,37.921906098360331],[-122.24048072580494,37.921905912310002],[-122.24048448187267,37.921905706474469],[-122.24048823494687,37.921905470043583],[-122.24049198641841,37.92190521381071],[-122.24049212951589,37.921905203591876],[-122.24049580517043,37.921904916034364],[-122.2404994767999,37.921904602402449],[-122.24050314292869,37.92190424829942],[-122.24050680501121,37.921903867221161],[-122.24052165908054,37.921902238945933],[-122.24052349190157,37.921902051534367],[-122.24052532628286,37.921901882122889],[-122.24052716466799,37.921901737884816],[-122.24052900463455,37.921901612547749],[-122.24053084873186,37.921901517789067],[-122.2405326922843,37.921901448270823],[-122.24053453895726,37.921901414752895],[-122.24053638506406,37.921901405574452],[-122.24055525320853,37.921901499737181],[-122.24055728497591,37.921901500439006],[-122.24055931535227,37.921901490347352],[-122.24056134646391,37.921901463122907],[-122.24056337730059,37.921901424187411],[-122.24056540775652,37.921901369036654],[-122.24056743684253,37.921901303993323],[-122.24056946559007,37.921901224536448],[-122.24057149410494,37.921901135170224],[-122.24059306499912,37.921900107212387],[-122.24059448085663,37.921900039489472],[-122.24059589675639,37.921899973568237],[-122.24059731265615,37.92189990764701],[-122.24059872857704,37.921899842626623],[-122.24060014451912,37.921899778507026],[-122.24060156048238,37.921899715288262],[-122.24060297644557,37.92189965206952],[-122.24060439240883,37.921899588850714],[-122.24063139490012,37.921898397042831],[-122.24063212904801,37.921898365498286],[-122.24063286431195,37.92189833303614],[-122.24063359843862,37.921898300590669],[-122.24063433256535,37.921898268145284],[-122.24063445757329,37.921898262698626],[-122.24063513031213,37.92189823205895],[-122.24063580193487,37.921898202336877],[-122.24063647355761,37.92189817261476],[-122.24063714631755,37.921898142875897],[-122.24067011780686,37.921896661244126],[-122.24070282309229,37.921897456244537],[-122.24070368128523,37.921897475138714],[-122.24070454050958,37.92189748951192],[-122.24070539849097,37.92189749939768],[-122.24070625754615,37.921897506564086],[-122.24070648168131,37.921897507767042],[-122.24070745209785,37.921897509687788],[-122.2407084224087,37.92189750710434],[-122.2407093937298,37.921897499099032],[-122.24071036382908,37.921897487507074],[-122.24073672741844,37.921897089096824],[-122.24073776006394,37.921897076582965],[-122.24073879275183,37.921897065870738],[-122.24073982670379,37.921897060546883],[-122.24074085960318,37.92189705884315],[-122.24074189254489,37.921897058941099],[-122.24074292548661,37.921897059039026],[-122.24074395956555,37.921897059120177],[-122.24074499250722,37.921897059218118],[-122.24076980924286,37.921897060279079],[-122.24077122742203,37.921897042984668],[-122.24077264505117,37.921897002268217],[-122.24077405960195,37.921896927353188],[-122.24077547248663,37.921896829933736],[-122.24077590961244,37.92189679375381],[-122.24077753864547,37.921896648091149],[-122.24077916386496,37.921896485362737],[-122.24078078503815,37.921896295659174],[-122.24078240355615,37.921896089773881],[-122.24078527256071,37.921895701449969],[-122.240788323095,37.921895292427713],[-122.24079137603064,37.921894888776912],[-122.24079443029378,37.921894493216854],[-122.24079748470498,37.921894103962693],[-122.24080735371436,37.921892859113086],[-122.24080803769294,37.921892774237335],[-122.24080872175611,37.921892692964946],[-122.24080940819951,37.921892616163284],[-122.24081009356917,37.921892542080919],[-122.2408107801395,37.921892470684355],[-122.24081146673099,37.921892400188554],[-122.24081215334363,37.921892330593664],[-122.24081284113578,37.921892262783672],[-122.24083291754765,37.921890279951462],[-122.24083465168462,37.921890104803268],[-122.24083638567353,37.921889923349113],[-122.24083811833484,37.921889733804065],[-122.24083984973191,37.921889538870687],[-122.24084158095984,37.921889336730501],[-122.24084330987097,37.921889132822159],[-122.24084503979233,37.921888923491885],[-122.24084676737586,37.921888711492628],[-122.24085689897213,37.921887458263285],[-122.24085925500144,37.921887170316651],[-122.24086161345322,37.921886888642327],[-122.24086397211651,37.921886615976398],[-122.24086633318116,37.921886348681994],[-122.24086869439391,37.921886087693473],[-122.24087105680729,37.921885829390689],[-122.24087341936875,37.921885577393724],[-122.24087578310976,37.92188532718172],[-122.24089038701389,37.921883800772896],[-122.24089292451437,37.921883538086973],[-122.24089546207829,37.921883278103557],[-122.24089800204351,37.921883023491596],[-122.24090054095615,37.921882772499742],[-122.24090307974181,37.921882516102784],[-122.24090561602036,37.921882249829977],[-122.24090815078084,37.921881967358672],[-122.24091068303416,37.921881675011512],[-122.2409230756663,37.921880206420134],[-122.24092602044438,37.921879847615379],[-122.24092896149357,37.921879475348184],[-122.24093189866559,37.921879083312554],[-122.24093483326696,37.921878678698519],[-122.24093776534002,37.921878263307846],[-122.24094069857141,37.921877848801131],[-122.24094363066557,37.921877434311149],[-122.24094656391804,37.921877020705118],[-122.24095334882929,37.921876063708062],[-122.24095718589469,37.921875528642474],[-122.24096102548842,37.921875004353346],[-122.24096486765272,37.921874492642431],[-122.24096871118688,37.921873990823912],[-122.2409725596718,37.921873506054311],[-122.24097640965358,37.921873036582163],[-122.24098026467074,37.921872587762323],[-122.24098412118474,37.921872154239985],[-122.24098417339039,37.921872148964738],[-122.24098805974675,37.921871726717491],[-122.24099194738834,37.921871310759236],[-122.24099583519917,37.921870902007619],[-122.2409997254325,37.921870499528332],[-122.24100422290643,37.921870038535346],[-122.24100744042781,37.921869716260815],[-122.24101066041389,37.92186940206026],[-122.24101388189692,37.921869103157228],[-122.2410171047287,37.921868813245844],[-122.24102032901504,37.921868536830281],[-122.241023554629,37.921868268505428],[-122.24102678167634,37.921868012775619],[-122.24103001007241,37.921867766037408],[-122.24104025440543,37.921867002261394],[-122.2410428059375,37.921866804248715],[-122.24104535496234,37.921866596360303],[-122.24104790249028,37.921866373174147],[-122.24105044862706,37.921866139194606],[-122.24105299204513,37.921865886330707],[-122.24105553282904,37.921865618185961],[-122.24105806967241,37.921865327570316],[-122.24106060388154,37.921865021673739],[-122.24106968137802,37.921863884892034],[-122.24107229925357,37.921863557035429],[-122.24107491712907,37.921863229178769],[-122.24107753618411,37.921862903106977],[-122.24108015408075,37.921862576151035],[-122.24108129291392,37.921862435005878],[-122.24108334139393,37.921862178622419],[-122.24108538987399,37.921861922238975],[-122.24108743831161,37.921861664053765],[-122.24108948670693,37.921861404066881],[-122.24109082848604,37.921861233796804],[-122.24109220543383,37.921861059403653],[-122.24109358240274,37.921860885911421],[-122.24109495939283,37.921860713319973],[-122.24109633752009,37.92186054071172],[-122.24109771590129,37.921860378913657],[-122.24109909687422,37.92186023059471],[-122.24110048172432,37.921860102044079],[-122.24110186802901,37.921859986989297],[-122.24112344163677,37.921858348810815],[-122.24112440467408,37.921858278744317],[-122.24112536781713,37.921858213182055],[-122.24112633112951,37.921858154826573],[-122.2411272956849,37.921858100958502],[-122.24112826026142,37.9218580479913],[-122.24112922477447,37.92185799232157],[-122.24113018916059,37.921857931246706],[-122.24113115234597,37.921857867486104],[-122.24114368106056,37.921857010553786],[-122.24115031846034,37.921856554059673],[-122.24115695577538,37.92185609396175],[-122.24116359184731,37.921855629376026],[-122.24117022785568,37.921855162087382],[-122.24118202669591,37.921854324920886],[-122.24118276383147,37.921854275305698],[-122.24118349991457,37.921854229310668],[-122.24118423726175,37.921854188703925],[-122.24118497467246,37.921854150799739],[-122.24118571212544,37.921854114697247],[-122.24118644957849,37.92185407859472],[-122.24118718698919,37.921854040690491],[-122.24118792439984,37.921854002786304],[-122.24121000853643,37.921852838284742],[-122.24121108447422,37.921852780070751],[-122.24121216032732,37.921852718253355],[-122.24121323495864,37.921852652849289],[-122.24121430950521,37.92185258384189],[-122.24121538407302,37.921852515735281],[-122.2412164598415,37.921852450314482],[-122.24121753455738,37.921852388513763],[-122.24121861049514,37.921852330299672],[-122.24123823842899,37.921851305631179],[-122.24123967237442,37.921851233128109],[-122.24124110638331,37.921851163327538],[-122.24124254165635,37.921851098915297],[-122.24124397585568,37.921851037222382],[-122.24124541119222,37.921850975512591],[-122.24124684528576,37.92185090931536],[-122.24124828036837,37.921850836795421],[-122.24124971422908,37.921850760688869],[-122.24126682205984,37.921849819122393],[-122.24126868066357,37.921849712423359],[-122.24127054027748,37.921849600302423],[-122.24127239740534,37.921849479206507],[-122.2412742555434,37.921849352688767],[-122.24127611256542,37.921849227088558],[-122.24127797087286,37.921849107777483],[-122.2412798305714,37.921848999259794],[-122.24128169041796,37.921848897047987],[-122.24129603393312,37.9218481512248],[-122.24129817608143,37.921848056566333],[-122.24130031877995,37.921847985329855],[-122.24130246224027,37.921847946523734],[-122.24130460736686,37.921847930221958],[-122.24130675310715,37.921847940044671],[-122.24130889912256,37.921847961578329],[-122.24131104328673,37.921848001162374],[-122.24131318772609,37.921848052457392],[-122.24132989186108,37.921848521737132],[-122.24133187711298,37.921848576279579],[-122.24133386232263,37.92184862902031],[-122.24133584744764,37.921848678157623],[-122.24133783255148,37.92184872639406],[-122.24133981773996,37.921848778233851],[-122.24134180307658,37.921848836379517],[-122.24134378748759,37.921848903550362],[-122.24134577095191,37.92184897884556],[-122.24136421169487,37.921849717198839],[-122.24136585945116,37.921849787529844],[-122.2413675073134,37.921849862365058],[-122.24136915538719,37.921849946208624],[-122.24137080245079,37.92185003547408],[-122.24137244955668,37.921850126541209],[-122.24137409550421,37.921850216724216],[-122.24137574366269,37.921850304171102],[-122.24137739062051,37.921850388932192],[-122.24139862890979,37.921851474438363],[-122.24139988403449,37.921851537940825],[-122.24140114023299,37.921851598723947],[-122.24140239638912,37.921851657705339],[-122.24140365248174,37.921851713984239],[-122.24140490853209,37.921851768461373],[-122.24140616454008,37.921851821136848],[-122.24140742164298,37.921851871993852],[-122.24140867756626,37.92185192106588],[-122.24143247012699,37.921852828330444],[-122.24143349829212,37.921852867242549],[-122.24143452645718,37.921852906154598],[-122.24143555460114,37.921852944165785],[-122.24143658160789,37.921852982193741],[-122.24143760970952,37.921853018403226],[-122.24143863894831,37.92185305459595],[-122.2414396670288,37.921853089904602],[-122.24144069508812,37.921853124312413],[-122.24146606397809,37.921853966878331],[-122.24146693038512,37.921853996459753],[-122.24146779681332,37.921854026942093],[-122.24146866437874,37.921854057407579],[-122.24146953084924,37.921854089691543],[-122.24147039734093,37.921854122876375],[-122.2414712638538,37.921854156961999],[-122.24147213038778,37.921854191948469],[-122.24147299692181,37.921854226934968],[-122.24150042522312,37.921855375264357],[-122.24150087614849,37.921855393848908],[-122.24150132709515,37.921855413334299],[-122.24150177802058,37.921855431918814],[-122.24150222894603,37.921855450503323],[-122.24150267989258,37.921855469988721],[-122.24150313081802,37.921855488573222],[-122.24150358176463,37.921855508058627],[-122.24150403271121,37.921855527543975],[-122.24152616855828,37.921856467324652],[-122.24152712621684,37.921856507275379],[-122.24152808387537,37.921856547226106],[-122.24152904153397,37.921856587176812],[-122.24152999915023,37.921856625325816],[-122.24153095678759,37.921856664375689],[-122.24153191444614,37.92185670432638],[-122.24153287208352,37.921856743376232],[-122.24153382862605,37.921856784244518],[-122.24153400057668,37.921856791622162],[-122.24153504251531,37.921856835737245],[-122.24153608559116,37.921856879835559],[-122.24153712868822,37.921856924834678],[-122.24153817178522,37.921856969833811],[-122.24154961165183,37.921857461723171],[-122.24155313606076,37.921857612522636],[-122.24155665929018,37.921857761537126],[-122.24156018361442,37.921857908733003],[-122.24156370791755,37.921858055027968],[-122.24156769792987,37.921858219689156],[-122.24156922830056,37.921858280934075],[-122.24157075744942,37.921858338592351],[-122.24157228762971,37.921858391729614],[-122.24157381772531,37.921858441263474],[-122.24157672757269,37.921858532635021],[-122.24157971243329,37.921858621098217],[-122.24158269826175,37.921858702337808],[-122.24158568387855,37.921858774568832],[-122.24158866934727,37.921858840493911],[-122.24160051171368,37.921859081329281],[-122.24160289031181,37.921859124660912],[-122.2416052698354,37.921859158967244],[-122.24160764796788,37.921859182480219],[-122.24161002820537,37.921859198752813],[-122.24161163920611,37.921859205640118],[-122.24161482439366,37.921859201934311],[-122.24161800903096,37.921859174806372],[-122.24162119284273,37.92185911254542],[-122.24162437612536,37.921859027763226],[-122.24163597996409,37.921858654818976],[-122.24163789741154,37.921858583292831],[-122.24163981342538,37.921858499171542],[-122.24164172897356,37.921858395231631],[-122.24164364197225,37.921858279614227],[-122.24164555458991,37.921858147781613],[-122.2416474659222,37.921858009659765],[-122.24164937586325,37.921857860744552],[-122.241651285635,37.921857704622511],[-122.24167182844585,37.921855964391298],[-122.24167258910259,37.921855899106596],[-122.24167335087536,37.921855832904271],[-122.24167411148981,37.921855765817838],[-122.24167487210421,37.921855698731441],[-122.24167563265509,37.921855628942474],[-122.24167639318485,37.921855558252666],[-122.24167715369343,37.921855486662011],[-122.24167791415968,37.921855413269697],[-122.24168365500428,37.92185485461637],[-122.24168728458626,37.921854494707212],[-122.24169091284051,37.921854126707096],[-122.24169453852392,37.921853746128583],[-122.24169816401685,37.92185335744233],[-122.24170805172632,37.921852279856758],[-122.24170825932667,37.921852255167991],[-122.24170846688463,37.921852228677551],[-122.24170867435795,37.92185219858375],[-122.24170888063063,37.921852165804182],[-122.24170908683969,37.921852130322058],[-122.24170929189049,37.921852093955849],[-122.24170949687775,37.921852054887111],[-122.24170970068545,37.92185201403349],[-122.24171076038823,37.921851797450579],[-122.24171149519506,37.921851648739086],[-122.24171223006545,37.921851502730163],[-122.24171296613655,37.921851359407022],[-122.2417137022499,37.921851217885511],[-122.24173787554253,37.921846638635273],[-122.24174084029607,37.921846065040086],[-122.24174380011978,37.921845475296749],[-122.24174675256984,37.921844862231936],[-122.24174969897396,37.921844233936525],[-122.24175263073676,37.921843563502506],[-122.24175554562603,37.921842852765131],[-122.24175843635302,37.921842082006421],[-122.24176131022773,37.921841271845189],[-122.24176539444268,37.92184007165941],[-122.24176818095839,37.921839223135152],[-122.24177094961161,37.921838340630273],[-122.24177369203963,37.921837407146029],[-122.2417764154257,37.921836437896204],[-122.24177678424319,37.92183630269129],[-122.24177931068714,37.921835375996224],[-122.24178183601489,37.921834450218739],[-122.24178436247981,37.921833524424443],[-122.24178688894469,37.921832598630068],[-122.24178942137067,37.921831684462781],[-122.24179196329652,37.921830787277372],[-122.24179451828179,37.921829913329447],[-122.24179708160848,37.921829055479257],[-122.24180852835053,37.921825289273073],[-122.24180907591466,37.921825111781452],[-122.24180962467955,37.921824936975568],[-122.24181017582458,37.921824766640412],[-122.24181072817042,37.921824598991002],[-122.241811386736,37.921824400938284],[-122.24181161157887,37.921824335443013],[-122.24181183646414,37.92182427174945],[-122.24181206252891,37.921824209840821],[-122.24181228865719,37.921824150634691],[-122.24181251596502,37.921824093213516],[-122.24181274441008,37.92182403577555],[-122.24181297291857,37.921823981040134],[-122.24181320142716,37.921823926304747],[-122.24181341978553,37.921823875323589],[-122.24181375689408,37.921823794655559],[-122.24181409280189,37.921823711301791],[-122.24181442864622,37.921823625245466],[-122.24181476213151,37.921823535619275],[-122.24183444716289,37.921818163726996],[-122.2418365597258,37.921817584672311],[-122.24183867224627,37.921817003815875],[-122.24184078240772,37.92181641938955],[-122.24184289252678,37.921815833161496],[-122.24184500270931,37.921815249635983],[-122.24184711763108,37.921814674150937],[-122.24184923621851,37.921814109425668],[-122.24185135836571,37.921813550956024],[-122.24185236920415,37.92181328823218],[-122.24185500162629,37.921812611395708],[-122.2418576376505,37.921811942616444],[-122.24186027854097,37.92181128728275],[-122.24186292187514,37.921810639122214],[-122.24186538781149,37.921810042240018],[-122.24186922709406,37.921809117811925],[-122.24187306877802,37.921808198755187],[-122.24187691410629,37.921807289557329],[-122.24188076299424,37.921806386614946],[-122.24188461811856,37.92180550701061],[-122.24188848293309,37.921804652495616],[-122.24189236112474,37.92180383473071],[-122.24189624675343,37.921803042989616],[-122.24190636847737,37.921801031941946],[-122.24190827205044,37.921800660530451],[-122.24191017808842,37.92180029719308],[-122.2419120878132,37.921799945516305],[-122.24191400002408,37.921799602814453],[-122.24191591465747,37.921799266384902],[-122.24191782817489,37.92179893087296],[-122.2419197428294,37.921798595344235],[-122.24192165750515,37.921798260716308],[-122.24193017956004,37.921796773398157],[-122.24193358638576,37.921796180662945],[-122.24193699327489,37.921795590630175],[-122.24194040140704,37.921795005084768],[-122.24194380958151,37.92179442134092],[-122.24194899104307,37.921793537495311],[-122.24194981027712,37.921793399252408],[-122.24195062953233,37.921793261910295],[-122.24195144996708,37.921793126353144],[-122.24195226928582,37.921792991713581],[-122.24195308978409,37.921792858858957],[-122.24195391028232,37.921792726004291],[-122.24195473193893,37.921792594033732],[-122.24195555245838,37.921792462079907],[-122.2419780105534,37.921788865102478],[-122.24197920505837,37.921788672662835],[-122.24198039949979,37.9217884775206],[-122.24198159276168,37.921788280593489],[-122.24198278598122,37.921788081864577],[-122.24198398042263,37.921787886722335],[-122.24198517496991,37.921787696084323],[-122.24198637198207,37.921787513520329],[-122.24198757141683,37.9217873372287],[-122.24199495220994,37.921786274960247],[-122.24199757710758,37.921785907328513],[-122.24200020457597,37.92178555227504],[-122.24200283590051,37.921785216088985],[-122.24200546979586,37.921784892481135],[-122.24200810617729,37.921784577848157],[-122.24201074135797,37.921784260529307],[-122.24201337649633,37.921783941408741],[-122.24201601159227,37.921783620486408],[-122.24202450097287,37.921782582419695],[-122.24202725421083,37.921782254347981],[-122.24203000995601,37.921781936151852],[-122.24203276721946,37.921781634154193],[-122.24203552814856,37.921781342916219],[-122.24203829057471,37.921781066975818],[-122.24204105552934,37.921780801811948],[-122.24204382198101,37.921780551945645],[-122.24204658980275,37.921780311971737],[-122.24205792637548,37.921779361680713],[-122.24206069325047,37.921779129830867],[-122.2420634601043,37.921778897080181],[-122.24206622695813,37.921778664329381],[-122.2420689938119,37.921778431578502],[-122.24207175813716,37.921778188050972],[-122.2420745221449,37.921777931010695],[-122.24207728113802,37.921777654218879],[-122.24208003981359,37.921777363914273],[-122.24208986513058,37.921776294425861],[-122.2420932632406,37.92177591178428],[-122.24209665869509,37.921775512960906],[-122.24210004898674,37.921775088079983],[-122.2421034366228,37.921774647017322],[-122.24210682052973,37.921774192492173],[-122.24211020437311,37.921773735264424],[-122.24211358815286,37.92177327533399],[-122.24211697073193,37.921772812717741],[-122.24211978973024,37.921772426901022],[-122.24212430387109,37.921771804312229],[-122.24212881788492,37.921771176318202],[-122.2421333294337,37.921770540249938],[-122.24213783971814,37.921769898793194],[-122.24214642472315,37.92176867006431],[-122.24214871951919,37.92176834244281],[-122.24215101433637,37.921768015722051],[-122.24215330919583,37.921767690802959],[-122.24215560407652,37.921767366784692],[-122.2421570304641,37.921767166417531],[-122.2421586132775,37.921766942115568],[-122.24216019493255,37.921766716929532],[-122.24216177536569,37.921766488156855],[-122.24216335687254,37.921766256664803],[-122.24216736443431,37.921765667679139],[-122.2421709466461,37.921765131826746],[-122.24217452514975,37.921764583412802],[-122.24217809979717,37.921764016131199],[-122.24218167073644,37.921763436288067],[-122.24219061169612,37.921761960795934],[-122.24219160902555,37.921761801000372],[-122.24219260766155,37.921761648394771],[-122.2421936076253,37.921761503879992],[-122.24219461003281,37.921761366538433],[-122.24219561374699,37.921761236386899],[-122.2421966187253,37.921761111623574],[-122.24219762501023,37.921760994050295],[-122.2421986314222,37.921760881882001],[-122.24220135018864,37.921760587657424],[-122.24220371459259,37.921760317583434],[-122.24220607514025,37.921760028641948],[-122.24220842936664,37.921759712758963],[-122.24221078087402,37.921759377991691],[-122.24222623925947,37.921757085446615],[-122.24222670289315,37.921757015527511],[-122.24222716648445,37.921756943806685],[-122.24222762889627,37.921756870300968],[-122.24222809238171,37.921756794075918],[-122.24222855357161,37.921756716983609],[-122.24222901587754,37.92175663897364],[-122.24222947818343,37.921756560963672],[-122.24222993933098,37.92175648206964],[-122.24224582754346,37.921753746121098],[-122.24224830312025,37.921753317605109],[-122.24225077863349,37.921752886386507],[-122.24225325178763,37.921752451598039],[-122.24225572487819,37.92175201410695],[-122.24225819796877,37.921751576615861],[-122.24226067219645,37.921751139107926],[-122.24226314535048,37.921750704319209],[-122.24226561966279,37.921750270414563],[-122.24227273113945,37.921749027363532],[-122.24227616514725,37.92174842971167],[-122.24227960151404,37.921747835629553],[-122.24228303914502,37.921747246935603],[-122.24228647683945,37.921746660944073],[-122.24228991324848,37.92174606866331],[-122.24229334592818,37.921745462920157],[-122.24229677361436,37.921744838326191],[-122.24230019643407,37.921744200286504],[-122.24230067211101,37.921744110364031],[-122.24230432657492,37.921743405826589],[-122.24230797492929,37.921742683355994],[-122.24231161473024,37.921741935779025],[-122.24231524955889,37.921741170252126],[-122.24232556456253,37.921738961667366],[-122.24232712004843,37.921738639540003],[-122.24232867928467,37.92173833177587],[-122.24233024469395,37.921738044647256],[-122.24233181496962,37.921737770964185],[-122.24233339036576,37.92173752153689],[-122.24233497071305,37.921737289158521],[-122.24233655624444,37.921737083738364],[-122.24233814563199,37.921736897185646],[-122.24235890692151,37.921734629137916],[-122.2423599757943,37.921734512442391],[-122.24236104578311,37.921734394829194],[-122.2423621146347,37.92173427723278],[-122.24236318348633,37.92173415963633],[-122.24236516118276,37.921733941222087],[-122.24236524173359,37.921733931923534],[-122.24236532224198,37.921733920823286],[-122.24236540161321,37.921733909739856],[-122.24236548207926,37.921733896837914],[-122.24236580160567,37.921733842561181],[-122.24236588091335,37.921733828775203],[-122.24236596019988,37.92173381408837],[-122.24236603946521,37.921733798500668],[-122.24236611873059,37.921733782912959],[-122.2423941204696,37.921728063865721],[-122.24239697578786,37.921727481054248],[-122.24239983108481,37.921726897341884],[-122.242402686403,37.921726314530289],[-122.24240554169991,37.921725730817798],[-122.24240839828222,37.92172515339437],[-122.2424112572871,37.921724582243222],[-122.24241411993648,37.921724020950968],[-122.24241698389244,37.921723466848675],[-122.24241779476209,37.921723311603841],[-122.24242054801337,37.921722790674899],[-122.24242330372955,37.921722277819974],[-122.24242606311144,37.921721775724819],[-122.24242882382103,37.921721281720387],[-122.24243223836677,37.921720678944062],[-122.24243329541623,37.921720494835448],[-122.2424343513497,37.921720311644378],[-122.24243540966341,37.921720132924044],[-122.2424364679983,37.9217199551045],[-122.2424375264179,37.921719780888353],[-122.24243858597465,37.921719606655394],[-122.24243964559503,37.92171943512502],[-122.24244070525765,37.921719265396277],[-122.24245312663781,37.921717279856125],[-122.24245604654044,37.921716831264213],[-122.24245897152122,37.921716405126205],[-122.24246190299272,37.921716013136411],[-122.24246484067956,37.921715643583816],[-122.24246778517471,37.921715321692048],[-122.24247073626643,37.921715038452682],[-122.24247369446293,37.921714815486027],[-122.24247665811879,37.9217146311885],[-122.2424871100894,37.921714087710704],[-122.24248993629833,37.921713960410976],[-122.24249276427979,37.921713860119759],[-122.2424955942878,37.9217137976472],[-122.24249842606825,37.921713762183145],[-122.24250125816646,37.921713740231688],[-122.24250408895803,37.921713711090256],[-122.24250692059029,37.921713669320077],[-122.24250975205315,37.921713620343084],[-122.24250987484979,37.921713617630509],[-122.24251276607609,37.921713546144076],[-122.24251565683647,37.921713454838958],[-122.24251854578202,37.921713334723485],[-122.24252143312447,37.921713194806166],[-122.24253245844965,37.921712603215617],[-122.24253505258464,37.921712475733635],[-122.24253764705837,37.92171236266509],[-122.24254024319876,37.921712272100827],[-122.24254283969921,37.921712196850912],[-122.24254543786618,37.921712144105264],[-122.24254803525604,37.921712106690734],[-122.24255063317524,37.921712091797282],[-122.24255323259169,37.921712092201339],[-122.2425655597839,37.92171214916079],[-122.24256837447027,37.921712160807402],[-122.2425711879348,37.921712168867401],[-122.24257400129342,37.921712172423099],[-122.24257681460963,37.921712174176982],[-122.2425796289572,37.921712171409844],[-122.24258244210411,37.921712165956876],[-122.24258525628223,37.92171215598286],[-122.24258806928086,37.921712144223761],[-122.24259888540929,37.921712090099589],[-122.24260175385551,37.921712065807185],[-122.24260462194167,37.921712026200403],[-122.24260748954067,37.921711965874074],[-122.24261035682207,37.921711892035049],[-122.24261322100305,37.921711783096534],[-122.24261608334803,37.921711644446773],[-122.24261894118017,37.92171145900334],[-122.24262179603893,37.921711243865481],[-122.24263429181291,37.921710197116184],[-122.24263658074757,37.921710007448674],[-122.2426388708618,37.921709819566061],[-122.24264116103959,37.921709634385955],[-122.24264345128088,37.921709451908342],[-122.24264574177624,37.921709280240805],[-122.24264803482134,37.921709120250661],[-122.24265032942722,37.921708978260604],[-122.24265262544557,37.921708847964709],[-122.2426673186273,37.921708073385844],[-122.24266950757925,37.9217079374599],[-122.24267169475864,37.921707774525274],[-122.24267387529896,37.921707571136501],[-122.2426760529295,37.92170734075588],[-122.24267822282616,37.921707071739512],[-122.24268038760218,37.921706778467424],[-122.24268254352825,37.921706447477234],[-122.24268469431247,37.921706091330442],[-122.24270841037979,37.921701955686665],[-122.24270888519412,37.921701877490278],[-122.24270936127267,37.921701804682158],[-122.24270983867902,37.921701739964895],[-122.24271031848689,37.921701680619158],[-122.2427111592047,37.921701585309556],[-122.24271121829682,37.921701582635393],[-122.24271127526276,37.92170158630082],[-122.24271133130335,37.921701598991383],[-122.2427113851966,37.921701617120604],[-122.24271792281179,37.921704465654173],[-122.24271448306557,37.921691947954947],[-122.2427141226735,37.921690651099006],[-122.24271375661665,37.921689355227784],[-122.24271338262052,37.921688060374841],[-122.24271300411797,37.921686767390703],[-122.24271261992941,37.921685474490452],[-122.24271223462485,37.921684182507832],[-122.24271184590876,37.921682890575539],[-122.24271145605545,37.921681598659994],[-122.24271092082986,37.921679833077903],[-122.24271056805766,37.92167866677736],[-122.2427102175387,37.921677499542433],[-122.24270986929412,37.921676332273968],[-122.24270952216561,37.921675164087894],[-122.24270917619548,37.921673996785842],[-122.24270882792977,37.921672828616536],[-122.24270847741084,37.921671661381623],[-122.24270812691314,37.921670495047508],[-122.24270636273499,37.921664650032199],[-122.24270572419275,37.92166240926187],[-122.24270513099034,37.921660161514573],[-122.24270460804026,37.92165790191693],[-122.24270413272559,37.921655636209593],[-122.2427037663916,37.92165336078402],[-122.24270350118377,37.921651080261903],[-122.24270338480102,37.921648791236088],[-122.24270336729117,37.921646498048148],[-122.24270341334504,37.921644731099676],[-122.24270350050466,37.921642631918751],[-122.24270363323704,37.921640535670122],[-122.24270383430731,37.921638442919104],[-122.24270408092917,37.921636352199499],[-122.24270576316617,37.921623808499056],[-122.24271404615409,37.921635573470908],[-122.24271478393698,37.921636616039741],[-122.24271552395206,37.921637656773235],[-122.24271626847354,37.921638695637967],[-122.24271701636434,37.921639732650647],[-122.24271776989876,37.921640767777738],[-122.24271852791848,37.921641800135241],[-122.24271929381391,37.92164282877188],[-122.24272006423698,37.921643856440532],[-122.24272262389962,37.921647246681403],[-122.24272329684298,37.921648144219155],[-122.2427239641427,37.921649043642482],[-122.24272462468274,37.921649945868992],[-122.2427252807376,37.921650850865177],[-122.24272592891673,37.921651759582176],[-122.24272656919905,37.921652671119162],[-122.2427271993524,37.921653587311361],[-122.24272782276738,37.921654507207563],[-122.24273378670554,37.921663390245136],[-122.24273466143029,37.921664693030344],[-122.24273553503909,37.921665996733182],[-122.2427364086479,37.921667300435992],[-122.24273728111957,37.92166860415557],[-122.24273815361246,37.921669908775968],[-122.2427390272002,37.921671211577959],[-122.24273990194636,37.921672515263957],[-122.24274077778739,37.921673817131484],[-122.24275017246302,37.92168776993153],[-122.24275027097421,37.921687895541353],[-122.24275044309226,37.921688055210431],[-122.24277364930838,37.921701281569952],[-122.24277479251994,37.921701955891486],[-122.2427759157278,37.921702650333565],[-122.24277700888781,37.921703373154877],[-122.24277808318145,37.921704116079965],[-122.2427799182562,37.921705428126351],[-122.24278005829333,37.921705529693426],[-122.24278019946755,37.921705631243732],[-122.2427803383886,37.921705733728409],[-122.24278047733085,37.921705837114025],[-122.24278061848395,37.921705937763448],[-122.24278076298508,37.921706035660037],[-122.24278091192917,37.921706128985313],[-122.24278106420006,37.921706218656794],[-122.24278888245885,37.921710651451875],[-122.24279299743597,37.921712889594026],[-122.2427971820025,37.921715039297077],[-122.24280147041638,37.921717057701073],[-122.24280582728248,37.921718987682738],[-122.2428138726991,37.921722388903845],[-122.24281486481489,37.921722781589523],[-122.24281587217378,37.921723145213299],[-122.24281690239722,37.921723465244163],[-122.24281794786376,37.921723756213048],[-122.2428190095623,37.921724011797302],[-122.24282007658682,37.921724251983264],[-122.24282115209469,37.921724465910522],[-122.24282223404454,37.921724663521864],[-122.24283248842733,37.921726409165736],[-122.24283528074692,37.92172687261602],[-122.24283807616037,37.92172732250323],[-122.24284087786761,37.921727749768586],[-122.24284368378483,37.921728162553215],[-122.2428481479658,37.921728802294517],[-122.24284872533852,37.92172887668233],[-122.24284930363669,37.921728942044972],[-122.24284988498641,37.921728992042858],[-122.2428504672403,37.921729032114719],[-122.24285105147209,37.921729059541185],[-122.24285163555561,37.921729080661656],[-122.24285222050099,37.92172909005442],[-122.24285280527691,37.921729092240426],[-122.24288187548065,37.921728949897229],[-122.24288257753665,37.921728956660772],[-122.2428832799315,37.921728977837887],[-122.24288397938078,37.921729018883852],[-122.24288467916897,37.921729074343368],[-122.24288537380065,37.921729152407877],[-122.24288606538079,37.921729245837078],[-122.24288675182571,37.921729362772204],[-122.24288743408182,37.921729495088769],[-122.2429072559117,37.921733719228321],[-122.24290938186748,37.921734145648628],[-122.2429115161795,37.921734540405112],[-122.24291366522624,37.921734884479314],[-122.24291582147085,37.921735196005592],[-122.24291799099525,37.921735443353718],[-122.24292016497712,37.921735638368823],[-122.24292234846705,37.921735753941789],[-122.24292453753047,37.921735816264125],[-122.24293543838573,37.921735930276711],[-122.24293870449193,37.92173602987544],[-122.24294196008,37.921736214338068],[-122.24294520048069,37.921736526989136],[-122.24294842924733,37.921736925421726],[-122.24295161067384,37.92173748766232],[-122.24295473829045,37.921738180463485],[-122.24295778746671,37.921739069072011],[-122.24296078167477,37.921740087357122],[-122.24296134525171,37.92174030072627],[-122.24296456884774,37.921741543619483],[-122.2429677760001,37.921742812888851],[-122.24297095790777,37.921744121280376],[-122.24297412446668,37.921745454229551],[-122.24298996248149,37.921752244158114],[-122.24299027701929,37.92175236477793],[-122.24299051232751,37.921752454125105],[-122.2429906684486,37.921752514001383],[-122.24299082347481,37.921752575696104],[-122.24299097740622,37.921752639209295],[-122.24299113135886,37.921752703623341],[-122.24302002210183,37.921765151265184],[-122.24302244780202,37.921766230204568],[-122.24302484701431,37.921767343778697],[-122.24302720761087,37.921768508387451],[-122.24302954283559,37.921769706713349],[-122.24303186372158,37.921770924175107],[-122.24303419345115,37.921772130692446],[-122.24303653532979,37.921773321710745],[-122.24303888495716,37.92177450360311],[-122.24304423403977,37.921777168698384],[-122.24304627771197,37.921778159553973],[-122.24304834235559,37.921779123065399],[-122.24305043561324,37.921780045602418],[-122.24305254984239,37.921780940795294],[-122.24305375484232,37.92178143667428],[-122.2430552825102,37.921782060262274],[-122.24305681459977,37.921782678378044],[-122.24305835104755,37.92178328831902],[-122.24305988966385,37.921783893722228],[-122.24306143049103,37.921784496389293],[-122.24306297024457,37.921785101775683],[-122.24306450778724,37.921785709898138],[-122.24306604311914,37.921786320756667],[-122.24307558498344,37.921790129730788],[-122.24307891876401,37.921791510674488],[-122.24308221508736,37.921792943536829],[-122.24308545635124,37.921794453809952],[-122.24308866013666,37.921796015100853],[-122.24309240858346,37.92179790448634],[-122.24309371285845,37.92179855840498],[-122.24309501930207,37.92179920778581],[-122.24309633016733,37.921799851694452],[-122.24309764438071,37.921800492850132],[-122.24309897505903,37.921801108530531],[-122.24310032552916,37.921801695081754],[-122.24310170454976,37.921802237956079],[-122.24310310334091,37.921802750800438],[-122.24310779331647,37.92180438117709],[-122.24310972594215,37.92180505195698],[-122.24311165852549,37.921805720935126],[-122.24311359222493,37.921806388995591],[-122.24311552588198,37.921807055254362],[-122.24311744753828,37.921807743317991],[-122.24311934938166,37.921808459609821],[-122.24312122497022,37.921809220445802],[-122.24312308304141,37.9218100103773],[-122.24312343363798,37.921810164708624],[-122.24312543448748,37.921811075991776],[-122.24312741215481,37.921812017355194],[-122.24312935449089,37.921813004297761],[-122.24313127362365,37.921814020419802],[-122.24313214716894,37.921814498660247],[-122.24313446876384,37.921815794510302],[-122.2431367681656,37.921817114117857],[-122.24313903314025,37.9218184693786],[-122.24314127594299,37.921819849297698],[-122.24314746368022,37.921823733895266],[-122.24314995846088,37.921825283118153],[-122.24315246657042,37.921826818626911],[-122.24315499579961,37.921828333097345],[-122.24315753722045,37.921829833870468],[-122.2431606757204,37.921831666470155],[-122.24316165956718,37.921832239506543],[-122.24316264676204,37.921832809790082],[-122.24316363505174,37.921833378255116],[-122.24316462671067,37.921833944868091],[-122.24316561721129,37.921834510597037],[-122.24316660773303,37.921835077226795],[-122.2431675960228,37.921835645691822],[-122.24316858433379,37.921836215057631],[-122.24317347656539,37.921839044591415],[-122.24317692097303,37.92184101776283],[-122.24318037864599,37.921842974517567],[-122.24318385851237,37.921844907514618],[-122.24318735278123,37.921846824078109],[-122.24319815006395,37.921852691684812],[-122.24319851656725,37.921852893542571],[-122.2431988819969,37.921853098119648],[-122.24319924409971,37.921853306350435],[-122.24319960397047,37.921853516416469],[-122.24319996274643,37.921853728300974],[-122.24320032261721,37.921853938367029],[-122.24320068362515,37.921854148416287],[-122.24320104572799,37.921854356647088],[-122.2432022957438,37.92185507354511],[-122.24320328946587,37.921855631115797],[-122.24320429318976,37.921856178626122],[-122.24320531129483,37.921856708802196],[-122.24320633712728,37.921857228951474],[-122.24320729819594,37.921857704097469],[-122.24320881179571,37.921858454954311],[-122.24321032316341,37.921859207646406],[-122.24321183345756,37.921859963057798],[-122.24321334038248,37.921860720321192],[-122.24322280468876,37.921865487457652],[-122.24322489091517,37.92186654617025],[-122.24322696939308,37.92186761400869],[-122.24322903793285,37.921868694609984],[-122.24323109868173,37.921869782535495],[-122.2432445646926,37.921876952578415],[-122.24324567291963,37.921877541801763],[-122.24324678228378,37.921878131008278],[-122.24324789274286,37.92187871839635],[-122.24324900320192,37.921879305784408],[-122.24325011587189,37.921879890436351],[-122.24325123075269,37.921880472352186],[-122.24325234782319,37.92188105063105],[-122.24325346824176,37.921881626157031],[-122.24325452985786,37.921882168306766],[-122.24325618105277,37.921883013556361],[-122.24325783117405,37.921883861525188],[-122.24325947792612,37.921884711346095],[-122.24326112472063,37.921885562968598],[-122.24327206302205,37.921891234738673],[-122.24327288184944,37.921891659716138],[-122.24327369958198,37.921892086512059],[-122.2432745162197,37.921892515126501],[-122.2432753317414,37.921892944658502],[-122.2432761461471,37.921893375108141],[-122.24327696055286,37.921893805557772],[-122.24327777386377,37.921894237825903],[-122.2432785871747,37.921894670094012],[-122.24330033725009,37.921906244391302],[-122.24332739475615,37.921920017582288],[-122.24335448754691,37.921933791147616],[-122.2433815803476,37.921947564706677],[-122.24340863724827,37.921961310853625],[-122.24343572893198,37.921975084416985],[-122.24345252380822,37.921979361251729],[-122.24345455188241,37.921979881926248],[-122.24345657888301,37.921980405320099],[-122.24345860264151,37.921980935970971],[-122.24346062423163,37.92198147115964],[-122.24346264049596,37.921982021746594],[-122.24346464804395,37.921982588682958],[-122.24346664365487,37.921983180126745],[-122.24346863282398,37.921983787886404],[-122.24347872024825,37.921986945349694],[-122.24347978181845,37.921987291946934],[-122.24348083467245,37.921987654893641],[-122.24348187331479,37.921988042381336],[-122.24348290210378,37.921988446235289],[-122.24348392543978,37.921988860082465],[-122.24348494989175,37.921989273011974],[-122.24348597653345,37.92198968230457],[-122.24348700538603,37.921990088861023],[-122.24348894133959,37.921990852404882],[-122.24349087461621,37.921991598866263],[-122.24349281772518,37.921992328060483],[-122.24349477616173,37.921993031796028],[-122.24349674443062,37.921993718264453],[-122.24349871703647,37.921994395657222],[-122.24350068747387,37.921995077587766],[-122.24350265469045,37.92199576767625],[-122.24350461862254,37.921996463220069],[-122.24350870383078,37.921997917769865],[-122.2435113081508,37.921998851680037],[-122.24351391032357,37.921999791028846],[-122.24351650588507,37.92200073948672],[-122.24351909932055,37.922001694283971],[-122.24352169380852,37.922002645461106],[-122.24352429598157,37.92200358480963],[-122.24352690684978,37.922004506907761],[-122.24352952540296,37.922005417177388],[-122.24353778520891,37.922008257368915],[-122.24353995628974,37.922009005726437],[-122.24354212741288,37.922009755885625],[-122.24354429632528,37.92201050878095],[-122.2435464641641,37.922011264395472],[-122.24354813537605,37.922011848009824],[-122.24354946265042,37.92201231864901],[-122.24355078556664,37.922012797462926],[-122.24355210195634,37.922013288989383],[-122.24355341396678,37.922013787789737],[-122.24355472269272,37.922014292045446],[-122.24355603137629,37.922014794499511],[-122.24355734229192,37.922015295118271],[-122.24355865430233,37.922015793918561],[-122.24356123696016,37.922016774106439],[-122.24356384472132,37.922017757528366],[-122.24356645572463,37.922018733693143],[-122.243569072181,37.922019699864599],[-122.24357169301668,37.922020658762136],[-122.24357385589046,37.922021445088824],[-122.2435759548477,37.922022222446188],[-122.24357804504631,37.922023014351311],[-122.24358012212825,37.922023828978944],[-122.24358218933561,37.922024659071965],[-122.24358423563534,37.922025519211743],[-122.24358626431194,37.922026403942951],[-122.24358826658562,37.922027326912414],[-122.24359025012016,37.922028275390815],[-122.24359355085012,37.922029894713745],[-122.24359716048359,37.922031685202747],[-122.24360075462015,37.922033493943559],[-122.24360432778565,37.92203533002855],[-122.24360788657022,37.922037183447685],[-122.24362035668116,37.922043749053103],[-122.24362061815387,37.922043886675382],[-122.24362088078499,37.922044025181719],[-122.2436211423001,37.92204416460568],[-122.24362140267804,37.922044304046395],[-122.24362166307715,37.922044444387993],[-122.24362192012821,37.922044587482468],[-122.24362217498958,37.922044734213884],[-122.24362242761896,37.922044882780568],[-122.24362259261278,37.922044981274809],[-122.24362292272761,37.922045183668367],[-122.24362324837834,37.922045389732475],[-122.2436235684914,37.922045602186444],[-122.24362388416161,37.922045819211718],[-122.24363394698547,37.922052911479881],[-122.2436377235434,37.922055607870789],[-122.24364147110636,37.922058329020849],[-122.24364517518731,37.922061087760042],[-122.24364884913609,37.922063871275164],[-122.24365522788665,37.922068765027234],[-122.24365568680277,37.922069123222101],[-122.24365614127605,37.922069485988317],[-122.24365658789478,37.922069853376307],[-122.24365703007065,37.922070225335631],[-122.24365712760915,37.922070309505855],[-122.24365751654112,37.922070642600161],[-122.24365790547311,37.922070975694488],[-122.24365829328914,37.922071309706411],[-122.24365868110512,37.922071643718382],[-122.24365906894228,37.922071978631138],[-122.24365945675825,37.922072312643074],[-122.24365984345823,37.922072647572634],[-122.24366023015821,37.922072982502229],[-122.24367572585574,37.922086396396971],[-122.24367817074679,37.922088532097902],[-122.24368059887659,37.92209068066235],[-122.24368300236935,37.922092845811321],[-122.24368538910079,37.922095023823807],[-122.24368922628861,37.922098556493673],[-122.24368968323442,37.922098975996235],[-122.24369014127508,37.922099393680298],[-122.24369060043179,37.922099810446703],[-122.24369106068332,37.922100225394665],[-122.24369125011673,37.922100395620703],[-122.24369180902288,37.922100893821217],[-122.24369237239306,37.922101388351216],[-122.24369294136454,37.922101879193896],[-122.24369351482122,37.922102367266888],[-122.2437002858025,37.922108072576833],[-122.24370346484426,37.922110757059166],[-122.24370663828499,37.922113445228732],[-122.24370980502985,37.922116138903974],[-122.24371296617363,37.922118836266463],[-122.24371604153256,37.922121465506038],[-122.24371765996457,37.92212285192754],[-122.24371927616454,37.922124240184289],[-122.2437208889954,37.922125630293031],[-122.24372249959427,37.922127022237056],[-122.24372275973262,37.922127248192282],[-122.24372423690369,37.922128529461133],[-122.2437257140961,37.922129811630832],[-122.24372718903523,37.922131094734929],[-122.24372866285844,37.92213237875665],[-122.24373013670288,37.922133663679162],[-122.2437316094102,37.922134948618471],[-122.24373308213872,37.922136234458584],[-122.2437345537089,37.922137519414662],[-122.24374746221771,37.922148792491718],[-122.24374860269083,37.922149784953099],[-122.24374974427991,37.922150776496821],[-122.24375089035435,37.92215176527084],[-122.24375203866089,37.922152752209605],[-122.24375318359813,37.922153741000429],[-122.24375432293415,37.922154733478514],[-122.24375545445812,37.92215573238002],[-122.24375658040209,37.922156735869699],[-122.243764938445,37.92216423448226],[-122.2437664444152,37.922165579307645],[-122.24376795261749,37.922166922297812],[-122.24376946865313,37.92216825976535],[-122.24377098692085,37.922169595397577],[-122.24377179882552,37.922170306140856],[-122.24377291507889,37.922171284541022],[-122.24377402794174,37.922172263892335],[-122.24377513970988,37.922173245062147],[-122.24377625034074,37.922174226248735],[-122.24377734644233,37.922175218463686],[-122.2437784234657,37.922176221774158],[-122.2437794736199,37.922177243504422],[-122.24378050585429,37.922178277214236],[-122.24379516303139,37.922193280497979],[-122.24381969672883,37.922203731318767],[-122.24382095991515,37.922204282202969],[-122.24382221318457,37.922204846750873],[-122.24382345211532,37.922205430434758],[-122.24382468112906,37.92220602778243],[-122.24382590351036,37.922206633338362],[-122.24382712810248,37.922207236158215],[-122.24382835378943,37.922207837159569],[-122.24382958284565,37.922208436308829],[-122.24383280614555,37.922210003599922],[-122.24383565731623,37.922211371821675],[-122.2438385217521,37.922212723626636],[-122.24384140374762,37.92221404813764],[-122.2438443001455,37.922215356215041],[-122.24384652933269,37.922216349725346],[-122.24384894714153,37.922217430566832],[-122.24385136278202,37.922218515946092],[-122.24385377397977,37.922219605896672],[-122.24385618300904,37.92222070038499],[-122.24386858497256,37.922226349592165],[-122.24387017768257,37.922227077644997],[-122.24387176929775,37.922227807516357],[-122.24387335872336,37.922228541024623],[-122.24387494707533,37.922229277252143],[-122.24387653426895,37.92223001259562],[-122.24387812257862,37.922230747021437],[-122.2438797142152,37.922231477793495],[-122.24388130583051,37.922232207664671],[-122.24388241325533,37.922232713987469],[-122.2438845613414,37.922233693374679],[-122.24388671165961,37.922234670926514],[-122.24388886305148,37.922235645759045],[-122.24389101777027,37.922236616937788],[-122.24389683339857,37.92223923635779],[-122.24389901113729,37.922240218911575],[-122.24390118889723,37.922241202366152],[-122.24390336446758,37.922242189457684],[-122.24390553778474,37.922243177483601],[-122.2439077111444,37.922244167311149],[-122.24390988340923,37.922245158957104],[-122.24391205455819,37.922246151520696],[-122.24391422456996,37.922247144101036],[-122.24392492992123,37.922252048760882],[-122.2439271161934,37.922253055519462],[-122.24392929802278,37.922254066849355],[-122.24393147433564,37.922255085469935],[-122.24393364736413,37.922256109545899],[-122.24393708021888,37.922257735019244],[-122.24393753349327,37.922257950012195],[-122.24393798676759,37.922258165005211],[-122.24393843892598,37.922258380915828],[-122.24393889220038,37.922258595908815],[-122.24393934547473,37.92225881090183],[-122.24393979986513,37.922259024977187],[-122.24394025421317,37.922259237250827],[-122.24394070967723,37.922259448606887],[-122.24394128586232,37.922259714052423],[-122.24394203110353,37.922260057205207],[-122.24394277632352,37.922260399457109],[-122.24394352263839,37.92226073989054],[-122.24394427006929,37.92226107940634],[-122.24395648971779,37.922266618651271],[-122.24395924941415,37.922267870168902],[-122.24396200915299,37.922269123488142],[-122.24396476663868,37.922270377741718],[-122.24396752416681,37.922271633796932],[-122.24396773460764,37.922271729817439],[-122.24397038744173,37.922272936052217],[-122.24397304246553,37.922274138650046],[-122.24397570079506,37.922275336693161],[-122.24397836133558,37.922276532000126],[-122.24398102739264,37.922277720016297],[-122.24398369785027,37.922278901659361],[-122.24398637378211,37.922280074210015],[-122.24398905525163,37.922281240370708],[-122.24400161481205,37.92228667276185],[-122.24400198143958,37.922286831359727],[-122.24400234692989,37.922286989974431],[-122.24400271357858,37.922287149473171],[-122.24400307911127,37.922287309889548],[-122.24400344350676,37.922287470322679],[-122.24400380903948,37.922287630739042],[-122.24400417457215,37.922287791155419],[-122.24400453896762,37.922287951588572],[-122.24400565397305,37.922288441577471],[-122.24400657698725,37.922288846087412],[-122.24400750221236,37.922289247861279],[-122.24400842962703,37.922289645998141],[-122.24400935925259,37.922290041398888],[-122.24401558138204,37.922292676439397],[-122.24401962592565,37.922294383896364],[-122.24402367375393,37.922296085897727],[-122.24402772821486,37.922297779690609],[-122.24403178480209,37.922299467143858],[-122.24403902810073,37.922302471900885],[-122.24404106800672,37.92230330148795],[-122.24404311774501,37.922304113807812],[-122.24404518394799,37.922304900652151],[-122.24404726112039,37.922305670212481],[-122.2440493535567,37.922306411611522],[-122.24405145689889,37.922307133024027],[-122.24405357657864,37.92230782355594],[-122.2440557071854,37.922308495002191],[-122.24406971204438,37.922312789512937],[-122.24407075710756,37.922313111116225],[-122.24407180217082,37.922313432719498],[-122.24407284723399,37.922313754322737],[-122.24407389231848,37.922314076826865],[-122.24407483888217,37.922314370146211],[-122.24407540957935,37.922314547358681],[-122.24407598029772,37.92231472547202],[-122.24407654994249,37.922314906304685],[-122.24407711958727,37.922315087137257],[-122.24407768811602,37.922315268887587],[-122.24407825778199,37.922315450621056],[-122.24407882742676,37.922315631453671],[-122.2440793970504,37.922315811385488],[-122.24409415654907,37.922320461522709],[-122.24409725736867,37.92232141602549],[-122.24410037010421,37.922322345119781],[-122.24410350126101,37.92232323519228],[-122.24410664433367,37.922324099856304],[-122.24410980361667,37.922324928234623],[-122.24411297035161,37.922325734875031],[-122.24411615110724,37.922326508866639],[-122.24411934043073,37.922327260202771],[-122.24411996952121,37.922327405012325],[-122.24412347342182,37.922328230104384],[-122.2441269676175,37.92232907786854],[-122.24413044895104,37.922329959165346],[-122.24413392171687,37.92233086311753],[-122.24414538994544,37.922333910021557],[-122.24414660915092,37.922334235361042],[-122.24414782947244,37.922334559782925],[-122.2441490486991,37.922334886023229],[-122.24415026680981,37.922335213181171],[-122.24415148818377,37.922335533982846],[-122.2441527127786,37.92233584662651],[-122.24415394162554,37.922336146591171],[-122.24415517485173,37.922336439281885],[-122.2441623478682,37.922338100541737],[-122.244165315994,37.922338782148877],[-122.24416828736192,37.922339456498783],[-122.24417126192958,37.922340121789752],[-122.24417423858088,37.922340778939521],[-122.24417775826905,37.922341549727378],[-122.24417898043384,37.922341807436027],[-122.24418020571356,37.922342052482456],[-122.2441814384874,37.922342277592783],[-122.2441826732389,37.92234249005763],[-122.24418391436856,37.922342683504006],[-122.24418515751833,37.922342866106661],[-122.24418640477168,37.922343029724367],[-122.24418765516123,37.922343181580722],[-122.24420654237599,37.922345337630638],[-122.24420897500728,37.922345645953754],[-122.24421139835751,37.922345994965973],[-122.24421380604871,37.922346403685793],[-122.24421620443776,37.922346852193854],[-122.24421858592444,37.922347355922078],[-122.24422095343297,37.922347894100596],[-122.24422330277477,37.922348482111012],[-122.24422563925441,37.922349103654213],[-122.24423397789232,37.92235142356683],[-122.24423703169295,37.922352265214343],[-122.24424008867203,37.922353096902107],[-122.24424315327255,37.922353914058782],[-122.24424622218876,37.92235472123884],[-122.24424775713069,37.922355121217088],[-122.2442500686906,37.922355698970989],[-122.24425239206036,37.922356246812207],[-122.24425473031233,37.922356750276926],[-122.24425708035301,37.922357222928206],[-122.24425944302274,37.922357652137343],[-122.24426181411181,37.922358052385029],[-122.24426419441832,37.922358409241056],[-122.24426658316538,37.9223587380365],[-122.24428518571837,37.922361124467841],[-122.24428617060819,37.922361257714648],[-122.24428715339317,37.922361398201772],[-122.24428813306329,37.922361551351095],[-122.24428911064986,37.922361712641603],[-122.24429008406905,37.922361890214461],[-122.24429105102543,37.922362083202444],[-122.24429201278329,37.922362296993825],[-122.24429296803584,37.922362524398572],[-122.24429743103573,37.922363643519155],[-122.24430004403595,37.922364316849432],[-122.24430264617277,37.922365011967848],[-122.2443052342891,37.922365739734929],[-122.24430781267934,37.922366489273365],[-122.24430889645187,37.922366812105302],[-122.24431092975625,37.922367409286537],[-122.24431296733388,37.922367994689544],[-122.24431501360651,37.92236856284218],[-122.24431706419479,37.922369121018292],[-122.24431912339318,37.922369658340614],[-122.24432118903339,37.922370179346885],[-122.24432326431489,37.922370674978403],[-122.2443253460381,37.922371154293877],[-122.24432706377512,37.922371538955659],[-122.24433001081913,37.922372194736376],[-122.24433295893688,37.922372847797689],[-122.24433590804352,37.922373494536281],[-122.2443388604558,37.92237413672013],[-122.24434271843661,37.922374973699149],[-122.2443475987659,37.922376037091603],[-122.24435247585325,37.922377107740985],[-122.24435734976232,37.922378188349846],[-122.24436222158789,37.922379277099694],[-122.2443676276289,37.922380491331964],[-122.24437011387592,37.92238104757962],[-122.24437260123902,37.922381602909581],[-122.2443750885385,37.922382155537008],[-122.2443775780701,37.922382706329053],[-122.24437793830568,37.922382786619423],[-122.24438024606664,37.92238329954354],[-122.24438255168049,37.922383817906251],[-122.24438485516826,37.922384342608424],[-122.2443871576461,37.922384872732437],[-122.24438945582952,37.922385413733679],[-122.24439174967611,37.922385963810498],[-122.24439403817588,37.922386528384735],[-122.24439632347601,37.922387102017801],[-122.2444056451484,37.922389475889858],[-122.24440664888542,37.922389733217145],[-122.24440765152757,37.922389992362859],[-122.24440865311729,37.92239025512874],[-122.24440965474948,37.922390519696322],[-122.24441065524442,37.92239078428068],[-122.24441165685536,37.922391047947364],[-122.24441265840272,37.922391308911557],[-122.24441366106612,37.922391568958119],[-122.24441448286288,37.922391781210678],[-122.24441589637166,37.92239214513134],[-122.2444173121125,37.922392507216763],[-122.24441872778978,37.922392866599601],[-122.24442014344581,37.922393225081571],[-122.24444028141932,37.922398303102021],[-122.24446180578097,37.922396211760187],[-122.24446417401893,37.922396007369031],[-122.2444665453158,37.92239583627557],[-122.24446892121146,37.922395715578972],[-122.24447130130324,37.922395628163144],[-122.24447277929681,37.92239559011562],[-122.24447590121108,37.922395507064365],[-122.24447902194561,37.922395422228114],[-122.24448214371139,37.922395332870749],[-122.24448526427634,37.922395240827576],[-122.24449045264495,37.922395084904323],[-122.24449387530539,37.922394971277605],[-122.24449729760542,37.922394842336395],[-122.24450071828052,37.922394692692478],[-122.24450413745805,37.922394527750839],[-122.24450806540669,37.922394325557399],[-122.2445116183724,37.922394141517806],[-122.2445151712956,37.922393955676363],[-122.24451872413401,37.922393766231515],[-122.24452227695114,37.922393575885664],[-122.24452443907212,37.922393459246173],[-122.24452691034499,37.922393330831696],[-122.24452938292468,37.922393209607193],[-122.24453185691723,37.922393100076789],[-122.24453432992094,37.922392996869064],[-122.24453680435872,37.92239290625632],[-122.24453928014563,37.922392824635168],[-122.24454175513459,37.922392757444229],[-122.24454423147276,37.922392699244938],[-122.24455805569929,37.922392410373703],[-122.24456024790413,37.922392363579547],[-122.2445624389506,37.922392315901305],[-122.24456463109182,37.922392266404536],[-122.24456682205346,37.922392215122834],[-122.24456901297272,37.922392162039436],[-122.24457120500796,37.922392108038309],[-122.24457339582112,37.922392050450618],[-122.24457558661314,37.922391991961995],[-122.24459235663969,37.922391532517878],[-122.24459422345359,37.922391484220654],[-122.24459609033104,37.922391438625944],[-122.24459795735689,37.922391399337052],[-122.24459982444641,37.922391362750709],[-122.24460169168431,37.922391332470248],[-122.24460355896461,37.922391303991397],[-122.24460542639335,37.922391281818463],[-122.24460729388565,37.922391262348064],[-122.24462542800495,37.922391097257169],[-122.24462742992151,37.922391085713848],[-122.24462943200766,37.922391081377278],[-122.2446314332322,37.922391088768414],[-122.24463343580599,37.922391105151128],[-122.24463543749698,37.922391132360808],[-122.24463743822041,37.922391166793986],[-122.24463944035665,37.922391212921291],[-122.24464144036693,37.922391265388136],[-122.24465745976833,37.922391732597333],[-122.24465987991857,37.922391800486388],[-122.24466230110002,37.922391863854401],[-122.24466472327029,37.922391920899656],[-122.24466714535576,37.922391974341501],[-122.24466956617677,37.922392022395023],[-122.24467198918741,37.92239206681149],[-122.24467441097599,37.922392107641343],[-122.24467683267979,37.922392144867764],[-122.24469037489122,37.922392344068022],[-122.2446929612363,37.922392368048556],[-122.24469554717847,37.922392374912924],[-122.24469813360062,37.922392353834255],[-122.24470071961987,37.922392315639527],[-122.24470330496057,37.922392248617705],[-122.24470588874003,37.92239216359571],[-122.24470847070377,37.922392049763445],[-122.24471105222219,37.922391917013378],[-122.24472815482169,37.922390942582574],[-122.24473003889788,37.922390854377277],[-122.24473192358894,37.922390792296454],[-122.24473380914941,37.922390767150198],[-122.24473569532479,37.92239076812843],[-122.24473758037072,37.922390817785853],[-122.24473946062118,37.92239090536269],[-122.24474133658499,37.922391052479249],[-122.24474320661614,37.922391237532025],[-122.24475648545972,37.922392765316758],[-122.24475934274908,37.922393135844302],[-122.24476218652698,37.922393560640899],[-122.24476500835307,37.922394067766945],[-122.24476781550923,37.922394628277978],[-122.24477060479599,37.922395251232714],[-122.24477338332554,37.922395900479927],[-122.24477614575113,37.922396590516989],[-122.24477889855686,37.92239730682968],[-122.24478139891501,37.922397979109675],[-122.24478540727857,37.922399018415931],[-122.24478943164016,37.9224000124279],[-122.24479348286297,37.922400939357267],[-122.24479755006273,37.922401820091466],[-122.24480403657205,37.922403167937013],[-122.24480616036824,37.922403597960141],[-122.24480828727933,37.922404015320971],[-122.2448104205471,37.922404412762432],[-122.24481255804577,37.922404796623965],[-122.24481469764923,37.922405173245124],[-122.24481683510554,37.922405555304913],[-122.24481897155182,37.922405942786497],[-122.2448211069882,37.922406335689921],[-122.24484237526411,37.922410280412208],[-122.2448427375415,37.922410350758284],[-122.24484309765053,37.922410425642227],[-122.24484345563356,37.922410506865653],[-122.24484381256416,37.92241059170923],[-122.24484416187354,37.922410691083883],[-122.24484450242458,37.922410805006514],[-122.24484483095395,37.922410939833277],[-122.24484515074616,37.922411090108831],[-122.24484558715673,37.922411313457872],[-122.24484610577255,37.922411597772637],[-122.24484660882794,37.92241189763687],[-122.24484708741592,37.922412221292618],[-122.24484755046468,37.922412561398737],[-122.24485576343272,37.922418965369431],[-122.24485916136511,37.922421425804359],[-122.24486269475081,37.922423744558955],[-122.24486643475967,37.922425852093887],[-122.24487031135909,37.922427817931641],[-122.2448754414707,37.922430213128898],[-122.24487683972376,37.922430895378184],[-122.24487821468919,37.922431603203883],[-122.24487955537649,37.922432352989127],[-122.24488087277615,37.922433128350789],[-122.24488133217237,37.922433409935451],[-122.24488230679681,37.92243412187235],[-122.2448831612875,37.922434901368227],[-122.24488383622047,37.92243578534729],[-122.24488439104103,37.922436737786171],[-122.24488474485852,37.922437753571778],[-122.24488496467588,37.922438779447113],[-122.2448849857567,37.922439819973128],[-122.24488487281616,37.922440869688032],[-122.24487974569988,37.922465665084374],[-122.2448797392874,37.922465730963616],[-122.24487974083542,37.922465796725291],[-122.24487975598753,37.922465860483669],[-122.24487978023737,37.922465924107669],[-122.24487990558229,37.922466174580379],[-122.24487994448867,37.922466232581009],[-122.24487999009111,37.9224662850757],[-122.24488004914923,37.922466329261248],[-122.24488011715664,37.922466367006443],[-122.24489775023268,37.922474298969604],[-122.2449005821351,37.922475620590319],[-122.24490337643269,37.922476987824453],[-122.2449061132282,37.922478425297044],[-122.24490881357718,37.922479909267011],[-122.2449104024563,37.922480812187231],[-122.24491222498349,37.922481927032884],[-122.24491397617115,37.922483104210997],[-122.24491561809612,37.92248437582235],[-122.24491718870277,37.922485710667061],[-122.24491790948852,37.92248636777795],[-122.24491903813848,37.922487437001323],[-122.24492013090654,37.92248852838253],[-122.24492117094664,37.922489651181898],[-122.2449221750837,37.922490795238303],[-122.24492312866117,37.922491966175095],[-122.24492405075718,37.922493152896593],[-122.24492492446207,37.922494361960723],[-122.24492576666424,37.922495585908656],[-122.24492844658255,37.922499633073059],[-122.24493048995903,37.922502929062837],[-122.24493238321028,37.92250627503163],[-122.24493404957833,37.922509696444408],[-122.24493556352536,37.922513166968884],[-122.24493751706977,37.922518059335026],[-122.24493801836825,37.922519202708635],[-122.24493857043839,37.922520328210254],[-122.24493920151978,37.922521427312304],[-122.24493988453125,37.922522509426472],[-122.24494066649365,37.922523542317563],[-122.24494152470501,37.922524528123233],[-122.24494250073334,37.922525444601717],[-122.24494355298954,37.922526313093954],[-122.24494564785033,37.92252788170444],[-122.24494785866455,37.922529446799764],[-122.2449501394693,37.92253094057083],[-122.24495252248019,37.922532330100097],[-122.24495497552402,37.922533650106772],[-122.24495631679187,37.922534327789968],[-122.24495951856503,37.922535897171073],[-122.24496275448925,37.922537419187414],[-122.2449660433246,37.922538869230614],[-122.2449693663109,37.922540271909007],[-122.24498510624957,37.922546698053914],[-122.24498546951925,37.92254690716323],[-122.24498562657143,37.922547103097983],[-122.24498565256562,37.922547144167268],[-122.24498567291623,37.922547187122198],[-122.24498569101354,37.922547231011634],[-122.24499182497914,37.922565303237441],[-122.24499247642828,37.922566929215755],[-122.24499324639422,37.922568515594634],[-122.24499419124996,37.922570040814733],[-122.24499525346405,37.922571525551426],[-122.24499647538136,37.922572932231695],[-122.24499778912937,37.92257427717783],[-122.24499924177127,37.922575529956397],[-122.24500078626512,37.922576721901628],[-122.24500391686072,37.922578940265581],[-122.24500660659891,37.922580794765963],[-122.24500933636497,37.922582609925193],[-122.24501212841555,37.922584364687907],[-122.24501496049403,37.922586080109383],[-122.24501632981473,37.922586886243103],[-122.24501850116364,37.922588176165817],[-122.24502066364811,37.922589476132153],[-122.2450228116882,37.922590790730354],[-122.24502494974797,37.922592116289827],[-122.24502702531134,37.922593493237386],[-122.24502902947157,37.922594929814906],[-122.24503092653761,37.922596456287984],[-122.24503276498547,37.92259805391722],[-122.24503457869044,37.922599663627054],[-122.245036439289,37.922601235696597],[-122.24503837139693,37.92260275264028],[-122.24504035155682,37.922604232827787],[-122.24504172985938,37.9226052271705],[-122.2450438583716,37.922606630370311],[-122.24504607653817,37.922607927711276],[-122.24504842863891,37.922609067173383],[-122.24505087153126,37.922610100759869],[-122.24505340470623,37.922611006850495],[-122.24505596941835,37.922611851196407],[-122.24505857861438,37.922612603868245],[-122.24506121932627,37.922613293894464],[-122.24506379360525,37.922613916414072],[-122.24506772586783,37.922614911777259],[-122.24507163436309,37.922615960659762],[-122.24507550717539,37.922617088470027],[-122.2450793562416,37.922618270700433],[-122.24508827378244,37.922621113684613],[-122.24508950940042,37.922621555922568],[-122.24509070754075,37.922622049178997],[-122.24509184948589,37.922622619864036],[-122.24509295397451,37.92262324246839],[-122.24509300820831,37.922623275010032],[-122.245094022865,37.922623947604002],[-122.24509499174424,37.922624656920533],[-122.24509589136744,37.922625420428524],[-122.24509674409718,37.922626221576685],[-122.24509755547105,37.922627053975212],[-122.24509835564243,37.922627893748498],[-122.24509914008375,37.92262874186455],[-122.24509991443857,37.922629596437709],[-122.24510403789067,37.92263421883932],[-122.24510694176602,37.922637340806666],[-122.24510994650636,37.922640398202802],[-122.24511310026975,37.92264335877573],[-122.24511635491942,37.922646255678266],[-122.24512624767426,37.922654715588365],[-122.24512637333554,37.922654834487098],[-122.24512643476126,37.922654930904656],[-122.2451315939412,37.922676051722867],[-122.24513182534687,37.922677086438178],[-122.24513202724856,37.922678124292773],[-122.24513218829537,37.922679166355564],[-122.24513231985939,37.922680212458616],[-122.24513240026987,37.922681260218475],[-122.24513243974063,37.922682308583155],[-122.2451324178017,37.922683357855064],[-122.24513235601776,37.922684405913287],[-122.24513040779983,37.92270646169743],[-122.24513036177152,37.922707019293007],[-122.24513031801769,37.922707576855032],[-122.24513027997116,37.922708135233805],[-122.24513024647341,37.922708693545445],[-122.24513019587511,37.922709250307364],[-122.24513012017312,37.922709803835524],[-122.24513000797417,37.922710353397058],[-122.24512987069285,37.922710900625653],[-122.24512856943483,37.922715449970269],[-122.2451272369464,37.922717078222306],[-122.24512562091064,37.922718066335371],[-122.24512358061693,37.922718091070152],[-122.245121257892,37.922717474748325],[-122.24511053967751,37.922710677052514],[-122.24512637225466,37.922732198007566],[-122.2451421707032,37.92275371856352],[-122.245158003935,37.922775266539482],[-122.24517380240196,37.922796787091009],[-122.24518382256748,37.922807999953733],[-122.24518760587821,37.922812235373939],[-122.2451913903266,37.922816470777256],[-122.24519517363822,37.922820706197186],[-122.24519895583421,37.92282494253466],[-122.24520898788853,37.922836176847454],[-122.2452265809746,37.922855885684719],[-122.24524413931718,37.922875567997949],[-122.24526173242194,37.922895276829813],[-122.24527932487851,37.922914957732793],[-122.24529539862102,37.922937875501788],[-122.24531150762731,37.922960792747638],[-122.2453275813685,37.922983709611195],[-122.2453436897583,37.923006599827076],[-122.2453597635194,37.923029516686029],[-122.24537201305836,37.923050567877056],[-122.24538426439915,37.923071646976098],[-122.24539647983542,37.923092698668455],[-122.2454087305325,37.923113749838585],[-122.24542098123658,37.923134801007329],[-122.24543459654473,37.923156408752789],[-122.24544821301924,37.923178017380565],[-122.24546182834327,37.923199625122678],[-122.2454754448125,37.923221232846281],[-122.24548909606398,37.923242867990282],[-122.24549861448676,37.923265716781586],[-122.24550816819071,37.923288565951914],[-122.24551768664652,37.923311415642296],[-122.24552596082833,37.923331281961154],[-122.24552658184166,37.923332774113696],[-122.24552720285496,37.923334266266274],[-122.24552782386826,37.923335758418801],[-122.24552844488167,37.92333725057135],[-122.24553687249163,37.923357496713201],[-122.24554245465711,37.923370872118809],[-122.2455445103683,37.923375800813815],[-122.24554656723826,37.923380730392886],[-122.24554862294998,37.923385659087835],[-122.24555067754596,37.923390588700386],[-122.24555623964112,37.923403932861376],[-122.24556590590551,37.923427164256829],[-122.24557557219717,37.923450396552226],[-122.24558523897451,37.923473600903726],[-122.24559490527831,37.923496833197255],[-122.2456119505735,37.923519790636348],[-122.2456289970377,37.923542748956855],[-122.24564604171754,37.923565679365424],[-122.24566308820286,37.923588637680787],[-122.24568013354035,37.923611595109541],[-122.2456971800467,37.923634553419781],[-122.24571935163756,37.923649882483971],[-122.24574155733329,37.9236652101389],[-122.24576394757186,37.923678036151827],[-122.2457863371817,37.923690835135169],[-122.24580569835847,37.923694067121708],[-122.24580840246979,37.923694548928538],[-122.24581109496279,37.923695068755578],[-122.24581376948079,37.923695646522376],[-122.2458164312219,37.923696261425356],[-122.24581908123862,37.923696909844402],[-122.24582173022422,37.923697562784419],[-122.24582437487315,37.923698224800056],[-122.2458270184909,37.923698891336663],[-122.24583146365336,37.923700021478034],[-122.24583633196788,37.923701246295032],[-122.24584120567171,37.923702458416081],[-122.24584608796431,37.923703648782165],[-122.245850975625,37.923704825551319],[-122.24586965114376,37.923709278817036],[-122.24587125032943,37.923709651691546],[-122.24587285271458,37.92371001550719],[-122.2458744604464,37.923710364825254],[-122.24587607133542,37.923710703282744],[-122.245877531155,37.923711003420827],[-122.24587841269215,37.923711191350414],[-122.24587929210341,37.923711385619541],[-122.24588016722035,37.923711590765969],[-122.24588104023256,37.923711803152777],[-122.24588190785572,37.923712028235471],[-122.2458827700685,37.923712265113146],[-122.24588362581866,37.923712517406052],[-122.24588447611605,37.923712779692217],[-122.2458868809758,37.92371354888359],[-122.24588893266133,37.923714199835992],[-122.24589098758891,37.923714843531243],[-122.24589304796922,37.923715477233095],[-122.2458951104756,37.923716104595343],[-122.24590425590607,37.923718859442744],[-122.24590595212193,37.923719391288778],[-122.24590763640121,37.923719947642532],[-122.24590930105904,37.923720540332532],[-122.2459109514846,37.923721156662964],[-122.24591391812102,37.92372230324645],[-122.24591407544948,37.923722365804572],[-122.24591423164074,37.923722428379421],[-122.24591438789567,37.923722493656882],[-122.24591454303457,37.923722559851981],[-122.24591469817346,37.923722626047031],[-122.2459148532911,37.923722691341318],[-122.24591500950358,37.923722754817049],[-122.24591516683208,37.923722817375136],[-122.24592332563988,37.923725994126364],[-122.24592757876262,37.923727616431165],[-122.24593185154944,37.923729204201138],[-122.24593615606419,37.923730738333767],[-122.2459404802006,37.92373223612983],[-122.24594614874994,37.923734157425052],[-122.24594769469472,37.923734636520898],[-122.24594926215349,37.923735063031643],[-122.2459508595875,37.923735409797374],[-122.24595247739826,37.923735703994801],[-122.24595411631974,37.923735928491027],[-122.24595575995139,37.923736111464351],[-122.24595741355488,37.923736234813838],[-122.24595907304811,37.92373631842532],[-122.24598188360275,37.923737041943596],[-122.24598290411157,37.923737092644672],[-122.24598392062325,37.923737166834968],[-122.24598493231869,37.923737278043887],[-122.24598594003812,37.923737413642819],[-122.24598693296099,37.923737597221816],[-122.24598790973781,37.923737819789238],[-122.24598886173754,37.92373810129812],[-122.24598979647521,37.923738422713107],[-122.24599196831909,37.923739248514693],[-122.24599397826422,37.923740010924682],[-122.24599598816698,37.923740771532934],[-122.24599800030175,37.923741530305861],[-122.24600001353144,37.923742287260247],[-122.24600788494287,37.923745240260644],[-122.24600961671136,37.92374578419593],[-122.24601138312271,37.923746205061747],[-122.24601320322525,37.92374644219889],[-122.2460150602451,37.923746556232871],[-122.24601694445634,37.923746568935215],[-122.24601882849787,37.923746574430794],[-122.24602071224223,37.923746567314524],[-122.24602259695416,37.923746552974684],[-122.24604163480107,37.923746344575441],[-122.24604361529512,37.923746339633404],[-122.24604559402394,37.923746356345227],[-122.24604757240076,37.923746406405044],[-122.24604955014951,37.923746478101911],[-122.24605152531421,37.923746584982091],[-122.24605349766138,37.923746717136268],[-122.24605546407643,37.923746887226791],[-122.24605742878997,37.923747081673646],[-122.24606946842562,37.923748390626486],[-122.24607278490211,37.923748885904836],[-122.24607603704925,37.923749547946976],[-122.24607919044919,37.923750461069361],[-122.24608227724535,37.92375154098923],[-122.2460832005563,37.923751908531436],[-122.24608569991285,37.923753018761971],[-122.24608809952872,37.923754241309197],[-122.24609034836446,37.923755630996965],[-122.24609249743828,37.923757132100562],[-122.24609276388246,37.923757335428476],[-122.24609468426662,37.923758835406559],[-122.2460965778241,37.92376035560666],[-122.24609843227883,37.923761906122827],[-122.24610025990694,37.923763476861019],[-122.24610204053526,37.923765080735613],[-122.2461037819548,37.923766710422115],[-122.24610546734034,37.923768376082066],[-122.24610711465429,37.92377006753707],[-122.24610805614702,37.923771062016201],[-122.24611011192926,37.923773287227064],[-122.2461121216368,37.923775536549023],[-122.24611406511787,37.923777823797366],[-122.24611596252423,37.923780135156811],[-122.24612296615555,37.923788892718228],[-122.24612343443913,37.923789454426917],[-122.24612392066381,37.923790005056532],[-122.24612443386376,37.923790541770032],[-122.2461249638675,37.923791067421185],[-122.24612554505929,37.923791544554412],[-122.2461261761957,37.923791968682195],[-122.2461268783113,37.923792315162409],[-122.24612762923425,37.923792608653955],[-122.24612856687558,37.923792908397161],[-122.24612982437269,37.923793312452446],[-122.24613108077502,37.923793718326209],[-122.24613233608255,37.9237941260185],[-122.24613358917931,37.923794536446927],[-122.24614519630131,37.923798347091498],[-122.2461477317073,37.923799297282947],[-122.246150172155,37.92380036963317],[-122.24615246902803,37.92380162523834],[-122.24615467094277,37.923803003002284],[-122.24615667665181,37.923804551281812],[-122.24615852430288,37.92380619922271],[-122.24616013316138,37.923807996680942],[-122.24616158509927,37.923809893783819],[-122.24616397707057,37.923813447737906],[-122.24616464192481,37.923814578775968],[-122.24616519935739,37.923815737535534],[-122.24616559394096,37.923816937452131],[-122.24616588108158,37.923818164189264],[-122.24616606069432,37.923819414143722],[-122.24616620962307,37.923820665452851],[-122.24616631198889,37.923821920153756],[-122.24616638139612,37.92382317624299],[-122.24616690725193,37.923837433798781],[-122.2461674112658,37.923839705376736],[-122.24616837483569,37.923841781819604],[-122.24617002996098,37.923843563274119],[-122.24617214575839,37.923845148675873],[-122.24617476214458,37.92384634909277],[-122.24617748963901,37.923847291938401],[-122.24618038088889,37.923847845766616],[-122.2461833820884,37.92384814113953],[-122.24619407722146,37.923848442634338],[-122.24619412955543,37.923848442761894],[-122.24619418300539,37.923848441971792],[-122.24619423525448,37.923848438495952],[-122.24619428748237,37.923848434119293],[-122.24619469887632,37.923848367660476],[-122.24619572860566,37.923848037033679],[-122.24619629325399,37.923847860170468],[-122.24619686028284,37.923847687777851],[-122.24619743087202,37.923847521640788],[-122.24619800386293,37.923847360875051],[-122.24622302134773,37.923840498218979],[-122.24622605430282,37.923839727051643],[-122.24622911405963,37.923839031185253],[-122.24623220944893,37.923838447436758],[-122.24623533050281,37.923837939006084],[-122.24623846249204,37.923837460151901],[-122.24624158457694,37.923836947200023],[-122.24624469290011,37.923836381283195],[-122.24624779247733,37.923835782152736],[-122.24625259426168,37.923834810012252],[-122.2462580781897,37.923833674590909],[-122.24626355229813,37.923832508675083],[-122.2462690093603,37.923831295249634],[-122.24627445544441,37.923830050445638],[-122.24628306208591,37.92382804249899],[-122.2462855327353,37.923827595948936],[-122.24628801973553,37.923827312266717],[-122.24629053070413,37.923827273345097],[-122.24629306029823,37.923827397257597],[-122.2462955556708,37.923827758680488],[-122.24629799191253,37.923828266063836],[-122.24630033885747,37.923828991045141],[-122.24630262551314,37.923829861102938],[-122.24630553260459,37.923831135620205],[-122.24630928798913,37.92383263550277],[-122.24631312158292,37.923833978328673],[-122.24631707247993,37.923835085119364],[-122.24632110272346,37.923836034836597],[-122.24632936846295,37.923837713156118],[-122.24633122112935,37.923838076870254],[-122.24633307907872,37.923838423384261],[-122.24633494441572,37.923838745457786],[-122.24633681391965,37.923839051248805],[-122.24633860190002,37.9238394699886],[-122.2463402831556,37.923840042601739],[-122.24634180606159,37.92384084735113],[-122.24634322226403,37.923841806874684],[-122.24634412466865,37.923842542396351],[-122.24634577134762,37.923844061736375],[-122.24634724490893,37.923845669245637],[-122.24634845989918,37.923847407640729],[-122.24634950061329,37.923849233321015],[-122.24635063851416,37.923851610875502],[-122.24635242557031,37.923853776973857],[-122.24635463073403,37.923855388987157],[-122.24635746585972,37.923856168029076],[-122.24636072020881,37.923856392068238],[-122.24636442261193,37.923856174224213],[-122.24636811071217,37.923856170165898],[-122.24637177675764,37.923856485443459],[-122.24637542850027,37.923857014506758],[-122.24637669123489,37.923857254471322],[-122.24638053778108,37.923858470941511],[-122.24638390801238,37.923860136921775],[-122.24638656487689,37.923862475799204],[-122.24638874656384,37.92386526416999],[-122.24639089307355,37.923869166891926],[-122.2463917145467,37.923870716454147],[-122.24639249874589,37.923872277381278],[-122.24639322758145,37.923873854446526],[-122.24639392141746,37.923875442843141],[-122.24639474644216,37.923876949998409],[-122.2463957702104,37.923878346076485],[-122.24639708929327,37.923879577382607],[-122.24639860598246,37.923880697628391],[-122.24639936784835,37.92388116578114],[-122.24640151255785,37.923882239794928],[-122.24640376319799,37.923883077941504],[-122.24640617393499,37.923883564973103],[-122.24640869062374,37.923883817038416],[-122.24641480532142,37.923883959138017],[-122.24641870038728,37.923883999779811],[-122.24642259390379,37.923883974659795],[-122.24642648394831,37.923883850463646],[-122.24643037244341,37.923883660505766],[-122.24643424177189,37.923883574464284],[-122.24643808967718,37.923883689697561],[-122.24644190484712,37.923884105500285],[-122.2464456974355,37.923884721693817],[-122.24644602208676,37.92388478808553],[-122.24644965149088,37.923885914043382],[-122.2464529223768,37.923887419282053],[-122.24645565149467,37.923889493050467],[-122.24645802095722,37.92389194611664],[-122.24646118026666,37.923896199733896],[-122.24646213052618,37.92389742117242],[-122.24646312235402,37.923898620368618],[-122.24646417482842,37.923899786226485],[-122.24646526884989,37.923900928941165],[-122.24646644015198,37.923902020048402],[-122.24646766948653,37.923903063437493],[-122.24646898928161,37.923904035198809],[-122.24647036940485,37.923904960109191],[-122.24647044906263,37.923905009396343],[-122.24647193197382,37.923905903048784],[-122.24647343813021,37.923906769322848],[-122.2464749808602,37.923907594504044],[-122.24647654799388,37.923908393190828],[-122.24648080994439,37.923910485749879],[-122.24648459727847,37.923912182508175],[-122.24648847853057,37.923913712965891],[-122.24649250292356,37.923914993488786],[-122.24649662121334,37.92391610681026],[-122.24650540125842,37.923918174924459],[-122.24650685160138,37.923918555398032],[-122.24650827796525,37.923918980382837],[-122.24650966841352,37.92391947438658],[-122.24651103604123,37.92392001378564],[-122.246511203818,37.923920085200045],[-122.24651235492209,37.923920705299878],[-122.24651336730147,37.923921424775834],[-122.24651417273105,37.923922293299007],[-122.24651483943595,37.923923261198247],[-122.24651530928979,37.923924323926002],[-122.24651567150963,37.923925405367065],[-122.24651587277286,37.923926511716822],[-122.24651596751804,37.923927635862277],[-122.24651613742593,37.923944310178314],[-122.24651614017259,37.923945730362533],[-122.24651612470221,37.923947149914966],[-122.2465160853499,37.923948569820482],[-122.24651603007628,37.923949989961386],[-122.24651595772293,37.923951409453636],[-122.24651587852499,37.9239528281459],[-122.24651579022913,37.923954246972734],[-122.24651569624704,37.923955665883625],[-122.24651435185351,37.923974942603159],[-122.2465142933455,37.923975839219132],[-122.24651424052374,37.923976735751019],[-122.2465141945253,37.923977632182059],[-122.24651415423435,37.923978529429846],[-122.24651401773629,37.923979399262983],[-122.24651375872631,37.923980235762265],[-122.246513315369,37.923981021818754],[-122.24651274838368,37.923981775459076],[-122.24651104255233,37.923983636337958],[-122.24651610808428,37.92400877674423],[-122.24652113836531,37.924033917671323],[-122.24653048478615,37.924047951995995],[-122.24653192329383,37.924050147576217],[-122.24653333697339,37.924052351633925],[-122.24653471573825,37.924054570626353],[-122.24653606858026,37.924056799914759],[-122.24653648546523,37.924057497555452],[-122.24653761182826,37.924059385048857],[-122.24653873817017,37.924061271641406],[-122.24653986228009,37.924063160069252],[-122.24654098636884,37.924065047596223],[-122.2465415762951,37.924066040060602],[-122.24654240880065,37.924067429953702],[-122.24654324922437,37.924068817927406],[-122.24654409866123,37.924070202163172],[-122.24654495372052,37.924071583612367],[-122.24654580991718,37.924072965044793],[-122.24654665935408,37.924074349280559],[-122.24654749750351,37.924075737287822],[-122.24654833003055,37.924077128081713],[-122.24655155925853,37.924082562080827],[-122.24655223035921,37.924083716454554],[-122.24655288341273,37.924084877403217],[-122.24655351163803,37.924086046829359],[-122.24655412295338,37.924087222813625],[-122.24655470828213,37.924088406391398],[-122.24655527665846,37.924089594725565],[-122.24655582132259,37.924090790619537],[-122.24655634789711,37.924091991286822],[-122.2465596408734,37.924099696162237],[-122.24656080890097,37.924102531057478],[-122.24656192373317,37.924105377553076],[-122.24656296049935,37.924108242324913],[-122.24656394524989,37.924111120482031],[-122.24656440988566,37.924112541046362],[-122.24656509947765,37.924114721565445],[-122.24656575737556,37.924116908861215],[-122.24656636995387,37.924119104036308],[-122.24656695081688,37.924121305087255],[-122.24656750674552,37.924123510111471],[-122.24656806042107,37.924125716070201],[-122.24656861070611,37.924127922980162],[-122.24656915869551,37.92413012902292],[-122.24657121086511,37.924138428083396],[-122.24657170105296,37.924140450243357],[-122.24657217991096,37.924142474373198],[-122.24657264175285,37.924144500556913],[-122.24657309112762,37.924146528727285],[-122.24657352348626,37.924148558951551],[-122.24657394451506,37.924150591145647],[-122.24657434966495,37.924152625376841],[-122.24657474460095,37.924154660660172],[-122.24657722062184,37.92416771877653],[-122.24657746946214,37.924169057822624],[-122.24657771150021,37.924170397870398],[-122.24657794332441,37.92417173897033],[-122.24657816946242,37.924173080154347],[-122.24657838652377,37.92417442237376],[-122.24657860019462,37.924175765544412],[-122.24657880592602,37.924177109733634],[-122.24657900708731,37.924178453089255],[-122.24658176174674,37.924197156444393],[-122.24658186292945,37.924197781253049],[-122.24658197657936,37.924198404075128],[-122.24658210724546,37.924199024843269],[-122.2465822503999,37.924199644525629],[-122.24658241282373,37.924200261219575],[-122.24658258655629,37.924200875042857],[-122.24658277955822,37.924201485877795],[-122.2465829850273,37.924202094726063],[-122.24658350657754,37.92420356491364],[-122.24658399434436,37.924204904932864],[-122.246584495652,37.924206240246093],[-122.24658501846099,37.924207570735625],[-122.24658555599051,37.924208898304052],[-122.24658983930543,37.924219235236684],[-122.24659034528375,37.924220430801327],[-122.24659086259206,37.924221624396154],[-122.2465913968315,37.92422281233371],[-122.24659194349583,37.924223996482922],[-122.24659249357184,37.924225180581722],[-122.2465930357296,37.924226366599889],[-122.24659356771595,37.924227555471866],[-122.24659409180533,37.924228747164129],[-122.24659746803133,37.924236508481606],[-122.24659865754269,37.924239337651855],[-122.24659979842878,37.924242179256062],[-122.24660086463921,37.924245038185255],[-122.2466018822244,37.92424790954837],[-122.24660300297631,37.924251200226884],[-122.24660344828702,37.924252428229046],[-122.24660392752398,37.924253647619118],[-122.24660445536503,37.924254853674405],[-122.24660501826952,37.924256051100791],[-122.24660564323396,37.924257226882951],[-122.24660631892849,37.924258382990757],[-122.24660707127605,37.924259509128149],[-122.24660787433241,37.924260614690304],[-122.24661997523386,37.924276299754801],[-122.24662039634555,37.9242768387289],[-122.24662082307974,37.924277374916414],[-122.24662125768974,37.92427790738283],[-122.24662169792222,37.924278437062682],[-122.24662203615813,37.924278838483858],[-122.24662230783068,37.924279166994211],[-122.24662257501798,37.924279498274444],[-122.24662283544551,37.924279832358025],[-122.24662309022929,37.924280168327407],[-122.24662334280231,37.924280507032947],[-122.24662359310084,37.92428084577211],[-122.2466238422833,37.924281185428917],[-122.24662409032858,37.924281525102607],[-122.24663104946528,37.924291093433261],[-122.24663325474351,37.924294013019825],[-122.24663553757881,37.924296892709812],[-122.24663793730744,37.924299712096158],[-122.24664041570905,37.924302490668268],[-122.24664391689245,37.924306285042235],[-122.24664470259128,37.924307136734335],[-122.24664548829017,37.924307988426349],[-122.24664627398911,37.924308840118357],[-122.24664705970926,37.924309692711219],[-122.24664782965662,37.924310551845444],[-122.24664858052572,37.924311422075597],[-122.24664930105011,37.924312308074121],[-122.24665000249621,37.924313205168581],[-122.24665333341535,37.924317595021662],[-122.24665493816315,37.924319699828928],[-122.24665655078687,37.924321800915067],[-122.24665817353963,37.924323897345673],[-122.24665980303109,37.924325990071928],[-122.24666111793482,37.924327671114746],[-122.24666209842947,37.924328920040509],[-122.24666308113503,37.924330166230071],[-122.2466640694843,37.924331410533938],[-122.24666506008691,37.924332653903306],[-122.24666604729902,37.924333898223928],[-122.24666702663539,37.924335146265641],[-122.24666799474802,37.924336400781371],[-122.24666895384762,37.924337659035025],[-122.2466709030587,37.924340236362482],[-122.24667283453201,37.924342785115101],[-122.24667476823747,37.924345332032416],[-122.2466767075656,37.924347876163083],[-122.24667865028439,37.924350419342446],[-122.24668642893037,37.924360583834151],[-122.24668686768386,37.924361195540925],[-122.24668727714501,37.924361819395912],[-122.24668764261472,37.92436245922103],[-122.24668797765483,37.924363111211157],[-122.24668826070021,37.924363777487429],[-122.24668850297481,37.924364451575883],[-122.24668868409304,37.924365137382424],[-122.24668882557771,37.92436583098425],[-122.24669255642354,37.924389364526995],[-122.24672315234953,37.924391356066323],[-122.24672416704222,37.924391449201565],[-122.24672517230637,37.924391576720204],[-122.24672616517609,37.924391757590421],[-122.2467271486386,37.92439197374491],[-122.2467281171775,37.924392232474474],[-122.24672907601189,37.924392513876462],[-122.24673001741465,37.92439282797784],[-122.24673094797575,37.924393164768532],[-122.24674461025816,37.924398394929867],[-122.24674759154888,37.924399534066843],[-122.24675057389211,37.924400669583612],[-122.24675355956218,37.924401801446443],[-122.24675654630589,37.924402930589856],[-122.24675789845955,37.924403440476773],[-122.24676020803177,37.924404316495178],[-122.24676251320366,37.924405198886646],[-122.24676481403891,37.924406090353848],[-122.24676711158988,37.924406987276477],[-122.24676941236156,37.924407876041045],[-122.24677172300757,37.924408749339833],[-122.24677404898061,37.92440959717954],[-122.24677638369077,37.924410429570351],[-122.24679022230637,37.924415273225797],[-122.24679083361522,37.924415483167742],[-122.24679144711358,37.924415689472674],[-122.24679206273785,37.924415889438009],[-122.24679268168892,37.924416085749598],[-122.24679330059757,37.924416280259443],[-122.24679391954868,37.924416476570997],[-122.2467945362677,37.924416674717868],[-122.24679519085544,37.92441688672325],[-122.24679582271963,37.924417099965886],[-122.24679644906733,37.924417320499266],[-122.24679706888887,37.924417553745428],[-122.24679768546847,37.924417794248733],[-122.24679774174534,37.924417816846642],[-122.24679837934727,37.924418080469209],[-122.24679901252759,37.924418349564121],[-122.24679963911808,37.924418628669208],[-122.24680026017094,37.924418914164242],[-122.2468200970422,37.924428225373525],[-122.24682214898057,37.924429175490729],[-122.24682420858247,37.924430112878362],[-122.24682628252272,37.924431031129615],[-122.24682836640098,37.924431936617665],[-122.24682889275658,37.924432162234169],[-122.24683072662633,37.924432934443146],[-122.24683257037047,37.924433691186401],[-122.24683442725203,37.924434426107531],[-122.24683629400789,37.92443514556301],[-122.24683817394362,37.924435844998058],[-122.24684006040566,37.92443653172036],[-122.24684195667821,37.924437200274348],[-122.24684386175161,37.924437856082022],[-122.24685318171765,37.9244410119951],[-122.24685493866448,37.924441609615407],[-122.24685669342185,37.924442210872748],[-122.2468584448736,37.924442816684682],[-122.24686019413589,37.924443426133607],[-122.24686107741307,37.924443735686587],[-122.24686237851053,37.924444203071744],[-122.24686367192328,37.924444682285525],[-122.24686495443066,37.924445181486078],[-122.24686622925338,37.924445692515278],[-122.24686749639146,37.924446215373166],[-122.24686876131869,37.924446740967205],[-122.24687002405638,37.924447270198279],[-122.24687128574179,37.924447803049461],[-122.2468814647404,37.924452122268242],[-122.24688495903884,37.924453596255603],[-122.24688846104324,37.924455059315001],[-122.24689197178489,37.92445650692536],[-122.2468954891378,37.924457945426312],[-122.24689907171705,37.924459400084636],[-122.24690081038109,37.9244600907939],[-122.24690256003547,37.924460765119775],[-122.24690432276356,37.924461414921062],[-122.24690609648194,37.924462048338881],[-122.24690788546361,37.924462653595164],[-122.24690968421341,37.924463238881444],[-122.24691149816283,37.924463793303595],[-122.24691332299638,37.924464326838084],[-122.24692613520364,37.92446795197128],[-122.24692729534101,37.924468279057322],[-122.24692845547843,37.924468606143328],[-122.24692961668934,37.924468930510002],[-122.24693077790029,37.924469254876612],[-122.24693105845684,37.924469332733075],[-122.24693207777922,37.924469622250513],[-122.24693309383849,37.924469918124274],[-122.24693410446628,37.924470224892247],[-122.24693511296826,37.924470537999802],[-122.24693611820715,37.924470857463682],[-122.24693712232998,37.924471177845192],[-122.24693812647405,37.924471499127549],[-122.2469391306394,37.924471821310753],[-122.24694794713254,37.92447466024511],[-122.24695147636832,37.924475782262292],[-122.24695501543604,37.924476887011956],[-122.24695856641904,37.924477966352867],[-122.24696212607543,37.924479027542304],[-122.24696766612307,37.924480657813419],[-122.24696846011369,37.924480895692227],[-122.24696925082002,37.92448113902654],[-122.24697003828447,37.924481389618045],[-122.24697082360174,37.924481645648292],[-122.24697160670834,37.924481904414641],[-122.24697238979363,37.924482162280192],[-122.24697317513223,37.924482419211195],[-122.24697396042835,37.92448267434056],[-122.24697828347382,37.924484074790477],[-122.24698124706016,37.924484993399851],[-122.24698423110772,37.924485863044012],[-122.24698724871128,37.924486660099191],[-122.24699028679727,37.924487409090048],[-122.24700556396132,37.924490972528801],[-122.24700642302054,37.924491171596479],[-122.24700728205853,37.924491369763231],[-122.24700814217013,37.924491565210644],[-122.24700900337643,37.924491758839594],[-122.24700986243573,37.924491957907179],[-122.24701071827434,37.924492165132826],[-122.24701156870279,37.924492384153552],[-122.24701241591052,37.924492611332333],[-122.24701539426324,37.924493432397405],[-122.24701772584834,37.924494083696949],[-122.2470200519808,37.924494744989836],[-122.24702237276679,37.92449542078031],[-122.24702468807892,37.924496105663223],[-122.24703191763248,37.924498271465531],[-122.24703459054619,37.924499069111356],[-122.24703726451227,37.924499863136944],[-122.24703994178394,37.924500652607797],[-122.247042620108,37.924501438458364],[-122.24704530060048,37.924502219771085],[-122.24704798216654,37.924502998364332],[-122.24705066592222,37.924503773320524],[-122.24705335077275,37.924504546458138],[-122.24706076950443,37.924506677920398],[-122.24706348162772,37.924507449753293],[-122.24706619697179,37.92450821342802],[-122.24706891768359,37.924508963505986],[-122.24707164275331,37.924509705408994],[-122.24707228391998,37.924509878861606],[-122.24707469487956,37.924510519073458],[-122.24707711013336,37.924511148407788],[-122.24707953294451,37.924511760508366],[-122.24708196002858,37.924512360830633],[-122.24708439138573,37.924512949374545],[-122.24708682491116,37.924513533380612],[-122.24708926058375,37.9245141119479],[-122.24709169728746,37.924514685994112],[-122.24711129550246,37.924519275012841],[-122.24711163182678,37.924519353846378],[-122.24711196815113,37.924519432679951],[-122.24711230561276,37.924519511496669],[-122.24711264193708,37.924519590330235],[-122.24711297828264,37.924519670064605],[-122.24711331462824,37.924519749798989],[-122.24711365101628,37.924519831335061],[-122.24711398628831,37.924519913788799],[-122.24711533546463,37.924520248891049],[-122.24711634368268,37.924520501623668],[-122.24711735086963,37.924520758877335],[-122.24711835590945,37.924521021569667],[-122.2471193587598,37.924521287899033],[-122.24713002807873,37.924524157992323],[-122.24713309987909,37.924524985782746],[-122.24713617060597,37.924525816292523],[-122.24713924025939,37.92452664952156],[-122.2471423088181,37.924527484568991],[-122.24714537739808,37.924528320517204],[-122.24714844593572,37.924529154663659],[-122.24715151666298,37.924529985172981],[-122.24715458848503,37.924530813863754],[-122.24715578950151,37.924531137639498],[-122.24715946232621,37.924532125056587],[-122.2471631373618,37.924533109737432],[-122.24716681344982,37.924534090797962],[-122.24717049061144,37.924535069139047],[-122.24717735943103,37.92453689242091],[-122.24717956289497,37.92453746540923],[-122.24718177172669,37.924538024800732],[-122.24718398914676,37.924538562437348],[-122.24718621307181,37.924539086460392],[-122.2471884433107,37.92453958876218],[-122.24719067999095,37.924540074747817],[-122.24719292412225,37.924540538995458],[-122.24719517355759,37.924540986943747],[-122.2472157758594,37.924544977144137],[-122.24721618837933,37.924545054850448],[-122.24721660201524,37.924545131639022],[-122.24721701668226,37.924545203906582],[-122.24721743244403,37.924545274355673],[-122.24721784814217,37.924545342102185],[-122.24721826493499,37.924545408030184],[-122.24721868166411,37.924545471255712],[-122.24721909948805,37.92454553266267],[-122.24722238138091,37.924546006793008],[-122.24722443859406,37.924546311596252],[-122.24722649486111,37.924546624523892],[-122.24722854576046,37.924546951048178],[-122.24723059575618,37.924547287498605],[-122.24724405016573,37.924549536042583],[-122.24724678045305,37.92455001652862],[-122.24724950345917,37.924550525959383],[-122.24725221158447,37.924551079766886],[-122.2472549101541,37.924551662552773],[-122.24725759925303,37.924552277920291],[-122.2472602829631,37.924552905983724],[-122.24726295917961,37.924553553983372],[-122.24726563000731,37.924554214678892],[-122.24727106713713,37.924555580616634],[-122.24727579722436,37.924556777681659],[-122.24728052301749,37.924557985623885],[-122.24728524232722,37.92455920808036],[-122.24728995736407,37.924560442314899],[-122.24729861051397,37.924562721316875],[-122.24730069627007,37.924563271712699],[-122.24730278318472,37.924563822992546],[-122.24730486898342,37.924564375190002],[-122.24730695366603,37.924564928305074],[-122.24730904375893,37.92456546962503],[-122.24731113917706,37.924565995546544],[-122.24731324427826,37.924566497894645],[-122.24731535582073,37.924566983926603],[-122.24733665805461,37.924571757673256],[-122.2473375763586,37.924571960367977],[-122.24733849573607,37.924572160343324],[-122.24733941723937,37.924572353979137],[-122.24734033981626,37.924572544895533],[-122.24734126344552,37.924572732191805],[-122.24734218707468,37.924572919488043],[-122.24734311179861,37.924573104965724],[-122.24734403652259,37.924573290443419],[-122.24734505953801,37.924573495193869],[-122.24734649625336,37.924573779434958],[-122.24734793513706,37.924574059138216],[-122.24734937503061,37.924574333419571],[-122.24735081597645,37.924574604080682],[-122.24736098205615,37.924576491224499],[-122.24736347301416,37.924576953620267],[-122.2473659639722,37.924577416015914],[-122.24736845490904,37.924577877510664],[-122.24737094696192,37.924578338087713],[-122.24737343785637,37.924578797780676],[-122.24737592986679,37.924579256555944],[-122.24737842292964,37.924579711710926],[-122.24738091597125,37.924580165965004],[-122.24740063372903,37.924583743871047],[-122.24740158890403,37.924583918083982],[-122.24740254405778,37.924584091396056],[-122.2474034992116,37.924584264708137],[-122.24740445436538,37.924584438020197],[-122.24740540954041,37.924584612233119],[-122.24740636469416,37.924584785545129],[-122.24740732096397,37.924584957939487],[-122.2474082761178,37.92458513125154],[-122.2474347401659,37.924589918741766],[-122.24743518231834,37.924589998712378],[-122.24743562449207,37.924590079583893],[-122.24743606552855,37.924590160472206],[-122.24743650772351,37.924590242244548],[-122.24743694876004,37.92459032313289],[-122.24743739093373,37.924590404004363],[-122.24743783308624,37.924590483975017],[-122.24743827523871,37.92459056394565],[-122.24746757073213,37.92459582771032],[-122.24746775008659,37.924595859301157],[-122.24746793059957,37.924595891776072],[-122.24746810995406,37.924595923366894],[-122.2474682904457,37.924595954941005],[-122.24746847093745,37.924595986515008],[-122.24746865140791,37.924596017188193],[-122.24746883189961,37.924596048762268],[-122.2474690112541,37.924596080353112],[-122.24747060712092,37.924596359534988],[-122.24747158501995,37.924596532510016],[-122.24747256180291,37.924596706402774],[-122.24747353749117,37.924596882113946],[-122.24747451438033,37.924597060510877],[-122.24749994932894,37.924601722629156],[-122.24752649442755,37.924605122017937],[-122.24752897040462,37.924605431434941],[-122.24753144955976,37.924605730892139],[-122.24753393060716,37.924606014100483],[-122.24753641371669,37.924606288266666],[-122.24753889863345,37.924606542580598],[-122.24754138778066,37.924606783314495],[-122.24754387869267,37.924607002394467],[-122.24754637265531,37.924607206109563],[-122.24755696182099,37.924608026314921],[-122.2475608181588,37.924608304497085],[-122.24756467838719,37.924608554685641],[-122.24756854220882,37.924608764268804],[-122.24757240764663,37.924608945892039],[-122.24757627422169,37.924609127498329],[-122.24758013690611,37.924609337097941],[-122.24758399713464,37.924609587285879],[-122.24758785349388,37.92460986636798],[-122.24759263921401,37.924610238037879],[-122.24759610446726,37.924610527411453],[-122.24759956692469,37.924610842959829],[-122.24760302235597,37.924611198263001],[-122.24760647387545,37.92461158065867],[-122.24760992728717,37.924611946805456],[-122.24761338639671,37.924612265106454],[-122.24761685520085,37.924612512072407],[-122.24762033081868,37.924612710274971],[-122.24762797054542,37.924613067657155],[-122.24763114243589,37.9246131703242],[-122.24763431286077,37.924613210832995],[-122.24763748339375,37.924613159421938],[-122.2476406547356,37.924613045818937],[-122.24764382358092,37.924612874578671],[-122.2476469909279,37.924612688040845],[-122.24765015658537,37.924612478097799],[-122.24765332074449,37.924612252857131],[-122.24766275106711,37.924611546513688],[-122.2476658398688,37.924611406195218],[-122.24766892357722,37.92461138760838],[-122.24767200129844,37.924611549341627],[-122.24767507390511,37.924611831905636],[-122.24767808023914,37.924612343443002],[-122.24768100546422,37.92461303370839],[-122.24768380840395,37.924613989822134],[-122.24768653021357,37.924615123763068],[-122.24769996029755,37.924621550383705],[-122.24770041265121,37.924621773486543],[-122.24770085837257,37.924622004797996],[-122.24770129634564,37.924622245235611],[-122.24770172766513,37.924622492980888],[-122.24770195956489,37.924622630130656],[-122.24770227440838,37.92462281111122],[-122.24770259253614,37.924622986636223],[-122.24770291622269,37.924623156672013],[-122.24770324433075,37.924623321235451],[-122.24770357467084,37.924623483963565],[-122.24770390277898,37.924623648526975],[-122.24770422869751,37.924623816727454],[-122.24770455236282,37.924623985862418],[-122.24771595046599,37.924630019900668],[-122.24771967462195,37.924631929326885],[-122.24772344290848,37.924633780425985],[-122.24772727739079,37.924635544034416],[-122.24773115598242,37.924637248414854],[-122.24773514303109,37.924638727703368],[-122.24773922686683,37.924639969456422],[-122.24774345476716,37.924640855823981],[-122.24774777949698,37.924641506457668],[-122.24776104808348,37.924642916912035],[-122.24776150539346,37.924642964215529],[-122.24776196379807,37.924643009700496],[-122.24776242325503,37.924643051565262],[-122.24776288151097,37.924643090744361],[-122.24776380025494,37.924643167267199],[-122.24776176860306,37.924647468814683],[-122.24776091770373,37.924649642380722],[-122.24776027907554,37.924651844346698],[-122.24775996227631,37.924654089312504],[-122.24775985774816,37.924656362678299],[-122.24775996522725,37.924660390165464],[-122.2477601827666,37.924663054374534],[-122.24776059199077,37.924665694119838],[-122.24776128813093,37.924668295376108],[-122.24776217707192,37.924670871250939],[-122.24776317367066,37.92467333288819],[-122.24776375633218,37.924674643562895],[-122.24776439877913,37.924675932626421],[-122.24776513266329,37.924677191500002],[-122.24776592635423,37.924678429663317],[-122.24776679556099,37.924679637872288],[-122.24776770298803,37.924680826591434],[-122.24776866889346,37.924681986509484],[-122.24776967301915,37.924683126937722],[-122.24777119916358,37.924684791325802],[-122.24777295907575,37.924686768561607],[-122.24777467065994,37.924688770843709],[-122.24777630919407,37.924690811154015],[-122.24777789940032,37.924692876510612],[-122.24777969450693,37.924695284880308],[-122.24778068344189,37.924696601259015],[-122.24778168027392,37.924697914817415],[-122.24778268723497,37.924699223720161],[-122.24778370093458,37.924700528918564],[-122.24778477073183,37.924701800845227],[-122.24778590555481,37.924703032158916],[-122.24778713791633,37.924704202553052],[-122.24778843644073,37.924705332317281],[-122.2477924521605,37.924708606286423],[-122.24779587919049,37.924711278881396],[-122.24779940316456,37.924713865333089],[-122.24780306975376,37.924716324413652],[-122.24780683101243,37.924718697384577],[-122.24781280312159,37.924722293858743],[-122.24781431799313,37.924723190626459],[-122.24781584509833,37.924724075498048],[-122.24781738995343,37.924724941182738],[-122.24781894699962,37.924725793169628],[-122.24782051733177,37.924726629640261],[-122.24782209320144,37.924727459720799],[-122.24782367903022,37.924728277938932],[-122.24782527037532,37.924729088866194],[-122.24782563995605,37.924729275344639],[-122.24782742328195,37.924730170843645],[-122.24782920879737,37.924731062705639],[-122.24783099987155,37.924731949078385],[-122.24783279311414,37.924732830913264],[-122.24784245753861,37.924737564987296],[-122.24784348078661,37.924738068914486],[-122.24784450182385,37.924738575577805],[-122.24784552069283,37.924739086779041],[-122.24784653730862,37.924739598914726],[-122.24784754952407,37.92474011742361],[-122.24784855841277,37.924740639586354],[-122.24784956176397,37.924741168139143],[-122.24785056178844,37.924741700345777],[-122.24787043649185,37.924752365261931],[-122.24789785709926,37.924763798053696],[-122.24791369482068,37.92477038367646],[-122.24791950026022,37.924772797588716],[-122.24792530458419,37.924775212418368],[-122.2479311078137,37.92477762906622],[-122.24793691104358,37.924780045713831],[-122.24795273179832,37.924786635187111],[-122.24798015179378,37.924798040934391],[-122.24800757243497,37.924809473700584],[-122.24803135369147,37.924821530747124],[-122.24803161507597,37.92482166385529],[-122.24803187641798,37.924821795161812],[-122.24803213778125,37.924821927369194],[-122.24803240026047,37.924822058658862],[-122.24803254761282,37.924822132175684],[-122.24803273527863,37.924822226723776],[-122.24803292410301,37.924822322155904],[-122.24803311179009,37.924822417604787],[-122.24803329949845,37.924822513954581],[-122.24805736536889,37.924834868672328],[-122.24805743331636,37.924834903713176],[-122.24805750126382,37.924834938754039],[-122.24805757034852,37.924834973778083],[-122.24805763827469,37.924835007918112],[-122.24805791233901,37.924835148047876],[-122.24805798028645,37.924835183088739],[-122.24805804823389,37.92483521812958],[-122.24805811506532,37.924835254088102],[-122.248058183034,37.924835290029797],[-122.24805843542684,37.924835427776785],[-122.2480586290127,37.92483553214997],[-122.24805882371456,37.924835635605476],[-122.24805901839522,37.924835738160148],[-122.24805921419184,37.92483583979714],[-122.24808216966653,37.924847661234793],[-122.24808254508349,37.924847853934203],[-122.24808292165895,37.9248480475176],[-122.24808329709717,37.924848241117836],[-122.24808367253539,37.924848434718101],[-122.24810571730028,37.924859796519854],[-122.24810610314383,37.924859997175325],[-122.24810648563933,37.924860200583758],[-122.24810686594532,37.924860407629268],[-122.24810724404063,37.924860617410971],[-122.24810762101987,37.924860828110333],[-122.24810799911509,37.924861037891986],[-122.24810837830512,37.924861245855155],[-122.24810876669935,37.924861458187927],[-122.24810915385008,37.924861666033266],[-122.24810954097961,37.924861872977807],[-122.24810993031986,37.924862077186134],[-122.2481103207549,37.924862279575933],[-122.24813055371132,37.924872695834956],[-122.24813107770328,37.924872965637441],[-122.24813160169523,37.924873235439911],[-122.24813212566592,37.924873504341548],[-122.24813264852067,37.924873774160908],[-122.24813317470215,37.924874040326358],[-122.24813370309433,37.92487430375563],[-122.24813423590813,37.924874561712528],[-122.24813477093264,37.924874816933176],[-122.24814920951903,37.924881600757786],[-122.24815351979576,37.924883567281434],[-122.24815786965387,37.924885475545089],[-122.24816228000009,37.924887295501101],[-122.24816672879047,37.924889057213939],[-122.24817301536768,37.92489146669724],[-122.24817435494531,37.924891973149656],[-122.24817569890197,37.924892472327926],[-122.248177049406,37.924892959694262],[-122.24817840431025,37.924893440687377],[-122.24817976028801,37.924893918961061],[-122.24818111300286,37.924894403591175],[-122.24818246022264,37.92489489641298],[-122.2481838052954,37.924895394673506],[-122.24819499620251,37.924899586161068],[-122.2481958899273,37.924899952322534],[-122.24819675712297,37.924900351318271],[-122.24819758675692,37.924900797730125],[-122.24819839097785,37.924901276058542],[-122.24819913725165,37.924901805709396],[-122.24819983543107,37.924902370315934],[-122.24820045974188,37.924902986480511],[-122.24820103479981,37.924903636716813],[-122.24820125872841,37.924903918168894],[-122.24820187217442,37.924904748969823],[-122.24820243714368,37.924905598511387],[-122.24820293110366,37.924906476138474],[-122.24820337544953,37.924907372522959],[-122.24821005704452,37.924922237371497],[-122.24821049679804,37.924923228445508],[-122.24821092977058,37.924924221422216],[-122.24821135257156,37.924925217252905],[-122.24821176859163,37.924926214986264],[-122.24821182651537,37.924926355610857],[-122.24821226472692,37.924927426009653],[-122.2482126995267,37.924928496458875],[-122.24821312979876,37.924929567876255],[-122.24821355668028,37.924930640245009],[-122.24821997477332,37.924946825584321],[-122.24822639070807,37.924971890966169],[-122.24823423224888,37.924991221908151],[-122.24824963673343,37.925007749165175],[-122.24826504186227,37.925024303445383],[-122.2482787424876,37.92503621404984],[-122.24828207066007,37.925039131406649],[-122.24829244375479,37.925048151677913],[-122.24829931144882,37.925054120238954],[-122.2483165169897,37.925069109590403],[-122.24833162593005,37.925071417333079],[-122.2483343933249,37.925072071168628],[-122.24833698125467,37.925072978182172],[-122.24833929602786,37.925074265922376],[-122.24834143022015,37.925075807758191],[-122.2483432446294,37.925077634586948],[-122.24834483952694,37.925079560187136],[-122.24834610342972,37.925081633069063],[-122.24834714897928,37.925083805606512],[-122.24834763468017,37.925085056434696],[-122.24834885295826,37.925087895976091],[-122.24835020898249,37.92509069112446],[-122.24835176820353,37.925093419283201],[-122.24835346399108,37.925096101264032],[-122.2483598919702,37.92510556561318],[-122.24836027186069,37.925106092575085],[-122.24836067312519,37.925106609308003],[-122.24836110585035,37.925107109354379],[-122.24836155994956,37.925107599171689],[-122.24836204879361,37.925108066846967],[-122.24836255995776,37.925108516168763],[-122.24836310578178,37.925108939745108],[-122.24836367620037,37.925109344934363],[-122.24836640515328,37.925111166337736],[-122.24836773089433,37.925112050577951],[-122.24836905779401,37.925112935702202],[-122.24837038353509,37.925113819942396],[-122.24837171041355,37.925114704165722],[-122.24837297683659,37.925115629835958],[-122.24837416492686,37.925116610734939],[-122.24837523435954,37.925117673593185],[-122.248376224301,37.925118790796184],[-122.24838057855753,37.925124212601723],[-122.24838170500853,37.925125715282292],[-122.24838274916254,37.9251272498202],[-122.24838367273547,37.925128833003022],[-122.24838451401148,37.925130448043134],[-122.24838525258373,37.925132097946211],[-122.24838593459086,37.925133761302646],[-122.24838653400349,37.925135443904651],[-122.24838707687231,37.925137140860919],[-122.24838876165541,37.925142877028556],[-122.24838963507032,37.925145902806435],[-122.24839049037428,37.92514893245697],[-122.24839131960641,37.925151966098007],[-122.24839212956915,37.925155002727706],[-122.24839281601082,37.925157625751723],[-122.24839328673318,37.925159350810553],[-122.24839378009435,37.925161071028406],[-122.24839430856167,37.925162784418653],[-122.24839486082638,37.925164493851995],[-122.24839546626575,37.925166190783337],[-122.24839611921476,37.925167876197591],[-122.24839684224858,37.925169542551373],[-122.24839761165484,37.92517119740495],[-122.24840414833137,37.925184545936162],[-122.24840464917088,37.92518557034937],[-122.24840515001054,37.925186594762614],[-122.2484056497341,37.925187620093467],[-122.24840614943646,37.925188644523502],[-122.24840662767976,37.92518967557929],[-122.24840707764045,37.925190713361694],[-122.24840748575656,37.925191761676217],[-122.24840786561133,37.925192817618274],[-122.24840915947502,37.925196642808366],[-122.24841007463151,37.92519946070194],[-122.24841094107735,37.925202287426885],[-122.24841173389927,37.925205127857687],[-122.24841247801058,37.925207977119847],[-122.24841363739505,37.925212660400348],[-122.24841377351032,37.925213173848093],[-122.24841391979722,37.925213684441879],[-122.24841408307906,37.925214192080624],[-122.24841425771227,37.925214698650208],[-122.24841445494177,37.92521519857722],[-122.24841467135587,37.925215691912271],[-122.24841491830584,37.925216177586002],[-122.24841518557773,37.925216656650932],[-122.24842163507547,37.92522751476961],[-122.24842322104445,37.92523012267754],[-122.24842484420297,37.925232715616488],[-122.24842652708367,37.925235284241403],[-122.24842824829106,37.925237837880466],[-122.24843064433969,37.925241316933388],[-122.24843118441177,37.925242123586699],[-122.24843170984839,37.925242936764796],[-122.24843221045663,37.925243758420763],[-122.24843269529198,37.925244586618298],[-122.2484331575736,37.925245423260094],[-122.24843360403986,37.9252462646417],[-122.24843402906833,37.925247113549879],[-122.24843443939749,37.92524796628026],[-122.24844354256481,37.925267533563087],[-122.24844378712336,37.925268062527799],[-122.2484440282914,37.925268592443835],[-122.24844426606896,37.92526912331121],[-122.24844450159326,37.925269655113119],[-122.24844472692473,37.925270188868161],[-122.24844494435916,37.925270725443561],[-122.24844514821029,37.925271264923516],[-122.24844534300588,37.925271806339801],[-122.24844624784596,37.92527442793331],[-122.2484468809097,37.925276283059304],[-122.2484475060765,37.925278141005613],[-122.24844811763869,37.925280000955645],[-122.24844871900812,37.925281862858782],[-122.24845196289765,37.925292009646576],[-122.24845226454973,37.925292933374536],[-122.2484525741413,37.925293856083876],[-122.24845289731627,37.925294775888638],[-122.24845322727222,37.925295693790758],[-122.24845356855829,37.925296609722885],[-122.24845391437211,37.92529752468684],[-122.24845426922023,37.925298436813556],[-122.24845462859615,37.925299347972135],[-122.24845893028917,37.925310112617247],[-122.24845989812702,37.925312559354772],[-122.24846085349768,37.925315008079096],[-122.24846179079978,37.925317462477864],[-122.2484627156346,37.925319918863366],[-122.24846362351688,37.925322380005646],[-122.24846452348099,37.925324843067358],[-122.24846540984056,37.9253273081328],[-122.24846628716588,37.925329776035369],[-122.24846661516646,37.925330707483795],[-122.24846765138507,37.925333641636712],[-122.24846868987839,37.925336575755971],[-122.24846973062502,37.925339508940731],[-122.24847077364619,37.925342442091832],[-122.24847321400544,37.925349294423455],[-122.2484737109113,37.925350730723771],[-122.24847418856881,37.925352170913598],[-122.24847463905969,37.925353616912524],[-122.24847507028097,37.925355065900106],[-122.24847547319837,37.925356520713549],[-122.24847585570895,37.925357978532524],[-122.24847620875711,37.925359441293352],[-122.24847654251442,37.925360906142018],[-122.24848007022102,37.925377152271032],[-122.24848025908389,37.925378020895394],[-122.24848045022125,37.925378889486119],[-122.24848064249588,37.925379758059975],[-122.24848083588654,37.925380625716194],[-122.24848103157298,37.925381494239524],[-122.24848122837538,37.925382361845223],[-122.24848142631508,37.925383229434097],[-122.24848162539206,37.925384097006102],[-122.24848426268701,37.92539553602014],[-122.24848465475104,37.925397254132285],[-122.24848504342451,37.925398973195804],[-122.24848542643304,37.92540069324432],[-122.24848580375522,37.925402413377007],[-122.24848643792895,37.925405328248097],[-122.24848649535312,37.925405592338585],[-122.24848655161873,37.925405855545073],[-122.24848660676835,37.925406119669233],[-122.24848666189673,37.925406382892554],[-122.2484867181836,37.925406646999868],[-122.24848677672374,37.92540691017269],[-122.24848683751713,37.925407172411049],[-122.24848690174358,37.925407435499658],[-122.24849163801836,37.925426542939668],[-122.24849197003451,37.925427837495207],[-122.24849231563397,37.925429129146202],[-122.24849268277761,37.925430417774891],[-122.24849306238859,37.92543170441671],[-122.24849345672017,37.925432988137153],[-122.24849385557954,37.925434270889383],[-122.24849426124122,37.925435552639847],[-122.24849467143069,37.925436833422076],[-122.2484976794702,37.925446144721228],[-122.24849852196733,37.925448727586144],[-122.24849937693183,37.925451308464176],[-122.24850024887026,37.925453885486313],[-122.24850113100156,37.925456460555267],[-122.24850250078302,37.925460417090804],[-122.24850271612421,37.925461009568878],[-122.24850294163699,37.925461599192978],[-122.24850318412359,37.925462184961148],[-122.24850343791901,37.925462767858448],[-122.248503695105,37.925463349804438],[-122.24850394778447,37.925463933619426],[-122.24850419254561,37.925464519353923],[-122.24850443050448,37.925465106090321],[-122.24850584299487,37.925468654670226],[-122.24850675098746,37.925471023892378],[-122.2485076148395,37.925473402779389],[-122.24850841418662,37.925475796138592],[-122.24850916939324,37.925478199162661],[-122.24851146630058,37.925485866461145],[-122.2485119602096,37.925487465014072],[-122.24851247107131,37.925489058810292],[-122.24851301025825,37.925490647681471],[-122.24851356755632,37.925492232679943],[-122.2485141554117,37.925493810918013],[-122.24851476700069,37.925495382496706],[-122.24851541479075,37.925496945429124],[-122.24851608633578,37.92549850260297],[-122.24852184410685,37.925511479664202],[-122.24852213228567,37.925512121529017],[-122.24852242497104,37.925512761524772],[-122.2485227244587,37.925513400518703],[-122.24852302845289,37.925514037643602],[-122.24852342439364,37.925514859046103],[-122.24852353096486,37.925515084560523],[-122.24852363416679,37.925515311927072],[-122.24852373284094,37.925515540261827],[-122.24852382812455,37.925515769547914],[-122.24852391660588,37.925515999835845],[-122.24852400058069,37.925516231992823],[-122.24852407434142,37.925516465202129],[-122.24852414359552,37.925516700280419],[-122.24852922699839,37.925535379036489],[-122.24852958335462,37.925536740818458],[-122.24852992385308,37.925538105538664],[-122.24853023714228,37.925539474266209],[-122.24853053341506,37.925540845047927],[-122.24853082290689,37.92554221773235],[-122.24853112031697,37.925543588497256],[-122.24853142907847,37.925544958192965],[-122.24853174575826,37.925546325969137],[-122.24853417379781,37.925556610091206],[-122.2485348900836,37.925559099301132],[-122.24853576469324,37.925561548319031],[-122.24853687674604,37.925563935247176],[-122.24853817198277,37.925566323068502],[-122.24853955373689,37.925568616789953],[-122.24854093888163,37.925570909560008],[-122.24854233080757,37.925573200427401],[-122.24854372610281,37.925575489442558],[-122.24854501513333,37.92557780706538],[-122.24854615946592,37.92558016377739],[-122.2485470890368,37.925582579540013],[-122.24854787390987,37.925585034391823],[-122.24855058080706,37.925594986364416],[-122.24855097382166,37.925596407080192],[-122.24855137365984,37.925597827694922],[-122.24855178366955,37.925599245455594],[-122.24855220161885,37.925600662197638],[-122.24855264106991,37.925602074115631],[-122.24855309979063,37.925603483044895],[-122.2485535890474,37.925604884312868],[-122.24855409868982,37.925606281674547],[-122.2485589927319,37.925619295849771],[-122.24855932373264,37.925620161468956],[-122.2485596637889,37.925621025151784],[-122.24856001513278,37.92562188506291],[-122.24856037327893,37.925622743972163],[-122.2485608682983,37.925623907249175],[-122.24856098854843,37.925624182124736],[-122.24856111105186,37.925624456065762],[-122.24856123806184,37.925624728137812],[-122.24856136732504,37.92562499927535],[-122.24856149888403,37.925625271280047],[-122.2485616281473,37.925625542417578],[-122.24856175517854,37.925625815390461],[-122.24856188107243,37.92562608838017],[-122.24856857755761,37.925640807000086],[-122.24856948482329,37.925642807658861],[-122.2485703864027,37.925644808401799],[-122.24857128349689,37.925646811914596],[-122.24857217492605,37.925648816412405],[-122.24857285742124,37.925650355400684],[-122.24857341887987,37.925651586182234],[-122.24857399956572,37.925652812173333],[-122.24857460621732,37.925654029669715],[-122.24857523207486,37.925655241474857],[-122.24857586585077,37.925656451360453],[-122.24857649284557,37.925657663148719],[-122.2485771074156,37.925658878725585],[-122.24857771408851,37.92566009712278],[-122.24858379097917,37.92567242242589],[-122.24858452312081,37.925673992219785],[-122.24858520438326,37.925675575382947],[-122.24858581101148,37.925677177674054],[-122.24858636673932,37.925678792433615],[-122.24858686135259,37.925680420714002],[-122.24858732309157,37.925682053986769],[-122.24858773725684,37.925683696074145],[-122.24858811968502,37.925685343137083],[-122.2485920534115,37.925703463067705],[-122.2485922173211,37.925704238340771],[-122.24859237331239,37.925705015533431],[-122.24859252020563,37.925705792860697],[-122.24859266031777,37.925706572090682],[-122.24859279019452,37.925707351472148],[-122.24859291326901,37.925708131855487],[-122.24859302612936,37.925708913291153],[-122.24859313105013,37.92570969574551],[-122.24859623038481,37.925733871191497],[-122.24859625742288,37.925734052825227],[-122.24859628673542,37.925734234425242],[-122.24859632285039,37.925734415023378],[-122.24859636237706,37.925734595571029],[-122.24859640870608,37.925734775116858],[-122.24859645728841,37.925734953728188],[-122.24859651153575,37.925735131354472],[-122.24859658143885,37.92573534569653],[-122.24859664832363,37.925735528542702],[-122.24859671746161,37.925735710454376],[-122.24859679453925,37.925735891347337],[-122.24859687498613,37.92573607038814],[-122.24859696221409,37.925736247526274],[-122.24859705283261,37.925736423713069],[-122.24859714909489,37.925736598013948],[-122.24859724874773,37.925736771363525],[-122.24860531879401,37.925750204424006],[-122.24860646974457,37.925752166330263],[-122.24860759136021,37.925754138583528],[-122.24860866782541,37.925756125923584],[-122.24860971383957,37.925758124528258],[-122.24861071807264,37.925760136367629],[-122.248611697456,37.925762155784007],[-122.24861263615298,37.925764186616618],[-122.24861355000026,37.925766225026251],[-122.24861577586901,37.925771314260103],[-122.24861599532562,37.925771839991363],[-122.2486162012414,37.925772370428845],[-122.24861638788747,37.92577290385502],[-122.2486165609714,37.925773441086612],[-122.24861671821866,37.925773982157182],[-122.24861686977962,37.925774523311979],[-122.24861701001043,37.925775066436806],[-122.24861714459752,37.925775611447484],[-122.24861953357592,37.925785733937253],[-122.24861998268808,37.92578760350014],[-122.2486204408771,37.925789472027553],[-122.2486209126496,37.925791337650388],[-122.24862139577338,37.925793202204069],[-122.24862188228779,37.925795065806355],[-122.24862236654897,37.925796930343196],[-122.2486228462611,37.925798794947319],[-122.2486233225827,37.925800660502823],[-122.24862646524707,37.92581302473095],[-122.24862679843618,37.925814368832377],[-122.24862712143235,37.925815714886973],[-122.24862742627491,37.92581706301263],[-122.24862772092465,37.925818413091498],[-122.24862800083235,37.925819765190859],[-122.24862827277927,37.92582111740807],[-122.24862853114286,37.925822472529781],[-122.24862878040827,37.92582382778626],[-122.24863215626178,37.925842652568029],[-122.24863224901495,37.92584316034926],[-122.24863234404265,37.92584366809686],[-122.2486324436194,37.925844175777101],[-122.24863254431217,37.925844682539683],[-122.24863265182852,37.925845189201233],[-122.24863276387271,37.925845694894619],[-122.24863288271915,37.925846199586132],[-122.2486330061147,37.925846704210365],[-122.24863360328165,37.925849062712679],[-122.24863403318969,37.925850745118964],[-122.24863446762549,37.925852426557064],[-122.2486349111382,37.925854106959591],[-122.24863535917876,37.925855786393981],[-122.24863835797451,37.925866922670771],[-122.24863856975631,37.925867701740941],[-122.24863878267541,37.925868480794293],[-122.2486390001223,37.925869258879459],[-122.24863921984372,37.925870036930959],[-122.24863944183964,37.92587081494878],[-122.24863966495161,37.925871592048907],[-122.24863988806355,37.925872369149076],[-122.24864011345012,37.925873146215594],[-122.24864416379695,37.925887142521589],[-122.24864475195362,37.925889119066255],[-122.2486453604748,37.925891090803709],[-122.2486460007119,37.925893056664741],[-122.24864666133473,37.925895018619421],[-122.24864698253768,37.925895951069023],[-122.24864750462955,37.925897441966384],[-122.24864803691428,37.925898930910556],[-122.24864858503571,37.925900416015601],[-122.24864914219151,37.925901898283477],[-122.24864969595681,37.925903381502707],[-122.24865023615999,37.925904868527333],[-122.24865075486143,37.925906360376032],[-122.24865125995819,37.92590785422837],[-122.24865158839899,37.925908852355363],[-122.2486522384996,37.925910850512061],[-122.24865287499557,37.925912850672432],[-122.24865349451765,37.925914854688706],[-122.24865410157228,37.925916860691792],[-122.24865643940626,37.925924718426828],[-122.24865667047943,37.925925495409103],[-122.24865690155255,37.925926272391351],[-122.24865713146723,37.925927048489633],[-122.24865736140313,37.925927825488706],[-122.24865758906451,37.925928602521509],[-122.24865781333537,37.925929380505615],[-122.24865803194113,37.925930159474738],[-122.24865824829368,37.925930939378397],[-122.24866251499513,37.925946583402308],[-122.24866288586395,37.925947933253937],[-122.2486632578489,37.92594928218795],[-122.2486636355201,37.925950631037729],[-122.24866401801663,37.925951991531157],[-122.24866439553914,37.925953334075025],[-122.24866476962862,37.92595467576858],[-122.24866514034879,37.925956019314299],[-122.24866550763588,37.925957362009726],[-122.24866586588867,37.9259587075423],[-122.24866621618061,37.925960053192739],[-122.24866655402641,37.925961401730923],[-122.24866688393257,37.925962751287706],[-122.24867114815007,37.925980556324653],[-122.24867120371543,37.925980789803212],[-122.24867125928081,37.92598102328175],[-122.24867131370894,37.925981256777114],[-122.24867136929556,37.925981491156485],[-122.24867142372369,37.925981724651862],[-122.24867147815181,37.925981958147219],[-122.24867153260119,37.925982192543415],[-122.24867158702929,37.925982426038786],[-122.24867187331624,37.925983662695415],[-122.24867207203572,37.925984514952646],[-122.2486722730298,37.925985367176253],[-122.24867247853042,37.925986217530799],[-122.24867268632677,37.925987068752534],[-122.24867666092466,37.926003206428476],[-122.24867687232425,37.926004065707282],[-122.24867708486107,37.926004924969256],[-122.24867729626069,37.926005784248076],[-122.24867750768148,37.926006644427744],[-122.24867772135559,37.926007503672857],[-122.24867793500849,37.926008362017136],[-122.24867815095716,37.926009221228597],[-122.2486783668845,37.926010079539239],[-122.24868196311454,37.926024260093961],[-122.24868246457559,37.926026178445355],[-122.24868298416916,37.926028093824875],[-122.24868353322547,37.926030004262451],[-122.24868409927703,37.926031911744964],[-122.24868469590731,37.926033813367901],[-122.2486853117861,37.926035711101271],[-122.24868595935966,37.926037602057384],[-122.24868662616051,37.926039488223061],[-122.24868804746927,37.926043409749497],[-122.24868922583146,37.926046677928056],[-122.24869039741269,37.926049948009343],[-122.24869155880108,37.926053220043777],[-122.24869271340852,37.926056493980916],[-122.24869334523122,37.926058295955464],[-122.24869411367189,37.926060680759214],[-122.24869479711515,37.926063079437291],[-122.24869535360962,37.926065498017714],[-122.24869582510659,37.926067930472605],[-122.24869618087871,37.926070376355561],[-122.24869646849973,37.926072826851986],[-122.2486966538731,37.926075283367744],[-122.24869677107409,37.926077743596117],[-122.2486970167009,37.926086901130951],[-122.24869707598965,37.926088690853987],[-122.24869714890427,37.926090479474141],[-122.24869724456428,37.926092267757618],[-122.2486973550088,37.926094055822254],[-122.24869748931464,37.926095842632478],[-122.24869764295408,37.926097629156523],[-122.24869782270817,37.926099413491677],[-122.24869801950003,37.926101196673514],[-122.24869919401607,37.926111101035332],[-122.24869945419512,37.926113352782068],[-122.24869970757184,37.926115605530619],[-122.2486999484386,37.926117858464401],[-122.24870018248183,37.926120111499174],[-122.2487004040363,37.926122365619953],[-122.24870061765128,37.926124620759417],[-122.24870081989349,37.926126876067244],[-122.24870101419609,37.926129132393747],[-122.24870175006215,37.92613794834201],[-122.24870200238723,37.926140108286837],[-122.24870235003036,37.926142257809168],[-122.24870284058674,37.926144388995127],[-122.24870342530257,37.926146508874524],[-122.24870421688466,37.92614857252336],[-122.24870518447797,37.926150574090322],[-122.24870641495076,37.926152482551295],[-122.24870782031881,37.926154329847961],[-122.24870787879746,37.926154397470341],[-122.24870945218372,37.926156229663675],[-122.24873797124648,37.926261690838452],[-122.24882466853293,37.92665062857278],[-122.24905425593802,37.926736365811408],[-122.24924386881753,37.926717712348669],[-122.24933218126841,37.926857042941862],[-122.24934900934679,37.927045212329155],[-122.24935574661467,37.927057935136702],[-122.24935654718273,37.927062113665436],[-122.24935687642721,37.927063723664652],[-122.24935721474867,37.927065332628295],[-122.24935780152319,37.927068068865864],[-122.24935784930065,37.927068309668641],[-122.24935789139175,37.927068550555617],[-122.24935792668033,37.927068792444516],[-122.24935795630384,37.927069035318446],[-122.24935797680779,37.927069277426263],[-122.24935798823473,37.927069520569646],[-122.24935798828891,37.92706976388142],[-122.24935798038207,37.927070007311102],[-122.24935740861314,37.927079716741488],[-122.24935725164788,37.927082562218651],[-122.24935710721395,37.927085408411415],[-122.24935698099785,37.927088255235532],[-122.24935686845035,37.927091102758396],[-122.24935668431641,37.927096219555466],[-122.24935667860994,37.927096508010457],[-122.24935668086442,37.927096796347577],[-122.24935669223844,37.927097085450768],[-122.24935671155214,37.927097373535254],[-122.24935672124612,37.927097495048045],[-122.2493567613182,37.927097843202716],[-122.24935681613236,37.927098189336732],[-122.24935689137516,37.927098533365943],[-122.24935698136002,37.92709887537454],[-122.24935710371,37.927099287194196],[-122.24935728036304,37.927099830679907],[-122.24935747622231,37.927100368474221],[-122.24935770152345,37.92710090042565],[-122.24935794489349,37.927101426702549],[-122.24936454081799,37.927114764389835],[-122.24936523600208,37.927116309493698],[-122.24936584970573,37.927117872926154],[-122.24936633890361,37.927119463434728],[-122.24936674546254,37.927121071387845],[-122.24936705232327,37.927122697038172],[-122.24936730579552,37.927124326182579],[-122.24936748319735,37.927125961860376],[-122.24936760836918,37.927127601916233],[-122.24936825501446,37.927139864307065],[-122.24936838152705,37.927141850387628],[-122.24936853642927,37.927143834245534],[-122.24936873450561,37.927145815661746],[-122.24936896099291,37.927147795756134],[-122.24936923855165,37.927149770588379],[-122.24936955471426,37.927151742145575],[-122.24936992875074,37.927153707438784],[-122.24937034021129,37.927155667672018],[-122.24937186256354,37.927162421834915],[-122.24937249949699,37.927165210497883],[-122.24937314776075,37.927167997190708],[-122.24937381302007,37.927170780928435],[-122.24937448963097,37.927173563596874],[-122.24937469476026,37.927174397734781],[-122.24937524213361,37.927176765982139],[-122.24937574298463,37.927179139424169],[-122.24937617351547,37.92718152201796],[-122.24937655754523,37.927183910707278],[-122.24937685411044,37.927186305197601],[-122.24937708022787,37.927188703434581],[-122.24937720180021,37.92719110682436],[-122.24937725290347,37.92719351305999],[-122.24937724596953,37.927202377851522],[-122.24937724995834,37.927203077090894],[-122.24937725963362,37.927203776246067],[-122.24937727724868,37.927204474382449],[-122.24937730170865,37.927205173318683],[-122.24937735000903,37.927205870099527],[-122.2493774232872,37.927206564708158],[-122.24937753632781,37.927207256925712],[-122.24937767318761,37.927207946087023],[-122.24937839625923,37.927211106553678],[-122.24937894118791,37.927213371204026],[-122.24937952122359,37.927215629026442],[-122.24938015452032,37.927217877949658],[-122.24938082180802,37.92722012096263],[-122.24938321465743,37.927227846299004],[-122.24938379001533,37.927229809512035],[-122.2493843223053,37.927231779670947],[-122.24938479000394,37.927233760699067],[-122.24938521575062,37.92723574775539],[-122.24938557456763,37.927237743012121],[-122.2493858891156,37.927239742528947],[-122.24938613667005,37.927241747543704],[-122.24938633768087,37.927243756852313],[-122.24938734714466,37.92725582192341],[-122.24938750424666,37.927257561534844],[-122.24938767838665,37.927259299992926],[-122.24938787525112,37.927261037213242],[-122.24938808799506,37.927262772396176],[-122.24938832573801,37.927264506307708],[-122.24938858051898,37.927266239065816],[-122.24938886025647,37.927267968750797],[-122.24938915587344,37.927269696398383],[-122.24939200496296,37.927285617316059],[-122.2493921769418,37.927286541159482],[-122.24939235797638,37.927287463066513],[-122.24939255263712,37.927288383870554],[-122.24939275637487,37.92728930363905],[-122.24939297597088,37.927290220469224],[-122.2493932091718,37.92729113529564],[-122.24939346275879,37.927292046215499],[-122.24939372883473,37.927292956049264],[-122.24939533489791,37.927298243689684],[-122.24939612582303,37.927300808387251],[-122.2493969314903,37.927303371064227],[-122.24939775868107,37.927305929817798],[-122.24939859943431,37.927308484765895],[-122.24939988977245,37.927312349647778],[-122.24940009443371,37.927312971119363],[-122.24940029454582,37.927313592658308],[-122.24940048901399,37.92731421608314],[-122.24940068007035,37.927314839558541],[-122.24940086548277,37.927315464919808],[-122.24940104748336,37.927316090331551],[-122.24940122381884,37.927316716728406],[-122.24940139676369,37.927317344076606],[-122.24940562331182,37.927332915673169],[-122.24940609818502,37.927334670404377],[-122.24940657419558,37.927336425118732],[-122.24940704795284,37.927338180767563],[-122.24940752168888,37.927339935515597],[-122.24940798864371,37.927341692166365],[-122.24940844652156,37.9273434498527],[-122.24940889081573,37.927345210443647],[-122.24940932714895,37.927346971152474],[-122.24941102140998,37.927353922826036],[-122.24941175740769,37.927356763189991],[-122.24941255231043,37.927359592768951],[-122.24941343214827,37.927362405770417],[-122.24941436861667,37.927365208020525],[-122.2494145406045,37.927365698406916],[-122.24941546410449,37.927368240414445],[-122.24941642608096,37.927370773741778],[-122.24941744685616,37.92737329177988],[-122.24941850724518,37.927375801120895],[-122.24941956761303,37.927378309561071],[-122.24942058952573,37.927380827582311],[-122.24942155489316,37.92738335995822],[-122.24942248180547,37.927385901915194],[-122.24942645441699,37.927397173342037],[-122.24942661679637,37.927397642242909],[-122.24942677578512,37.92739811209514],[-122.24942692910876,37.927398582932454],[-122.24942707904175,37.92739905472105],[-122.24942722670013,37.927399526543439],[-122.24942737549586,37.927399998348932],[-122.24942752542889,37.927400470137549],[-122.24942767536191,37.927400941926216],[-122.24943390695731,37.927420436307173],[-122.24943413902091,37.927421158302622],[-122.24943436994714,37.927421880314824],[-122.24943460201068,37.927422602310209],[-122.24943483521155,37.927423324288768],[-122.24943518995535,37.927424423854802],[-122.24943524633167,37.927424595141062],[-122.24943530498263,37.927424766393642],[-122.24943536474957,37.927424936728528],[-122.24943542565381,37.927425107046609],[-122.24943548883259,37.927425277330975],[-122.24943555312743,37.927425446697605],[-122.24943561855957,37.927425616047458],[-122.24943568626625,37.927425785363617],[-122.24944234734171,37.927442363545808],[-122.24944303892825,37.927444093439696],[-122.24944372824025,37.92744582336735],[-122.24944441190831,37.927447555180919],[-122.24944509332317,37.927449287928958],[-122.24944576793555,37.927451021678905],[-122.24944643915732,37.927452756380184],[-122.24944710357673,37.927454492083406],[-122.24944776462678,37.927456229638793],[-122.24944989902822,37.927461873521985],[-122.24945076049939,37.927464197466506],[-122.24945159821517,37.92746652716977],[-122.24945240311973,37.927468864568112],[-122.24945318538489,37.927471206807624],[-122.24945365627262,37.927472647994705],[-122.24945413396389,37.927474281027642],[-122.24945454472525,37.927475922261024],[-122.24945485115374,37.927477577655644],[-122.24945508955764,37.927479243069214],[-122.24945546314841,37.92748258713997],[-122.24945557297742,37.927482757634635],[-122.24945580523068,37.927483102042103],[-122.24945592078865,37.92748327425425],[-122.24945603520936,37.927483446483208],[-122.24945614739796,37.927483620547569],[-122.24945625844929,37.927483794628756],[-122.24945920341482,37.927488448752058],[-122.24946020781987,37.927490080293005],[-122.24946118179453,37.92749172399963],[-122.24946211063921,37.927493383694205],[-122.24946300903221,37.927495054653683],[-122.24946501692118,37.92749890530397],[-122.24946567874574,37.927500241832576],[-122.24946630099915,37.927501588860011],[-122.24946686449624,37.927502952978323],[-122.2494673861688,37.927504328529942],[-122.24946745558707,37.927504522151985],[-122.24946790013608,37.927505811433427],[-122.24946832427776,37.927507103720565],[-122.24946872127327,37.927508402717791],[-122.24946909899874,37.927509704703873],[-122.24946915243115,37.927509895859181],[-122.24946954159385,37.927511296803253],[-122.24946992848196,37.927512697780983],[-122.24947031311672,37.927514099693269],[-122.24947069661431,37.927515501622374],[-122.24947289763342,37.927523582150172],[-122.24947317353295,37.927524618901494],[-122.24947344262996,37.927525656654737],[-122.24947369925933,37.927526696394914],[-122.24947394797023,37.927527738054685],[-122.24947419440657,37.927528779748094],[-122.24947444537082,37.927529820473332],[-122.2494747020002,37.92753086021353],[-122.24947496431606,37.927531899869464],[-122.24947570644056,37.92753480682795],[-122.24947605415018,37.9275360903342],[-122.24947642904847,37.927537368932001],[-122.24947684246582,37.927538640651299],[-122.24947728305055,37.9275399065613],[-122.24947820273898,37.9275424315028],[-122.24948221968734,37.927544060784776],[-122.24948412970151,37.92754496970305],[-122.24948591171287,37.927545998568583],[-122.24948750455268,37.927547206862513],[-122.24948897166418,37.927548535070002],[-122.24949702981594,37.927556918157791],[-122.2494977594187,37.927557703976326],[-122.24949846880538,37.927558500908141],[-122.24949914449863,37.927559316362021],[-122.24949979883856,37.927560142946028],[-122.24950033183845,37.927560841560357],[-122.24950069607181,37.927561330901874],[-122.24950105242917,37.927561823964702],[-122.24950139412937,37.927562322651504],[-122.24950172795356,37.927562825059567],[-122.24950204600455,37.927563334009363],[-122.24950235163041,37.927563846747766],[-122.249502640367,37.927564366945568],[-122.24950291665728,37.92756489003115],[-122.24950484134702,37.927568686041042],[-122.24950609297596,37.927571103334529],[-122.24950737282471,37.927573511198489],[-122.24950869441298,37.92757590402578],[-122.24951004537954,37.927578288307558],[-122.24951209039801,37.927581832013537],[-122.24951284910587,37.927583079694827],[-122.24951364948946,37.927584309636913],[-122.24951451067015,37.927585512545072],[-122.24951541466389,37.927586697697215],[-122.24951636816687,37.927587859587177],[-122.24951734637123,37.927589007593966],[-122.24951836163848,37.927590135226367],[-122.24951940049118,37.927591249893297],[-122.24954297765061,37.927615867300062],[-122.24954311997233,37.927616016586832],[-122.24954321125395,37.927616124275055],[-122.24954369703094,37.927616894779938],[-122.24954394047752,37.927617279573568],[-122.24954418731468,37.927617663415802],[-122.24954443752118,37.927618045405829],[-122.24954468998099,37.927618426461308],[-122.24955258657864,37.927630230930284],[-122.24955279974242,37.927630441347723],[-122.24955341804917,37.927630898089298],[-122.24955372161179,37.927631130598094],[-122.24955401736216,37.927631369530708],[-122.24955430079375,37.927631616756166],[-122.24955457752924,37.927631869487691],[-122.24956452342748,37.927641325828624],[-122.24956660068575,37.927643054124594],[-122.2495669688834,37.927643373989589],[-122.24957415103775,37.927649588342803],[-122.24957794678528,37.927652690685768],[-122.24957803790716,37.927652743405751],[-122.24957816765441,37.927652793751363],[-122.2496056538123,37.927663476326273],[-122.24960648153964,37.927663792088893],[-122.24960731364608,37.927664100577374],[-122.24960815120505,37.927664399072356],[-122.24960899316429,37.927664691194089],[-122.24960945304578,37.927664846591554],[-122.24961052980846,37.927665205526033],[-122.24961161097147,37.92766555808727],[-122.24961269756577,37.927665899754182],[-122.24961378742307,37.927666235064649],[-122.24962500646889,37.927669621270958],[-122.24962595409012,37.927669907321857],[-122.24962690055276,37.927670192488755],[-122.24962784817394,37.927670478539653],[-122.24962879463664,37.927670763706566],[-122.24963041943688,37.927671253302535],[-122.24963217832098,37.927671784168268],[-122.24963393720512,37.927672315033909],[-122.24963569611053,37.92767284680037],[-122.24963745389995,37.927673379484517],[-122.24964655337122,37.927676136532014],[-122.2496473279857,37.927676371075648],[-122.2496481025789,37.927676604718449],[-122.24964887719332,37.927676839262034],[-122.2496496518078,37.927677073805583],[-122.24965263905528,37.92767797577838],[-122.24965490455658,37.927678665854636],[-122.24965716795352,37.927679363171244],[-122.24965942478194,37.927680071399038],[-122.24966167834731,37.927680785983178],[-122.24967272336124,37.927684318046595],[-122.24967453866475,37.927684925575626],[-122.24967633758941,37.927685562184251],[-122.24967811023983,37.927686242437531],[-122.24967986653276,37.927686952671316],[-122.2496799515642,37.927686988359397],[-122.24968172844568,37.927687751456517],[-122.24968349206252,37.927688530970876],[-122.2496852380994,37.927689336879141],[-122.24968697200892,37.927690159187861],[-122.24970040926524,37.927696665684309],[-122.24970089108568,37.92769688293636],[-122.24970138275896,37.927697083821613],[-122.24970188866419,37.927697261066015],[-122.24970240440094,37.927697421042751],[-122.24970454851,37.927698029108328],[-122.24970614714255,37.927698470428339],[-122.24970775227995,37.927698898134608],[-122.24970936602652,37.927699304986739],[-122.24971098627795,37.92769969822514],[-122.24972637833653,37.927703323601769],[-122.24972690114127,37.927703445625099],[-122.24972742508331,37.927703567631646],[-122.24972794896154,37.927703686935594],[-122.24972847395574,37.92770380532189],[-122.24973053267128,37.927704265960742],[-122.2497320869702,37.927704612414317],[-122.24973364234252,37.92770495614851],[-122.24973519992575,37.927705297146446],[-122.24973675742389,37.92770563454102],[-122.249754190288,37.927709395500109],[-122.24975599278307,37.927709797753643],[-122.24975778774241,37.927710218141939],[-122.24975957417765,37.9277106629877],[-122.24976135307716,37.927711125968194],[-122.24977312411427,37.927714279596522],[-122.24977356267449,37.927714399262811],[-122.24977400018248,37.927714522549387],[-122.24977443554347,37.927714651274599],[-122.24977486869365,37.927714782736096],[-122.24977505779295,37.927714841213977],[-122.24977539586743,37.927714945246635],[-122.24977573394182,37.927715049279271],[-122.24977607313231,37.927715152394242],[-122.24977641116421,37.92771525462522],[-122.24977990372479,37.927716308615238],[-122.24978958845119,37.927717591700784],[-122.24979026784094,37.927717696084883],[-122.24979094192703,37.9277178167684],[-122.24979160641546,37.927717964628734],[-122.24979226675879,37.927718129672549],[-122.24979291299786,37.927718323762221],[-122.24979354833189,37.927718537838949],[-122.24979416505504,37.927718782830659],[-122.24979476973584,37.927719047826194],[-122.24979592364657,37.927719590353711],[-122.24979706935224,37.927720170851323],[-122.24979817953646,37.927720788822533],[-122.24979923531195,37.927721463471443],[-122.24980025556607,37.927722175593907],[-122.24980911834051,37.927728784979593],[-122.24982371999221,37.927736566475538],[-122.2498241682262,37.927736806753479],[-122.24982461648146,37.927737047932325],[-122.24982506250464,37.927737290946489],[-122.24982550854909,37.927737534861514],[-122.24982600881192,37.927737810415124],[-122.24982620800924,37.927737911097779],[-122.24982641160688,37.927738005407086],[-122.24982662286777,37.9277380869867],[-122.24982683966634,37.927738162176205],[-122.2498270586331,37.927738232827792],[-122.24982727654763,37.927738307099631],[-122.24982749113538,37.927738385025329],[-122.24982770464966,37.927738465670451],[-122.24982874273637,37.927738872937205],[-122.24982889670733,37.927738937342205],[-122.24982905194318,37.927739007135479],[-122.24982919698594,37.927739078882034],[-122.24982934101901,37.927739156050507],[-122.24982948395736,37.927739235037478],[-122.24982962805421,37.927739314908486],[-122.24982977101379,37.927739394796298],[-122.24982991395213,37.927739473783284],[-122.24983235898613,37.927740828954782],[-122.24983879785547,37.927742496246076],[-122.24984074071882,37.927743061331043],[-122.24984265803107,37.92774370068939],[-122.2498445060972,37.927744442904199],[-122.24984631260507,37.927745256024863],[-122.2498496998314,37.927746908139504],[-122.24985074049172,37.927747424408018],[-122.24985177447715,37.927747947083574],[-122.24985279852477,37.927748482522517],[-122.2498538170348,37.92774902435152],[-122.24985469747463,37.927749500638903],[-122.24985527577535,37.92774980477467],[-122.24985585957117,37.927750100718626],[-122.24985645332613,37.927750384800007],[-122.24985705371351,37.92775066067275],[-122.24985766073313,37.927750928336827],[-122.24985826884753,37.92775119418237],[-122.24985887915155,37.927751456390844],[-122.24985949055024,37.927751716780804],[-122.24987110452183,37.927756602047651],[-122.24987492440958,37.927758268479415],[-122.24987869905101,37.927759994156574],[-122.24988240638069,37.927761808242934],[-122.24988606848521,37.927763682475472],[-122.24989026088062,37.927765899403333],[-122.24989177982455,37.927766723992136],[-122.24989328217701,37.927767568652158],[-122.24989475677779,37.927768442560279],[-122.24989621476583,37.927769335638764],[-122.24989764382234,37.927770256180501],[-122.24989905397021,37.927771195025507],[-122.24990043516532,37.927772160432937],[-122.24990179631457,37.927773144160412],[-122.24990208810182,37.927773359720724],[-122.24990355719987,37.927774482429783],[-122.24990499386939,37.927775629049286],[-122.24990638362345,37.927776812409981],[-122.24990774206502,37.927778018763512],[-122.2499104353316,37.927780491296609],[-122.24991307095793,37.927782980003208],[-122.24991564604264,37.92778550655396],[-122.24991813146266,37.927788090304681],[-122.24992055518246,37.927790711015575],[-122.2499279978986,37.927798996854364],[-122.24992837105287,37.927799430190682],[-122.24992873186716,37.927799870919095],[-122.24992907016947,37.927800321893642],[-122.24992939497317,37.927800779376291],[-122.24992970143131,37.927801230822581],[-122.2499298628979,37.92780146813876],[-122.24993002322724,37.927801705471751],[-122.24993018357776,37.927801943705617],[-122.24993034390712,37.927802181038629],[-122.24993050651099,37.927802418337976],[-122.24993067134696,37.927802653801891],[-122.24993084068961,37.927802887396794],[-122.2499310145388,37.927803119122594],[-122.24993897247778,37.927813615077937],[-122.24994100193105,37.927816305610889],[-122.24994302237118,37.927818999881922],[-122.24994502817553,37.927821700677846],[-122.24994702498799,37.92782440611272],[-122.24994988254454,37.927828295534781],[-122.24995045002093,37.927829056717407],[-122.24995102535209,37.927829813277945],[-122.24995161418187,37.927830563330353],[-122.24995221088766,37.927831309661492],[-122.24995280870951,37.927832055074916],[-122.2499534009299,37.927832804176006],[-122.24995398190507,37.927833558850544],[-122.24995455609894,37.927834315427887],[-122.24995599627682,37.927836236990416],[-122.24995725115859,37.927837972054697],[-122.24995845985794,37.927839726727299],[-122.24995959982057,37.927841509452897],[-122.24996069246346,37.927843311803706],[-122.24996328094655,37.927847754917508],[-122.24996398599804,37.927848897955357],[-122.24996473158802,37.927850023270715],[-122.24996553683781,37.927851121568708],[-122.24996638378471,37.927852203028223],[-122.24996656416012,37.927852422041077],[-122.24996741052033,37.927853334091594],[-122.249968336246,37.927854186391237],[-122.24996937816593,37.927854948656154],[-122.24997049833527,37.927855652087878],[-122.24997166550526,37.927856322381658],[-122.24997281713601,37.92785700912647],[-122.24997394432057,37.927857720564639],[-122.2499750537126,37.927858449388395],[-122.24997944466291,37.927861414036251],[-122.24998252650552,37.927863768166993],[-122.24998533585672,37.927866290344852],[-122.24998773701823,37.927869063684248],[-122.24998986570954,37.927872005971643],[-122.24999652518402,37.927882678860428],[-122.24999684169833,37.927883170709663],[-122.2499971660887,37.927883658837622],[-122.24999750397771,37.927884140457451],[-122.24999785201726,37.927884618322331],[-122.24999798832494,37.927884801941673],[-122.24999829291211,37.927885174113598],[-122.24999861992616,37.927885532435944],[-122.24999898168591,37.927885868615846],[-122.2499993669885,37.927886190028381],[-122.24999977248595,37.927886499426762],[-122.25000017794082,37.927886807023491],[-122.25000058790235,37.927887112751066],[-122.25000099895861,37.927887416660198],[-122.25000931640471,37.927893526757579],[-122.25001270916026,37.927896183576628],[-122.25001594964731,37.927898944481996],[-122.25001896178487,37.927901863769129],[-122.25002182281256,37.927904888026674],[-122.25002660124517,37.9279102899714],[-122.25002694985805,37.927910695735086],[-122.25002729063752,37.927911107021721],[-122.25002761564375,37.927911524850174],[-122.25002793279522,37.92791194730075],[-122.25002825106274,37.927912368833645],[-122.25002858394501,37.927912782940744],[-122.25002893478994,37.927913186869048],[-122.2500292991336,37.927913584289307],[-122.25003108510521,37.92791545476944],[-122.25003179380911,37.927916174208619],[-122.25003252157062,37.927916881650454],[-122.25003327618049,37.927917569770266],[-122.25003404986917,37.927918246793539],[-122.25003482467392,37.927918922899124],[-122.25003558153713,37.927919610084373],[-122.25003631264676,37.927920314773111],[-122.25003702583621,37.927921031442374],[-122.25004257103581,37.927926768973506],[-122.25004420501337,37.927928562403181],[-122.25004575014428,37.927930399503431],[-122.25004716372192,37.927932302534629],[-122.25004848733697,37.927934250154088],[-122.2500497209255,37.927936239659275],[-122.2500509251785,37.927938239511761],[-122.25005208432253,37.927940256253315],[-122.25005321301494,37.927942284259863],[-122.25005364362499,37.92794307901007],[-122.25005499216101,37.927945503873879],[-122.25005637451825,37.927947915620422],[-122.25005780874447,37.927950307674273],[-122.25005927908781,37.927952687478019],[-122.25006567679212,37.927962825348516],[-122.25006621874103,37.927963661704858],[-122.25006677530472,37.92796449063546],[-122.25006735442281,37.927965311121497],[-122.25006794703964,37.927966125099431],[-122.25006810443583,37.927966334539867],[-122.25006863973984,37.927967034018621],[-122.25006918626796,37.927967727023066],[-122.25006975193871,37.927968411633486],[-122.25007032883353,37.927969089769491],[-122.25007092482835,37.927969757709853],[-122.25007153316338,37.927970418258155],[-122.25007215946115,37.927971068627606],[-122.25007279807774,37.927971710704114],[-122.25007898056789,37.927977792947701],[-122.25008159193086,37.927980313550577],[-122.25008424471457,37.927982805603868],[-122.25008695686054,37.927985258027917],[-122.25008970928995,37.927987681919284],[-122.25009432118939,37.927991667906142],[-122.25009479623441,37.927992079907014],[-122.25009527016333,37.927992492825638],[-122.25009574074423,37.927992908497338],[-122.25009621018782,37.927993324185799],[-122.25009666394328,37.927993750019461],[-122.25009709748258,37.927994186966508],[-122.25009750187766,37.927994642368425],[-122.25009788603533,37.92799510798293],[-122.25009942890712,37.927997090202297],[-122.25010053784534,37.92799857059714],[-122.25010160171722,37.928000069682774],[-122.250102600264,37.928001596770834],[-122.2501035548817,37.928003142532866],[-122.2501049876017,37.928005567050135],[-122.2501060636265,37.928007339907595],[-122.25010717233513,37.928009099664706],[-122.25010832722636,37.928010839813275],[-122.2501095136854,37.92801256777917],[-122.25011041769518,37.92801384935045],[-122.25011122070559,37.928014900820465],[-122.25011208097358,37.928015919901746],[-122.25011302882345,37.928016889924137],[-122.25011403502572,37.928017825739218],[-122.2501150939578,37.928018730133807],[-122.25011616405014,37.928019625351446],[-122.25011725317877,37.928020507670894],[-122.25011835344638,37.928021379912579],[-122.25012100765102,37.928023450202197],[-122.25012339921261,37.928025382900906],[-122.25012573259205,37.928027357013676],[-122.25012797759288,37.928029394615514],[-122.25013016443283,37.928031474532183],[-122.25014173561014,37.928042880283165],[-122.25014215855279,37.92804330206733],[-122.25014257698872,37.928043725720585],[-122.25014298980209,37.928044152160631],[-122.25014339928858,37.92804458225455],[-122.25014363733818,37.928044834656724],[-122.25014392329322,37.928045140418682],[-122.25014420813228,37.928045447098299],[-122.25014448958071,37.928045754729318],[-122.25014476993439,37.928046064178844],[-122.25014504915073,37.928046373645223],[-122.25014532613504,37.928046684947013],[-122.25014560311944,37.928046996248767],[-122.25014587782911,37.928047307584237],[-122.2501530909458,37.92805550399131],[-122.25015581895367,37.928058579779972],[-122.25015856604064,37.928061644472052],[-122.25016134231468,37.928064692510802],[-122.25016413768903,37.928067730353781],[-122.25016804854715,37.92807194750732],[-122.25016889409413,37.928072873085853],[-122.25016972841705,37.92807380513873],[-122.25017054361867,37.928074746486466],[-122.25017134873349,37.928075694291771],[-122.25017212571373,37.928076655130099],[-122.2501728779712,37.928077628950888],[-122.2501735908275,37.928078620477365],[-122.25017427891849,37.928079623184658],[-122.25017559680053,37.928081616846704],[-122.25017690613734,37.928083634065409],[-122.2501781883918,37.928085660696922],[-122.25017943231855,37.928087702314791],[-122.25018065032148,37.928089754229418],[-122.25018308000438,37.928093927541433],[-122.25018378389311,37.928095117455406],[-122.25018450018582,37.928096302679833],[-122.25018523450511,37.928097480427951],[-122.25018598238692,37.92809865437048],[-122.25018673812346,37.928099823690864],[-122.25018749388131,37.928100993912075],[-122.25018824963919,37.928102164133264],[-122.2501890053971,37.928103334354468],[-122.2501936783481,37.928110579821684],[-122.25019553682436,37.928113545033021],[-122.25019733665043,37.928116531839841],[-122.25019904964925,37.928119551473493],[-122.25020070397662,37.928122591801866],[-122.25020203443184,37.928125117861548],[-122.25020301505521,37.928126897538498],[-122.25020404304109,37.928128659391781],[-122.2502051431759,37.928130393141366],[-122.25020629067316,37.928132109067342],[-122.25020667929789,37.928132667434475],[-122.25020772918435,37.928134055883966],[-122.25020885877672,37.928135398995877],[-122.25021010962328,37.928136673625637],[-122.25021143901712,37.928137902033811],[-122.25021284356775,37.928139085171821],[-122.2502142671334,37.928140254510716],[-122.25021571862098,37.928141401808162],[-122.25021718798642,37.92814253532331],[-122.25022012912937,37.928144759963459],[-122.2502219916986,37.928146308493787],[-122.25022371966398,37.928147938320201],[-122.25022524683965,37.92814968917299],[-122.25022663941147,37.928151521321844],[-122.25022717328474,37.928152304628782],[-122.25022815342672,37.928153822976924],[-122.2502290782665,37.928155360167516],[-122.25022991737359,37.928156928366491],[-122.25023070008379,37.928158517226443],[-122.25023145682758,37.928160114581559],[-122.25023223618977,37.928161706194572],[-122.25023304829966,37.928163287409696],[-122.25023388184805,37.928164861097962],[-122.25024077269221,37.9281775725687],[-122.25024139975532,37.928178688824488],[-122.25024205053155,37.928179797519661],[-122.25024273736103,37.928180891262159],[-122.25024344790361,37.928181977444055],[-122.25024418995028,37.928183048740706],[-122.25024495341414,37.928184111609603],[-122.25024574499143,37.928185160544636],[-122.25024655796474,37.928186200151082],[-122.25024749459759,37.928187369494495],[-122.25024879447191,37.928188985837423],[-122.25025009881053,37.928190598509595],[-122.25025141102515,37.928192207460441],[-122.25025272888372,37.928193814525322],[-122.25025686706722,37.928198841152195],[-122.25025828430961,37.928200609854187],[-122.25025966552003,37.928202394409574],[-122.25026099161984,37.928204205915065],[-122.25026228057163,37.92820603419176],[-122.25026352113019,37.928207884813233],[-122.25026473237435,37.928209746682832],[-122.25026590078406,37.92821162540794],[-122.25026703874197,37.928213515398014],[-122.25026762188486,37.928214506142318],[-122.25026908292899,37.928216877069659],[-122.25027061382637,37.928219219026182],[-122.25027224833428,37.928221516192089],[-122.25027395381152,37.928223783469406],[-122.25028408220435,37.928236720922961],[-122.25028421151939,37.928236897436307],[-122.25028446350727,37.928237306433132],[-122.25028458554193,37.928237511891361],[-122.25028470532327,37.928237718284109],[-122.25028481834461,37.928237927480495],[-122.25028492797536,37.928238137628327],[-122.25028532305673,37.928238921189013],[-122.25028561839289,37.928239527798311],[-122.25028589900796,37.928240137329141],[-122.25028615927927,37.928240752568378],[-122.25028640485078,37.928241371630008],[-122.2502921062498,37.928256371637822],[-122.25029362860792,37.928260279031555],[-122.25029519504439,37.928264174057098],[-122.25029682935737,37.928268052757325],[-122.25029850774872,37.928271919089376],[-122.25029915903222,37.928273386437546],[-122.25030062132372,37.928276484580252],[-122.25030218295319,37.928279549710709],[-122.25030389357906,37.928282564872234],[-122.25030570465903,37.928285546103766],[-122.25030776741636,37.928288778634034],[-122.25030860582139,37.928290124256847],[-122.25030942504118,37.928291476472047],[-122.25031021269317,37.928292840870022],[-122.25031098004396,37.928294212777999],[-122.25031169655662,37.928295599857726],[-122.25031236673776,37.928297000240157],[-122.25031296685302,37.928298420584902],[-122.2503135194995,37.928299854249211],[-122.25031994980924,37.928317777625566],[-122.25032005337242,37.92831806806624],[-122.25032015809414,37.928318359390943],[-122.25032026167862,37.92831865073245],[-122.2503203663791,37.928318941156313],[-122.25032046543562,37.928319233466091],[-122.25032055994291,37.928319525843293],[-122.25032064427832,37.928319821074631],[-122.25032072406459,37.928320116373399],[-122.25032162748313,37.928323685090128],[-122.25032213177921,37.928325769205451],[-122.25032260545323,37.928327857379095],[-122.25032303374162,37.928329950730941],[-122.25032343142925,37.928332049041977],[-122.25032550542898,37.928343658567357],[-122.25032562467722,37.928344372319764],[-122.2503257337323,37.928345088025488],[-122.25032582802373,37.928345804851148],[-122.25032591094217,37.928346521845292],[-122.2503259825301,37.928347240809657],[-122.25032604729424,37.928347959875076],[-122.25032610182268,37.928348679092196],[-122.25032615066459,37.928349398393529],[-122.25032742618301,37.92837026562718],[-122.25032748330847,37.928371191170875],[-122.25032754157124,37.928372116697773],[-122.25032759981274,37.928373041323788],[-122.25032765921283,37.92837396683381],[-122.25032772202486,37.928374892293277],[-122.25032778822742,37.928375816801342],[-122.2503278601379,37.928376742126012],[-122.25032793543893,37.928377666499316],[-122.25032955124701,37.928396756113827],[-122.25032968573365,37.928397874260284],[-122.25032986899676,37.928398986277116],[-122.2503301293836,37.928400088139611],[-122.25033044080023,37.928401182937982],[-122.25033081680907,37.928402266866634],[-122.25033122674554,37.928403342182143],[-122.25033169095346,37.928404403176245],[-122.25033218908901,37.928405455557204],[-122.25033299486915,37.928407057592011],[-122.2503338942208,37.928408912366969],[-122.25033475739149,37.928410776689503],[-122.2503355663334,37.92841265713519],[-122.25033633795707,37.928414547145358],[-122.25033951583917,37.928422652834691],[-122.25033999846028,37.928423915415259],[-122.25034046524421,37.928425181835088],[-122.25034090940979,37.928426453996956],[-122.25034133771692,37.928427729097287],[-122.25034173999373,37.928429009990211],[-122.25034212186296,37.928430293888972],[-122.25034247426862,37.928431582730113],[-122.25034280744659,37.928432876361875],[-122.25034420481317,37.928438572602438],[-122.2503448585133,37.928441346593111],[-122.25034547481012,37.928444126544917],[-122.25034603780264,37.928446913594577],[-122.25034656448659,37.928449704786821],[-122.25034710252235,37.928452494909713],[-122.25034769156663,37.928455277067584],[-122.25034835771353,37.928458048170341],[-122.25034907491154,37.928460813109787],[-122.25034934139775,37.928461787818655],[-122.25035027340566,37.928465025386643],[-122.25035126429816,37.928468251268278],[-122.25035234124293,37.92847145965407],[-122.25035347593497,37.928474656370355],[-122.25035478848851,37.928478206408627],[-122.25035540224732,37.928479867160149],[-122.25035601712213,37.928481526993963],[-122.25035663201828,37.928483187728624],[-122.25035725056037,37.928484858321923],[-122.25035787661683,37.928486509879647],[-122.25035852190115,37.928488156646679],[-122.25035919546916,37.928489796686527],[-122.25035988712771,37.928491431952544],[-122.25036061155538,37.928493057721489],[-122.25036136085487,37.928494676813777],[-122.2503621474301,37.928496284539911],[-122.25036295885585,37.928497884688539],[-122.25036551152105,37.928502784310062],[-122.2503661634312,37.928504037172956],[-122.25036681422539,37.928505290953531],[-122.25036746274493,37.928506544767814],[-122.25036811128578,37.928507799482986],[-122.250368774484,37.928509048573986],[-122.25036945686747,37.928510291072641],[-122.25037016970286,37.928511522306223],[-122.25037090286092,37.928512746930551],[-122.25037166247472,37.928513983779119],[-122.25037280251165,37.928515816964449],[-122.2503739583007,37.928517642707156],[-122.25037513889778,37.928519459070685],[-122.25037633640552,37.928521268875542],[-122.25038053566961,37.928527531882608],[-122.25038179184141,37.928529465177945],[-122.25038300517859,37.92853141532882],[-122.25038415535869,37.928533388944324],[-122.25038526384151,37.928535379398539],[-122.25038560535258,37.928536014160457],[-122.25038652446334,37.92853769381761],[-122.25038746160072,37.92853936599839],[-122.25038842809542,37.92854102873261],[-122.25038941150073,37.928542684908187],[-122.25039047817319,37.928544302001363],[-122.25039163478759,37.928545873605195],[-122.25039292523084,37.928547379243923],[-122.2503943056161,37.928548839393244],[-122.25039436733992,37.928548899757445],[-122.25039585109229,37.928550352968223],[-122.25039734269951,37.928551801556857],[-122.25039884664693,37.928553242753374],[-122.25040035731183,37.928554679344522],[-122.25040377735364,37.928557911588037],[-122.25040488364179,37.928558990102985],[-122.250405961859,37.928560084353549],[-122.25040699747561,37.928561205368887],[-122.25040800388398,37.928562342136637],[-122.25040899348812,37.928563489967267],[-122.25040998646169,37.928564635945655],[-122.25041098617395,37.928565778219543],[-122.25041199039295,37.928566918624334],[-122.250414869419,37.928570173302184],[-122.25041732941882,37.928572931342636],[-122.2504198084977,37.928575678286471],[-122.25042231341564,37.928578411330015],[-122.25042483627537,37.928581133293761],[-122.25042975607008,37.928586399756632],[-122.2504302730654,37.928586949912905],[-122.25043079229289,37.928587498233789],[-122.25043131486838,37.928588043801611],[-122.25043184083451,37.928588588418037],[-122.25043224895438,37.928589008618509],[-122.25043257531415,37.928589339013492],[-122.25043290620181,37.928589668440246],[-122.25043324378568,37.92858999236082],[-122.25043358473896,37.928590314429144],[-122.25043385225486,37.928590561888363],[-122.25043406280889,37.928590757924418],[-122.25043427450021,37.928590953943619],[-122.25043448619157,37.928591149962813],[-122.25043469672428,37.928591345098042],[-122.25043490841558,37.928591541117243],[-122.25043512122294,37.928591736218749],[-122.25043533400903,37.928591930419429],[-122.25043554793241,37.928592124603284],[-122.2504409738126,37.92859704563287],[-122.25044394371808,37.928599668153083],[-122.25044697174242,37.928602246556473],[-122.25045008357564,37.928604760637015],[-122.25045325354903,37.928607231501559],[-122.25046825690487,37.928618619708779],[-122.25046833206368,37.928618670862299],[-122.2504684046926,37.928618711239416],[-122.2504812551775,37.928627483743462],[-122.2504872137951,37.928631549788975],[-122.25049317355067,37.928635615817328],[-122.25049913328562,37.928639680944528],[-122.2505050952533,37.92864374423602],[-122.25051614504702,37.928651276390646],[-122.25051658214007,37.928651574505217],[-122.25051701807452,37.928651871735802],[-122.25051745514624,37.92865216894954],[-122.25051789110196,37.928652467080973],[-122.25051832594168,37.928652766130106],[-122.25051875968661,37.928653066997754],[-122.25051918894616,37.928653370635352],[-122.25051961711098,37.928653676091486],[-122.25053121535043,37.928662030084226],[-122.25053894419506,37.928667587445744],[-122.25054070456963,37.928668854522009],[-122.25054246382815,37.928670122515882],[-122.2505442219708,37.928671391427464],[-122.25054597899742,37.928672661256684],[-122.25055213339569,37.928677116401509],[-122.25055441058383,37.928678781340359],[-122.25055667214768,37.928680459126873],[-122.25055891254958,37.928682156151261],[-122.25056113730585,37.928683865122451],[-122.2505626114918,37.92868500937589],[-122.25056408018277,37.92868616182119],[-122.25056553767088,37.928687321641711],[-122.25056697953461,37.92868849430991],[-122.25056841135412,37.928689675237365],[-122.2505698420364,37.928690856181682],[-122.25057128390027,37.928692028849852],[-122.25057274254726,37.928693189554238],[-122.25057421007989,37.928694341115424],[-122.25057789900032,37.928697203499674],[-122.25057998060379,37.928698824476065],[-122.25058205658465,37.928700448239162],[-122.25058412700669,37.928702077491579],[-122.25058619184867,37.92870371133246],[-122.25058823207425,37.928705362660004],[-122.25059024324059,37.928707036045964],[-122.25059221081803,37.928708742519483],[-122.2505941481776,37.928710470167353],[-122.25060464157022,37.928720021942695],[-122.25060564953097,37.928720935198697],[-122.25060666199839,37.928721846585596],[-122.25060767893001,37.92872275430171],[-122.25060870034699,37.928723659247872],[-122.25060904544655,37.92872396413226],[-122.25060991716052,37.928724696472194],[-122.25061081791256,37.928725405852894],[-122.25061175993645,37.928726080377977],[-122.25061273095589,37.928726730142174],[-122.25061372764402,37.928727358799307],[-122.25061472875379,37.928727981984004],[-122.25061573765448,37.928728597843978],[-122.25061675209274,37.928729207313765],[-122.25063082325637,37.928737589535146],[-122.25063315178147,37.92873901941077],[-122.25063544246795,37.928740484992218],[-122.25063767863931,37.928742002747455],[-122.25063987808811,37.928743555290801],[-122.2506420407931,37.928745141721421],[-122.25064419347521,37.928746737312153],[-122.25064632827964,37.928748346685119],[-122.25064845306117,37.928749965218138],[-122.25064932792073,37.928750638034778],[-122.25065144806806,37.928752253031803],[-122.25065358158655,37.928753856115563],[-122.25065573294034,37.928755443615344],[-122.2506578977079,37.928757021003577],[-122.25066006022219,37.928758599326287],[-122.25066220711207,37.928760190496732],[-122.25066433168153,37.928761800021071],[-122.25066644178521,37.92876342327709],[-122.25066987822608,37.928766096552273],[-122.25067227402305,37.928767966096352],[-122.25067466196528,37.928769840262547],[-122.25067704211681,37.928771721753421],[-122.25067941670954,37.928773608733565],[-122.25068179572393,37.928775490241215],[-122.25068418703604,37.928777362554925],[-122.25068659734215,37.928779220168657],[-122.25068901990338,37.928781066786847],[-122.25068908823869,37.928781118041293],[-122.25069154553633,37.928782990278229],[-122.25069399390593,37.928784869856663],[-122.25069642551387,37.928786762299687],[-122.25069884707766,37.928788663001875],[-122.25070218252274,37.928791299023089],[-122.25070437326319,37.928793060762843],[-122.25070653606042,37.928794843643374],[-122.25070865861687,37.928796656858381],[-122.25071075318745,37.928798489412394],[-122.2507115678677,37.9287992153875],[-122.25071324451736,37.928800694572871],[-122.25071493234869,37.92880216548204],[-122.25071663921639,37.928803623492954],[-122.25071835610721,37.928805072343636],[-122.25072008310619,37.928806515637632],[-122.25072181008397,37.92880795803071],[-122.25072353708308,37.928809401324621],[-122.25072526406096,37.928810843717663],[-122.2507267183241,37.928812059455822],[-122.25072913382434,37.928814136874166],[-122.25073149667971,37.928816249316682],[-122.25073378227384,37.928818414270062],[-122.25073601524441,37.92882061514841],[-122.25074913584608,37.928833932664887],[-122.25074930840229,37.928834109438071],[-122.25074947979992,37.928834285327227],[-122.25074965010279,37.928834463034939],[-122.25074982274414,37.928834643411477],[-122.25074998963504,37.928834821169758],[-122.25075015425139,37.928834998961747],[-122.250750317773,37.928835178572264],[-122.25075048015724,37.92883535819962],[-122.25075064030941,37.92883553966238],[-122.25075079707101,37.928835722076599],[-122.25075095046321,37.928835906342997],[-122.25075110162338,37.928836092444854],[-122.25075941509567,37.928846506478536],[-122.2507617510371,37.928849406029933],[-122.25076410496283,37.92885229630317],[-122.2507664881183,37.928855171724713],[-122.25076888923687,37.928858036967199],[-122.25077167832652,37.928861336224955],[-122.25077268996523,37.928862549510576],[-122.25077368924246,37.928863769287481],[-122.2507746682823,37.928864999277046],[-122.25077563384464,37.928866236675546],[-122.25077657013487,37.928867487124116],[-122.25077748052237,37.928868748770405],[-122.25077835262441,37.928870027204873],[-122.25077919882371,37.928871316837181],[-122.25078591828731,37.92888187164256],[-122.25078656665205,37.92888287763855],[-122.2507872229141,37.928883880813991],[-122.25078789155893,37.928884878398996],[-122.25078856810114,37.928885873163452],[-122.25078869533537,37.9288860578175],[-122.2507893431021,37.928886942166059],[-122.25079003020653,37.928887806106154],[-122.25079077574888,37.928888639441965],[-122.25079155947043,37.928889451485347],[-122.25079238139227,37.92889024313714],[-122.25079321226374,37.928891028348154],[-122.25079405993949,37.928891802496267],[-122.25079491768082,37.9288925692859],[-122.25080601231038,37.928902333818272],[-122.25080831905957,37.928904430869899],[-122.25081056754121,37.928906565732454],[-122.25081272858957,37.928908755960222],[-122.25081483137032,37.928910983998996],[-122.25081813901109,37.92891460990014],[-122.25081853187226,37.928915058261325],[-122.25081890900259,37.928915514966079],[-122.25081926250475,37.928915982834887],[-122.25081960141345,37.928916459030397],[-122.25081992680207,37.928916940833219],[-122.25082025107467,37.928917423553706],[-122.25082057309399,37.928917907208763],[-122.25082089397593,37.92891839088071],[-122.25082120546148,37.928918862075655],[-122.25082169446901,37.928919575754591],[-122.25082220150323,37.928920281957097],[-122.25082273551372,37.928920974242445],[-122.25082328641365,37.928921659068251],[-122.25082752032868,37.928926737425058],[-122.25082966749382,37.928929254978534],[-122.25083185620754,37.928931749387267],[-122.25083411005545,37.928934207685494],[-122.25083640656814,37.928936641921275],[-122.25084039413346,37.928940779515393],[-122.25084073332619,37.928941123236434],[-122.25084108039498,37.928941463236129],[-122.25084143639202,37.928941795894225],[-122.25084180024383,37.928942123930142],[-122.25084216186356,37.928942453801476],[-122.25084251449123,37.928942788311829],[-122.25084285595861,37.928943131999155],[-122.25084318729655,37.92894348034239],[-122.25084443662828,37.928944834289943],[-122.25084535218912,37.92894588138352],[-122.25084621935625,37.928946950822116],[-122.25084701679755,37.928948054636869],[-122.2508477669825,37.928949180779775],[-122.25085690230688,37.928963801846791],[-122.2508574147753,37.928964593578613],[-122.25085794638652,37.928965376916288],[-122.25085850726988,37.928966147203937],[-122.25085908615867,37.92896690911428],[-122.25085972110446,37.928967635949874],[-122.25086040981124,37.928968326843531],[-122.25086117908508,37.928968960671376],[-122.25086200211993,37.928969558557299],[-122.25086286194126,37.928970124357448],[-122.25086416849888,37.928970962895669],[-122.25086549282787,37.928971783147261],[-122.25086684381399,37.928972575969105],[-122.25086821143421,37.928973350521197],[-122.25087948038937,37.928979561000794],[-122.25088162536807,37.928980781819838],[-122.25088373815217,37.928982036458834],[-122.2508858020651,37.928983341385802],[-122.25088783264611,37.92898468014954],[-122.25088978963301,37.92898608218384],[-122.25089168068899,37.92898753475896],[-122.25089347456527,37.928989063570384],[-122.25089520362675,37.928990642004948],[-122.25089976377204,37.928995033347874],[-122.25090071188824,37.928995965511511],[-122.25090164543221,37.928996906902704],[-122.25090255427459,37.928997862177354],[-122.25090344856605,37.928998827580379],[-122.25090433163332,37.928999799457834],[-122.25090521583793,37.929000771318478],[-122.25090610113736,37.929001741360544],[-122.25090698757408,37.929002711385735],[-122.25091689102796,37.929013534399267],[-122.25091843891038,37.929015245285434],[-122.250919969946,37.929016965432858],[-122.25092147628006,37.929018699463718],[-122.25092296688337,37.929020441838119],[-122.25092566010885,37.929023631670752],[-122.2509257923067,37.929023785611697],[-122.25092592338855,37.929023940470358],[-122.25092605670243,37.929024093493609],[-122.25092619117487,37.929024247400868],[-122.25092632560481,37.92902439950646],[-122.25092646230935,37.929024551578294],[-122.25092660010861,37.929024701831622],[-122.25092673904521,37.929024852068039],[-122.25092696313367,37.929025091158231],[-122.25092721749455,37.929025359537931],[-122.25092747183412,37.929025627016834],[-122.25092773068039,37.929025892626548],[-122.25092799064264,37.929026157318638],[-122.25092808738043,37.929026255012225],[-122.25092839849107,37.92902656580641],[-122.25092871410845,37.929026874731463],[-122.25092903307383,37.929027180903404],[-122.25092935540863,37.929027485223138],[-122.25093428550873,37.92903207744672],[-122.25093706393372,37.92903468386848],[-122.25093982667063,37.929037300435397],[-122.250942567002,37.929039931752854],[-122.25094529164524,37.929042573215504],[-122.25095531501135,37.929052355413887],[-122.25095567257239,37.929052706071623],[-122.25095602901733,37.929053057647053],[-122.25095638320904,37.929053410157081],[-122.25095673628461,37.929053763584754],[-122.25095708824421,37.929054117930171],[-122.25095743908776,37.929054473193268],[-122.25095778879401,37.92905482847322],[-122.25095813738423,37.929055184670858],[-122.25095887770931,37.929055941484556],[-122.25095959589346,37.929056676097495],[-122.25096031630963,37.929057408875046],[-122.25096104011649,37.929058140701159],[-122.2509617639234,37.929058872527236],[-122.25097456150399,37.929071756844216],[-122.250975063795,37.929072262158236],[-122.25097556608596,37.929072767472213],[-122.2509760683769,37.929073272786276],[-122.25097657180523,37.929073778083435],[-122.25099262545453,37.929089886242089],[-122.25099283294003,37.929090096741191],[-122.25099303819343,37.929090309075661],[-122.25099323894017,37.929090523279285],[-122.25099343859216,37.92909073930138],[-122.25099363596948,37.92909095535726],[-122.25099383448418,37.929091171396266],[-122.25099403413614,37.929091387418417],[-122.25099423376689,37.929091602539735],[-122.25099441346737,37.929091792724009],[-122.25099470857108,37.929092100150598],[-122.25099501150824,37.929092402054188],[-122.25099532339495,37.929092697517028],[-122.25099564315779,37.929092989258514],[-122.25100151376618,37.929098191140511],[-122.25101416147955,37.929110269336185],[-122.25101442221793,37.929110518696859],[-122.25101468181909,37.929110768074388],[-122.25101494257876,37.929111018335952],[-122.25101520106382,37.929111268631182],[-122.25103268954113,37.929128153943481],[-122.25103310752007,37.929128557774952],[-122.25103352438305,37.929128962524103],[-122.25103394124599,37.929129367273248],[-122.25103435697166,37.929129772039289],[-122.25103473313479,37.929130139543076],[-122.2510349613688,37.92913036144963],[-122.25103518960282,37.929130583356155],[-122.25103541781554,37.929130804361812],[-122.2510356460496,37.929131026268365],[-122.25103574499845,37.929131121225588],[-122.25103592431603,37.929131295194672],[-122.25103610363372,37.929131469163742],[-122.25103628181401,37.929131643149653],[-122.25103646115292,37.92913181801957],[-122.25103664158655,37.929131991070903],[-122.25103682423098,37.929132161386029],[-122.25103701138214,37.929132329832022],[-122.25103720190261,37.92913249642578],[-122.25104904148704,37.929142632886041],[-122.25105237352984,37.929145364470685],[-122.25105580037177,37.929148015348233],[-122.25105936998081,37.929150545156716],[-122.25106303552617,37.929152994241278],[-122.25107002194657,37.929157461358507],[-122.25107026897109,37.929157611794992],[-122.25107052155447,37.929157756742171],[-122.25107078190754,37.929157893463724],[-122.25107104666088,37.929158023811958],[-122.25107131804657,37.929158145951497],[-122.2510715916643,37.929158266255619],[-122.25107186854504,37.929158380203269],[-122.25107214877384,37.9291584913978],[-122.25107264247977,37.929158681433492],[-122.25107316727627,37.929158887229164],[-122.25107368992585,37.929159098463607],[-122.25107420819641,37.929159316972203],[-122.25107472427752,37.929159539117933],[-122.25107561529438,37.929159932333093],[-122.25107657411512,37.92916035428145],[-122.25107753403069,37.929160774411237],[-122.2510784961995,37.929161193606497],[-122.2510794571885,37.92916161101688],[-122.25109107847018,37.929166648354041],[-122.25109310457989,37.929167412242016],[-122.2510951834597,37.929168050086879],[-122.25109733868327,37.929168500260417],[-122.2510995455396,37.929168824407725],[-122.25110178899749,37.929168964176291],[-122.2511040274991,37.929168990472355],[-122.25110625854492,37.929168845658992],[-122.25110848463449,37.929168587373155],[-122.25112735823504,37.929165653706498],[-122.25113320962629,37.929164262997482],[-122.25113326617274,37.929164248641911],[-122.25113332038072,37.929164231617577],[-122.2511333745036,37.929164210989853],[-122.25113342633045,37.929164189495005],[-122.25113382311997,37.929163985358748],[-122.25114212346742,37.929158045351144],[-122.25113906854696,37.929159242313354],[-122.25113880372307,37.929159253448077],[-122.25113860112018,37.929159201480601],[-122.25113849415543,37.929159056177397],[-122.25113845057022,37.929158848656058],[-122.25113847704498,37.92915876535713],[-122.25113860744483,37.929158457931777],[-122.25113877580173,37.929158167966918],[-122.25113900048297,37.929157902399623],[-122.2511392631212,37.929157654292872],[-122.25113956144187,37.929157423680337],[-122.25113986673543,37.92915719927251],[-122.25114018131897,37.929156982837426],[-122.25114050289675,37.929156773507955],[-122.25114501509567,37.929153933761903],[-122.25114757588788,37.929152288138219],[-122.25115010645005,37.929150615026593],[-122.25115259395241,37.929148901100035],[-122.25115505122473,37.929147159685527],[-122.25116360620295,37.929140969885914],[-122.25116472706146,37.92914016025258],[-122.25116584912116,37.929139353304926],[-122.2511669746353,37.929138548108348],[-122.25116810017072,37.929137743812589],[-122.25116843808429,37.929137503601503],[-122.25116971514436,37.92913656368836],[-122.25117096328199,37.929135603477235],[-122.25117217194209,37.929134609607353],[-122.25117335167984,37.929133595439481],[-122.25117518139096,37.929131969663636],[-122.25117643539829,37.929130728204292],[-122.25117757081493,37.929129427224076],[-122.25117852670357,37.929128039690418],[-122.25117936286418,37.929126592652821],[-122.25118012326899,37.929125069238566],[-122.25118115949876,37.929122796478296],[-122.25118207792539,37.929120497528359],[-122.25118282020527,37.929118158834989],[-122.25118344581939,37.929115793935189],[-122.25118436420524,37.929111711594722],[-122.25118497497959,37.929109296449987],[-122.25118567261534,37.929106898040864],[-122.25118649829001,37.929104525669658],[-122.25118740971001,37.92910217095173],[-122.25118847461545,37.929099859917642],[-122.25118965427373,37.929097590438147],[-122.25119100947325,37.92909538323989],[-122.25119247940435,37.929093216695286],[-122.25119347895709,37.929091847438578],[-122.2511955836502,37.929089051488155],[-122.25119775168288,37.929086287941615],[-122.25120001412439,37.929083571658104],[-122.25120233990542,37.929080887778461],[-122.25120699937928,37.929075662284689],[-122.25120714752231,37.929075479857154],[-122.25120728188986,37.929075292226869],[-122.25120739443564,37.929075095908445],[-122.25120750941431,37.929074858100812],[-122.25120758344046,37.929074668661485],[-122.25120764948412,37.929074478439375],[-122.25120770520682,37.929074284765619],[-122.25120775180979,37.929074090325869],[-122.25121003903307,37.929063177645439],[-122.25121061326968,37.929060612548831],[-122.25121123316895,37.929058053984605],[-122.25121192390081,37.929055507887711],[-122.25121266143275,37.929052968306394],[-122.2512134549696,37.929050439609867],[-122.25121427708818,37.929047916797813],[-122.25121514150018,37.929045402370356],[-122.251216040892,37.929042875709342],[-122.25121692910226,37.929040357324432],[-122.25121777956831,37.929037830487509],[-122.25121857173336,37.92903529189855],[-122.25121932617556,37.929032745758406],[-122.25121974745883,37.929031267021749],[-122.25122063429616,37.929027968254601],[-122.25122145720972,37.929024660522316],[-122.25122218193137,37.92902133802469],[-122.25122284159194,37.929018006578801],[-122.25122340380197,37.92901493250627],[-122.25122386354029,37.929012336665139],[-122.25122430046846,37.929009738458674],[-122.25122470662534,37.929007138004863],[-122.25122509110946,37.929004535168829],[-122.25122543568119,37.929001928418685],[-122.25122574948163,37.928999319421187],[-122.25122601429254,37.928996707545302],[-122.25122624833215,37.928994093422013],[-122.25122656573905,37.928990144349548],[-122.25122676660858,37.928987281998438],[-122.25122692990431,37.928984418402017],[-122.25122703401725,37.92898155388059],[-122.2512270993977,37.928978687229787],[-122.25122711930408,37.928977170286267],[-122.25122716391631,37.928975061817006],[-122.25122723245465,37.928972954795405],[-122.25122733740822,37.928970848135123],[-122.25122746628786,37.928968742922549],[-122.25122762817077,37.928966638121835],[-122.25122781058921,37.928964535720226],[-122.25122802373625,37.928962433764276],[-122.25122825741873,37.928960334207311],[-122.25122979570277,37.928947337436377],[-122.25123002671742,37.928945606492519],[-122.25123029307392,37.92894387862939],[-122.25123061189568,37.928942156296579],[-122.25123096608041,37.928940437945414],[-122.25123139564691,37.928938731994187],[-122.25123189267654,37.928937040362563],[-122.25123248800448,37.928935368000374],[-122.25123315079549,37.928933709957867],[-122.25123645711601,37.92892605968035],[-122.2512374212799,37.928923915050937],[-122.25123842902337,37.928921785095184],[-122.2512395032203,37.928919674880952],[-122.25124062211285,37.92891757842267],[-122.25124180036752,37.92891544233462],[-122.2512423633594,37.928914423791127],[-122.25124292750985,37.928913406131635],[-122.25124349281894,37.928912389356071],[-122.25124405926525,37.928911372563704],[-122.25124495319726,37.928909770571103],[-122.25124507323559,37.928909554316135],[-122.25124519329522,37.928909338962001],[-122.25124531219623,37.92890912272388],[-122.25124543109726,37.928908906485781],[-122.25124555001962,37.928908691148514],[-122.25124566892059,37.928908474910401],[-122.25124578782166,37.92890825867228],[-122.25124590788128,37.928908043318152],[-122.25124838289864,37.92890358645019],[-122.25124975195698,37.92890114744808],[-122.25125113704395,37.928898712714123],[-122.25125254511119,37.928896287552249],[-122.25125396922842,37.928893867559353],[-122.2512566402544,37.92888937624506],[-122.25125895286524,37.928885509339153],[-122.25126128038859,37.9288816476191],[-122.25126362975472,37.928877795487949],[-122.2512659940333,37.928873948542602],[-122.25126993789581,37.928867568457022],[-122.25127079599199,37.928866183273328],[-122.25127165754265,37.928864799840717],[-122.25127252138911,37.928863417275196],[-122.25127338866882,37.928862035559987],[-122.25127354437723,37.928861788136821],[-122.25127433266533,37.928860530150018],[-122.25127511636164,37.928859270428916],[-122.25127589544488,37.928858008072751],[-122.25127667109483,37.928856744866344],[-122.251277447882,37.928855481643041],[-122.25127822928236,37.92885422105482],[-122.25127901870769,37.928852963051092],[-122.25127981272476,37.928851706781636],[-122.25128208781069,37.928848129703141],[-122.25128404235086,37.928845094466453],[-122.25128602562155,37.928842071419993],[-122.25128805026091,37.928839065783443],[-122.25129010247227,37.928836071453148],[-122.25129309297725,37.928831763743851],[-122.25129504989418,37.928828973586661],[-122.25129702751667,37.928826193035164],[-122.25129903730297,37.928823425524222],[-122.25130106667878,37.92882066853673],[-122.25130312248928,37.928817922872391],[-122.25130519327617,37.92881518509639],[-122.2513072870432,37.928812456892445],[-122.25130939580801,37.928809737477707],[-122.25131144865585,37.928807107205301],[-122.25131280433858,37.928805354181719],[-122.25131414847795,37.928803594119955],[-122.2513154742287,37.928801826220393],[-122.25131678732002,37.928800052200359],[-122.25131807511373,37.928798266840296],[-122.25131934106442,37.928796471891275],[-122.25132057596714,37.928794662983961],[-122.25132179018539,37.928792845371731],[-122.25133216030909,37.928777049342649],[-122.25133287103021,37.928775975440345],[-122.25133358752294,37.928774905057054],[-122.25133431431534,37.928773837224554],[-122.25133504687933,37.928772772911145],[-122.25133521082522,37.928772537080839],[-122.25133584935745,37.928771585904975],[-122.25133646493067,37.928770626057883],[-122.25133704720268,37.928769653187089],[-122.25133760537832,37.928768671661921],[-122.25133816237411,37.928767688351932],[-122.25133874121288,37.928766714630875],[-122.25133935103558,37.928765752165489],[-122.25133998268005,37.928764798388251],[-122.25134521495491,37.928757141183347],[-122.25134624299677,37.928755774206216],[-122.25134735986725,37.928754459080572],[-122.25134861053853,37.928753221273197],[-122.25134994887971,37.928752034433323],[-122.25135134948692,37.92875088271667],[-122.25135274200522,37.928749725712976],[-122.25135412409612,37.928748560753412],[-122.25135549807682,37.92874738960591],[-122.2513567893442,37.928746280963409],[-122.25135875693879,37.928744520670058],[-122.25136066218211,37.928742721650124],[-122.25136247385595,37.928740862738536],[-122.25136422315728,37.928738964199511],[-122.25136888803844,37.928733680043003],[-122.25137070015285,37.928731647201346],[-122.25137252842367,37.928729624032862],[-122.2513743820344,37.928727614005993],[-122.25137625066417,37.928725613669215],[-122.25137674899034,37.928725084511214],[-122.25137839559875,37.928723365923588],[-122.25138006295531,37.928721658743441],[-122.25138176037139,37.928719971844252],[-122.25138347741952,37.928718297270194],[-122.25138521869171,37.928716636755517],[-122.25138697152843,37.928714984179805],[-122.2513887394055,37.928713342194946],[-122.25139051768858,37.928711707265073],[-122.25140370279455,37.928699680493139],[-122.25140506186999,37.928698456397747],[-122.25140643368989,37.928697242026061],[-122.25140782518454,37.928696041781308],[-122.25140922942369,37.928694851260261],[-122.25141065683466,37.928693678418853],[-122.25141210392039,37.928692519704228],[-122.25141357771763,37.928691384023736],[-122.25141507005225,37.928690262486903],[-122.25141576560027,37.928689750230298],[-122.25141762425704,37.928688387159255],[-122.2514194875906,37.928687029425753],[-122.25142136019291,37.928685678764126],[-122.25142323858809,37.928684332522387],[-122.25143550907553,37.928675584200988],[-122.25143801491041,37.928673828542813],[-122.25144054400215,37.928672094167545],[-122.25144311031778,37.92867039438557],[-122.25144569993287,37.928668717688168],[-122.25144586469024,37.928668612513533],[-122.25144838991667,37.92866700345639],[-122.25145091282587,37.928665392631189],[-122.25145343341772,37.928663780037958],[-122.25145595282959,37.92866216565988],[-122.25145846059158,37.928660539739404],[-122.25146095322786,37.928658899624615],[-122.25146342376559,37.928657239110713],[-122.25146588033626,37.928655565286533],[-122.25146980411583,37.928652862215294],[-122.25147221308966,37.92865119630585],[-122.2514746162917,37.928649526877322],[-122.25147701249946,37.92864785034314],[-122.25147940405145,37.928646169372172],[-122.25148177586469,37.928644471571786],[-122.25148412791783,37.928642756041157],[-122.25148644750898,37.928641014858172],[-122.25148874734008,37.928639255944994],[-122.25149479936731,37.928634562202475],[-122.25149715185152,37.928632720503082],[-122.2514994903899,37.928630866394172],[-122.25150180577754,37.928628995506507],[-122.25150410721936,37.928627112209305],[-122.25150639130352,37.928625216553179],[-122.25150866727741,37.928623314709149],[-122.25151093280253,37.928621404008432],[-122.2515131891013,37.92861948803754],[-122.25152720187712,37.928607534589815],[-122.25152986965387,37.928605217810741],[-122.25153250155671,37.928602875429874],[-122.25153507913313,37.928600496906959],[-122.25153762197289,37.928598092765391],[-122.2515401070531,37.928595651631554],[-122.25154255057281,37.92859318498023],[-122.25154493292109,37.928590681387163],[-122.25154727486743,37.928588153160646],[-122.25155110028165,37.928583935797491],[-122.25155242965737,37.928582466124539],[-122.25155375328264,37.928580993833364],[-122.25155507227352,37.928579518006224],[-122.25155638551391,37.928578039560861],[-122.2515590073602,37.928575079134177],[-122.25157218482516,37.928570867296663],[-122.2515729849154,37.928570590493564],[-122.25157377080451,37.92857029047093],[-122.25157453313857,37.928569956553567],[-122.25157528129276,37.928569600317452],[-122.25157600481839,37.92856921290597],[-122.2515767120173,37.928568808614607],[-122.25157739355677,37.928568377668888],[-122.25157805874824,37.928567928942421],[-122.25160720261484,37.928547295575235],[-122.2516074913558,37.92854709303937],[-122.25160778239268,37.928546891370615],[-122.2516080746307,37.928546692387499],[-122.25160836804859,37.928546495189202],[-122.25160866959797,37.928546305079657],[-122.25160897934263,37.928546124761297],[-122.25160930080094,37.928545958687756],[-122.2516096315919,37.928545802388648],[-122.2516099164346,37.928545675607815],[-122.2516104008771,37.928545473774882],[-122.25161089475861,37.928545286220526],[-122.25161139940812,37.928545121035476],[-122.25161191349663,37.928544970128996],[-122.25161233858975,37.928544856588339],[-122.25161307242119,37.928544664575092],[-122.25161380983491,37.928544479717978],[-122.25161454975739,37.928544304736441],[-122.25161529321952,37.928544135109313],[-122.25163936008832,37.928538835415971],[-122.25164237771975,37.928538228350298],[-122.25164541299787,37.928537694016718],[-122.25164847700995,37.928537268297084],[-122.25165155753146,37.928536915326433],[-122.25165464993134,37.928536727992565],[-122.25165773548049,37.928536684044289],[-122.2516608148088,37.928536858268473],[-122.25166388958228,37.928537176745323],[-122.25167640465359,37.928538924162012],[-122.25167825208081,37.928539156302662],[-122.25168010326956,37.928539355044677],[-122.25168196234321,37.928539502303799],[-122.25168382631563,37.928539616147368],[-122.25168569324056,37.928539662360272],[-122.2516875565496,37.928539651853832],[-122.25168941558273,37.928539556701907],[-122.25169127327466,37.928539404796929],[-122.25170926586031,37.928537519528021],[-122.25171199017453,37.928537258348655],[-122.25171471866713,37.928537029548977],[-122.25171745281595,37.928536847525578],[-122.25172019116449,37.9285366987827],[-122.25172292911195,37.92853662934759],[-122.25172566539331,37.928536633832081],[-122.25172839751212,37.928536751022939],[-122.25173112682762,37.928536942150266],[-122.25174610268481,37.928538301619454],[-122.25174776184848,37.928538462655716],[-122.25174941905695,37.928538637238297],[-122.25175107222712,37.928538833508519],[-122.25175272342084,37.928539042424241],[-122.25175437257408,37.928539261282921],[-122.25175602170606,37.928539479240712],[-122.25175767191155,37.928539694479127],[-122.25175932209568,37.928539908816653],[-122.25178360656308,37.928543046112225],[-122.25178390785469,37.928543085801294],[-122.25178420918888,37.928543127292016],[-122.25178450942838,37.928543170601309],[-122.25178480971047,37.928543215712274],[-122.2517851089404,37.928543264443469],[-122.25178540711821,37.928543316794915],[-122.25178570317046,37.928543375485972],[-122.25178599819178,37.9285434386981],[-122.25178739926739,37.928543751350702],[-122.25178838998555,37.92854398267599],[-122.25178937643122,37.92854422577966],[-122.25179035532035,37.928544486117367],[-122.25179132882097,37.928544759151201],[-122.25180640227177,37.928549140550473],[-122.25180858430687,37.928549811097028],[-122.2518107434167,37.928550522535595],[-122.25181286876061,37.928551297555885],[-122.2518149700206,37.928552112584264],[-122.25181704176583,37.928552978515064],[-122.25181909586779,37.928553868137591],[-122.25182112466342,37.928554794181629],[-122.25182313583713,37.928555744818262],[-122.25182592789761,37.928557098407836],[-122.25182932409064,37.928558741322085],[-122.25183272137858,37.928560382417686],[-122.25183612199342,37.928562019859193],[-122.25183952481913,37.928563654564364],[-122.25185421530735,37.928570701854738],[-122.25188663096445,37.928565897401626],[-122.2518876883685,37.92856582134349],[-122.25188872996048,37.928565846449516],[-122.25188974783427,37.928566023301755],[-122.25189074991728,37.928566302218996],[-122.25189170702278,37.928566699854898],[-122.25189262092323,37.928567146794101],[-122.25189347058465,37.928567667679644],[-122.25189427813578,37.92856823604987],[-122.25189467688492,37.92856854824543],[-122.25189564834305,37.928569312439741],[-122.25189661643189,37.928570078486409],[-122.25189758121535,37.928570849087784],[-122.25189854149214,37.928571621558312],[-122.25190329112283,37.928575460347105],[-122.2519066279,37.928578151285841],[-122.25190996912022,37.92858083765271],[-122.25191331931129,37.928583518479513],[-122.25191667508267,37.928586194717738],[-122.25192271616875,37.928591002924271],[-122.2519233721181,37.928591559124008],[-122.25192399667003,37.928592134713604],[-122.25192457415783,37.92859274073944],[-122.25192512026952,37.928593367055974],[-122.25192522223867,37.928593493508217],[-122.25192566846799,37.928594081655049],[-122.25192608315085,37.928594682885901],[-122.25192644821813,37.928595302875692],[-122.2519267817603,37.928595936850378],[-122.25192708710404,37.928596581155944],[-122.25192738678254,37.928597226446698],[-122.25192767744781,37.928597875475702],[-122.2519279635851,37.92859852547307],[-122.25193120124382,37.928606023756195],[-122.25193235280517,37.928608535328088],[-122.25193358224443,37.928611020512641],[-122.25193492795323,37.928613467025414],[-122.25193635158259,37.928615888952557],[-122.25193931622707,37.928620693217361],[-122.25194013334591,37.928622917773694],[-122.25194036246916,37.928623562308388],[-122.2519405836738,37.928624208762855],[-122.25194079127331,37.928624857221351],[-122.2519409898384,37.928625508517378],[-122.25194112346301,37.928625963422817],[-122.25194137526722,37.928626845526871],[-122.25194161571967,37.928627728700434],[-122.25194184029243,37.928628613911755],[-122.2519420546933,37.928629501977468],[-122.25194686608727,37.928650296937384],[-122.25194695677995,37.928650716433175],[-122.25194703837414,37.92865113606392],[-122.25194710634194,37.928651556797846],[-122.25194716525395,37.928651979468448],[-122.25194722755654,37.928652401187556],[-122.2519473023482,37.928652821820329],[-122.25194739527289,37.92865323948071],[-122.25194750068665,37.92865365605472],[-122.25194889287243,37.928658694509465],[-122.25194984977922,37.928661586553019],[-122.25195099651857,37.928664423514228],[-122.25195242916529,37.92866717873585],[-122.25195405276051,37.928669877957432],[-122.25195966404247,37.928678306179414],[-122.25195980470524,37.928678529382864],[-122.25195993747084,37.928678755406914],[-122.25196005783245,37.928678986120701],[-122.25196017027551,37.928679218754255],[-122.25196026121627,37.928679456212429],[-122.2519603351613,37.928679696626176],[-122.25196038189617,37.928679941048038],[-122.25196040938191,37.92868018936003],[-122.25196077596686,37.928686697493077],[-122.2519609541841,37.928689953437164],[-122.25196112328157,37.928693208615378],[-122.25196128102732,37.928696464863037],[-122.25196142967461,37.92869972124565],[-122.25196171559612,37.928706234179529],[-122.25196171714559,37.928706444126362],[-122.25196340718807,37.928732266074519],[-122.25196341926268,37.92873253624284],[-122.25196342451336,37.92873280651235],[-122.25196341952832,37.928733076933625],[-122.25196340769813,37.928733346555298],[-122.25196338449494,37.928733616345603],[-122.2519633555838,37.928733885319417],[-122.25196331527839,37.928734153561045],[-122.25196326928639,37.928734421887007],[-122.25196013847106,37.928750745030889],[-122.25196006329493,37.928751367043567],[-122.25196004498413,37.928751988212895],[-122.25196011195017,37.92875260721641],[-122.25196023689757,37.928753224458966],[-122.2519604299344,37.928753834383613],[-122.25196065576147,37.928754435711589],[-122.25196092907866,37.928755024620237],[-122.25196123516484,37.928755604031331],[-122.25196379442131,37.928760055646492],[-122.25196411922806,37.928760705070253],[-122.25196438517165,37.928761367082046],[-122.25196456622169,37.928762047474784],[-122.2519646883873,37.928762739554656],[-122.25196706542614,37.928784125727887],[-122.25196713487485,37.928784897891482],[-122.25196718271467,37.928785670375468],[-122.25196719757254,37.928786443348621],[-122.25196718970558,37.928787217559922],[-122.25196715907124,37.92878799120772],[-122.25196711820101,37.928788765007283],[-122.25196706250318,37.928789537224453],[-122.25196699772826,37.928790310477382],[-122.25196459620923,37.92881573170979],[-122.25196459180029,37.928815785844648],[-122.25196458739131,37.928815839979514],[-122.25196458296112,37.928815893213546],[-122.2519645796895,37.928815947331515],[-122.25196456430707,37.928816162936371],[-122.25196456103545,37.928816217054347],[-122.25196455548922,37.928816271206053],[-122.25196454994303,37.928816325357815],[-122.25196454437548,37.928816378608701],[-122.25196434633519,37.92881801174024],[-122.25196422920519,37.928818880391177],[-122.25196409838485,37.92881974744278],[-122.25196394705041,37.928820612996368],[-122.25196378088836,37.928821476967443],[-122.25196140724668,37.928833060506733],[-122.25196093890153,37.928835579880449],[-122.25196053553202,37.92883810459869],[-122.25196022906795,37.928840637792526],[-122.25195998530486,37.928843176364644],[-122.2519598133413,37.928845720180149],[-122.25195967099036,37.928848265358731],[-122.2519595752904,37.928850810746667],[-122.25195951036164,37.928853358381744],[-122.25195943867701,37.928857641747115],[-122.25195941164399,37.928860541172959],[-122.25195940963184,37.928863440227701],[-122.25220130453368,37.929045931006229],[-122.2524771964945,37.9290962352853],[-122.25281515597796,37.928831588805274],[-122.25298038648829,37.928926646052901],[-122.25307353818587,37.929052986719498],[-122.25297147789421,37.929397427838175],[-122.25296998687402,37.929400721165791],[-122.25296855421909,37.929404028947019],[-122.25296720741683,37.929407358884454],[-122.25296592015975,37.929410705060306],[-122.25296267320576,37.929419463832296],[-122.25296181643755,37.929421769992189],[-122.25296095737338,37.929424075285034],[-122.25296009487592,37.92942637972763],[-122.25295923121978,37.929428683286268],[-122.25295835958104,37.929430986062201],[-122.25295748335031,37.929433287103926],[-122.25295659681986,37.929435585594987],[-122.2529557045814,37.929437883269578],[-122.2529514595203,37.929448744834218],[-122.2529507531372,37.929450530596803],[-122.2529500352956,37.929452312924752],[-122.25294930258366,37.929454091868699],[-122.25294855843454,37.929455868278865],[-122.25294782678272,37.929457595841143],[-122.25294744328833,37.929458506294033],[-122.25294706438572,37.929459418481102],[-122.25294669234971,37.929460332368613],[-122.25294632374695,37.929461247106346],[-122.25294596430662,37.929462164411596],[-122.25294561514471,37.929463083366649],[-122.25294527971589,37.929464005722544],[-122.25294495344953,37.929464930645963],[-122.25294103015703,37.92947631281077],[-122.25294024241495,37.929478651289124],[-122.25293947866301,37.929480993917274],[-122.25293874806376,37.929483343262774],[-122.25293804149725,37.929485698559766],[-122.25293736462878,37.929488058823075],[-122.25293670715865,37.929490421501995],[-122.25293607713324,37.929492790081802],[-122.25293546536882,37.929495161094131],[-122.25293517414794,37.929496317095101],[-122.25293444876708,37.929499271941246],[-122.2529337484924,37.929502230019523],[-122.252933085877,37.929505192945925],[-122.25293244841049,37.929508160906167],[-122.2529313899911,37.929513245624285],[-122.25293128971921,37.929513720220029],[-122.25293118830994,37.929514194832677],[-122.25293108574209,37.929514668561325],[-122.25293098089961,37.929515142323716],[-122.25293087605708,37.929515616086121],[-122.25293077235192,37.929516089831651],[-122.25293067094265,37.92951656444427],[-122.25293057180806,37.929517039023146],[-122.25292974681113,37.929521025370867],[-122.25292928890393,37.929523407617545],[-122.2529288766173,37.929525794594284],[-122.25292853501492,37.929528187731478],[-122.25292823905438,37.929530586499546],[-122.25292816630123,37.92953126254632],[-122.25292793065427,37.929533325188707],[-122.25292768131676,37.929535386231898],[-122.25292740805297,37.929537445827762],[-122.25292712112005,37.929539504725348],[-122.25292682390864,37.92954156197311],[-122.25292652558113,37.92954362013856],[-122.25292622950698,37.929545677369447],[-122.25292593231683,37.929547735518007],[-122.25292342373371,37.929565153372906],[-122.25292328122745,37.929566151266926],[-122.25292314101711,37.929567150027992],[-122.25292300535604,37.929568148721593],[-122.25292287083226,37.929569147398247],[-122.25292273173793,37.929570145241655],[-122.25292258240773,37.929571143236878],[-122.25292241822839,37.929572138748966],[-122.2529222449292,37.929573133495232],[-122.25291917166264,37.929590006417662],[-122.25291893024584,37.929591295952108],[-122.25291867970913,37.92959258472073],[-122.25291841434456,37.929593871907024],[-122.25291814099751,37.929595158310597],[-122.2529178496156,37.92959649995241],[-122.25291771395558,37.929597113851564],[-122.2529175771583,37.929597727767522],[-122.25291743694902,37.929598341734163],[-122.2529172955811,37.929598954816811],[-122.25291715421322,37.929599567899466],[-122.25291701514125,37.929600181849239],[-122.25291687948123,37.929600795748378],[-122.25291674495858,37.929601409630592],[-122.25291344910737,37.929616712433699],[-122.25291289344217,37.929619290780906],[-122.25291233663954,37.929621869144945],[-122.25291177981558,37.929624446608166],[-122.25291122301292,37.929627024972227],[-122.25291066505157,37.929629602452295],[-122.25291010595291,37.92963217994923],[-122.25290954457951,37.929634757479953],[-122.25290898318484,37.929637334109799],[-122.25290849766407,37.929639559063403],[-122.25290771805716,37.929643251861044],[-122.25290697381365,37.929646948639764],[-122.25290628205731,37.929650651848874],[-122.25290562566435,37.929654359039091],[-122.25290530305041,37.929656256257559],[-122.2529048395521,37.929659075648622],[-122.25290439770548,37.929661896520706],[-122.25290398776775,37.929664719622814],[-122.25290359838694,37.92966754602454],[-122.25290322153798,37.929670373141469],[-122.25290283898104,37.929673199441915],[-122.25290244844157,37.929676024959711],[-122.25290205221545,37.929678850561835],[-122.25290117568206,37.92968503559792],[-122.25290083228525,37.929687497249546],[-122.2529004968497,37.929689958783023],[-122.25290017282988,37.92969242194944],[-122.252899855634,37.929694885014619],[-122.25289954755797,37.929697348845593],[-122.25289924405253,37.929699813509963],[-122.25289894739231,37.929702278973878],[-122.25289865528137,37.929704744370319],[-122.25289778361733,37.929712193658588],[-122.2528975408041,37.92971424198862],[-122.25289729455761,37.929716289468438],[-122.25289704148713,37.929718337049472],[-122.25289678386734,37.929720384698022],[-122.25289653420884,37.929722432228424],[-122.25289629935679,37.929724480440285],[-122.25289608388184,37.929726530167002],[-122.25289588323464,37.929728581475977],[-122.25289542794272,37.929733479716404],[-122.25289529016725,37.929734918206314],[-122.25289514668393,37.92973635587974],[-122.25289499523934,37.929737793671343],[-122.2528948392241,37.929739230629551],[-122.25289466269444,37.929740666089884],[-122.25289446335447,37.929742099185162],[-122.25289423094689,37.929743529166437],[-122.25289397572888,37.929744956782727],[-122.25289387054997,37.9297455125554],[-122.2528935490627,37.92974721690927],[-122.25289323100867,37.929748922113305],[-122.25289291979989,37.92975062811702],[-122.25289261314032,37.929752334053163],[-122.25289188574044,37.929756406364554],[-122.25289126783622,37.929760153535575],[-122.25289071490845,37.92976390605066],[-122.25289026116209,37.92976766700685],[-122.25288987352955,37.929771433290171],[-122.25288879669021,37.929783436469805],[-122.25288870316997,37.929784581426745],[-122.25288861990697,37.929785727132654],[-122.25288855484115,37.929786872568577],[-122.25288850005377,37.929788019654282],[-122.25288843143545,37.929789736476991],[-122.25288842119322,37.929790024999484],[-122.25288841208828,37.929790313505087],[-122.25288840525801,37.929790601976968],[-122.25288839956504,37.929790890431939],[-122.25288839530768,37.929791191481826],[-122.2528883940181,37.929791329378133],[-122.25288839272839,37.929791467274427],[-122.25288839259738,37.929791606054678],[-122.25288839358244,37.929791743917221],[-122.25288852661912,37.929815409052239],[-122.25288852736028,37.929815969561453],[-122.25288852355214,37.929816530138112],[-122.25288851407869,37.929817091700045],[-122.25288850117195,37.929817652411735],[-122.25288849668341,37.929817799367051],[-122.25288847975499,37.929818286243481],[-122.25288845941463,37.929818773170524],[-122.25288843111299,37.929819260215709],[-122.2528883993994,37.929819747311527],[-122.25288836425254,37.929820233557081],[-122.25288832910563,37.929820719802663],[-122.25288829284277,37.92982120696594],[-122.25288825769582,37.929821693211522],[-122.25288675667073,37.929842026679992],[-122.25288662390166,37.929843676867684],[-122.25288647632597,37.929845326373879],[-122.25288630825716,37.929846975283027],[-122.25288612649787,37.929848622592949],[-122.25288592536145,37.929850268388066],[-122.25288571512644,37.929851914318199],[-122.25288549006359,37.929853558666046],[-122.2528852558808,37.929855202248],[-122.25288382632806,37.929864895586221],[-122.25288343741413,37.929867741806248],[-122.25288308611715,37.929870591072792],[-122.25288279406753,37.929873443966052],[-122.25288254077218,37.92987629988891],[-122.25288233985761,37.929879157738057],[-122.25288216971468,37.929882017834032],[-122.25288204510741,37.929884879056736],[-122.25288195009183,37.929887740741549],[-122.25288186410637,37.929891128568556],[-122.25288177297783,37.929893721650636],[-122.25288164652829,37.929896312553289],[-122.25288146771921,37.92989890243053],[-122.25288125472645,37.92990149011149],[-122.25288099503945,37.929904075781806],[-122.25288070801403,37.929906660055444],[-122.25288037993829,37.929909240432366],[-122.25288002450286,37.929911818511755],[-122.2528799619617,37.929912252896607],[-122.25287955588919,37.929915047104032],[-122.25287914981664,37.929917841311479],[-122.25287874601869,37.929920635485175],[-122.25287834335806,37.92992342964196],[-122.25287823494718,37.929924185519582],[-122.25287781513991,37.929927361120605],[-122.25287744430163,37.929930538698464],[-122.25287714755987,37.929933722386146],[-122.25287689864969,37.92993690806766],[-122.25287663669343,37.929940841002569],[-122.25287655774713,37.92994284274436],[-122.25287654931505,37.929944843439849],[-122.2528766500662,37.929946842515349],[-122.25287682133158,37.92994884054459],[-122.25287708577241,37.929950833586744],[-122.25287740353974,37.929952820430685],[-122.25287780072816,37.929954797985843],[-122.25287825012713,37.929956770260532],[-122.25288017251249,37.929964499805003],[-122.25288090404261,37.92996728884836],[-122.25288168317006,37.929970069976221],[-122.25288253365085,37.929972837429155],[-122.25288343170769,37.929975596065752],[-122.25288408714145,37.929977524731264],[-122.25288473330951,37.929979302139706],[-122.25288543261223,37.92998106524243],[-122.25288620994316,37.929982808263084],[-122.25288703927157,37.929984536994859],[-122.25288790819333,37.929986256127613],[-122.25288877711515,37.92998797526031],[-122.25288964601572,37.929989693492203],[-122.25289051266297,37.92999141265863],[-122.25289076450576,37.929991910866818],[-122.25289175649515,37.929993878695363],[-122.25289274736858,37.92999584744161],[-122.25289373710476,37.929997816204732],[-122.25289472572494,37.929999785885599],[-122.25289600449993,37.930002334310316],[-122.25289654288072,37.930003354543125],[-122.25289711282963,37.930004362592548],[-122.25289772675085,37.930005353768571],[-122.25289837228284,37.930006334562918],[-122.25289905946987,37.930007296715999],[-122.25289977253843,37.930008246770036],[-122.25290052382873,37.930009177332614],[-122.25290130213793,37.930010095779259],[-122.25291088654023,37.930021024293175],[-122.25291304364703,37.930023476778779],[-122.2529152063767,37.930025926477477],[-122.25291737696131,37.930028371553796],[-122.25291955203136,37.93003081386],[-122.25292096260218,37.930032392485437],[-122.25292243071306,37.930034046855511],[-122.25292388983188,37.930035705864761],[-122.25292533435727,37.930037373200939],[-122.25292676989064,37.930039045176301],[-122.25292821104678,37.9300407143648],[-122.25292966677523,37.93004237432541],[-122.25293114836396,37.930044021286093],[-122.25293264452492,37.930045659019008],[-122.25293316525932,37.930046221725327],[-122.25293495883996,37.930048119985514],[-122.25293678379725,37.930049997954612],[-122.25293865695653,37.930051845470288],[-122.25294056151367,37.930053673595744],[-122.25294098740564,37.930054074599703],[-122.25294310714096,37.930056101391664],[-122.25294519886928,37.930058146622315],[-122.25294724685985,37.930060218635475],[-122.25294926682213,37.930062308186493],[-122.25295205188937,37.930065238880118],[-122.25295442409984,37.93006783866668],[-122.25295670975888,37.930070482992981],[-122.2529588661808,37.930073195021428],[-122.25296093493532,37.930075952507323],[-122.25296246551983,37.930078083563572],[-122.25296371448233,37.930079804265915],[-122.25296497694374,37.930081518459851],[-122.25296625852668,37.930083223358437],[-122.25296755476714,37.930084922632609],[-122.25296843153747,37.930086059500347],[-122.25298846784355,37.93032214399831],[-122.25298676723908,37.930325043024474],[-122.25298504597085,37.930327934246861],[-122.2529832914002,37.930330812445931],[-122.25298151500708,37.930333681957222],[-122.25298139115472,37.930333881148549],[-122.25297967153766,37.930336649788877],[-122.25297796685497,37.930339424515608],[-122.25297628513184,37.930342207913277],[-122.25297461832174,37.930344996496544],[-122.25297299281765,37.930347799786581],[-122.25297140634491,37.930350617817155],[-122.25296988064075,37.930353455672581],[-122.25296839392529,37.930356306466855],[-122.25296613254685,37.930360750287498],[-122.25296555410567,37.930361836655159],[-122.25296494813414,37.93036291351855],[-122.2529643008138,37.930363973873497],[-122.25296362596305,37.930365024724182],[-122.25296289935712,37.930366052011557],[-122.25296213247582,37.930367060071084],[-122.25296130570752,37.930368037478672],[-122.25296043977986,37.930368994740661],[-122.25293797840254,37.930392602222547],[-122.25293780176395,37.930392782371563],[-122.25293761935339,37.930392959001601],[-122.25293743114969,37.930393131211765],[-122.25293723719543,37.930393300803871],[-122.25293704667438,37.930393471246092],[-122.25293686192526,37.930393645207324],[-122.25293668760392,37.930393827124306],[-122.25293652019181,37.930394012543346],[-122.25293637958559,37.930394176838035],[-122.25293616969239,37.930394442189304],[-122.25293597702964,37.930394714494177],[-122.25293581078115,37.930394997220986],[-122.25293566062581,37.930395286918291],[-122.25293552767957,37.930395582668339],[-122.25293539932525,37.930395880152595],[-122.25293527783759,37.930396179337293],[-122.25293516205787,37.930396479338405],[-122.25293513101403,37.930396561804365],[-122.25293500029176,37.930396903480478],[-122.25293486497749,37.930397243422412],[-122.25293472395529,37.930397582547883],[-122.25293457722508,37.930397920856862],[-122.25292888149465,37.930410802710071],[-122.25292616470067,37.930416676215302],[-122.25292330806505,37.930422505836269],[-122.25292024161388,37.930428267378922],[-122.25291703643713,37.930433984119645],[-122.25291190325703,37.930442798810461],[-122.25291114716606,37.930444070748678],[-122.2529103761193,37.930445335699602],[-122.25290957981686,37.930446591112499],[-122.25290876744252,37.930447840455699],[-122.25290842362259,37.930448360118262],[-122.25290776652841,37.930449344019472],[-122.2529071059369,37.930450324367925],[-122.25290643618291,37.930451302148846],[-122.25290576072088,37.930452279113275],[-122.25290508753348,37.930453256043968],[-122.25290442123405,37.930454235575979],[-122.25290376759428,37.930455221228186],[-122.25290312197986,37.930456209464808],[-122.2528979624783,37.93046419998619],[-122.25289679580493,37.930466006995921],[-122.25289552654714,37.930467998462746],[-122.25289427449847,37.930469995982357],[-122.25289305000139,37.93047200390707],[-122.25289217765605,37.930473459603945],[-122.25289184275593,37.930474019686152],[-122.25289062973859,37.930476031946256],[-122.25288939376142,37.930478035535415],[-122.25288811988996,37.930480024367149],[-122.25288682303741,37.930482003627162],[-122.25287094334931,37.930505801810078],[-122.25285283110681,37.930527373912874],[-122.25285021535264,37.930530496484685],[-122.25284760423281,37.93053362259235],[-122.25284500231797,37.930536753069134],[-122.25284240499485,37.930539885280055],[-122.25284146480593,37.93054102207212],[-122.2528393617806,37.930543599045215],[-122.25283728521219,37.930546188241905],[-122.25283524780299,37.930548797584187],[-122.25283323685062,37.930551419150063],[-122.25283101599585,37.930554353828519],[-122.25283014024289,37.930555521204973],[-122.25282927024058,37.930556691199619],[-122.25282841173936,37.93055786643049],[-122.2528275589887,37.930559044279555],[-122.252826708534,37.930560222995709],[-122.25282585119132,37.93056139911058],[-122.2528249869394,37.930562571723328],[-122.25282411693688,37.930563741717904],[-122.25280865562382,37.930584401259942],[-122.25280806119859,37.930585196789941],[-122.2528074679107,37.930585992303037],[-122.25280687580276,37.93058678960093],[-122.25280628367345,37.930587585997998],[-122.25280583603988,37.930588190106931],[-122.25280546887537,37.930588684883077],[-122.25280509827753,37.930589178808972],[-122.25280472765836,37.930589671834007],[-122.25280435360584,37.930590164008869],[-122.25280397955341,37.930590656183732],[-122.25280360547958,37.93059114745774],[-122.25280323026844,37.930591638748595],[-122.2528028550786,37.930592130940305],[-122.25279144220406,37.930607081958158],[-122.25278771510403,37.930612042256691],[-122.25278405010131,37.93061703047082],[-122.25278047367426,37.930622059725117],[-122.25277695820725,37.930627116911865],[-122.25277177868701,37.930634694993827],[-122.25277091273875,37.930635988386392],[-122.2527700663169,37.930637289599716],[-122.25276924862669,37.930638603002919],[-122.25276844930424,37.930639923342902],[-122.25276749100358,37.930641545225868],[-122.25276719263256,37.93064206241128],[-122.25276690344546,37.930642583065122],[-122.25276662689689,37.930643108938419],[-122.25276635951097,37.930643637379177],[-122.25276609899166,37.930644167520413],[-122.25276583847227,37.930644697661648],[-122.25276557797423,37.930645228703739],[-122.25276531861351,37.930645759728932],[-122.25276440050426,37.930647637845539],[-122.25276367634896,37.930649105761248],[-122.25276294300974,37.930650570208641],[-122.25276219709585,37.930652032139086],[-122.25276144199805,37.930653490601166],[-122.25275727220603,37.930661477245835],[-122.25275447288526,37.930666941042915],[-122.25275173660762,37.930672424631219],[-122.25274909431549,37.930677937464431],[-122.25274651388659,37.930683468304025],[-122.25274082188604,37.93069593285523],[-122.25274051932399,37.930696609607693],[-122.25274022592457,37.930697288927661],[-122.25273994398368,37.930697971682292],[-122.25273967118414,37.930698656103594],[-122.25273939035934,37.930699337940538],[-122.25273909009324,37.930700015560056],[-122.25273876345533,37.930700684559277],[-122.25273841847091,37.930701347522565],[-122.25273802813388,37.930702065228182],[-122.25273746390511,37.930703079291092],[-122.25273688476314,37.930704088168284],[-122.25273628495735,37.930705089241613],[-122.25273567137563,37.930706085112355],[-122.25272736848278,37.93071928048721],[-122.25272484605686,37.930723559658894],[-122.2527225116239,37.930727898221356],[-122.25272046030737,37.930732325402751],[-122.25271859696259,37.930736811074055],[-122.25271691650299,37.930741236357981],[-122.2527160761033,37.930743562097682],[-122.25271528602333,37.930745898805959],[-122.25271457482447,37.930748251465921],[-122.25271391619872,37.930750614159805],[-122.25271330216337,37.930752986104899],[-122.25271269611076,37.930755358832691],[-122.25271210149533,37.930757734094271],[-122.25271151599989,37.93076011012171],[-122.25270663495259,37.930780117945282],[-122.25270651637362,37.930780588306476],[-122.25270639094929,37.930781057868046],[-122.25270625638363,37.93078152576291],[-122.25270611724734,37.930781992824478],[-122.2527059678111,37.930782457335333],[-122.25270581152948,37.930782921046585],[-122.25270564494789,37.930783382207217],[-122.25270547265838,37.930783842551328],[-122.25270501687694,37.930785016312377],[-122.25270461727598,37.930786063978957],[-122.25270422567895,37.930787113329139],[-122.25270384551922,37.930788165213094],[-122.25270347450082,37.930789218763813],[-122.25269748402786,37.930806526956907],[-122.2526968387449,37.930808539803529],[-122.25269625627124,37.930810562532223],[-122.25269576862271,37.930812601877278],[-122.25269534492074,37.930814651087552],[-122.25269501591617,37.930816711509102],[-122.25269475070911,37.930818775489968],[-122.25269458011418,37.930820847078735],[-122.25269447215811,37.930822921342894],[-122.25269418180294,37.930833015011231],[-122.25269408184015,37.93083552351473],[-122.25269394657725,37.930838030739636],[-122.25269375779551,37.930840536055037],[-122.25269353141765,37.930843039224747],[-122.25269328340899,37.930845541814207],[-122.25269303997094,37.93084804523702],[-122.25269280449427,37.930850548541699],[-122.25269257356696,37.930853051778854],[-122.25269195878921,37.930859818680453],[-122.25269175340048,37.930862680199489],[-122.25269162086541,37.930865543341142],[-122.25269159532544,37.93086840850011],[-122.25269164150185,37.930871275298557],[-122.25269170132631,37.93087414189457],[-122.25269170653718,37.930877008399627],[-122.25269162867964,37.930879874334742],[-122.2526914961871,37.930882739278076],[-122.25269133353078,37.93088543525127],[-122.25269103620083,37.930889220018528],[-122.25269064885059,37.930892998912],[-122.25269012472118,37.930896767218513],[-122.25268951055011,37.930900528750421],[-122.25268927102918,37.930901850697424],[-122.25268876407581,37.930904950090152],[-122.2526883312199,37.930908055592838],[-122.25268800892039,37.930911169368073],[-122.25268776183434,37.930914288335607],[-122.25268762635683,37.930917411955399],[-122.25268756937712,37.930920535311841],[-122.25268762617407,37.930923658782589],[-122.25268776146881,37.930926781989982],[-122.25268794879133,37.930929844047959],[-122.25268813745117,37.930932866435121],[-122.2526883295231,37.930935888771643],[-122.25268852614437,37.93093891104072],[-122.25268872617775,37.93094193325917],[-122.2526889591514,37.930944953186582],[-122.25268923186809,37.930947969820949],[-122.2526895670959,37.930950983725552],[-122.25268994206678,37.930953994337123],[-122.25269005524703,37.930954835240371],[-122.25269054926599,37.930958261321699],[-122.25269108414405,37.930961683192244],[-122.2526916802895,37.930965097845757],[-122.25269231731542,37.930968509189292],[-122.25269266149552,37.930970265846248],[-122.25269317583766,37.930972819305524],[-122.25269370606013,37.930975370726912],[-122.25269426237753,37.930977919057646],[-122.25269483457518,37.930980465350473],[-122.25269541696632,37.930983009689804],[-122.25269599596675,37.930985554980531],[-122.25269656930183,37.930988101256496],[-122.25269713922492,37.930990647583087],[-122.25269910331768,37.930999466910777],[-122.25269946189533,37.931001110709381],[-122.25269981139552,37.931002755543851],[-122.25270014615292,37.931004402399374],[-122.25270047297023,37.931006050273815],[-122.25270079296349,37.931007698249523],[-122.25270111636881,37.931009346174555],[-122.2527014420488,37.931010994065886],[-122.25270177000353,37.931012641923466],[-122.25270494633131,37.931028508342088],[-122.25270510782099,37.931029323296201],[-122.25270526935336,37.931030140052009],[-122.25270542745231,37.931030955957588],[-122.25270558327664,37.93103177189689],[-122.25270573571022,37.931032588787687],[-122.2527058847531,37.931033406629894],[-122.25270602810927,37.931034224556505],[-122.25270616691611,37.931035042550612],[-122.2527099022256,37.931057418748935],[-122.25270991159306,37.931057478086323],[-122.25270992209781,37.931057537406893],[-122.25270993373989,37.931057596710588],[-122.25270994422333,37.931057655130282],[-122.25270999077044,37.931057891444155],[-122.25271000241254,37.931057950747856],[-122.25271001517069,37.931058009133842],[-122.25271002908742,37.931058068403765],[-122.25271004412022,37.931058126755971],[-122.25271034177767,37.931059263205469],[-122.25271050902992,37.931059888830987],[-122.25271067855687,37.931060514422775],[-122.25271085490786,37.931061139913311],[-122.25271103349093,37.931061763568422],[-122.25271590582761,37.93107852851152],[-122.25271621420647,37.931079589104712],[-122.25271652370141,37.931080648780195],[-122.25271683435507,37.931081709339672],[-122.25271714498734,37.931082768998252],[-122.2527174533663,37.931083829591465],[-122.25271775605846,37.931084890269041],[-122.25271805196923,37.931085952849479],[-122.25271834335196,37.931087016398337],[-122.25272161720544,37.931099116333137],[-122.25272219790114,37.93110130023441],[-122.25272276497007,37.931103485238921],[-122.25272331165205,37.931105674150608],[-122.25272384586587,37.931107865049569],[-122.25272437780512,37.931110055982231],[-122.25272492109643,37.931112245845355],[-122.25272548024675,37.931114432769704],[-122.2527260507279,37.931116617723632],[-122.25272696903447,37.931120087974875],[-122.25272785057439,37.931123350604189],[-122.25272875477603,37.931126609292662],[-122.25272969297031,37.931129862069888],[-122.2527306538263,37.931133110906195],[-122.25273119579107,37.931134907884271],[-122.25273190776841,37.931137254749594],[-122.25273262538991,37.93113959972888],[-122.2527333520889,37.931141943672316],[-122.25273408443202,37.931144285729729],[-122.25273482473665,37.931146627669015],[-122.25273556613601,37.931148967789703],[-122.25273631208481,37.93115130784291],[-122.2527370614457,37.93115364784547],[-122.2527406431071,37.931164811416131],[-122.25274097893214,37.931165877910175],[-122.25274130565843,37.931166944539193],[-122.2527416210751,37.931168014039486],[-122.25274192743568,37.931169085476441],[-122.25274222132811,37.93117015890067],[-122.25274250502703,37.931171234278487],[-122.25274277398307,37.93117231167728],[-122.25274303388299,37.931173391012834],[-122.2527479043957,37.931194215696287],[-122.25274791576085,37.931194263289029],[-122.25274792824212,37.931194309964035],[-122.25274794299806,37.931194356605324],[-122.25274795663795,37.931194404164302],[-122.25274801793634,37.931194590695647],[-122.2527480338083,37.931194636419178],[-122.2527480519763,37.931194683009863],[-122.25274807237635,37.931194727765082],[-122.25274809393504,37.93119477340425],[-122.25274829650816,37.931195160600105],[-122.25274842275481,37.931195399336154],[-122.25274855123348,37.931195636236808],[-122.25274868308162,37.931195871285098],[-122.25274881834186,37.931196106282819],[-122.25275681283108,37.931209751055079],[-122.252757917886,37.93121168836992],[-122.25275898796028,37.931213637918752],[-122.25276000610015,37.931215604458899],[-122.25276099037536,37.931217582315391],[-122.25276194756742,37.931219569585274],[-122.25276290362216,37.931221556871996],[-122.25276385628619,37.931223545110186],[-122.2527648066969,37.931225534282916],[-122.25276580264895,37.93122762100618],[-122.25276726234533,37.931230650669285],[-122.25276873556223,37.931233674724865],[-122.25277023139829,37.931236693037803],[-122.25277174302953,37.931239705709537],[-122.25277518163256,37.93124650349084],[-122.25277576770064,37.931247663597091],[-122.25277635263134,37.931248823720267],[-122.25277693530873,37.931249984777992],[-122.25277751798606,37.931251145835702],[-122.25277809841009,37.931252307828061],[-122.25277867544338,37.931253470771807],[-122.25277924908588,37.931254634667042],[-122.25277982047513,37.931255799496853],[-122.2527831419757,37.931262600817625],[-122.25278402731465,37.931264388195217],[-122.25278492505794,37.931266170882992],[-122.25278584314567,37.931267947861919],[-122.25278677363777,37.931269720151036],[-122.25278786541324,37.93127176940618],[-122.25278827653224,37.931272507662754],[-122.252788707953,37.931273238408899],[-122.25278916866786,37.931273957005388],[-122.25278965082188,37.931274668074543],[-122.25279014986565,37.931275371683789],[-122.25279065457481,37.931276074307881],[-122.25279116374818,37.931276773261132],[-122.25279167856569,37.931277470328254],[-122.25279702537357,37.93128466153977],[-122.25279921782166,37.931287692947201],[-122.25280134608036,37.93129075234171],[-122.25280337971817,37.931293851889805],[-122.25280534912395,37.931296977623226],[-122.25280732923957,37.931300219447024],[-122.25280825395906,37.931301747607954],[-122.252809169665,37.931303279507254],[-122.25281007182943,37.931304816113176],[-122.25281096386419,37.931306357375192],[-122.25281184909629,37.931307899639322],[-122.25281273548708,37.931309442787402],[-122.25281362185656,37.931310985034614],[-122.25281451050077,37.931312527248053],[-122.25281955648491,37.931321286430084],[-122.25282024229166,37.931322478399174],[-122.25282092923582,37.931323670351382],[-122.25282161504262,37.931324862320452],[-122.25282230198684,37.93132605427266],[-122.25282306847809,37.93132738652637],[-122.25282337555673,37.93132791094984],[-122.25282368714217,37.931328433504092],[-122.25282400548782,37.931328953254607],[-122.25282433061489,37.931329471102167],[-122.2528246613648,37.931329986162837],[-122.25282499662151,37.931330499354331],[-122.25282533752237,37.931331010659754],[-122.25282568179259,37.93133152011287],[-122.25283191933394,37.931340630189041],[-122.25283391582379,37.931343505899498],[-122.25283594272395,37.93134636854257],[-122.2528380124173,37.931349212527515],[-122.25284011022495,37.931352042577977],[-122.25284208725103,37.931354672561049],[-122.25284321738434,37.931356178749702],[-122.25284434751777,37.931357684938348],[-122.25284547428173,37.931359192979279],[-122.25284660106713,37.931360701921051],[-122.2528477098041,37.931362217438654],[-122.2528487971659,37.931363743186154],[-122.25284985186421,37.93136528293563],[-122.25285088516603,37.931366832014128],[-122.2528548845026,37.931372948308919],[-122.25285586204014,37.93137444865107],[-122.25285683504967,37.931375949961556],[-122.25285780471113,37.931377454025188],[-122.25285876984451,37.931378959057113],[-122.25285967720259,37.931380378435215],[-122.25286020889484,37.931381163565135],[-122.25286076985994,37.931381935644531],[-122.25286137580761,37.93138268542873],[-122.25286201212279,37.931383420343877],[-122.25286267992155,37.931384139472165],[-122.25286336117674,37.931384850290421],[-122.25286405925779,37.931385550946302],[-122.25286477079527,37.93138624329206],[-122.25286978639794,37.931391023411038],[-122.25287296030315,37.931394133074463],[-122.25287606241969,37.931397286157313],[-122.25287905572641,37.931400504836695],[-122.25288197608576,37.931403766051609],[-122.25288860499165,37.93141138340814],[-122.25288885631794,37.931411667148396],[-122.25288911101364,37.931411949036338],[-122.25288937244827,37.931412227219681],[-122.25288963611496,37.931412503567593],[-122.25288990986863,37.931412773457801],[-122.25289019147723,37.931413038725566],[-122.25289048538359,37.931413294799356],[-122.25289078712358,37.931413545349962],[-122.25289130778516,37.931413960267648],[-122.25289187376212,37.931414415065078],[-122.25289243864432,37.931414871681092],[-122.25289300127312,37.931415329231676],[-122.2528935616912,37.931415789518518],[-122.25290130592394,37.931422170158648],[-122.25290439031839,37.931424814349747],[-122.25290738174066,37.931427520297767],[-122.25291023651585,37.931430317487767],[-122.25291299831883,37.931433176434723],[-122.25291629781667,37.93143673751576],[-122.25291734267411,37.931437861075871],[-122.25291839203841,37.931438982766771],[-122.25291944475084,37.93144010170456],[-122.25292050083279,37.931441218790006],[-122.25292156588566,37.931442330335365],[-122.25292263767747,37.931443438176125],[-122.25292372067233,37.931444538641372],[-122.25292481152215,37.931445634484291],[-122.25292527063138,37.931446092669532],[-122.25292657867418,37.931447424096561],[-122.25292786317361,37.931448770291411],[-122.25292911063056,37.931450137762482],[-122.25293033452286,37.931451519100612],[-122.25293410794548,37.931455876080626],[-122.25293552754106,37.931457546489945],[-122.25293692013855,37.931459229916044],[-122.25293827565106,37.931460932816677],[-122.25293960416552,37.931462648734076],[-122.25294092931057,37.931464366503754],[-122.25294227696838,37.931466074026702],[-122.2529436549511,37.931467764878803],[-122.25294505544655,37.931469445484147],[-122.25294641196383,37.931471046538981],[-122.2529485709413,37.931473480071752],[-122.25295081512171,37.931475860073121],[-122.25295318601158,37.93147816159594],[-122.25295564326315,37.931480410471345],[-122.2529617347344,37.931485748660364],[-122.25296263585398,37.931486519296797],[-122.25296355150346,37.931487278903738],[-122.25296449061111,37.931488020139426],[-122.25296547780712,37.931488774178888],[-122.25296642191977,37.931489486503274],[-122.25296735708278,37.931490205268545],[-122.25296828220146,37.931490932293258],[-122.25296919950783,37.931491665741987],[-122.25297010003098,37.93149241115475],[-122.2529709860456,37.93149316849788],[-122.25297184851676,37.931493940608817],[-122.25297269647945,37.931494724650094],[-122.25297725393217,37.931499038454859],[-122.25298033467202,37.931502008917278],[-122.25298336830394,37.931505008014433],[-122.25298633469652,37.931508050463634],[-122.25298925395992,37.93151112064681],[-122.25299773473118,37.931520211847719],[-122.25299788689063,37.931520391623771],[-122.25299812716379,37.931520689045215],[-122.25299824673174,37.931520837764317],[-122.25299836516226,37.931520986500352],[-122.25299848249811,37.931521137054951],[-122.25299859981264,37.93152128670868],[-122.25299868788372,37.931521402552342],[-122.25299884868646,37.931521611037184],[-122.25299901060525,37.931521818604338],[-122.252999172524,37.931522026171471],[-122.2529993344428,37.931522233738619],[-122.25300772876689,37.931532913159934],[-122.25300967517028,37.931535354351617],[-122.25301164627584,37.931537781659344],[-122.25301365674135,37.931540189458737],[-122.25301569190906,37.931542583374188],[-122.25301684654076,37.931543922483527],[-122.25301832184063,37.931545638925492],[-122.25301979151767,37.931547358154347],[-122.25302125557204,37.9315490801701],[-122.25302271514097,37.93155080495584],[-122.25302416007358,37.931552536266899],[-122.25302559266586,37.93155427497026],[-122.25302700276688,37.931556024821226],[-122.25302840050628,37.931557781163718],[-122.25303259515238,37.931563110547479],[-122.25303366368699,37.931564465352736],[-122.25303473331634,37.931565818339401],[-122.25303580747385,37.931567170357795],[-122.25303688386344,37.931568520540637],[-122.25303772219044,37.931569570565905],[-122.25303838336542,37.931570394325838],[-122.25303904563512,37.931571216267152],[-122.25303971243297,37.931572037240166],[-122.25304038262153,37.931572857261678],[-122.25304105165146,37.931573676399225],[-122.2530417195654,37.931574496454495],[-122.25304238410989,37.931575318362079],[-122.25304304753837,37.931576141187357],[-122.2530471974279,37.931581309927545],[-122.25304989634323,37.931584684365454],[-122.25305258517182,37.931588065261131],[-122.25305525711084,37.931591453616605],[-122.25305791892045,37.93159484662813],[-122.25305959672616,37.931596995323765],[-122.25306141064095,37.931599318626603],[-122.25306322457722,37.931601642830231],[-122.2530650373762,37.931603967050712],[-122.2530668501966,37.93160629217202],[-122.25306866185852,37.931608616409342],[-122.2530704735418,37.931610941547447],[-122.25307228408782,37.931613266702435],[-122.25307409465532,37.93161559275822],[-122.25307664678562,37.931618870246346],[-122.25307792478065,37.931620518423863],[-122.2530791971529,37.931622169388341],[-122.2530804627863,37.931623824057425],[-122.25308172391297,37.931625480595656],[-122.25308297604739,37.931627141773092],[-122.25308421916831,37.931628806688948],[-122.2530854521597,37.931630476260814],[-122.25308667729618,37.93163215045503],[-122.25308815786777,37.931634185827726],[-122.25309010584238,37.931636885626936],[-122.25309204029681,37.931639591033758],[-122.2530939522387,37.931642306687351],[-122.25309584954435,37.931645028866178],[-122.25310296017524,37.931655309192365],[-122.25310319112933,37.931655645501614],[-122.25310342094613,37.931655981827774],[-122.25310364850951,37.931656319088482],[-122.25310387495681,37.931656657266963],[-122.2531041002668,37.931656995462319],[-122.25310432559814,37.931657334558487],[-122.25310454977082,37.931657672770655],[-122.25310477396476,37.931658011883734],[-122.25310532389381,37.931658846305588],[-122.25310582304169,37.931659602179174],[-122.25310632218957,37.931660358052724],[-122.2531068213588,37.9316611148272],[-122.2531073205067,37.931661870700715],[-122.25311384954915,37.931671757740219],[-122.25311511439035,37.931673667448244],[-122.25311638599177,37.931675574352482],[-122.25311766546945,37.931677477535231],[-122.25311894947535,37.931679379749582],[-122.25312023009053,37.931681282915363],[-122.25312149941752,37.931683189853295],[-122.25312275299206,37.931685104234219],[-122.25312399529976,37.931687023288127],[-122.25312492139706,37.931688464915034],[-122.25312659970206,37.931691115547068],[-122.25312825206117,37.931693775575688],[-122.25312986720745,37.931696449673872],[-122.25313145756647,37.931699134052515],[-122.25313725138757,37.931709059035597],[-122.25313764724477,37.931709729029528],[-122.25313804872486,37.931710396236518],[-122.25313845921853,37.931711059705115],[-122.2531388753563,37.931711721287684],[-122.25313930276111,37.931712378197226],[-122.25313974031683,37.931713031351507],[-122.25314019137166,37.931713677997386],[-122.25314065257746,37.931714320887998],[-122.25314102294682,37.931714827249429],[-122.25314167552879,37.931715720525425],[-122.25314232360407,37.931716615670616],[-122.25314296830989,37.931717512668072],[-122.25314360850888,37.931718411534774],[-122.2531495202423,37.931726731608272],[-122.25315073738307,37.931728500542029],[-122.25315191396277,37.931730286298524],[-122.25315303081683,37.931732096371384],[-122.2531541059511,37.931733922383046],[-122.25315512582398,37.931735769040145],[-122.25315611294802,37.931737626095995],[-122.25315705039087,37.931739499208724],[-122.25315795508486,37.931741382720205],[-122.25315908795015,37.931743821563316],[-122.25316053592113,37.931746931598624],[-122.25316198616683,37.931750041600168],[-122.25316343755001,37.931753151584807],[-122.25316489116548,37.931756259733959],[-122.25316766280125,37.931762178860119],[-122.25316829204566,37.931763528467982],[-122.2531689190581,37.931764879911256],[-122.25316954154238,37.931766232322914],[-122.25317016175204,37.931767584768302],[-122.25317078084565,37.931768938131398],[-122.25317140219266,37.931770290559911],[-122.25317202695182,37.931771642937768],[-122.25317265280569,37.931772993497042],[-122.25317756635047,37.931783557845534],[-122.25317810813615,37.93178472131045],[-122.25317864992195,37.931785884775337],[-122.25317919168633,37.93178704733937],[-122.25317973458819,37.931788209886541],[-122.25318045727731,37.931789758164598],[-122.25318062581894,37.931790149469329],[-122.25318077966018,37.931790544596851],[-122.25318090974493,37.931790945483854],[-122.2531810239705,37.931791349309663],[-122.25318111553437,37.931791757076397],[-122.25318119347126,37.931792165946526],[-122.25318124872501,37.931792577856726],[-122.25318129146783,37.931792989952562],[-122.25318298052828,37.931815190135268],[-122.25318303431189,37.931815924681665],[-122.25318308354606,37.931816659295606],[-122.25318312936824,37.931817393960117],[-122.25318317066223,37.931818129593012],[-122.2531832028361,37.931818864460105],[-122.25318322820716,37.931819600329312],[-122.25318324218338,37.931820335466398],[-122.25318324821941,37.931821071622494],[-122.25318324814687,37.931843241900559],[-122.25318323597988,37.931843881902971],[-122.25318320673124,37.931844521257638],[-122.25318315471415,37.931845160049107],[-122.25318308559419,37.931845797291977],[-122.25318299598057,37.931846433937878],[-122.25318289608799,37.931847068933941],[-122.25318278022995,37.931847702364657],[-122.25318265297697,37.931848335063265],[-122.25318165044209,37.931853041366459],[-122.25318100993678,37.931856025592239],[-122.25318036258594,37.931859009018396],[-122.25317970609365,37.931861990777918],[-122.2531790439145,37.931864972621831],[-122.25317728236487,37.931872847844247],[-122.2531770906902,37.931873739229886],[-122.25317691156913,37.931874632231612],[-122.25317674843487,37.931875527699539],[-122.25317659669554,37.931876423899496],[-122.25317647004188,37.931877322430672],[-122.2531763650406,37.931878222442855],[-122.25317629192786,37.931879123784185],[-122.25317624048883,37.931880027507283],[-122.25317549176948,37.931899167488048],[-122.25317539804605,37.931900640469088],[-122.25317525758446,37.931902109637861],[-122.25317504532035,37.931903573564043],[-122.25317478631801,37.931905033678021],[-122.25317446459067,37.931906487513537],[-122.25317410629751,37.931907934682428],[-122.25317369315552,37.931909371851368],[-122.2531732446276,37.931910804138425],[-122.25316947410988,37.93192210743765],[-122.25316825013209,37.931925917671521],[-122.25316708327762,37.931929737871627],[-122.25316600212973,37.93193357392181],[-122.25316497928512,37.931937421723063],[-122.25316454633364,37.931939127730807],[-122.25316381874056,37.931942133975355],[-122.2531631402455,37.931945147601738],[-122.25316253250094,37.931948170090905],[-122.25316197271707,37.931951199978798],[-122.25316144258956,37.931954233031234],[-122.25316090334194,37.931957265317848],[-122.25316035040333,37.931960296005286],[-122.25315978834455,37.93196332592693],[-122.25315765923293,37.931974661640979],[-122.2531573318422,37.931976357070688],[-122.25315699305659,37.931978051768297],[-122.25315663716793,37.931979744917392],[-122.25315626870444,37.931981435549638],[-122.25315588655,37.931983124582707],[-122.25315549411674,37.931984811966004],[-122.25315508799257,37.931986497750152],[-122.25315467272688,37.931988181867673],[-122.2531495983703,37.932008433182204],[-122.25314942520966,37.932009097201366],[-122.25314924061149,37.932009758686775],[-122.2531490434598,37.932010418556125],[-122.25314883487057,37.932011075891793],[-122.25314863961805,37.932011671750779],[-122.25314851262556,37.932012026889019],[-122.2531483707622,37.932012378643229],[-122.25314820827728,37.932012724395385],[-122.25314803319614,37.932013066729837],[-122.25314784667752,37.932013406530565],[-122.25314766243362,37.932013746297486],[-122.2531474793484,37.932014086948371],[-122.25314729740052,37.932014427582438],[-122.25313764030417,37.932032568803137],[-122.2531358117468,37.932036360973328],[-122.25313420856969,37.932040205670745],[-122.25313294287349,37.932044128266718],[-122.25313190026169,37.932048102522877],[-122.2531313944352,37.932050431410495],[-122.25313080429224,37.932053284220615],[-122.25313025408458,37.932056141845074],[-122.25312976319,37.932059005798614],[-122.25312931109342,37.93206187458339],[-122.25312886927563,37.932064745017968],[-122.25312840235068,37.932067612220493],[-122.25312789892362,37.932070475458836],[-122.25312736927349,37.932073336382842],[-122.25312499823967,37.932085700301798],[-122.25312468972999,37.93208728010304],[-122.25312437439618,37.93208886000555],[-122.25312404762479,37.932090437374242],[-122.25312371400794,37.932092013943389],[-122.25312336215076,37.932093588980862],[-122.25312299428532,37.932095160651272],[-122.25312260129139,37.932096728188768],[-122.25312219119445,37.932098294177742],[-122.25311784950881,37.932114359555655],[-122.2531174853296,37.932115702277315],[-122.2531171165797,37.9321170441657],[-122.25311674441765,37.932118386104705],[-122.25311636882229,37.932119727193466],[-122.25311563725955,37.93212232527214],[-122.2531156257288,37.932122366896451],[-122.25311561647277,37.932122408487032],[-122.25311560835408,37.932122450060774],[-122.25311560139409,37.932122492518445],[-122.25311557692346,37.932122660496866],[-122.25311557110076,37.932122702937662],[-122.25311556411947,37.932122744494507],[-122.25311555602212,37.932122786969074],[-122.25311554676603,37.932122828559656],[-122.2531154987438,37.932123059067393],[-122.25311546264395,37.932123216404456],[-122.25311542422666,37.932123371973631],[-122.25311538012265,37.932123527627134],[-122.25311533258521,37.932123682430479],[-122.2531087240385,37.932144346709364],[-122.25310843221607,37.932145333301243],[-122.25310816893418,37.932146323975488],[-122.25310794904235,37.932147321215069],[-122.25310775882839,37.932148322520106],[-122.25310752651062,37.932149708342898],[-122.25310748270215,37.932150020793429],[-122.25310745258459,37.932150334843186],[-122.25310743952744,37.932150648639691],[-122.25310744013986,37.932150963134518],[-122.25310745214722,37.932151278361438],[-122.25310746984138,37.932151593503988],[-122.253107493201,37.932151907661321],[-122.25310752224746,37.932152221734256],[-122.2531093031963,37.932169745347728],[-122.25310941557044,37.932171080997847],[-122.25310949723584,37.932172417103637],[-122.25310953113221,37.932173753918271],[-122.25310953434111,37.932175092089416],[-122.25310949089692,37.932176430051712],[-122.25310941670145,37.932177766667976],[-122.25310929806375,37.932179100339077],[-122.25310914869596,37.932180433565065],[-122.25310896407531,37.932181863737995],[-122.25310871441434,37.932183911267728],[-122.25310848299374,37.932185960329129],[-122.25310828120841,37.932188011654219],[-122.2531080965048,37.932190063626976],[-122.25310721683198,37.932200686006645],[-122.25310709247485,37.93220298039644],[-122.2531070568531,37.932205274370659],[-122.25310715318645,37.932207567287946],[-122.25310733598053,37.932209859823423],[-122.25310764826322,37.932212143228163],[-122.25310804110676,37.932214417327053],[-122.2531085564443,37.932216675189743],[-122.2531091545961,37.932218922812012],[-122.25311295159172,37.932231826013386],[-122.25311307283357,37.932232237845525],[-122.25311319293814,37.932232649694569],[-122.25311331304276,37.932233061543599],[-122.25311343314732,37.932233473392621],[-122.25311355325188,37.932233885241651],[-122.2531136733564,37.932234297090709],[-122.25311379346095,37.932234708939667],[-122.2531139135442,37.932235119887892],[-122.25311406584112,37.932235642101539],[-122.25311426607482,37.932236314998377],[-122.25311447081545,37.932236986025977],[-122.2531146812215,37.932237656068338],[-122.25311489729313,37.932238325125539],[-122.25311973218915,37.932253115268594],[-122.25312005410721,37.932254122491422],[-122.25312036469425,37.932255131684698],[-122.2531206616756,37.932256142882203],[-122.25312094734724,37.932257156950975],[-122.25312139560006,37.932258791307],[-122.25312144694104,37.932258989700927],[-122.25312149259526,37.932259188179252],[-122.25312153260523,37.932259388543621],[-122.2531215669284,37.932259588992416],[-122.25312159672353,37.932259790409546],[-122.25312162310647,37.932259991877302],[-122.25312164609866,37.93226019429656],[-122.25312166565745,37.932260395865598],[-122.25312379991666,37.932284101582482],[-122.25312385169167,37.932284655025988],[-122.25312390460408,37.93228520845264],[-122.25312395979118,37.932285761845513],[-122.25312401611576,37.932286315221482],[-122.25312407698969,37.932286868530021],[-122.25312414125445,37.932287420887043],[-122.25312421006863,37.932287973176557],[-122.25312428343221,37.932288525398519],[-122.25312696401419,37.932308247101886],[-122.25312709801747,37.932309342723123],[-122.25312721156951,37.932310439549013],[-122.25312729673018,37.932311538598491],[-122.25312736255567,37.932312637934885],[-122.25312738061191,37.932313737980145],[-122.25312735652189,37.932314835947317],[-122.25312726867568,37.932315932157096],[-122.25312713870443,37.932317027189676],[-122.25312357319136,37.932341086931437],[-122.25312354296194,37.932341300053125],[-122.25312351386989,37.932341513157979],[-122.25312348818991,37.932341726212194],[-122.25312346366867,37.932341940150366],[-122.25312344369681,37.932342154021022],[-122.25312342597839,37.932342366957108],[-122.25312341285203,37.932342581627339],[-122.2531234031164,37.932342795346088],[-122.25312303317149,37.932353562457273],[-122.25312294376633,37.932356276267718],[-122.25312285777332,37.932358990027495],[-122.25312277862572,37.932361704586874],[-122.25312270286895,37.93236441819473],[-122.25312256190593,37.932369762347456],[-122.25312256063269,37.932369804720743],[-122.25312255935943,37.93236984709403],[-122.25312255808623,37.932369889467353],[-122.253122556813,37.932369931840661],[-122.25312255287878,37.932370102217746],[-122.25312255160554,37.932370144591033],[-122.25312254919498,37.932370186981238],[-122.25312254678443,37.932370229371386],[-122.25312254437382,37.93237027176157],[-122.25312084440297,37.932396912670725],[-122.25312084199236,37.932396955060845],[-122.25312083958181,37.932396997451029],[-122.25312083946726,37.932397040708288],[-122.25312083819402,37.932397083081597],[-122.25312083883053,37.93239725429207],[-122.253120838716,37.932397297549294],[-122.25312084085485,37.932397339871955],[-122.25312084413112,37.932397382177719],[-122.25312084970335,37.932397425350608],[-122.2531209221428,37.932397986597877],[-122.25312096846289,37.932398309426063],[-122.25312102272328,37.932398631235216],[-122.25312108719856,37.932398951991658],[-122.25312115736074,37.932399272663694],[-122.25312276913247,37.932406036264013],[-122.25312343887337,37.932408809099712],[-122.25312411996657,37.932411580865789],[-122.25312481917248,37.932414348758456],[-122.25312552859342,37.932417115598362],[-122.2531267000285,37.932421617519708],[-122.2531268316615,37.932422131929584],[-122.25312696215717,37.932422646356329],[-122.25312708926209,37.932423161734562],[-122.25312721409225,37.932423677146531],[-122.2531273355316,37.932424193509945],[-122.2531274535589,37.932424709924007],[-122.25312756819541,37.932425227289578],[-122.2531276794198,37.93242574470576],[-122.25313144638778,37.932443630850877],[-122.25313175632844,37.932445045574511],[-122.25313207873748,37.932446458310835],[-122.25313242380858,37.932447867106198],[-122.25313278364413,37.932449274781312],[-122.25313316047621,37.932450679500761],[-122.2531335486393,37.932452082249775],[-122.25313395038694,37.932453482093678],[-122.25313436346555,37.932454879967203],[-122.25313706315085,37.932463864997366],[-122.25313783670194,37.932466456962175],[-122.25313860458759,37.932469049912271],[-122.25313936341699,37.932471644799016],[-122.25314011658089,37.932474240670977],[-122.25314088785748,37.932476832669508],[-122.25314169083114,37.93247941788961],[-122.25314254138245,37.932481994293269],[-122.25314342363082,37.9324845639185],[-122.2531436845853,37.932485302599808],[-122.25314475501833,37.932488228093113],[-122.25314587296498,37.932491142067455],[-122.2531470610448,37.932494038780249],[-122.25314829550096,37.932496923990982],[-122.25315150999219,37.932504199996387],[-122.25315206002665,37.932505471477754],[-122.25315259761409,37.932506745847284],[-122.25315311599422,37.93250802590881],[-122.25315362078982,37.932509308875389],[-122.25315410296609,37.932510597584532],[-122.25315456702967,37.932511890167085],[-122.25315500506173,37.932513188542913],[-122.25315542384388,37.932514490808984],[-122.25316151101654,37.932534072744922],[-122.2531615238392,37.932534133833379],[-122.25316163967472,37.93253441327554],[-122.25316165898063,37.932534459849251],[-122.2531616782866,37.932534506422975],[-122.25316169759252,37.932534552996628],[-122.25316171689838,37.93253459957036],[-122.25316890581878,37.932551841071906],[-122.25316957030969,37.932553429864427],[-122.25317023595939,37.932555019540928],[-122.25317090499983,37.932556608265941],[-122.25317157515639,37.932558196073217],[-122.25317224078483,37.932559784848856],[-122.25317289851569,37.932561376445179],[-122.25317354379943,37.932562970929673],[-122.2531741811643,37.932564567333969],[-122.25317623739825,37.932569774347201],[-122.25317745505482,37.932572911229776],[-122.25317864895464,37.932576053871841],[-122.25317980437586,37.932579205195289],[-122.25318093492433,37.932582363195969],[-122.25318157776604,37.932584191116383],[-122.25318237386728,37.932586437602978],[-122.25318317902494,37.932588682152883],[-122.25318399549241,37.932590923831498],[-122.25318482101622,37.932593163573372],[-122.25318566237797,37.932595399475566],[-122.25318651618687,37.932597632489617],[-122.25318739034053,37.932599859794749],[-122.25318827696272,37.932602085112592],[-122.25319335315064,37.932614664737024],[-122.2531936214577,37.932615329414205],[-122.2531938909021,37.932615994074546],[-122.25319416034651,37.93261665873483],[-122.25319443092827,37.932617323378288],[-122.25319470151004,37.932617988021725],[-122.25319497093315,37.932618651781198],[-122.25319524037758,37.932619316441524],[-122.25319550984334,37.932619982002677],[-122.25319676428876,37.932623086798628],[-122.25319766550541,37.932625303789408],[-122.25319857461982,37.932627517959482],[-122.25319949165321,37.932629730209698],[-122.25320041658431,37.932631939639265],[-122.25320281553734,37.932637638103941],[-122.25320322137561,37.93263858550592],[-122.2532036340167,37.932639531905792],[-122.25320405906234,37.93264047361577],[-122.25320449091087,37.932641414323662],[-122.25320492726631,37.932642353162393],[-122.25320536136826,37.932643292935666],[-122.25320579096339,37.932644234578163],[-122.25320621828384,37.932645176254411],[-122.25321050201534,37.932654653238046],[-122.25321166797602,37.932657288041597],[-122.25321280341964,37.932659931408423],[-122.25321389476177,37.932662586243595],[-122.25321495670292,37.932665248724327],[-122.25321504632339,37.932665478090676],[-122.25321606909857,37.93266802400214],[-122.25321712919387,37.932670560348214],[-122.25321824470056,37.932673082354555],[-122.25321939748474,37.932675592993888],[-122.25322063609094,37.932678076226047],[-122.25322195142026,37.93268053218609],[-122.25322338184482,37.932682947688342],[-122.25322488899246,37.932685335918471],[-122.25323282449449,37.932697342327764],[-122.25323297799946,37.932697578856498],[-122.25323312701885,37.932697818155219],[-122.25323327039411,37.932698059340034],[-122.25323340924115,37.932698301493204],[-122.25323353793709,37.932698547401664],[-122.25323365643938,37.932698795263669],[-122.25323375914635,37.932699048767013],[-122.25323385279705,37.932699304207112],[-122.2532343502414,37.932700805362494],[-122.25323467905106,37.932701815186135],[-122.25323500105785,37.932702826011912],[-122.25323531287098,37.932703838791291],[-122.25323561903986,37.932704853456727],[-122.25323986932675,37.932719217010671],[-122.25324017045614,37.932720211024261],[-122.25324048177929,37.932721203084277],[-122.2532408055708,37.932722193156927],[-122.25324113953477,37.932723180375156],[-122.25324148143898,37.932724166574395],[-122.25324182445931,37.932725151855891],[-122.25324216975432,37.932726137103643],[-122.25324251730279,37.932727121416811],[-122.25324642015512,37.932738148635025],[-122.25324725589498,37.932740531508841],[-122.2532480814412,37.932742916336245],[-122.25324889114954,37.932745305003344],[-122.25324969180161,37.932747695607105],[-122.25325048000661,37.932750089099052],[-122.25325125913407,37.932752483626871],[-122.25325202806785,37.932754880108284],[-122.25325278908271,37.932757278509499],[-122.25325325648735,37.932758760285097],[-122.2532542262891,37.932761904449663],[-122.25325517117541,37.932765053489767],[-122.25325607865642,37.932768208491865],[-122.2532569612433,37.932771369270327],[-122.2532581919843,37.932775876618138],[-122.25325874270021,37.932777850090432],[-122.25325931155015,37.932779820590177],[-122.25325990417832,37.932781786231246],[-122.25326051380308,37.932783748916613],[-122.25326116982561,37.932785701000647],[-122.25326187224591,37.932787642483461],[-122.25326264366218,37.932789566721489],[-122.25326346147622,37.93279148035824],[-122.25327022233263,37.93280659246301],[-122.25327033565979,37.932806862029565],[-122.25327044222669,37.93280713439993],[-122.25327053632516,37.932807408757647],[-122.25327062250463,37.932807685035208],[-122.25327069396231,37.932807964234662],[-122.25327075518361,37.932808243586059],[-122.25327079940828,37.932808525893158],[-122.25327083341797,37.932808809253039],[-122.2532724675203,37.932826904572927],[-122.25327257753294,37.93282814022929],[-122.25327268754553,37.932829375885717],[-122.25327279414601,37.932830611592706],[-122.25327289960919,37.932831847316628],[-122.25327310828203,37.932834319699062],[-122.25327315257863,37.932834556947213],[-122.25327935124889,37.932853751526579],[-122.25327978491961,37.93285510583835],[-122.25328021292479,37.932856461135358],[-122.25328063301112,37.93285781835219],[-122.25328104743176,37.93285917655426],[-122.25328144826804,37.932860537661405],[-122.25328183777316,37.932861900739006],[-122.25328220800698,37.932863266806109],[-122.25328256463494,37.93286463487739],[-122.25328508749773,37.932874560632669],[-122.25328568339648,37.932877001134955],[-122.25328624867149,37.932879445696322],[-122.25328676630483,37.93288189637164],[-122.25328725447312,37.932884351989998],[-122.25328775734199,37.932886803785593],[-122.25328831238085,37.932889248498839],[-122.2532889445052,37.932891681254269],[-122.25328962877816,37.932894106026488],[-122.25329017853126,37.93289594253703],[-122.25329128985808,37.932899249512701],[-122.25329255044426,37.932902517325907],[-122.25329403488745,37.932905725044058],[-122.25329566970602,37.932908892681951],[-122.25329835635928,37.932913718159348],[-122.25329910478963,37.932915151607517],[-122.25329979443907,37.932916601247697],[-122.25330039933974,37.932918075575635],[-122.25330094543811,37.932919565194794],[-122.25330138393373,37.932921075335081],[-122.25330173845576,37.932922594831986],[-122.25330196704925,37.932924129715076],[-122.25330211055298,37.932925674872543],[-122.25330291192874,37.932941370151582],[-122.25330298946189,37.932942675679037],[-122.25330308291817,37.932943980970222],[-122.25330319907923,37.93294528412212],[-122.25330333116354,37.932946587037705],[-122.25330349050218,37.932947887746472],[-122.25330367254557,37.932949186316023],[-122.25330388750884,37.93295048169356],[-122.25330412517698,37.932951774931844],[-122.2533077853534,37.932970386284389],[-122.25330787900786,37.932970882333301],[-122.25330796583812,37.932971378483536],[-122.25330804472804,37.932971875652747],[-122.25330811795243,37.932972373807203],[-122.25330818094041,37.932972872113567],[-122.2533082359882,37.932973371438955],[-122.25330828079957,37.932973870916243],[-122.25330831767067,37.932974371412513],[-122.25330983282174,37.932998259333438],[-122.25330985305533,37.932998537490796],[-122.25330987556363,37.932998815614368],[-122.25330990375885,37.932999093653521],[-122.25330993422877,37.93299937165893],[-122.25330997150161,37.932999648662232],[-122.25331001330262,37.932999924697185],[-122.25331006420267,37.933000200597085],[-122.25331011965214,37.933000476429491],[-122.25331078920104,37.933003577288048],[-122.25331118622793,37.933005402547622],[-122.25331158666691,37.933007227756534],[-122.25331199388761,37.933009051062434],[-122.25331240452041,37.933010874317773],[-122.25331498843802,37.933022274360631],[-122.25331512897824,37.933022924712837],[-122.25331525818738,37.933023577035499],[-122.25331537376935,37.933024230461562],[-122.25331547915762,37.933024885841164],[-122.2533155709187,37.933025542324231],[-122.25331565585554,37.933026198908557],[-122.25331572830262,37.933026856579374],[-122.25331579506283,37.933027514334576],[-122.25331761006473,37.933047436317871],[-122.25331769363072,37.933048467803964],[-122.2533177624108,37.933049499509451],[-122.25331781071823,37.933050531518823],[-122.2533178442611,37.933051564648423],[-122.25331786074338,37.933052598031196],[-122.25331786926405,37.933053631532154],[-122.25331786527357,37.933054665218783],[-122.25331785332153,37.933055699023569],[-122.25331748271185,37.933076104020948],[-122.25331748424799,37.933076938469767],[-122.25331750851032,37.93307777168021],[-122.25331756461911,37.933078604417979],[-122.25331764347531,37.933079436818204],[-122.25331775299804,37.933080266960978],[-122.25331788067604,37.933081095032044],[-122.25331803558717,37.933081919995445],[-122.25331820865367,37.933082742887144],[-122.25332173748878,37.933098206643351],[-122.25332209406344,37.933099909044614],[-122.25332240977797,37.933101615656909],[-122.25332266420212,37.933103328585695],[-122.25332287549132,37.933105045759291],[-122.25332303909613,37.933106767245164],[-122.25332317769994,37.933108490003228],[-122.25332327879175,37.933110214219134],[-122.25332335486142,37.933111938806377],[-122.25332378637437,37.933124696394046],[-122.25332385688266,37.933126570655951],[-122.25332393535257,37.933128444799678],[-122.25332402744965,37.93313031784006],[-122.25332412752969,37.933132191663098],[-122.2533242435117,37.933134064348955],[-122.25332436859269,37.933135936899809],[-122.25332450957563,37.933137808313475],[-122.2533246607949,37.933139679575262],[-122.25332557713156,37.933150470851935],[-122.25332575313409,37.933152620203501],[-122.25332592117502,37.933154769673223],[-122.25332607786352,37.933156920212596],[-122.25332622545298,37.933159070886951],[-122.25332634121729,37.933161222934835],[-122.2533264217017,37.933163374605073],[-122.2533264487295,37.933165527068653],[-122.2533264427947,37.933167680922601],[-122.25332627834298,37.93317838009979],[-122.2533262410463,37.933180458721964],[-122.25332619804138,37.933182536527674],[-122.25332614593751,37.933184614468395],[-122.25332608700938,37.933186692510397],[-122.25332604172974,37.93318877034983],[-122.25332602035625,37.933190848735649],[-122.25332603537883,37.93319292658132],[-122.25332607544499,37.933195004956524],[-122.25332638891604,37.93320628369441],[-122.25332646023982,37.933208288611944],[-122.25332655426854,37.933210291390274],[-122.2533266801651,37.933212294596778],[-122.25332682762922,37.933214295680855],[-122.25332700239028,37.933216296359909],[-122.25332719191601,37.933218295918657],[-122.2533274030305,37.933220294255854],[-122.25332762890963,37.933222291472745],[-122.25332868204787,37.933231170265621],[-122.25332896695713,37.933233594656187],[-122.25332924845424,37.933236019097407],[-122.2533295242645,37.933238443623004],[-122.25332979552526,37.933240868216103],[-122.25333006567,37.933243293726932],[-122.25333033579341,37.93324571833692],[-122.25333060591684,37.933248142946887],[-122.25333087719903,37.93325056844089],[-122.25333147470495,37.933255914249877],[-122.25333179977787,37.933258785919513],[-122.25333213167514,37.933261657487897],[-122.25333247151272,37.93326452803727],[-122.25333281703725,37.93326739850221],[-122.25333313414862,37.933270270290002],[-122.25333341035713,37.93327314448716],[-122.25333362177783,37.93327602144808],[-122.25333379115821,37.933278900835212],[-122.25333391939012,37.933281579874951],[-122.25333403078101,37.93328474939419],[-122.25333408871522,37.933287919706714],[-122.25333406587433,37.933291090316828],[-122.25333399069287,37.933294260802583],[-122.25333388480209,37.933297431744059],[-122.25333379369727,37.933300602466097],[-122.25333372538259,37.933303774652231],[-122.2533336695578,37.933306945751859],[-122.25333361853687,37.93331065657334],[-122.25333354966483,37.933313564728678],[-122.25333344207939,37.933316471656241],[-122.25333327869842,37.933319376708369],[-122.25333307660404,37.9333222805327],[-122.25333275249061,37.933325172650484],[-122.25333230515676,37.933328050376083],[-122.25333167410838,37.933330905595753],[-122.25333091870216,37.93333374644012],[-122.25332652973287,37.933348391397573],[-122.25332615919837,37.933349609854098],[-122.25332578063826,37.933350825726286],[-122.25332539295775,37.933352040832638],[-122.25332499841032,37.933353254238625],[-122.253324614142,37.933354469294343],[-122.25332425043165,37.933355687649609],[-122.25332391757971,37.93335691185505],[-122.25332360530705,37.933358140260836],[-122.25332153322147,37.933366741016755],[-122.25332088811334,37.93336948289916],[-122.25332026581668,37.933372227146492],[-122.25331967551571,37.933374977227082],[-122.25331910686749,37.933377728788642],[-122.2533182488599,37.933382003995476],[-122.25331812235926,37.933382620462048],[-122.25331799358385,37.933383236962321],[-122.25331785794154,37.933383851762251],[-122.25331772002448,37.933384466595903],[-122.25331757069107,37.933385079796672],[-122.25331741107854,37.933385691347674],[-122.25331723661621,37.933386300415577],[-122.25331704957875,37.933386906966653],[-122.25331162154264,37.933403849073507],[-122.25331047406299,37.933407334656643],[-122.25330928656187,37.933410811822142],[-122.25330804187203,37.933414276318935],[-122.25330675713941,37.933417731497222],[-122.25330543238528,37.93342117825793],[-122.25330409046379,37.933424620767518],[-122.25330272678281,37.933428057291934],[-122.25330134595573,37.933431490466148],[-122.25330132337076,37.933431545771889],[-122.25329989633727,37.933434997654956],[-122.25329843835999,37.933438440084508],[-122.2532969323143,37.933441870611148],[-122.25329539534606,37.933445292585056],[-122.25328855305213,37.933460263219906],[-122.25328810736103,37.933461238578012],[-122.25328766166987,37.933462213936167],[-122.25328721711608,37.933463189277376],[-122.25328677258365,37.933464165519432],[-122.25328633451311,37.933465126345951],[-122.25328611871555,37.93346562338256],[-122.25328591553576,37.933466124737727],[-122.25328573063922,37.933466629426164],[-122.25328555947655,37.933467137515429],[-122.25328540320626,37.933467649889494],[-122.25328525489773,37.933468162145381],[-122.25328511918558,37.933468677818951],[-122.25328499031902,37.933469194292122],[-122.2532807546183,37.933487096458173],[-122.25327986138656,37.933490363792458],[-122.25327881716817,37.933493597321068],[-122.25327754531106,37.933496779257261],[-122.25327612360471,37.933499927370903],[-122.25327451059179,37.933503020649475],[-122.2532727977316,37.933506077561177],[-122.25327093448931,37.933509078129298],[-122.25326897026233,37.933512042347353],[-122.25326632842683,37.933515845685712],[-122.25326439498305,37.933518620203913],[-122.25326245580962,37.933521393004774],[-122.25326050970517,37.933524161402651],[-122.25325855673368,37.9335269281001],[-122.25325662788147,37.933529704352303],[-122.25325473692494,37.933532495361789],[-122.25325290115924,37.933535310784634],[-122.25325110328923,37.933538140964728],[-122.25324846597273,37.933542375889836],[-122.25324642793467,37.933545779165257],[-122.25324448165399,37.933549213520571],[-122.25324266959751,37.933552694546556],[-122.25324094927721,37.933556205751614],[-122.25324074243694,37.933556648585764],[-122.25323922816331,37.93355997199594],[-122.25323776082054,37.933563307325791],[-122.2532363621893,37.933566661461441],[-122.25323501048894,37.933570027516822],[-122.25323367140615,37.933573397890768],[-122.25323230371828,37.933576761479856],[-122.25323089364879,37.933580113081689],[-122.25322945381554,37.933583457014763],[-122.25322225834134,37.933599899969828],[-122.25322192468433,37.933600657387395],[-122.25322158757255,37.933601413053914],[-122.25322124589002,37.933602167887095],[-122.25322090077395,37.933602921870062],[-122.25322063672083,37.933603495319808],[-122.25322042247265,37.933603961693926],[-122.25322020824579,37.933604428968934],[-122.25321999629365,37.933604896210134],[-122.25321978547895,37.933605363434481],[-122.25321957582294,37.933605831542735],[-122.25321936960036,37.933606300501246],[-122.25321916451514,37.933606769442861],[-122.25321896286339,37.933607239234682],[-122.25321210123377,37.933623317673195],[-122.2532102295594,37.933627693531115],[-122.25320835443001,37.933632067637973],[-122.25320647129605,37.933636440061214],[-122.25320458472849,37.933640811634277],[-122.25320298377635,37.933644511211462],[-122.25320190456208,37.933647035146734],[-122.25320084021899,37.933649562465853],[-122.25319979647657,37.933652094886256],[-122.25319876762651,37.933654631591445],[-122.25319776394808,37.933657174231165],[-122.25319677745814,37.933659722022782],[-122.25319581955181,37.933662275698325],[-122.25319487997147,37.933664834508832],[-122.25318984703947,37.933678760880447],[-122.25318932676079,37.933680190626966],[-122.25318880306997,37.933681620424139],[-122.25318827137481,37.933683048537709],[-122.25318773736227,37.933684474883421],[-122.25318720846127,37.933685876822025],[-122.25318692976818,37.933686600982142],[-122.25318664307078,37.933687323458763],[-122.25318634605171,37.933688042483929],[-122.25318604216568,37.933688759808653],[-122.25318573141274,37.933689475433006],[-122.25318541952241,37.933690191074163],[-122.25318510649468,37.933690906732267],[-122.25318479344567,37.933691621489466],[-122.25317827363602,37.933706422419263],[-122.25317643514936,37.933710710371784],[-122.2531746550313,37.933715012777839],[-122.25317296418301,37.93371933728919],[-122.25317133288337,37.933723678038874],[-122.25316997802882,37.933727391986771],[-122.25316911105541,37.933729893847875],[-122.25316830124956,37.933732407476803],[-122.25316757601495,37.933734936972769],[-122.25316690906382,37.933737477318928],[-122.25316631977442,37.933740030030002],[-122.25316577612948,37.933742588371814],[-122.2531653009619,37.933745155610254],[-122.25316487257629,37.933747728462507],[-122.25316255699839,37.933762871623685],[-122.25316237387177,37.933764076484657],[-122.25316219529466,37.933765281278184],[-122.25316202012972,37.93376648602105],[-122.25316184726081,37.933767691630983],[-122.25316167439192,37.933768897240924],[-122.25316149695222,37.933770102017554],[-122.25316131496288,37.933771306861708],[-122.25316112954016,37.93377251085564],[-122.25315722892179,37.933797413638331],[-122.25315718239027,37.933797707204846],[-122.25315705545876,37.933798449839543],[-122.25315698774844,37.9337988581673],[-122.25315692117549,37.933799266478211],[-122.25315685801473,37.933799674738445],[-122.25315679601265,37.933800083882666],[-122.25315342664871,37.933823107078531],[-122.25315327344542,37.933824133967526],[-122.25315311796733,37.933825160890272],[-122.25315295678099,37.933826186996548],[-122.25315279218248,37.933827213153492],[-122.25315262301312,37.933828238477076],[-122.25315245156897,37.933829263834411],[-122.25315227671271,37.933830289242451],[-122.25315209956034,37.933831313783315],[-122.25314904530261,37.933848755041744],[-122.25314874955309,37.933850730260922],[-122.25314852103712,37.933852709889322],[-122.25314839389766,37.933854694321568],[-122.25314833285431,37.933856683179897],[-122.25314837988401,37.933858671335727],[-122.2531485041707,37.933860654740492],[-122.25314874322673,37.933862631936464],[-122.25314905842372,37.933864605299078],[-122.25315149692578,37.933877457462955],[-122.25315171726965,37.933878787905769],[-122.25315189557294,37.933880120774731],[-122.25315201252128,37.933881457257606],[-122.25315208747163,37.933882797968323],[-122.25315208958664,37.933884137957513],[-122.25315203818052,37.933885476037432],[-122.2531519047761,37.933886810828334],[-122.2531517178293,37.933888142809174],[-122.25314942539428,37.933901522962756],[-122.25314884211485,37.933904570319697],[-122.25314818001482,37.933907604427695],[-122.25314739917893,37.933910621373286],[-122.25314653956509,37.933913626871636],[-122.25314558282578,37.933916614886911],[-122.25314457576435,37.933919591933893],[-122.25314349434655,37.933922552061041],[-122.25314236262795,37.933925502120751],[-122.25314159594384,37.933927433863161],[-122.2531400374173,37.933931340075716],[-122.25313847200228,37.933935243686996],[-122.25313689401192,37.933939144781341],[-122.25313530913316,37.933943043274425],[-122.25312801859762,37.933960905152219],[-122.25312790444059,37.933961225855768],[-122.25312781309526,37.933961548924259],[-122.25312775260855,37.933961877843032],[-122.25312771379612,37.933962209143601],[-122.25312770914788,37.93396254173949],[-122.25312772495131,37.933962873130817],[-122.25312777369639,37.933963202230963],[-122.25312784516792,37.933963530092775],[-122.25313282526038,37.933982096628277],[-122.25313313582012,37.933983441052092],[-122.25313338393012,37.933984790908333],[-122.25313353669138,37.933986150289861],[-122.25313362586544,37.933987515120748],[-122.25313363321155,37.933988883869297],[-122.25313359613561,37.933990250573522],[-122.25313349302726,37.933991615554199],[-122.25313334549686,37.933992978490544],[-122.25313052715123,37.934014188490444],[-122.25313046614762,37.934014784159324],[-122.25313042902923,37.934015379473784],[-122.2531304294872,37.934015976032924],[-122.25313045271423,37.934016573155382],[-122.25313051459122,37.934017168803173],[-122.25313060028941,37.934017761394031],[-122.25313072457355,37.934018349807666],[-122.25313087381632,37.93401893514752],[-122.2531355135815,37.934035042969391],[-122.25313593634604,37.934036705638952],[-122.25313628874166,37.934038375660784],[-122.25313653447853,37.934040058079191],[-122.25313670870909,37.934041747866772],[-122.25313678295601,37.934043443643731],[-122.25313679346657,37.934045138564159],[-122.25313670950996,37.934046832182915],[-122.25313656407047,37.934048524010585],[-122.25313458009903,37.934065853863174],[-122.25313447370365,37.934066983690542],[-122.25313439690167,37.934068113979976],[-122.25313436452184,37.93406924631374],[-122.25313436173543,37.93407037910945],[-122.2531344225788,37.934071508257531],[-122.25313453909038,37.934072633876106],[-122.25313473846083,37.934073751055905],[-122.25313499234075,37.934074863822232],[-122.25313839849639,37.934087642150665],[-122.25313899739939,37.934089728453799],[-122.2531396506627,37.93409180403755],[-122.25314038431848,37.934093863108721],[-122.25314117231319,37.934095910559655],[-122.25314198747751,37.93409795220046],[-122.25314278341278,37.934099998632398],[-122.25314355219983,37.934102051775291],[-122.25314430289531,37.934104109692385],[-122.25314519240825,37.934106600808455],[-122.25314636181761,37.934109909626407],[-122.25314751536752,37.934113221383136],[-122.25314864404416,37.934116539817069],[-122.25314975572395,37.934119861206639],[-122.25315097380702,37.934123544183578],[-122.25315162695378,37.93412542241559],[-122.25315231971737,37.934127291949338],[-122.25315307244311,37.934129147075922],[-122.25315386360569,37.934130991719428],[-122.25315467629348,37.934132832438898],[-122.25315547764998,37.934134675128824],[-122.25315626207357,37.934136523476894],[-122.25315703404986,37.934138374713207],[-122.2531635134782,37.934154091167692],[-122.25316361410393,37.934154352812328],[-122.25316370569456,37.934154617294581],[-122.25316378481646,37.934154883764123],[-122.25316385374452,37.934155152187209],[-122.25316391361601,37.934155422547107],[-122.25316396666322,37.934155693008179],[-122.25316401406606,37.934155965355366],[-122.2531640546446,37.934156237803791],[-122.25316480633808,37.934161704782973],[-122.2531652074406,37.934164712300095],[-122.25316559491573,37.934167720920627],[-122.25316595966443,37.934170730779528],[-122.25316630853236,37.934173742676428],[-122.25316708108578,37.934180620557967],[-122.25316710825804,37.934180855356722],[-122.25316713768372,37.934181089220893],[-122.25316716713077,37.934181323985953],[-122.25316719885254,37.934181558717221],[-122.25316723282781,37.93418179251389],[-122.25316727021524,37.934182026259919],[-122.25316731101489,37.934182259955314],[-122.25316735408933,37.934182493616973],[-122.2531713678775,37.934203113807612],[-122.25317160588551,37.934204180850351],[-122.25317188239434,37.934205240112512],[-122.25317221781313,37.934206288587795],[-122.25317259177532,37.934207331084153],[-122.25317301436834,37.934208361143831],[-122.25317346410959,37.934209384492604],[-122.25317395451991,37.934210395522804],[-122.25317446980365,37.934211399875785],[-122.25317878439985,37.934219436351583],[-122.2531802219755,37.934222249158097],[-122.2531815759171,37.934225085734546],[-122.25318280328078,37.934227958433247],[-122.25318394812638,37.934230853984218],[-122.25318420207925,37.934231536897421],[-122.2531851176113,37.934234117742768],[-122.25318598103649,37.934236708372886],[-122.25318676632264,37.934239314581049],[-122.2531874983859,37.934241931491719],[-122.25318821458964,37.934244551341145],[-122.25318896367124,37.93424716619699],[-122.2531897591729,37.93424977135232],[-122.25319058527755,37.934252371547778],[-122.25319356406376,37.934261464175968],[-122.2531939902855,37.934262743802201],[-122.25319442558499,37.934264022392583],[-122.25319487217327,37.934265297210871],[-122.25319532783932,37.934266570993245],[-122.25319577668108,37.934267844876914],[-122.25319620743109,37.934269123534783],[-122.25319661212767,37.934270407085073],[-122.25319699871126,37.934271694508773],[-122.25320272140249,37.934291445856353],[-122.25320282631448,37.934291744384808],[-122.25320302990006,37.93429217391914],[-122.25320315185957,37.93429242353217],[-122.25320327834733,37.934292672176802],[-122.25320341161689,37.934292918918537],[-122.25320354825602,37.934293163807908],[-122.25321126138509,37.934306584728546],[-122.25321251650351,37.934308658589963],[-122.2532138380675,37.934310703529512],[-122.2532152621753,37.934312706395239],[-122.2532167527075,37.934314679438273],[-122.25321832539565,37.934316614314724],[-122.25321994188812,37.934318525110967],[-122.25322162242362,37.934320401614087],[-122.25322334562607,37.934322254053903],[-122.25322388111481,37.934322813836417],[-122.25322589173174,37.934324935962877],[-122.25322788777569,37.93432706731712],[-122.25322986137036,37.934329211620664],[-122.25323181923343,37.934331364268047],[-122.25323738000245,37.9343375366795],[-122.25323822108835,37.934338461401452],[-122.25323907007208,37.934339383302735],[-122.25323992800581,37.934340298763054],[-122.25324079265739,37.934341209617891],[-122.25324116366109,37.934341597917964],[-122.25324185964794,37.934342304910778],[-122.25324257241864,37.934342999939453],[-122.25324330984979,37.93434367928252],[-122.25324406294871,37.934344347579213],[-122.25324483062062,37.934345006648051],[-122.25324560052474,37.934345663881452],[-122.25324637377709,37.93434631836169],[-122.2532471503777,37.934346970088782],[-122.25325247820498,37.934351423845307],[-122.25325589410191,37.934354319937782],[-122.25325927422047,37.934357242694659],[-122.25326260059691,37.93436020229526],[-122.25326589119504,37.934363188560297],[-122.25327401328568,37.934370665684426],[-122.25327424823908,37.934370882080067],[-122.25327448319241,37.934371098475744],[-122.25327471928316,37.934371314854488],[-122.25327498092939,37.934371553382903],[-122.25327520867474,37.934371753664671],[-122.25327544313801,37.934371949340942],[-122.25327568650856,37.934372136774648],[-122.25327593659695,37.934372319602858],[-122.25327619003352,37.934372499677927],[-122.25327644237541,37.934372681571546],[-122.2532766924851,37.934372865300588],[-122.25327694034132,37.934373049964265],[-122.25328503433509,37.934379146932116],[-122.25328902088172,37.93438230940815],[-122.25329286304907,37.934385573153875],[-122.25329648694142,37.934388988829632],[-122.25329996533841,37.934392506692902],[-122.25330618446206,37.934399141537426],[-122.25330644923571,37.934399416065652],[-122.2533067207484,37.934399686889257],[-122.25330700118985,37.93439995037108],[-122.25330728725426,37.93440021106602],[-122.25330759005999,37.934400457995103],[-122.2533079073321,37.934400691192231],[-122.25330824688328,37.934400904233208],[-122.25330859976353,37.934401103559054],[-122.25330887968796,37.934401248996991],[-122.25330938754423,37.934401506400491],[-122.25330989980091,37.934401757430571],[-122.25331041982756,37.934402000234925],[-122.25331094311714,37.934402236682779],[-122.25332228669718,37.934407229267656],[-122.25332626133974,37.934409070822909],[-122.25333016298171,37.934411000873624],[-122.25333395290119,37.934413065953478],[-122.25333766982013,37.934415219528788],[-122.25334252505185,37.934418164548767],[-122.25334375459832,37.934418916790968],[-122.25334498081779,37.93441967268717],[-122.25334619924608,37.934420435908237],[-122.25334741434747,37.934421202783319],[-122.25334864052441,37.934421956877799],[-122.25334988666303,37.934422689048283],[-122.2533511627441,37.934423388332725],[-122.25335245876545,37.934424064792289],[-122.2533534835991,37.934424580364684],[-122.25335530870396,37.934425497691684],[-122.25335713267151,37.934426415035531],[-122.25335895775517,37.934427331461634],[-122.25336078283885,37.934428247887716],[-122.25336610264526,37.934430919269694],[-122.25336851351756,37.93443216493602],[-122.25337089556361,37.934433442570636],[-122.2533732355183,37.934434768591188],[-122.25337554664671,37.934436126579982],[-122.25337782897023,37.934437517437857],[-122.25338010017562,37.934438919274612],[-122.25338235581987,37.934440336661879],[-122.25338460036738,37.934441765928874],[-122.25338522309882,37.934442165812342],[-122.25338778404522,37.93444379134165],[-122.25339035937286,37.934445399535491],[-122.25339295805307,37.934446984853771],[-122.25339557343207,37.934448554604579],[-122.25339908383332,37.934450635545659],[-122.25340125400537,37.934451902806764],[-122.25340344085477,37.934453153599392],[-122.25340564985544,37.934454378830893],[-122.25340787437472,37.934455586710065],[-122.25341093047241,37.934457221111202],[-122.25341164244024,37.934457593536578],[-122.25341235994587,37.934457959571674],[-122.25341308629493,37.934458314661654],[-122.2534138181818,37.934458663361369],[-122.25341455558514,37.93445900476992],[-122.25341529185107,37.934459346195339],[-122.25341603037047,37.934459686686203],[-122.25341676998465,37.93446002535844],[-122.25342370599012,37.934463199928622],[-122.25342788045526,37.934465167380395],[-122.25343200958747,37.934467190475338],[-122.25343607239439,37.934469295658729],[-122.25344009102722,37.934471457369263],[-122.25344935090317,37.934476576389535],[-122.25344987085907,37.934476864252218],[-122.25345038972016,37.934477153933436],[-122.25345090634912,37.934477445450078],[-122.25345142188328,37.93447773878529],[-122.25345194183919,37.93447802664798],[-122.25345246731156,37.934478307219472],[-122.25345300276476,37.934478576829001],[-122.25345354371309,37.934478838246541],[-122.2534541132455,37.934479105547894],[-122.25345494620392,37.934479494200538],[-122.25345578021447,37.934479879232896],[-122.25345661641461,37.934480260628142],[-122.25345745596297,37.93448063927022],[-122.2534687936492,37.934485718439809],[-122.25347160346581,37.934486994229431],[-122.25347440113356,37.934488285518967],[-122.25347718006243,37.934489602318955],[-122.25347994686373,37.934490935519712],[-122.25348033133616,37.934491123562317],[-122.25348288824651,37.934492385983241],[-122.25348543184921,37.934493663020127],[-122.25348795890258,37.934494961930341],[-122.25349047266967,37.934496276357358],[-122.25349296761262,37.93449761269148],[-122.25349544929063,37.934498965443218],[-122.25349790989095,37.93450034103671],[-122.25350035608895,37.934501733064714],[-122.25350515474983,37.934504498686337],[-122.25350696291002,37.934505517192115],[-122.25350878877833,37.934506514708445],[-122.25351064235694,37.934507481174094],[-122.25351251362235,37.934508425749485],[-122.25351423931669,37.934509276962707],[-122.25351526814805,37.934509769044311],[-122.25351630803365,37.934510247444514],[-122.25351736331004,37.934510703087341],[-122.25351842964062,37.93451114504871],[-122.25351950142378,37.934511577016437],[-122.25352057327081,37.934512011686678],[-122.25352164065359,37.934512450027768],[-122.25352270810028,37.934512891071414],[-122.25352968883983,37.934515791920916],[-122.253534102499,37.934517673813566],[-122.25353848200749,37.93451960307312],[-122.25354280864764,37.934521606110899],[-122.25354710002105,37.934523657433274],[-122.25355348415299,37.934526781611744],[-122.25355455922673,37.934527304547188],[-122.25355563653257,37.934527825647152],[-122.25355671600674,37.934528342209148],[-122.25355779769174,37.934528856034831],[-122.25355888931485,37.934529357096814],[-122.25355999081222,37.934529842692584],[-122.25356110772165,37.934530306431803],[-122.25356223338918,37.934530755622511],[-122.25356420153589,37.934531514923108],[-122.25356632227785,37.934532327830539],[-122.25356844742022,37.934533134364521],[-122.25357057692035,37.93453393272339],[-122.25357270970486,37.93453472562652],[-122.25358388720994,37.93453885283742],[-122.25358502603625,37.934539281105963],[-122.25358615936743,37.934539717566537],[-122.25358728391917,37.934540167674712],[-122.25358840409189,37.934540625057181],[-122.25358951660125,37.934541095169557],[-122.25359062245677,37.934541572589907],[-122.2535917217437,37.934542060921657],[-122.2535928143981,37.93454255746223],[-122.25359807490186,37.934544981895968],[-122.25360179068166,37.934546702023503],[-122.25360549980783,37.934548429458928],[-122.25360920236564,37.934550167805583],[-122.25361289826972,37.934551913460183],[-122.25362500719505,37.934557657035498],[-122.25362535587607,37.934557823079956],[-122.25362570455702,37.934557989124393],[-122.25362605323794,37.934558155168823],[-122.25362640191895,37.934558321213238],[-122.25362675281079,37.934558484521368],[-122.2536271070082,37.934558643274634],[-122.25362746448992,37.93455879657224],[-122.25362782527729,37.93455894531499],[-122.2536284088298,37.934559179965824],[-122.25362906465632,37.93455943967745],[-122.25362972490457,37.934559693916498],[-122.25363038953192,37.934559940881293],[-122.25363105632745,37.934560183308129],[-122.25365384706279,37.934568290670008],[-122.25365725883192,37.934569520573035],[-122.2536606596322,37.934570767760754],[-122.25366404514847,37.934572042209972],[-122.25366741971729,37.934573334844735],[-122.25367076794787,37.934574668422407],[-122.25367409087114,37.934576038421888],[-122.2536773775394,37.934577463028873],[-122.25368063892155,37.934578924958537],[-122.25369572388387,37.93458585172845],[-122.25369600767723,37.934585968271023],[-122.25369643584837,37.934586127728394],[-122.25369650816519,37.934586154590832],[-122.25369657930199,37.934586179668479],[-122.25369665271351,37.934586204712375],[-122.25369672496636,37.934586228872277],[-122.2537146512816,37.934592013151679],[-122.2537173180976,37.93459287111903],[-122.25371998600849,37.934593727267746],[-122.25372265606629,37.934594577977592],[-122.25372532721894,37.934595426868775],[-122.2537279961608,37.934596278496237],[-122.25373066299845,37.934597137364122],[-122.25373332436233,37.93459800532478],[-122.25373598246335,37.934598879641889],[-122.2537377496446,37.934599464394772],[-122.25374127224192,37.934600665615584],[-122.25374477073335,37.934601905943893],[-122.25374823648848,37.934603205333218],[-122.25375167925368,37.934604542912311],[-122.25376461878123,37.934609709118753],[-122.25376513913812,37.934609917672276],[-122.25376565835769,37.934610126242674],[-122.25376617759854,37.934610335713906],[-122.25376669570204,37.934610545202013],[-122.25376721713243,37.934610751036132],[-122.25376774296321,37.934610950496804],[-122.25376827310907,37.934611139980746],[-122.25376880656052,37.934611324909781],[-122.25377006009562,37.934611744264622],[-122.25377122637848,37.934612130670622],[-122.25377239367081,37.934612511654727],[-122.25377356536356,37.934612886265356],[-122.25377473808715,37.934613256354908],[-122.2537967197225,37.934620106870803],[-122.25379735920782,37.934620301039601],[-122.25379800195623,37.934620488851898],[-122.25379864792487,37.934620668505957],[-122.2537992982939,37.934620841786582],[-122.25379995074587,37.934621006925866],[-122.25380060534474,37.934621166626336],[-122.25380126206917,37.934621319987144],[-122.2538019220992,37.934621468793118],[-122.25381017416746,37.934623280179764],[-122.25381438420546,37.934624201747852],[-122.25381859639045,37.934625117877019],[-122.25382281072244,37.934626028567152],[-122.25382702608533,37.934626934736137],[-122.25383032649947,37.934627641813812],[-122.25383289484378,37.93462818493424],[-122.25383546752454,37.934628718978658],[-122.25383804329772,37.934629239459738],[-122.25384062227002,37.934629750881726],[-122.25384320549341,37.934630249624298],[-122.25384579189459,37.93463073840698],[-122.25384838252559,37.934631213609414],[-122.2538509752183,37.934631679769623],[-122.25386839498353,37.934634760865166],[-122.25386934530601,37.934634916175284],[-122.25387029863562,37.934635054318782],[-122.25387125819266,37.934635167137408],[-122.25387222075688,37.934635262789399],[-122.25387318723116,37.934635331348652],[-122.25387415325778,37.934635380990223],[-122.25387512319436,37.934635403539083],[-122.25387609266204,37.934635406269372],[-122.25390255507861,37.93463509814277],[-122.25390375780546,37.934635053253423],[-122.25390495390732,37.934634968811473],[-122.25390614175643,37.934634824114532],[-122.25390732295918,37.934634638964148],[-122.25390849039273,37.934634400849909],[-122.25390964572749,37.934634132275896],[-122.25391078175537,37.934633817128358],[-122.25391190570564,37.934633472421886],[-122.25393679265392,37.934625247580811],[-122.25393808132833,37.934624795894521],[-122.25393935343961,37.934624317419328],[-122.25394059838878,37.934623796993002],[-122.25394182559465,37.934623247993017],[-122.25394302808381,37.934622664214857],[-122.25394421304297,37.934622060871448],[-122.25394537339186,37.934621427254044],[-122.25394651734821,37.934620774054515],[-122.25394824767815,37.93461975348945],[-122.25395024158681,37.934618572210056],[-122.25395223197661,37.934617386477079],[-122.25395421655143,37.934616195423466],[-122.25395619762877,37.934615000817097],[-122.25396038273539,37.934612465010396],[-122.25396267012945,37.934611040567219],[-122.2539649226339,37.934609584200203],[-122.25396712507907,37.934608079913936],[-122.25396929377209,37.934606543687003],[-122.25397140671872,37.934604959625119],[-122.25397347679271,37.934603342856839],[-122.25397548541207,37.934601677437271],[-122.25397745231753,37.934599980195273],[-122.25398101596782,37.934596810187671],[-122.25398385087611,37.934594289919147],[-122.25398668694288,37.934591770534482],[-122.25398952648561,37.934589253801597],[-122.25399236602814,37.93458673706867],[-122.25399339465336,37.934585826047645],[-122.2539957297215,37.934583771888327],[-122.25399807403792,37.934581723899797],[-122.25400043341752,37.934579687402639],[-122.25400280204543,37.934577657076161],[-122.25400517530807,37.934575630285472],[-122.25400754277699,37.934573599075009],[-122.25400990099735,37.93457156169368],[-122.25401225572014,37.934569520759609],[-122.25401311081261,37.934568777226424],[-122.25401588205224,37.934566355227254],[-122.25401864176852,37.934563927091006],[-122.25402138644266,37.934561488364096],[-122.25402412182554,37.93455904166462],[-122.25402432903194,37.934558854752389],[-122.2540271552932,37.934556305774095],[-122.25402997232722,37.934553751525726],[-122.25403277893264,37.934551189321752],[-122.25403557858552,37.934548621813988],[-122.25403575340432,37.934548460614941],[-122.25403865380227,37.93454582312345],[-122.25404158194527,37.934543204144262],[-122.25404455060051,37.934540614301753],[-122.25404754472599,37.934538043005269],[-122.25404976887968,37.934536158106752],[-122.25405183036354,37.934534418907219],[-122.25405390109572,37.934532685878423],[-122.25405598457358,37.934530962573113],[-122.25405807500373,37.934529244571486],[-122.25406014923306,37.934527515095311],[-122.254062193357,37.934525763537088],[-122.25406419119608,37.934523979323245],[-122.25406615779248,37.934522173044243],[-122.25407091072505,37.934517717448969],[-122.25407317262662,37.934515552630828],[-122.25407539641834,37.934513364047234],[-122.2540775636247,37.934511140257321],[-122.25407969272128,37.93450889270202],[-122.25408103187058,37.934507448991887],[-122.25408244696293,37.934505896916477],[-122.25408384014624,37.934504332550162],[-122.25408520105601,37.934502750639815],[-122.25408654119413,37.934501156421661],[-122.25408785139737,37.934499547328279],[-122.25408914434783,37.93449793038058],[-122.25409041309308,37.934496300274873],[-122.25409166342675,37.934494661430961],[-122.25410893582925,37.934471711150181],[-122.25410905605277,37.934471550761558],[-122.25410917627626,37.934471390372991],[-122.25410929765846,37.934471230868326],[-122.2541094432745,37.934471037661069],[-122.25410955021175,37.934470892789413],[-122.25410965601155,37.93447074793459],[-122.25410975837794,37.934470602229645],[-122.25410985958547,37.9344704556407],[-122.25410995963443,37.934470308167811],[-122.2541100596833,37.934470160694964],[-122.25411015859481,37.934470013238951],[-122.25411025864372,37.934469865766104],[-122.25411560464822,37.934461912984297],[-122.25411798665513,37.934458525314078],[-122.2541204756975,37.934455189222973],[-122.25412312246026,37.934451930993077],[-122.25412587509977,37.934448723458267],[-122.25412678070562,37.934447710629428],[-122.25412923107203,37.934445096038012],[-122.25413177617574,37.934442542219813],[-122.25413446230149,37.934440081830452],[-122.25413724320723,37.934437684015982],[-122.25413815609079,37.934436930612236],[-122.25414054987492,37.934434953978773],[-122.25414294132018,37.934432974676476],[-122.25414532815178,37.934430992739237],[-122.25414771266581,37.934429009033956],[-122.25414861310178,37.934428258518423],[-122.2541505444689,37.934426646509799],[-122.25415247238111,37.934425032750077],[-122.25415439681706,37.934423416338483],[-122.25415631777678,37.934421797274986],[-122.25415749798424,37.934420801095349],[-122.25415884276603,37.934419691629941],[-122.2541602095847,37.934418599860408],[-122.25416160884744,37.934417532841579],[-122.25416302787217,37.934416483552461],[-122.25416446891249,37.93441545105842],[-122.25416591460899,37.934414423001044],[-122.25416736843773,37.934413402032121],[-122.25416882810272,37.934412387284681],[-122.25417416131681,37.934408701669],[-122.25417556795053,37.934407705731992],[-122.2541769525259,37.934406691198127],[-122.25417830463593,37.934405651012781],[-122.25417963580371,37.934404591312848],[-122.25418092645909,37.934403502476236],[-122.25418218471306,37.934402390690593],[-122.25418339327004,37.934401246300048],[-122.25418457056304,37.934400078943547],[-122.25418568576846,37.934398932334361],[-122.25418735375699,37.934397153015723],[-122.25418896642572,37.934395343879146],[-122.25419049727321,37.934393490899474],[-122.25419197280083,37.934391608101862],[-122.25419317187648,37.934390015075614],[-122.25419425773116,37.934388541782127],[-122.2541953194233,37.93438705713227],[-122.25419634435642,37.934385557708531],[-122.25419734628569,37.934384047812479],[-122.25419832866604,37.934382529195105],[-122.25419930988761,37.93438100969373],[-122.25420028883441,37.934379490226114],[-122.25420126546369,37.934377968990596],[-122.2542033997608,37.934374643571658],[-122.25420475392171,37.934372536385432],[-122.25420611265341,37.934370430032445],[-122.25420747483986,37.934368325430462],[-122.25420884045974,37.934366221678651],[-122.25421040707951,37.934363813054759],[-122.25421100147059,37.934362919293001],[-122.25421160738489,37.934362031668243],[-122.25421223396414,37.934361151847078],[-122.25421287206656,37.93436027816292],[-122.25421353087658,37.934359414084035],[-122.2542142046433,37.934358556992294],[-122.25421489913894,37.934357710406694],[-122.25421560631645,37.934356870842002],[-122.25422048210118,37.934351213074819],[-122.25422206506786,37.934349398971754],[-122.25422366421387,37.934347595442354],[-122.25422528986095,37.934345805937959],[-122.25422693166604,37.934344026106331],[-122.25422858383554,37.934342251527717],[-122.25423023141275,37.934340475215024],[-122.25423187203749,37.934338693598505],[-122.25423350807,37.934336910247893],[-122.25423601791516,37.93433416500433],[-122.25423748119117,37.934332533810782],[-122.25423891912462,37.93433088947625],[-122.25424032017102,37.934329224962696],[-122.2542416970123,37.934327547291161],[-122.25424305194456,37.934325857328787],[-122.25424440344322,37.934324166516149],[-122.25424575032827,37.934322473068548],[-122.25424709375848,37.934320777869921],[-122.25425416837837,37.934311829769378],[-122.25425536099627,37.934310348581846],[-122.25425657552316,37.934308879685275],[-122.25425782228081,37.934307426530843],[-122.25425909092597,37.934305984766524],[-122.25426038727373,37.934304559712807],[-122.25426170089543,37.934303143414198],[-122.25426303878623,37.934301742976018],[-122.25426439397241,37.934300352193738],[-122.25427624136501,37.934288364812396],[-122.25427721803956,37.934287374357105],[-122.25427819241796,37.934286383034738],[-122.25427916447897,37.934285389944485],[-122.25428013422241,37.934284395086287],[-122.2542811074421,37.934283402879956],[-122.25428208875141,37.934282415960453],[-122.25428308044644,37.934281435194798],[-122.25428408023116,37.934280459715993],[-122.25428547951167,37.934279105226167],[-122.25428720438566,37.93427747014762],[-122.25428895584598,37.934275852697517],[-122.25429074665993,37.934274263500043],[-122.25429256519764,37.934272691913982],[-122.25430692394218,37.934260523054306],[-122.25430879415231,37.934258971427361],[-122.25431069219282,37.934257441916088],[-122.25431263080962,37.934255944243908],[-122.25431459727812,37.934254469588225],[-122.25431537340717,37.934253899346231],[-122.25431698779519,37.934252739916523],[-122.25431862310404,37.934251599100477],[-122.25432028982614,37.934250487556127],[-122.25432197746895,37.934249394625418],[-122.25432368493787,37.93424832212694],[-122.25432540167643,37.934247256699976],[-122.25432712776991,37.934246201947978],[-122.25432886087965,37.934245155202241],[-122.25434382683707,37.934236191749271],[-122.25434508230538,37.934235443169491],[-122.25434634011239,37.934234697258468],[-122.25434760257556,37.934233955784059],[-122.25434886853614,37.934233217862342],[-122.25435013919561,37.934232486178949],[-122.2543514156699,37.934231759816157],[-122.25435270034046,37.934231043244338],[-122.25435399084725,37.934230332893982],[-122.25435573868528,37.934229379649416],[-122.25435791011651,37.934228200232553],[-122.25436008622526,37.934227026153103],[-122.25436226932881,37.93422585917898],[-122.25436445597249,37.934224697559252],[-122.25437247376239,37.93422045841082],[-122.25437382337043,37.934219745380311],[-122.25437517411588,37.934219032332877],[-122.25437652374522,37.934218320203165],[-122.25437787451199,37.934217608056535],[-122.25437922647998,37.934216898595558],[-122.25438058076548,37.934216190902404],[-122.25438193738964,37.934215485878056],[-122.25438329637389,37.934214784423204],[-122.25438516235056,37.934213823115854],[-122.25438745784179,37.934212645460832],[-122.25438975683045,37.934211471358466],[-122.25439206053912,37.934210304395187],[-122.25439436772395,37.934209140083766],[-122.25441140708593,37.934200576586242],[-122.25441355152365,37.934199506609197],[-122.25441570181881,37.934198443754333],[-122.2544178614903,37.934197392475284],[-122.2544200259032,37.934196349236146],[-122.25442046354999,37.934196139976891],[-122.25442241909514,37.934195213385138],[-122.25442438167779,37.934194295700479],[-122.25442635365809,37.934193390492368],[-122.25442833153856,37.934192494208233],[-122.25443031645658,37.934191606831092],[-122.25443230255456,37.93419072123875],[-122.25443429101256,37.934189839215925],[-122.25443628065058,37.934188958977856],[-122.25444436777707,37.934185390156969],[-122.25444676994644,37.934184345189024],[-122.25444918273618,37.934183316284191],[-122.25445161086633,37.934182310581527],[-122.25445405073287,37.93418132002423],[-122.25445650600385,37.934180355371744],[-122.25445897195908,37.934179409484742],[-122.25446145563619,37.934178491270487],[-122.2544639499976,37.934177591821744],[-122.25447258178895,37.934174537581832],[-122.25447474332833,37.934173757522295],[-122.25447689538468,37.934172961382714],[-122.25447903319527,37.934172140222223],[-122.25448116036398,37.934171302097774],[-122.25448173518686,37.934171071876882],[-122.25448355488344,37.934170318521339],[-122.25448535810203,37.93416954198041],[-122.25448713542373,37.934168728876564],[-122.25448889626739,37.934167892587347],[-122.25449063009803,37.9341670206529],[-122.25449234403854,37.934166125583744],[-122.25449402873386,37.934165196704853],[-122.25449573845886,37.934164219692946],[-122.25449740350575,37.934163229827135],[-122.25449905806012,37.934162229303233],[-122.25450069628579,37.934161211899756],[-122.254502324019,37.934160183838202],[-122.25451401621046,37.934152697313614],[-122.25451585816354,37.934151490344988],[-122.25451767685699,37.934150262093908],[-122.25451945950222,37.934149001035401],[-122.25452121890909,37.934147719595273],[-122.25452293190332,37.934146400094654],[-122.25452460779724,37.934145051406695],[-122.25452622695666,37.934143661206953],[-122.25452780787843,37.934142241836781],[-122.25453117573852,37.934139117974759],[-122.25453197215278,37.9341383473731],[-122.25453274316061,37.934137560927923],[-122.25453347378399,37.934136750751264],[-122.25453417672614,37.934135924764796],[-122.25453484164392,37.934135078616443],[-122.25453548355792,37.934134221995784],[-122.25453609096643,37.934133349666702],[-122.25453667537114,37.934132466865378],[-122.25455103904849,37.934109887732411],[-122.25455124891086,37.934109572815359],[-122.2545514691377,37.934109263151349],[-122.25455170432124,37.934108960474447],[-122.25455197418798,37.934108632951315],[-122.25455222486133,37.934108359782549],[-122.25455248710051,37.934108094552492],[-122.25455277013255,37.934107842531041],[-122.25455306475176,37.934107599349019],[-122.25455335745873,37.934107371515076],[-122.25455350802062,37.934107243117118],[-122.25455364821795,37.934107109466105],[-122.25455377223594,37.934106965241483],[-122.25455388586818,37.934106814863021],[-122.25455397314848,37.934106656765465],[-122.25455403757441,37.934106494501521],[-122.25455406886671,37.934106326421578],[-122.25455407728333,37.934106153274371],[-122.25455404026096,37.934105454526097],[-122.25455399827682,37.934104930676085],[-122.25455393813721,37.934104408897966],[-122.25455384958408,37.934103888443012],[-122.25455374287543,37.934103370059937],[-122.25455230871034,37.934097195000817],[-122.25455168362143,37.934094436829817],[-122.25455108121643,37.934091675618475],[-122.25455050943563,37.934088910347675],[-122.2545499580639,37.934086142070321],[-122.25454903210662,37.934081344542683],[-122.25454895960502,37.934080973441425],[-122.25454888482874,37.934080602373932],[-122.25454880891495,37.93408023132335],[-122.25454872961041,37.934079861224269],[-122.25454864575626,37.934079491192783],[-122.25454855512042,37.934079123064265],[-122.25454845313209,37.934078756005569],[-122.2545483454781,37.934078389932083],[-122.25454307530383,37.934061330889577],[-122.25454262609892,37.934059754227221],[-122.25454222565239,37.934058170532644],[-122.25454189664808,37.934056576765542],[-122.25454161526481,37.934054975983123],[-122.25454143270639,37.934053368326161],[-122.25454133206129,37.934051760353846],[-122.25454135537014,37.934050149639603],[-122.25454145945488,37.934048538626946],[-122.25454322068083,37.934031522051747],[-122.25454327367557,37.934030300196603],[-122.25454322896162,37.934029084298267],[-122.2545430376739,37.934027876884798],[-122.25454274981487,37.934026675411182],[-122.2545423169886,37.934025502224053],[-122.25454179271645,37.934024359231962],[-122.25454113186535,37.93402326242488],[-122.2545403784309,37.934022195829719],[-122.25453619091603,37.934016889822992],[-122.25453428204463,37.934013828102565],[-122.2545329146694,37.934010666422445],[-122.25453235494612,37.934007353068829],[-122.25453233558153,37.934003939772516],[-122.25453299131323,37.93400049482284],[-122.25453394788386,37.933997117498137],[-122.25453535626021,37.933993840701497],[-122.25453706661285,37.933990631512877],[-122.25454774783911,37.933973267993871],[-122.25454797680922,37.933972895119005],[-122.25454820577929,37.933972522244112],[-122.25454843472808,37.933972148468364],[-122.25454866253943,37.933971774709555],[-122.25454895605621,37.933971292737233],[-122.2545490382679,37.933971160848529],[-122.2545491204796,37.933971028959796],[-122.25454920500876,37.933970898839021],[-122.25454929067524,37.9339707687013],[-122.25454937863789,37.933970639430626],[-122.25454946889661,37.933970511027042],[-122.25454956031399,37.933970383507408],[-122.25454965402753,37.933970256854828],[-122.25455041046763,37.933969143505742],[-122.25455031205512,37.93396883136446],[-122.25454981765392,37.933967988915356],[-122.25454956889297,37.933967525810132],[-122.2545493472587,37.933967055092836],[-122.25454916633578,37.933966573858221],[-122.2545490125609,37.93396608591226],[-122.25454339262548,37.933945210255487],[-122.25454332232779,37.933944884179326],[-122.25454327361911,37.933944556881443],[-122.25454325787329,37.933944228192814],[-122.25454326369521,37.933943897381639],[-122.25454330370268,37.933943568766217],[-122.25454336654315,37.933943243416358],[-122.2545434636332,37.933942922964846],[-122.25454358244028,37.933942606696554],[-122.2545465526091,37.933935757047259],[-122.25454730774777,37.933934012006254],[-122.25454805947423,37.933932267015862],[-122.25454880660845,37.933930520291291],[-122.2545495514466,37.933928772699751],[-122.25455047403663,37.933926603430265],[-122.25455075303012,37.933925940540973],[-122.25455102970616,37.933925275883816],[-122.25455130294873,37.933924610376465],[-122.25455157162041,37.93392394403584],[-122.25455183799599,37.933923276828175],[-122.25455209980073,37.933922608787213],[-122.25455235930932,37.933921939879184],[-122.25455261540574,37.933921271021873],[-122.25455785016909,37.933907469556388],[-122.25455813354132,37.933906655207608],[-122.25455838491737,37.933905835025918],[-122.25455858946872,37.93390500742921],[-122.25455876202396,37.933904173999586],[-122.25455888438492,37.933903335007223],[-122.25455897030686,37.933902494753752],[-122.25455900268639,37.933901651690775],[-122.2545589997643,37.933900807349751],[-122.25455874293161,37.93389370734068],[-122.25455864928783,37.933891193601255],[-122.25455855336938,37.933888679895567],[-122.2545584506052,37.933886165390426],[-122.25455834672505,37.933883651803001],[-122.25455828083406,37.933882118110603],[-122.25455819774697,37.933880194472437],[-122.25455811577599,37.933878269916576],[-122.25455803266765,37.933876345377548],[-122.25455794958063,37.933874421739404],[-122.25455785964796,37.933872497301742],[-122.25455775950013,37.933870573916941],[-122.2545576457037,37.933868650734802],[-122.25455752167088,37.933866727704739],[-122.2545570020097,37.933859099014825],[-122.25455689146931,37.933857505607975],[-122.25455677640065,37.933855913169523],[-122.25455665564506,37.93385432081547],[-122.25455653147733,37.933852728512143],[-122.25455648763084,37.933852174050372],[-122.25455638140551,37.933850859037015],[-122.25455627176804,37.933849544074349],[-122.25455615873973,37.933848230063191],[-122.25455604341533,37.933846915184958],[-122.25455593721135,37.933845601072491],[-122.25455584804682,37.933844285805769],[-122.25455578274601,37.933842969283482],[-122.25455573336863,37.933841652524755],[-122.25455553643398,37.933834535405175],[-122.25455553555925,37.933833777544869],[-122.25455556088703,37.933833021097726],[-122.25455562720335,37.933832265844181],[-122.25455571972212,37.933831512003778],[-122.25455585329335,37.933830762059571],[-122.25455601656458,37.933830017081206],[-122.25455622093098,37.933829277800641],[-122.25455646667676,37.933828508167366],[-122.2545567494587,37.933827765018776],[-122.25455705975118,37.933827030473225],[-122.25455741356275,37.933826307897597],[-122.25455779486352,37.933825593024125],[-122.25455983315469,37.933822010391452],[-122.25456129902891,37.933819528462344],[-122.25456282348556,37.93381706999449],[-122.2545644375538,37.933814648044404],[-122.25456611020435,37.933812249555572],[-122.25456814494798,37.933809430255714],[-122.25457002820616,37.933806748379112],[-122.25457185974878,37.933804044741571],[-122.25457361316002,37.933801308921538],[-122.25457531371826,37.93379855135742],[-122.25457693163825,37.933795763480035],[-122.25457849103972,37.933792954843966],[-122.25457996215874,37.933790117780703],[-122.25458137589652,37.933787259941823],[-122.2545822409183,37.933785446582924],[-122.25458361502517,37.93378254878052],[-122.25458498224367,37.93377964837692],[-122.25458633686549,37.933776744555722],[-122.25458768346158,37.933773838150223],[-122.25459075256505,37.933767178976645],[-122.25459268506107,37.933776909811151],[-122.25459300215113,37.933778528987574],[-122.25459331355434,37.933780148248459],[-122.25459361590107,37.933781769446107],[-122.254593913677,37.933783389810522],[-122.25459420580863,37.933785012061087],[-122.25459449905638,37.933786633393908],[-122.25459479232546,37.933788255627547],[-122.25459508443585,37.933789876977229],[-122.25459658112132,37.933798164321708],[-122.25459702446909,37.933800454787558],[-122.25459750408515,37.9338027393079],[-122.25459804042123,37.933805016677724],[-122.25459861416306,37.933807288085113],[-122.25459926267374,37.933809545765826],[-122.25459997571681,37.933811789871982],[-122.25460078273629,37.933814014559346],[-122.25460165199206,37.933816224805049],[-122.25460651210739,37.933827882090462],[-122.25460681293939,37.933828574217337],[-122.25460712847207,37.933829262521265],[-122.25460746544445,37.933829943297539],[-122.254607818255,37.933830620233984],[-122.25460817670974,37.933831295284293],[-122.25460852724547,37.933831972254517],[-122.25460886876745,37.933832652963225],[-122.25460920239173,37.933833336492683],[-122.2546093460011,37.933833635346453],[-122.25460973331727,37.933834472176422],[-122.25461010370063,37.933835314664833],[-122.25461044918941,37.933836162929879],[-122.25461077658676,37.933837015969431],[-122.25461311869802,37.933843383007854],[-122.25461385718343,37.933845404150198],[-122.25461459116201,37.933847427161801],[-122.25461531492545,37.933849451226266],[-122.25461603418202,37.933851477159934],[-122.25461699778548,37.933854212280202],[-122.25461722389856,37.93385487217396],[-122.25461744209257,37.933855533987611],[-122.25461764781801,37.933856197788757],[-122.25461784450835,37.933856864427561],[-122.25461803323699,37.93385753118455],[-122.25461821745878,37.933858199810885],[-122.254618396015,37.933858869422451],[-122.25461857002158,37.933859539101583],[-122.2546186001554,37.933859658507998],[-122.25461878810221,37.933860388357665],[-122.25461897832373,37.933861118173517],[-122.25461916968268,37.933861847972516],[-122.25461936217904,37.933862577754624],[-122.25462273080529,37.933875250265338],[-122.25462337699304,37.933877698124661],[-122.25462401978999,37.933880146935465],[-122.25462465462526,37.933882595864539],[-122.2546252860911,37.933885046645919],[-122.25462537640712,37.933885401261769],[-122.25462597403553,37.933887672314214],[-122.25462659205155,37.933889939459263],[-122.25462724064914,37.933892200743195],[-122.25462790965567,37.933894459020507],[-122.2546288302532,37.933897492161314],[-122.25462905369375,37.933898231396569],[-122.25462927599692,37.933898970648677],[-122.25462949604672,37.933899710835419],[-122.25462971495907,37.933900451039101],[-122.25462992706842,37.933901192244917],[-122.25463013351222,37.933901934436051],[-122.25463032974082,37.933902677680067],[-122.25463051918781,37.9339034228271],[-122.25463301820386,37.933913533645899],[-122.25463330395259,37.933914645936092],[-122.25463360103245,37.933915756255637],[-122.2546339173626,37.933916862684661],[-122.25463424618265,37.93391796802706],[-122.25463459311561,37.933919069495786],[-122.25463495024239,37.933920169010825],[-122.25463532434468,37.933921264669152],[-122.25463570975687,37.933922357455984],[-122.25463774956162,37.933928017970423],[-122.2546383478153,37.933929690645073],[-122.25463893928736,37.933931365222769],[-122.25463952286179,37.933933042621163],[-122.25464009961188,37.933934720120931],[-122.2546405679259,37.933936094639918],[-122.25464089637629,37.933937088244271],[-122.25464121235814,37.933938083836104],[-122.25464151022713,37.933939083301581],[-122.2546417967862,37.933940085638497],[-122.25464192380463,37.93394054874927],[-122.25464216264999,37.933941313889278],[-122.25464243656234,37.933942070398025],[-122.25464276249591,37.933942813517987],[-122.25464312238056,37.933943548924482],[-122.25464351842685,37.933944273881181],[-122.25464392574042,37.933944994164776],[-122.25464435224029,37.933945707855287],[-122.2546447900074,37.933946416872679],[-122.25464501103777,37.933946765942537],[-122.25464551916683,37.933947659553361],[-122.2546459628487,37.933948570342174],[-122.25464630929116,37.933949506906394],[-122.25464659130789,37.933950461549415],[-122.25465011268309,37.933965116139106],[-122.25465023852884,37.933965673888842],[-122.25465035527549,37.93396623177366],[-122.25465045616272,37.933966792597495],[-122.25465054797216,37.933967354457295],[-122.25465066465483,37.933967909639591],[-122.25465082659836,37.933968454236982],[-122.2546510530531,37.933968984358927],[-122.25465132478998,37.933969504796757],[-122.25465151558723,37.933969826379744],[-122.2546519598873,37.933970474922546],[-122.25465246028894,37.933971090190504],[-122.254653047139,37.933971656413227],[-122.25465369009068,37.933972189361043],[-122.25465696847124,37.933974609842792],[-122.25465932833937,37.933976296005305],[-122.25466173270078,37.933977939152598],[-122.25466420383383,37.9339795191283],[-122.25466672061879,37.933981056972733],[-122.25468336827844,37.933990890070724],[-122.25468342252481,37.933990922607876],[-122.2546834767498,37.933990954244223],[-122.25468353215483,37.933990987665297],[-122.25468358640116,37.933991020202448],[-122.25468399672837,37.933991243002325],[-122.25468425011711,37.933991324848961],[-122.25468469010202,37.933991694998099],[-122.25468491403271,37.933991878211863],[-122.25468514017415,37.933992058689377],[-122.25468537301199,37.933992233660426],[-122.25468560808186,37.933992406796044],[-122.25468764726436,37.933993859815267],[-122.25468785772398,37.933994002677004],[-122.2546880737426,37.933994140049286],[-122.25468829753096,37.933994269195743],[-122.25468852576229,37.933994393770377],[-122.25468876172064,37.933994508317532],[-122.25468900212194,37.933994618292928],[-122.25468924911297,37.933994718257765],[-122.25468949938816,37.933994812766812],[-122.25469143518052,37.933995503140132],[-122.25469265608875,37.933995938289371],[-122.25469387699697,37.933996373438617],[-122.25469509792651,37.933996809488704],[-122.25469631885609,37.93399724553877],[-122.25470568473122,37.934000593014254],[-122.25470863335435,37.934001724330223],[-122.25471152249952,37.934002938534867],[-122.25471432353308,37.934004275704247],[-122.25471706620482,37.934005694844551],[-122.25471765643873,37.934006019506526],[-122.25471996173525,37.934007419009177],[-122.25472214207586,37.934008923099604],[-122.25472413154912,37.934010583221529],[-122.25472599492915,37.934012347948098],[-122.25472707171848,37.934013471919435],[-122.25472828335997,37.934014765107754],[-122.25472947141486,37.934016071262548],[-122.25473062352138,37.934017396875618],[-122.25473175317872,37.934018735438251],[-122.25473287498103,37.934020078623341],[-122.25473400800797,37.934021415333589],[-122.25473515901987,37.93402274276518],[-122.2547363212564,37.934024063721935],[-122.25473884600997,37.934026899113064],[-122.25474132895715,37.934029602654874],[-122.25474387581858,37.93403226649766],[-122.2547465202465,37.934034870316054],[-122.25474922858862,37.934037434435311],[-122.25475709583979,37.934044667426505],[-122.25475753952918,37.934045097897922],[-122.25475796188552,37.934045540401257],[-122.25475835168412,37.934046001411275],[-122.25475872240311,37.934046473518542],[-122.25475904454129,37.934046912103376],[-122.25475923509026,37.934047175114678],[-122.25475942224834,37.934047439077489],[-122.25475960378347,37.934047705827233],[-122.25475978306513,37.934047973511667],[-122.25475996009337,37.934048242130714],[-122.25476013712162,37.93404851074979],[-122.25476031414986,37.93404877936883],[-122.25476049006207,37.934049048905571],[-122.25476815105806,37.934060737577902],[-122.25476971904868,37.934063193373028],[-122.25477124190651,37.934065665158151],[-122.2547726982344,37.934068162262591],[-122.25477411058816,37.934070676241028],[-122.25477595292054,37.934074050746496],[-122.25477639616382,37.934074894855698],[-122.25477682017811,37.934075743756239],[-122.25477721369631,37.934076602121358],[-122.2547775891655,37.934077467062593],[-122.25477793293716,37.934078338782761],[-122.25477825522646,37.93407921622893],[-122.25477854465939,37.93408009957006],[-122.25477881147262,37.934080988654109],[-122.25478217923067,37.934092950159986],[-122.25478267450593,37.934094742414977],[-122.25478315847137,37.934096537541471],[-122.25478362430252,37.934098335640776],[-122.25478407878119,37.934100134809782],[-122.25478452420339,37.934101935915692],[-122.25478496850957,37.934103737939296],[-122.25478541393183,37.934105539045191],[-122.25478585821666,37.93410734016792],[-122.25479028097018,37.934125271490956],[-122.25479047257359,37.934126107622603],[-122.25479064600016,37.934126944925403],[-122.25479079107727,37.934127786253846],[-122.25479091802012,37.934128630555115],[-122.25479093600558,37.934128765461573],[-122.25479101587449,37.934129543776393],[-122.25479106617128,37.934130322530464],[-122.25479107213125,37.934131102844141],[-122.25479104624426,37.934131883630911],[-122.25479099305997,37.934132664823117],[-122.25479093416736,37.934133445198896],[-122.25479086617565,37.934134225709833],[-122.25479079020091,37.934135005438208],[-122.25478883094642,37.934154131864574],[-122.25478869423026,37.934155565834175],[-122.25478857343755,37.93415699956725],[-122.25478847543529,37.934158434764164],[-122.25478839112439,37.934159871560034],[-122.25478833638562,37.934161307916654],[-122.25478830441595,37.934162744836236],[-122.25478830656799,37.934164181249066],[-122.25478833264791,37.934165619108811],[-122.25478878650718,37.934180703148229],[-122.2547888618932,37.934182205158947],[-122.25478897818262,37.934183704759832],[-122.25478915468972,37.934185200762826],[-122.25478937210018,37.934186694355979],[-122.25478964174536,37.934188183568708],[-122.25478993971861,37.934189667854852],[-122.25479028194349,37.934191146977973],[-122.25479065365516,37.934192622058475],[-122.25479587068214,37.934212142940453],[-122.25479591570218,37.934212314392866],[-122.25479595844736,37.934212485879016],[-122.25479600005517,37.934212657382062],[-122.25479603940953,37.934212829819749],[-122.25479607762648,37.934213002274298],[-122.25479611356866,37.934213174762696],[-122.25479614725739,37.934213348185665],[-122.25479618092487,37.934213520707821],[-122.25479643035261,37.934214876849524],[-122.25479658703847,37.934215727918307],[-122.25479674372433,37.934216578987019],[-122.25479690154762,37.934217430038856],[-122.25479705821218,37.934218280206771],[-122.25480035595295,37.934236174169243],[-122.25480048787861,37.934236844473148],[-122.25480063113555,37.934237512806419],[-122.25480079027336,37.934238179101506],[-122.25480096074234,37.934238843425952],[-122.25480115048303,37.934239504760697],[-122.25480135380842,37.934240163190182],[-122.25480157863765,37.934240816794571],[-122.25480181818889,37.934241467476731],[-122.25480687712846,37.934254599698512],[-122.25480775011329,37.934256774742096],[-122.2548086660417,37.934258937432837],[-122.25480964528018,37.934261082962379],[-122.25481066748364,37.93426321703987],[-122.25481173602157,37.934265337812938],[-122.25481282147119,37.934267452026702],[-122.25481393518496,37.934269558611419],[-122.25481506692651,37.93427165771908],[-122.25481589228079,37.934273166613679],[-122.25481743785828,37.934276021052533],[-122.25481896648166,37.934278880249032],[-122.2548204702745,37.934281747924658],[-122.25482195713458,37.934284621258747],[-122.25482606782994,37.934292639978914],[-122.25482655546222,37.934293580753625],[-122.25482704873882,37.934294519642123],[-122.2548275510506,37.934295455692968],[-122.25482805900666,37.934296389857643],[-122.25482858164212,37.934297319298501],[-122.25482911668237,37.93429824404933],[-122.25482966975022,37.934299161323125],[-122.25483023638141,37.934300074790812],[-122.25483130485466,37.934301760305729],[-122.2548324260037,37.9343035081192],[-122.25483356518038,37.934305248455644],[-122.25483472800778,37.934306978528056],[-122.25483590774675,37.934308702041214],[-122.25483911428155,37.934313325112392],[-122.2548401050631,37.934314756753686],[-122.25484109584463,37.934316188394902],[-122.25484208323536,37.934317620987656],[-122.2548430695101,37.934319054498125],[-122.25484405241534,37.934320489860966],[-122.25484503306721,37.934321926158418],[-122.25484600921216,37.93432336432511],[-122.25484698196628,37.934324803443353],[-122.25484916352792,37.934328040438871],[-122.25485124281599,37.934331090611529],[-122.25485334691354,37.9343341314041],[-122.25485548588648,37.934337155457726],[-122.25485765078501,37.93434016921357],[-122.25486313633716,37.934347724141894],[-122.2548636261302,37.93434841976952],[-122.25486410128639,37.934349121922679],[-122.25486455390809,37.93434983342209],[-122.254864991893,37.934350551447011],[-122.2548654016351,37.93435127800187],[-122.25486578995864,37.934352012985244],[-122.25486614662724,37.934352756549231],[-122.25486648073991,37.934353508558665],[-122.25486768029761,37.934356357322571],[-122.25486860348003,37.934358537928226],[-122.25486953342281,37.93436071572998],[-122.25487047240087,37.934362890694032],[-122.25487141818198,37.934365064655871],[-122.25487382282077,37.934370562945745],[-122.2548742705532,37.934371548469578],[-122.25487473633466,37.934372527417175],[-122.25487523038029,37.934373498735766],[-122.25487574249622,37.934374464378912],[-122.25487627830543,37.934375421559807],[-122.25487682654069,37.934376374951448],[-122.25487739280364,37.934377320866083],[-122.25487797035517,37.934378263008384],[-122.25488219781609,37.934385013866233],[-122.25488412211608,37.934388101485581],[-122.25488603514896,37.934391193778033],[-122.25488793352388,37.934394291695128],[-122.25488982061037,37.934397393384479],[-122.25489166905381,37.934400448787642],[-122.25491715462206,37.934559886872357],[-122.25491713988023,37.934561522691801],[-122.25491708758301,37.934563158167855],[-122.2549170102418,37.934564793114802],[-122.25491691697694,37.934566428298211],[-122.2549168248282,37.934568062563962],[-122.25491673725034,37.934569697662901],[-122.2549166508099,37.934571332745023],[-122.2549157696467,37.9345884173567],[-122.25491572949583,37.934589604777187],[-122.25491571552645,37.934590792709962],[-122.25491574366208,37.934591980918462],[-122.25491579793643,37.934593167837562],[-122.25491589201974,37.934594354165313],[-122.25491601108307,37.934595538319719],[-122.25491616763784,37.934596720114946],[-122.25491635031003,37.934597899719932],[-122.25491877233782,37.934612108336431],[-122.25491906760863,37.934613910770878],[-122.25491934813603,37.934615715226599],[-122.25491960479938,37.934617520937927],[-122.25491984671929,37.934619328670607],[-122.25492005795077,37.93462113776026],[-122.25492024079007,37.93462294907394],[-122.25492038386312,37.934624762780615],[-122.25492050079735,37.934626577776768],[-122.25492110286216,37.93463797297882],[-122.25492119967298,37.934640043301329],[-122.25492128053899,37.93464211295953],[-122.25492133638215,37.934644182989409],[-122.2549213763232,37.934646254156632],[-122.25492141624288,37.934648324423023],[-122.25492147097005,37.934650395370625],[-122.25492154956119,37.934652465062626],[-122.25492164521334,37.934654534501171],[-122.25492217858123,37.934664902503172],[-122.25492229336352,37.934667059069803],[-122.25492241271671,37.9346692164697],[-122.25492254001034,37.934671372850524],[-122.25492267071624,37.934673529180607],[-122.2549227729658,37.934675685032289],[-122.25492283085688,37.934677841542829],[-122.2549228250537,37.934679998999421],[-122.25492277487065,37.934682156214116],[-122.25492234390073,37.934693410860326],[-122.25492226917029,37.934695396318602],[-122.25492219785197,37.934697381726167],[-122.25492212880849,37.934699367099938],[-122.25492206317716,37.934701352423026],[-122.25492201346947,37.934703337509667],[-122.25492198539362,37.934705323176054],[-122.25492198691148,37.934707309304059],[-122.25492200890247,37.934709295127959],[-122.25492223973988,37.934721494269219],[-122.25492223440439,37.934723383174038],[-122.25492217440973,37.934725270187265],[-122.25492203129974,37.934727154830433],[-122.25492183464657,37.934729036664301],[-122.2549215639346,37.934730914191327],[-122.25492124987343,37.934732786955202],[-122.254920873042,37.934734651639957],[-122.25492045286141,37.934736511561603],[-122.25491500128636,37.934758887167497],[-122.2549149433728,37.934759132241318],[-122.25491489003005,37.934759378148428],[-122.25491484123695,37.934759623987965],[-122.25491479587734,37.934759870677631],[-122.25491475508869,37.934760118200607],[-122.25491471884965,37.934760365655961],[-122.2549146871815,37.934760613944576],[-122.25491466006298,37.934760862165632],[-122.25491428685989,37.934764657976359],[-122.25491407370853,37.934766804094266],[-122.2549138605571,37.934768950212231],[-122.25491364510955,37.934771095463141],[-122.25491342854589,37.934773241631788],[-122.25491215960169,37.934785770344753],[-122.25491212240348,37.934786121447431],[-122.25491208293046,37.93478647258393],[-122.25491204002392,37.934786822870223],[-122.25491199370516,37.934787173207241],[-122.25491188796667,37.934787945267281],[-122.25491184232291,37.934788228007442],[-122.2549088228817,37.934809718596505],[-122.25490867926156,37.934810668747183],[-122.25490852426736,37.934811619066799],[-122.25490834985206,37.934812566070242],[-122.25490816290402,37.934813512358687],[-122.25490795084782,37.934814455415477],[-122.25490771821183,37.934815394272121],[-122.25490745473802,37.934816328179906],[-122.25490717070568,37.934817258788463],[-122.25490649330956,37.934819355930316],[-122.25490586659826,37.93482133516887],[-122.2549052547371,37.93482331689038],[-122.25490466802668,37.934825303645212],[-122.25490409616647,37.9348272928829],[-122.25490160291734,37.934836168466433],[-122.25490073956992,37.934839590367901],[-122.25490000174173,37.934843027526973],[-122.25489945216052,37.934846486221119],[-122.25489902923594,37.93484996015593],[-122.25489901019262,37.934850165001528],[-122.25489871597868,37.934853548711125],[-122.25489845363326,37.934856932848511],[-122.25489824141872,37.934860319845967],[-122.25489806109404,37.934863708171989],[-122.2548979274455,37.934867097607054],[-122.2548978222532,37.934870487520612],[-122.25489775918744,37.934873878610709],[-122.25489772569411,37.934877269261584],[-122.25489771874442,37.934879186126196],[-122.25489779879084,37.934882326371195],[-122.2548979992951,37.934885460321233],[-122.25489838157029,37.934888582559665],[-122.25489888430332,37.934891698503144],[-122.25489891805658,37.934891874628605],[-122.25489947550533,37.934894898742485],[-122.25490000460434,37.93489792688208],[-122.25490049282101,37.934900958332378],[-122.25490095380414,37.934903992890689],[-122.25490132501787,37.934907032386995],[-122.25490160302869,37.934910075971153],[-122.25490174238324,37.934913126120655],[-122.2549017896509,37.934916179440279],[-122.25490176432524,37.93491948255754],[-122.25490179521373,37.93492242077231],[-122.25490189544112,37.934925356154842],[-122.25490210028808,37.934928289082258],[-122.25490237561137,37.934931219160511],[-122.25490279281114,37.934934134515217],[-122.25490332911825,37.934937034583413],[-122.25490404462296,37.934939910362083],[-122.25490487807622,37.934942769970284],[-122.25490782379583,37.934951849531146],[-122.25490795833154,37.934952293605591],[-122.25490808153587,37.934952739650697],[-122.25490818660573,37.934953188668629],[-122.25490827918547,37.934953638773223],[-122.25490835249349,37.934954091867553],[-122.25490841331131,37.934954546048601],[-122.25490845481465,37.93495500141762],[-122.25490848266917,37.934955456989421],[-122.25490912450569,37.934971751191547],[-122.25490923817655,37.934973428358923],[-122.2549094142979,37.934975100092927],[-122.25490968467435,37.934976764118815],[-122.25491001863871,37.934978422694407],[-122.25491043994842,37.934980070059872],[-122.25491091559745,37.934981705804248],[-122.25491147054476,37.93498332685347],[-122.25491207869398,37.934984936298569],[-122.25491870796978,37.935001292058537],[-122.25491905492494,37.935002153818168],[-122.254919400764,37.935003016495536],[-122.25491974432838,37.935003879206732],[-122.25492008450178,37.935004742869403],[-122.25492057364153,37.935005987311186],[-122.25492065904049,37.935006230256278],[-122.25492073085461,37.935006476106686],[-122.25492078339687,37.93500672494676],[-122.25492082231159,37.935006974890399],[-122.25492084650411,37.935007227756223],[-122.25492086271349,37.935007479839463],[-122.25492086757016,37.935007732992482],[-122.25492086446498,37.935007986263798],[-122.25492013537274,37.935029811405137],[-122.25492010849189,37.935030646275926],[-122.25492008158966,37.935031480245925],[-122.25492005470882,37.935032315116722],[-122.25492002782796,37.935033149987554],[-122.25491997631977,37.93503481879457],[-122.25491998283945,37.935034998028016],[-122.25492008935396,37.935035700249628],[-122.25492014203186,37.935036050918455],[-122.25492019359369,37.935036402505027],[-122.25492024401809,37.935036754108481],[-122.2549202932838,37.935037104828005],[-122.25492331764599,37.935059163487999],[-122.25492339289532,37.93505969855881],[-122.25492347269416,37.935060233562005],[-122.2549235570427,37.935060768497635],[-122.2549236436447,37.935061302498653],[-122.25492373818717,37.935061835480504],[-122.25492383955412,37.935062368361024],[-122.254923951115,37.935062899287814],[-122.2549240683629,37.935063430130178],[-122.25492809460555,37.935080853675565],[-122.2549284644976,37.935082347706796],[-122.25492886269676,37.935083835910639],[-122.25492930624279,37.935085317132788],[-122.2549297803708,37.935086792493728],[-122.25493030428861,37.935088256301228],[-122.25493086441136,37.935089711460506],[-122.25493147769355,37.935091153214017],[-122.25493212715932,37.935092585418445],[-122.25493279304628,37.935093990344228],[-122.25493381839971,37.93509611265867],[-122.25493486523582,37.935098229247025],[-122.2549359436847,37.935100335453093],[-122.25493704245761,37.935102435049124],[-122.25494050761849,37.935108944903526],[-122.25494149708565,37.935110801008378],[-122.25494248880638,37.93511265617861],[-122.25494348391801,37.935114510397312],[-122.2549444801671,37.935116364599118],[-122.25494547866978,37.935118217866275],[-122.25494647603503,37.935120071150315],[-122.2549474722843,37.935121925352064],[-122.25494846964966,37.935123778636104],[-122.25495657056268,37.935138855419964],[-122.25495695041748,37.935139568901015],[-122.25495732690277,37.935140284234443],[-122.25495769658497,37.935141000570077],[-122.25495806289761,37.935141718758075],[-122.25495852249286,37.935142628408038],[-122.25495865166806,37.935142894133001],[-122.25495877404018,37.935143160860115],[-122.25495888737711,37.935143430424887],[-122.25495899393223,37.935143701892741],[-122.25495909484304,37.935143975246739],[-122.25495919120418,37.935144248668344],[-122.2549592830584,37.935144523959174],[-122.25495937150041,37.935144799300723],[-122.25496482038,37.935162286421644],[-122.25496530771777,37.935163839085753],[-122.25496580185869,37.935165390747656],[-122.25496630394008,37.935166941390406],[-122.25496681052846,37.935168490163939],[-122.25496688406308,37.935168712558593],[-122.25496737991654,37.935170144341157],[-122.25496790178096,37.935171569429244],[-122.25496846551616,37.935172984883806],[-122.25496905639976,37.935174393626937],[-122.25496968687921,37.935175792770409],[-122.25497034105229,37.935177183451493],[-122.25497103136634,37.935178562781836],[-122.25497174655401,37.935179935434576],[-122.25497609484867,37.935188038932971],[-122.25497723617052,37.935190205483401],[-122.25497835150279,37.935192379629129],[-122.25497943071539,37.935194566026404],[-122.25498048393841,37.935196760019018],[-122.25498149082651,37.935198967316055],[-122.25498246155233,37.935201185062958],[-122.25498337570657,37.935203416266397],[-122.25498425369848,37.935205657919738],[-122.25499080005648,37.935222979145188],[-122.25499102071696,37.935223552608029],[-122.25499124702182,37.935224124184685],[-122.25499148126717,37.935224694742246],[-122.25499172115683,37.935225263413699],[-122.25499197010316,37.935225830148227],[-122.25499222806343,37.935226393144276],[-122.25499249733369,37.935226953268824],[-122.25499277566061,37.935227511456567],[-122.25499306797771,37.935228083854973],[-122.25499323965708,37.935228414732919],[-122.25499341358997,37.935228744676266],[-122.25499359316719,37.935229072733456],[-122.25499377499793,37.935229399856013],[-122.2549939613569,37.935229726010142],[-122.25499415222291,37.935230050295019],[-122.25499434757445,37.93523037180978],[-122.25499454633831,37.935230693273866],[-122.25500171525727,37.935242063921976],[-122.25500291608655,37.935243956537626],[-122.25500412483514,37.935245847233276],[-122.25500534485116,37.935247733255743],[-122.25500657274378,37.935249615556579],[-122.25500778711556,37.935251503465253],[-122.25500897554035,37.935253400770847],[-122.25501012451865,37.935255313982076],[-122.25501124643388,37.935257237507997],[-122.25501202630593,37.935258602891565],[-122.25501350938812,37.935261219449373],[-122.25501497667472,37.935263841648741],[-122.25501642252134,37.93526647137579],[-122.2550178548472,37.935269106710628],[-122.25502198697791,37.935276778159384],[-122.25502274963991,37.935278137490442],[-122.25502354500938,37.93527948462058],[-122.25502438883944,37.935280812106569],[-122.25502526651445,37.935282127374762],[-122.2550255928398,37.935282598338318],[-122.25502633946961,37.935283665031449],[-122.25502709509205,37.935284727085161],[-122.25502786537278,37.935285783514189],[-122.25502864464613,37.935286835303863],[-122.25502944190471,37.935287877814822],[-122.25503025266285,37.935288913817104],[-122.2550310847971,37.935289939589147],[-122.25503193154695,37.935290957934825],[-122.25503644763859,37.935296296891778],[-122.25503823050325,37.935298311528946],[-122.25504008290589,37.935300283679837],[-122.25504203849954,37.935302193019204],[-122.25504406249379,37.935304059889226],[-122.25504536174122,37.935305207587845],[-122.25504678432711,37.935306470604658],[-122.2550482024488,37.935307737292426],[-122.25504961271528,37.935309008602658],[-122.25505101851758,37.935310283583838],[-122.25505239180437,37.935311578873467],[-122.25505372809012,37.93531289724163],[-122.25505500715741,37.935314249802531],[-122.25505624924503,37.935315626342856],[-122.25506365639063,37.935324131373434],[-122.25506474102458,37.935325345340864],[-122.25506584922405,37.935326545440823],[-122.25506699330866,37.935327723379984],[-122.25506815984279,37.935328888369426],[-122.25506842885594,37.935329149313496],[-122.25506950510716,37.935330153435793],[-122.25507061492597,37.935331133629333],[-122.25507177505355,37.935332076128148],[-122.25507296986478,37.935332993780413],[-122.25507419483138,37.93533388755467],[-122.25507542984269,37.935334773069286],[-122.25507667708821,37.935335646687108],[-122.25507793328367,37.935336513863845],[-122.25508456567213,37.935341034671332],[-122.25508734380597,37.935342939901545],[-122.25509011189527,37.935344853391264],[-122.25509286665581,37.935346780596333],[-122.25509561135047,37.935348715160096],[-122.25509799528592,37.935350406363533],[-122.25509954580222,37.93535149806182],[-122.25510110299373,37.93535258335281],[-122.25510267134595,37.935353659466408],[-122.25510424637335,37.935354729172715],[-122.25510583138153,37.935355787916848],[-122.25510742533966,37.93535684021991],[-122.25510903039455,37.935357880643089],[-122.2551106432407,37.935358913741219],[-122.25511119770879,37.935359265066197],[-122.25511308110322,37.935360479783604],[-122.25511494891535,37.935361709151017],[-122.2551167922379,37.935362961411094],[-122.25511861886211,37.935364229238907],[-122.25513229944868,37.9353738684473],[-122.25513431417366,37.935375295688829],[-122.25513632108614,37.935376729354481],[-122.25513831795413,37.935378171279744],[-122.25514030812568,37.935379618711359],[-122.25514230499377,37.935381060636509],[-122.2551443185604,37.935382486993944],[-122.25514635554333,37.935383893178006],[-122.25514840924612,37.935385284695123],[-122.25514927865791,37.935385866543264],[-122.25515127836923,37.935387236333462],[-122.25515325022144,37.935388630868758],[-122.25515517856817,37.935390062096623],[-122.25515707905581,37.935391518069494],[-122.25515891807399,37.935393020914596],[-122.25516070448749,37.935394560587419],[-122.25516241142509,37.935396155510297],[-122.25516406464179,37.935397788178634],[-122.25516894645919,37.935402810798337],[-122.25517035181856,37.935404211045544],[-122.25517179076685,37.935405588264786],[-122.25517328347881,37.935406929540207],[-122.25517481091707,37.935408247770802],[-122.25517641527927,37.935409499074126],[-122.25517808639263,37.935410686304785],[-122.25517985992893,37.935411778293499],[-122.25518170023767,37.935412807110417],[-122.25518244323229,37.93541319168061],[-122.25518472994686,37.935414332818475],[-122.255187045274,37.935415432979191],[-122.25518940690039,37.935416470272131],[-122.25519179827678,37.935417466571081],[-122.25519801836414,37.935419951475339],[-122.25519950851807,37.935420560147662],[-122.25520098873398,37.935421181583834],[-122.25520245579179,37.935421823942058],[-122.25520391293284,37.935422479964934],[-122.25520536238952,37.935423147817026],[-122.25520680963534,37.935423818405425],[-122.25520825243827,37.935424493565563],[-122.25520969530523,37.935425171428193],[-122.25521425538433,37.93542732233221],[-122.25521799418615,37.93542905017825],[-122.25522175943257,37.935430741584916],[-122.25522556432445,37.935432377431916],[-122.25522939338609,37.935433976873469],[-122.25524052183056,37.935438520993664],[-122.25524119258489,37.935438785881622],[-122.25524186995037,37.935439041659862],[-122.25524255491496,37.935439282005468],[-122.25524324651201,37.935439514142182],[-122.25524394459219,37.935439731764042],[-122.25524464589255,37.935439941227585],[-122.25524535371862,37.935440137978048],[-122.25524606474369,37.935440325669397],[-122.2552486907091,37.935440994065424],[-122.25525071796905,37.935441509147765],[-122.25525274741858,37.935442020592866],[-122.25525477678271,37.935442528434614],[-122.25525680835771,37.935443033540047],[-122.25527029543959,37.935446374716783],[-122.25527189260161,37.935446793456613],[-122.2552734756601,37.93544724124299],[-122.2552750380892,37.935447730788979],[-122.25527658753091,37.935448248463864],[-122.25527811956347,37.935448799740172],[-122.25527964285942,37.935449366465868],[-122.2552811507865,37.935449956850022],[-122.25528264997693,37.935450562683613],[-122.25529319629194,37.935454932512499],[-122.25529623016772,37.935456153564701],[-122.25529928703308,37.935457336426737],[-122.255302376698,37.93545846292961],[-122.25530549046852,37.935459550324531],[-122.25530848643123,37.935460563772402],[-122.25531013272389,37.935461087217156],[-122.25531179402289,37.935461571689224],[-122.25531348125421,37.935461998101893],[-122.25531518578795,37.935462386408886],[-122.25531690842026,37.935462722179899],[-122.255318638289,37.935463027203973],[-122.2553203807185,37.935463286082374],[-122.25532213152189,37.935463514197075],[-122.25534558867056,37.935466254858852],[-122.25534606671752,37.935466309936231],[-122.25534654472173,37.935466363211958],[-122.25534702266201,37.935466413785193],[-122.255347501697,37.935466462539786],[-122.25534798077464,37.935466513096074],[-122.25534845875757,37.935466565470961],[-122.2553489356884,37.935466621466112],[-122.25534941270459,37.935466681064611],[-122.2553537461292,37.935467236678051],[-122.25535638834364,37.935467582216063],[-122.25535902959145,37.935467934977602],[-122.25536166772568,37.935468300401617],[-122.25536430377718,37.935468673966867],[-122.25537520816653,37.935470243078981],[-122.25537629278126,37.935470399085382],[-122.25537737739596,37.935470555091754],[-122.25537846198935,37.935470710197357],[-122.25537954658272,37.935470865302882],[-122.2553806323135,37.935471020391518],[-122.25538171688558,37.935471174596209],[-122.25538280143626,37.935471327900039],[-122.2553838871244,37.935471481187008],[-122.25539976586467,37.935473716240303],[-122.25540206741795,37.935474042507487],[-122.25540436789781,37.935474371494003],[-122.25540666734696,37.935474705001631],[-122.25540896686012,37.935475041211717],[-122.25541126433322,37.935475387364782],[-122.25541355858614,37.9354757416761],[-122.25541584976824,37.935476110451511],[-122.25541813888894,37.93547648826906],[-122.25541819942772,37.935476498183448],[-122.25542051507158,37.935476890926537],[-122.25542283084347,37.935477289074647],[-122.25542514337391,37.93547769448012],[-122.25542745598972,37.935478103488897],[-122.25543888820287,37.93548014777307],[-122.2554409353329,37.935480540900734],[-122.25544296962484,37.935480968463025],[-122.2554449857757,37.935481446759688],[-122.25544699020462,37.935481958573234],[-122.25544897636445,37.935482515716096],[-122.25545094947287,37.935483098285246],[-122.25545290414148,37.93548371897694],[-122.25545484578009,37.935484365995741],[-122.25545577613597,37.935484686501738],[-122.25545817919564,37.935485503291453],[-122.25546058880249,37.935486308268771],[-122.25546300819786,37.935487094176345],[-122.25546543300304,37.935487868288412],[-122.25548284159423,37.93549334819572],[-122.25548313623449,37.935493442043985],[-122.25548343093878,37.935493538594798],[-122.25548372341098,37.935493636981043],[-122.25548401480971,37.935493738086755],[-122.25548430399763,37.935493841928746],[-122.25548459211223,37.935493948490162],[-122.25548487694257,37.935494060507324],[-122.25548516069949,37.935494175243903],[-122.25548533881182,37.935494249195827],[-122.25548570887746,37.93549440500437],[-122.2554860767323,37.935494563549263],[-122.25548644126022,37.935494725748207],[-122.25548680471478,37.935494890666554],[-122.255498678769,37.935500360887644],[-122.25550241884659,37.935502094112728],[-122.25550615235593,37.935503838249176],[-122.25550987371668,37.935505597885658],[-122.25551358737184,37.935507368450466],[-122.25551729205587,37.935509144555354],[-122.25551914397862,37.935510038922111],[-122.2555209903424,37.935510938778336],[-122.25552283007382,37.935511846843511],[-122.25552466542632,37.935512762183016],[-122.25552649745202,37.935513681176552],[-122.25552832838301,37.935514601988586],[-122.25553015817665,37.935515522817518],[-122.25553198801302,37.935516445448087],[-122.2555365551256,37.935518748530953],[-122.25553796464324,37.935519459326883],[-122.25553937416093,37.935520170122722],[-122.25554078479472,37.935520880000809],[-122.25554219542857,37.93552158987891],[-122.25554360606239,37.935522299757004],[-122.2555450166749,37.935523008734201],[-122.25554642951963,37.935523715875973],[-122.25554784236436,37.935524423017654],[-122.25555213611324,37.935526569755801],[-122.25555280986336,37.935526912998235],[-122.25555347921326,37.935527262614109],[-122.25555414079336,37.935527620455865],[-122.2555547979731,37.935527984671083],[-122.25555545068865,37.935528352557299],[-122.25555610456291,37.935528721327429],[-122.2555567572998,37.935529090114422],[-122.25555741003664,37.935529458901435],[-122.25556296061788,37.935532595358872],[-122.25556642349248,37.93553449040342],[-122.25556993054067,37.935536328919781],[-122.25557350614525,37.935538083510849],[-122.25557712821956,37.935539782440728],[-122.25559105895262,37.935546096214694],[-122.25559112798682,37.935546128531691],[-122.25559119476755,37.93554616178335],[-122.25559126159092,37.935546196836675],[-122.25559132618224,37.935546233725532],[-122.25559158235788,37.93554638491797],[-122.25559164469566,37.935546422741446],[-122.25559170707611,37.935546462366609],[-122.25559176722446,37.935546503827233],[-122.25559182625673,37.935546546205572],[-122.2555919744914,37.935546655746414],[-122.25559210766237,37.935546753796082],[-122.25559224192806,37.935546850027073],[-122.25559237730981,37.935546945340406],[-122.25559251380761,37.935547039735958],[-122.25560686120025,37.935556869039111],[-122.25560994135421,37.935558890524433],[-122.25561308920462,37.935560839812347],[-122.25561633804151,37.93556268126305],[-122.2556196557122,37.935564450499427],[-122.25562404945953,37.935566687667112],[-122.25562523398273,37.935567266631715],[-122.2556264350123,37.935567821920927],[-122.25562766139147,37.935568342589505],[-122.25562890311819,37.935568838698742],[-122.25563016032054,37.935569315653701],[-122.2556314174803,37.935569790806973],[-122.25563267794551,37.935570261405324],[-122.25563393838947,37.935570731102807],[-122.25563693205216,37.935571839198197],[-122.25563928102665,37.935572726177035],[-122.25564162019138,37.935573631324786],[-122.25564394066036,37.935574563785011],[-122.25564625018204,37.935575514431001],[-122.25564855315677,37.935576476889317],[-122.25565085718358,37.935577435727289],[-122.25565316453734,37.935578390911154],[-122.25565547408063,37.9355793424578],[-122.25565568779452,37.935579430298979],[-122.25565811624753,37.935580406212125],[-122.25566055893212,37.935581358483731],[-122.25566302353269,37.935582275284439],[-122.25566550124881,37.935583169361315],[-122.25567421901768,37.93558623712179],[-122.25567789029731,37.93558751537816],[-122.25568156808154,37.935588780020467],[-122.25568525898126,37.935590021938843],[-122.25568895752288,37.935591250226089],[-122.25569343554396,37.935592721957661],[-122.25569490209492,37.935593198504456],[-122.25569637195144,37.935593670496345],[-122.25569784616559,37.935594134313071],[-122.2556993236425,37.935594591773139],[-122.25570080326625,37.935595043794393],[-122.2557022851222,37.935595493980088],[-122.25570376689275,37.935595940562479],[-122.25570525089556,37.935596385309289],[-122.2557110847594,37.935598127064708],[-122.25571410435407,37.935599032913544],[-122.25571712178073,37.935599943300353],[-122.25572013596596,37.935600860944483],[-122.25572314686706,37.93560178404428],[-122.2557259251663,37.935602638507959],[-122.25572754801263,37.935603132557212],[-122.25572917523783,37.935603619332106],[-122.25573080675665,37.935604095229358],[-122.25573244265438,37.935604563852181],[-122.25573408284572,37.935605021597311],[-122.25573572627853,37.935605472084994],[-122.25573737396223,37.93560590989329],[-122.2557390260036,37.935606339526387],[-122.25575729188283,37.935611022647322],[-122.25575875332135,37.935611379415406],[-122.25576022216684,37.935611712643336],[-122.25576170273423,37.93561201235422],[-122.25576319073002,37.935612289425791],[-122.25576468722751,37.935612541138575],[-122.2557661868598,37.935612781089688],[-122.25576769063629,37.935613003857284],[-122.25576919643147,37.935613215780918],[-122.25577356130356,37.935613801551057],[-122.25577723049133,37.935614367020158],[-122.25578087108188,37.935615022128701],[-122.25578446714519,37.935615814874716],[-122.25578803463259,37.935616698160999],[-122.25579825917765,37.935619442533863],[-122.25579964706887,37.935619816615265],[-122.25580103272797,37.93562019253217],[-122.25580241842977,37.935620570250713],[-122.25580380305817,37.935620950688659],[-122.25580519412692,37.935621314810057],[-122.25580659262404,37.935621656292149],[-122.255808002843,37.935621964257116],[-122.25580942274379,37.935622248648187],[-122.25582475593811,37.935625131573957],[-122.25582639936941,37.935625437875274],[-122.25582804496884,37.93562573963856],[-122.25582969271504,37.935626035962962],[-122.25583134149194,37.935626327766229],[-122.25583364031628,37.935626730663991],[-122.25583413857566,37.935626822386517],[-122.25583463578297,37.935626917729323],[-122.25583512974882,37.93562702032952],[-122.25583562270531,37.935627128351655],[-122.25583611351502,37.935627241812675],[-122.2558366032727,37.935627358893896],[-122.25583709086224,37.935627480513162],[-122.25583757626234,37.935627605769604],[-122.25585876091166,37.935633164678542],[-122.25586075403743,37.935633679356634],[-122.25586274922459,37.935634184992523],[-122.25586475205355,37.935634676997445],[-122.25586675692261,37.935635159059245],[-122.25586876617061,37.935635633846665],[-122.25587077535455,37.935636105931586],[-122.2558727856119,37.935636575297032],[-122.25587479696405,37.935637042843879],[-122.2558787349663,37.935637956667279],[-122.25588271749844,37.935638877038045],[-122.25588669998804,37.935639795606981],[-122.25589068462448,37.935640708736969],[-122.25589467031307,37.935641618246535],[-122.25590171155307,37.935643222194862],[-122.25590368013829,37.935643661539757],[-122.25590565301708,37.935644090006967],[-122.25590763117746,37.935644501273607],[-122.25590961365275,37.935644902563354],[-122.2559116003148,37.935645288471214],[-122.25591359019708,37.935645666220722],[-122.25591558321406,37.935646032208588],[-122.25591757829257,37.935646389154208],[-122.25593988707678,37.93565031376464],[-122.25594018069373,37.935650364371476],[-122.25594047426803,37.935650413176582],[-122.25594076895844,37.935650461063979],[-122.25594106360609,37.935650507149631],[-122.25594135823239,37.935650552334508],[-122.25594165281608,37.935650595717689],[-122.25594194853711,37.935650639083981],[-122.25594224421552,37.935650680648536],[-122.25594468486108,37.935651018355358],[-122.25594620083028,37.935651227422092],[-122.25594771789417,37.935651434670248],[-122.25594923491538,37.935651640116667],[-122.25595075303133,37.935651843744481],[-122.25596573195146,37.93565384427761],[-122.2559672936307,37.935654061676274],[-122.25596885217514,37.935654290836567],[-122.25597040657551,37.935654537180376],[-122.25597195895723,37.935654794368119],[-122.25597350603607,37.935655067855436],[-122.25597505103214,37.93565534948408],[-122.25597659184145,37.935655646494688],[-122.25597813056808,37.935655951646574],[-122.25598925970773,37.935658216660244],[-122.25599244019,37.935658853368281],[-122.255995623743,37.935659475612098],[-122.25599881476705,37.935660077018184],[-122.25600200999931,37.935660663943146],[-122.25600756695714,37.935661667246031],[-122.25600798849807,37.935661738480306],[-122.25600840993219,37.935661805210366],[-122.25600883344916,37.935661863799062],[-122.25600925797538,37.935661916965763],[-122.25600968460569,37.935661962892013],[-122.25601011119333,37.935662007016532],[-122.25601053879032,37.935662045719148],[-122.2560109663019,37.935662080818311],[-122.25601979138224,37.935662761595459],[-122.25602398923965,37.935663117340198],[-122.25602818009573,37.935663513740892],[-122.25603236105053,37.935663972468504],[-122.2560365350253,37.935664472752897],[-122.25603865890086,37.935664743073396],[-122.25604176239055,37.935665155635199],[-122.25604486068418,37.935665589000699],[-122.25604795180571,37.935666055815624],[-122.25605103773115,37.93566654343423],[-122.25605411642051,37.935667061799712],[-122.25605718866962,37.93566759648165],[-122.25606025475597,37.935668159190961],[-122.25606331553954,37.935668738199858],[-122.25607722553283,37.935671436782684],[-122.25607846472117,37.935671681502093],[-122.25607970062532,37.935671931677241],[-122.25608093446813,37.935672190894643],[-122.25608216730161,37.935672455533947],[-122.25608339899772,37.935672720190155],[-122.25608463286184,37.935672980308361],[-122.2560858688301,37.935673233185966],[-122.25608710580774,37.935673480641626],[-122.25609791774014,37.935675611581694],[-122.25610042455243,37.935676100597469],[-122.25610293346877,37.935676582372651],[-122.25610544558393,37.935677055088632],[-122.25610795980319,37.935677520564077],[-122.25611099958041,37.93567807735505],[-122.25611199391112,37.935678264434905],[-122.25611298497893,37.935678457871319],[-122.25611397286934,37.935678661267765],[-122.25611495863443,37.935678871003816],[-122.25611594231675,37.935679088881287],[-122.25611692492569,37.935679309478154],[-122.25611790540928,37.935679536414689],[-122.25611888370338,37.935679766988414],[-122.25613533160228,37.935683690363057],[-122.25613896961674,37.935684572590567],[-122.25614260119109,37.935685471134526],[-122.25614622087299,37.935686395988668],[-122.25614983527352,37.935687338043259],[-122.25615343559214,37.935688310045172],[-122.25615702620784,37.935689304720178],[-122.25616060168971,37.935690332962821],[-122.2561641674686,37.935691383878527],[-122.25616725926325,37.935692311171657],[-122.25617009648174,37.935693154836486],[-122.25617293685636,37.93569398764047],[-122.25617578485138,37.935694805912604],[-122.25617863604522,37.93569561512556],[-122.25618170237499,37.935696476111175],[-122.25618302636097,37.935696842126497],[-122.25618435474716,37.935697201768249],[-122.25618568628951,37.935697550549165],[-122.25618702109468,37.935697892973508],[-122.25618835909859,37.935698226338737],[-122.25618969924926,37.935698554265024],[-122.2561910426201,37.935698874033058],[-122.25619238815902,37.935699189263083],[-122.2562027283618,37.935701579529585],[-122.25620476811045,37.935702044846437],[-122.25620681223793,37.935702502888873],[-122.25620885947885,37.935702948268847],[-122.25621090993992,37.935703385490449],[-122.25621152399695,37.935703514239876],[-122.25621327009158,37.935703879387347],[-122.25621501614356,37.935704242733124],[-122.25621676436367,37.935704601540841],[-122.25621851367846,37.935704958529946],[-122.25622026290795,37.93570531191569],[-122.25622201323212,37.935705663482786],[-122.25622376572447,37.935706010511851],[-122.25622551817408,37.935706355739228],[-122.25623479801888,37.935708173309003],[-122.25623895335133,37.935708991070832],[-122.2562431076318,37.935709812452743],[-122.25624725978705,37.9357106401742],[-122.25625140977425,37.935711472433532],[-122.25625275424632,37.93571174262086],[-122.25625623098824,37.935712445208246],[-122.25625970665698,37.935713150515021],[-122.25626318129504,37.935713860342844],[-122.25626665488116,37.93571457379074],[-122.25627013370608,37.935715268236414],[-122.25627362103269,37.935715937323188],[-122.25627711877279,37.935716565703025],[-122.25628062613063,37.935717167806153],[-122.2562888255804,37.935718527423177],[-122.25629175719021,37.935718984887856],[-122.25629469588677,37.93571940529965],[-122.25629764690868,37.935719769656423],[-122.25630060617604,37.935720097844232],[-122.25630357141391,37.93572038989695],[-122.25630653869189,37.935720672006518],[-122.25630950899782,37.935720937850178],[-122.2563124802064,37.93572119376762],[-122.25632031474339,37.935721846892768],[-122.25632198626913,37.935721994165888],[-122.25632365577624,37.935722152282935],[-122.25632532339282,37.935722326648886],[-122.25632698896936,37.935722510957831],[-122.25632865046596,37.935722715152878],[-122.25633030891319,37.935722934712906],[-122.25633196111242,37.935723178697053],[-122.25633361026235,37.935723438046161],[-122.25635846846026,37.935727534649502],[-122.25635868415733,37.935727562082334],[-122.25635921051176,37.935727638966483],[-122.25635947316299,37.935727679218708],[-122.2563597358569,37.935727721272578],[-122.25635999745613,37.93572776514506],[-122.25636025911935,37.935727811720056],[-122.25638028742998,37.935731481778539],[-122.25638186412144,37.935731804383991],[-122.25638342357503,37.935732167797781],[-122.25638495834117,37.935732593758381],[-122.25638647586946,37.935733060527326],[-122.25638728208955,37.935733327900856],[-122.2563883632258,37.935733720954147],[-122.25638941796073,37.9357341522485],[-122.25639043307247,37.935734640003631],[-122.25639142062421,37.93573516511595],[-122.25639237728913,37.935735731239454],[-122.25639331723441,37.935736312030002],[-122.25639423496514,37.935736915679783],[-122.25639513597629,37.935737533996587],[-122.25639948490773,37.935740615285326],[-122.25640252025991,37.935742809537466],[-122.25640551657141,37.935745036811511],[-122.25640845484763,37.935747311808491],[-122.2564113540832,37.935749619827419],[-122.25641478698479,37.935752409241111],[-122.256415971406,37.935753367586628],[-122.25641716031286,37.935754323161959],[-122.25641835368403,37.935755275066313],[-122.25641955040338,37.935756224217407],[-122.25642077051748,37.935757152294038],[-122.25642201962792,37.935758055608389],[-122.25642330992598,37.935758920461794],[-122.256424628083,37.935759760569788],[-122.25642530120841,37.935760173205708],[-122.25642697543798,37.935761202670186],[-122.25642864855148,37.935762233052394],[-122.25643031829557,37.935763265286951],[-122.25643198696625,37.93576430024094],[-122.25643571005399,37.935766611331296],[-122.25643891954532,37.935768759738146],[-122.25644198609515,37.935771022013434],[-122.25644483482053,37.935773455142133],[-122.2564475405831,37.935776001238494],[-122.25645219468042,37.935780724402981],[-122.25645246507227,37.935780995236151],[-122.25645273658024,37.935781265151583],[-122.25645301145778,37.935781533214644],[-122.25645328745132,37.935781800359926],[-122.25645357241611,37.935782061964922],[-122.25645386405597,37.935782317162548],[-122.25645416913122,37.935782563148848],[-122.25645448204034,37.935782803611787],[-122.25645930307337,37.935786360900167],[-122.25646004026702,37.935786884326909],[-122.25646079304289,37.935787393103475],[-122.25646157028673,37.935787878086188],[-122.25646236311282,37.935788348418711],[-122.25646317482658,37.935788799546174],[-122.25646399315136,37.935789241563747],[-122.25646482366744,37.935789669882723],[-122.25646566079455,37.935790089091832],[-122.25647147865449,37.935792930459897],[-122.25647516812349,37.9357948311211],[-122.25647877437885,37.935796821332701],[-122.25648225526649,37.935798946779371],[-122.25648565296191,37.935801162677237],[-122.25649495074678,37.935807529002183],[-122.256495362584,37.935807814854407],[-122.25649576993564,37.935808103476816],[-122.25649617172829,37.935808397588808],[-122.25649657015141,37.93580869355317],[-122.25649697306018,37.935808986747432],[-122.2564973826226,37.935809272633477],[-122.25649780555644,37.935809546605689],[-122.25649825821255,37.935809826444121],[-122.25649870823082,37.935810091002132],[-122.25649916157599,37.935810351905999],[-122.25649961936406,37.935810608238008],[-122.25650008050033,37.935810861816861],[-122.25650889905172,37.935815634810041],[-122.25651336203873,37.935818151175674],[-122.25651773831457,37.935820753539105],[-122.25652198795729,37.93582348574936],[-122.25652615091028,37.935826304858203],[-122.25653337361562,37.935831387242132],[-122.25653385407652,37.935831736056151],[-122.25653432337688,37.93583209404769],[-122.25653477816832,37.93583246396998],[-122.25653522291519,37.935832842152003],[-122.25653535771642,37.935832960902971],[-122.25653572499674,37.935833287068405],[-122.25653608888624,37.935833614185455],[-122.25653644944889,37.935833944956578],[-122.25653680775807,37.935834276662348],[-122.2565371649512,37.935834609285862],[-122.25653752102824,37.935834942827142],[-122.2565378771053,37.935835276368444],[-122.25653823316102,37.935835609008848],[-122.25654499841217,37.935841937284401],[-122.25654849002049,37.935845234975339],[-122.25655195473682,37.935848550187984],[-122.2565553779669,37.935851891249747],[-122.25655877544251,37.935855249816285],[-122.25656485999647,37.935861325974145],[-122.25656519109339,37.935861661689046],[-122.25656551770459,37.935862000174083],[-122.25656583871421,37.935862342347072],[-122.25656615410075,37.935862687307107],[-122.25656646049477,37.935863036906646],[-122.25656676128712,37.935863390194058],[-122.256567049696,37.935863749072574],[-122.2565673572216,37.935864146416556],[-122.25656764281607,37.935864530569283],[-122.25656792501967,37.935864915673605],[-122.25656820162162,37.935865304465842],[-122.25656847483258,37.935865694209632],[-122.25656890489266,37.935866316823493],[-122.25656939147025,37.93586701970127],[-122.2565698813961,37.935867719825822],[-122.25657037359673,37.935868419916495],[-122.25657086916699,37.935869118154777],[-122.25657708937675,37.935877845302223],[-122.25657845309921,37.935879743590917],[-122.25657982581428,37.935881637240108],[-122.25658121430386,37.935883524346622],[-122.25658261292347,37.9358854067968],[-122.25658400141319,37.935887293903249],[-122.25658536850557,37.935889190339473],[-122.25658670067975,37.93589110171331],[-122.25658801147796,37.935893023317675],[-122.25658885011588,37.935894274271639],[-122.25659053234138,37.935896840989329],[-122.25659217509909,37.935899422712282],[-122.25659375810761,37.93590202785245],[-122.25659419324002,37.935902768442475],[-122.25659530053227,37.935904648915681],[-122.256599444806,37.935911864145041],[-122.25664172917165,37.936131274642669],[-122.25664164809227,37.936132174301953],[-122.25664147675096,37.936133058181284],[-122.25664117173372,37.936133918815663],[-122.25664077761338,37.936134764554033],[-122.25664027466952,37.93613557946869],[-122.25663971876368,37.936136368136104],[-122.25663908459519,37.936137119217342],[-122.25663839862351,37.936137844935224],[-122.2566342078009,37.936141915591747],[-122.25663295779782,37.936143183180668],[-122.25663175163589,37.936144476251329],[-122.25663061581746,37.936145808828201],[-122.25662952495618,37.936147165969011],[-122.2566285066064,37.936148558078052],[-122.25662754224912,37.936149971913203],[-122.256626654889,37.936151417946427],[-122.25662581920388,37.936152883937943],[-122.25662051543596,37.936162756570603],[-122.25662036052009,37.936163037331475],[-122.25662020103319,37.936163317259116],[-122.25662003463641,37.936163593684867],[-122.25661986364723,37.936163868376603],[-122.25661968347326,37.936164139600258],[-122.25661949525194,37.936164407338907],[-122.25661929668709,37.936164670725596],[-122.2566190911909,37.936164929709548],[-122.25661566167267,37.936169100789883],[-122.25661371548362,37.936171431280997],[-122.25661174281355,37.936173748648457],[-122.2566097297784,37.936176043185917],[-122.2566076890821,37.936178322814918],[-122.25660525841784,37.936180999344039],[-122.25660366878546,37.936182723461933],[-122.25660205840191,37.936184436173313],[-122.25660041799691,37.936186130406661],[-122.25659875681936,37.936187812332633],[-122.2565970447625,37.936189459869887],[-122.25659528523857,37.936191072967716],[-122.25659345513623,37.936192636650105],[-122.25659157758818,37.93619416679379],[-122.25658021326483,37.936203105815508],[-122.25657903343608,37.936204021810347],[-122.2565778443371,37.936204930733737],[-122.25657664129018,37.936205827248351],[-122.25657542781414,37.936206715807486],[-122.25657422358705,37.936207610537267],[-122.25657304023909,37.936208522078559],[-122.25657188935813,37.936209459270721],[-122.25657075821897,37.936210413291334],[-122.25656704220292,37.936213634304146],[-122.25656598867023,37.936214550223518],[-122.25656493627497,37.93621546612588],[-122.25656388505988,37.93621638381309],[-122.2565628361195,37.936217301466428],[-122.2565617791104,37.936218214733898],[-122.25656071051357,37.936219119162118],[-122.25655962567257,37.936220010314479],[-122.25655852926512,37.936220893528315],[-122.25654768153433,37.936229497746304],[-122.25654576752294,37.936231025727935],[-122.25654386164415,37.936232560797826],[-122.2565419684904,37.936234104690122],[-122.25654008344804,37.936235654769881],[-122.25653821812608,37.936237220777237],[-122.25653637361921,37.936238800893619],[-122.25653455806027,37.936240402207382],[-122.25653276215759,37.936242016746213],[-122.25653175420641,37.936242935592205],[-122.25652946765392,37.936245019719181],[-122.25652717646624,37.936247100310418],[-122.25652488066463,37.936249178266692],[-122.25652258254537,37.936251254455037],[-122.2565140212352,37.936258969479361],[-122.25651193991645,37.936260831573627],[-122.2565098481687,37.936262685712393],[-122.25650773908188,37.936264528393913],[-122.25650561958744,37.936266364020867],[-122.25650351393399,37.936268207552409],[-122.25650143722852,37.936270072281303],[-122.25649940560828,37.936271966979241],[-122.25649740175575,37.936273881089782],[-122.25649715930629,37.936274117192781],[-122.25649507927159,37.936276177522181],[-122.25649302698324,37.936278256363352],[-122.25649101853604,37.936280360686268],[-122.25648903895124,37.936282482603168],[-122.25648719997002,37.936284487982789],[-122.25648511254725,37.936286764699545],[-122.25648302514571,37.936289042317156],[-122.25648093888148,37.936291319917764],[-122.25647885377583,37.936293598402294],[-122.25647682080528,37.936295820239948],[-122.2564757562298,37.93629699044893],[-122.25647469740549,37.936298163275865],[-122.25647364549106,37.93629933960468],[-122.2564725982117,37.936300519469206],[-122.2564715636148,37.936301706354449],[-122.25647053938265,37.936302898492549],[-122.25646953242544,37.936304099385367],[-122.25646853583301,37.936305305531008],[-122.25646613315435,37.936308251087034],[-122.25646395309803,37.936310940108221],[-122.2564617857026,37.936313635249228],[-122.25645963787805,37.936316340011977],[-122.25645750157702,37.9363190509115],[-122.2564510895111,37.936327242231947],[-122.25644971671409,37.936328946002071],[-122.25644830702844,37.936330629593954],[-122.25644684086178,37.936332282484983],[-122.25644533896524,37.936333916081701],[-122.25644378747626,37.936335521578606],[-122.25644220710328,37.936337108580616],[-122.25644058512111,37.936338668265314],[-122.25643893425497,37.936340209455075],[-122.25643244146946,37.936346147279174],[-122.25643034025862,37.936348130422644],[-122.25642829329655,37.936350146102406],[-122.25642632603351,37.936352211963289],[-122.25642441304055,37.936354311261276],[-122.25642260144302,37.936356464022516],[-122.25642086922429,37.936358653452267],[-122.25641925670658,37.936360900578819],[-122.25641772472646,37.936363185257868],[-122.25640957425327,37.936375993814877],[-122.25640906411765,37.936376793515713],[-122.25640855284468,37.936377593233438],[-122.25640804041289,37.936378392067262],[-122.2564075268436,37.936379190917975],[-122.25640699256594,37.936379980163792],[-122.25640643296597,37.936380757169879],[-122.25640583654149,37.936381516700209],[-122.25640521249854,37.936382263123789],[-122.25640401958177,37.936383635296835],[-122.25640276395137,37.936385049855474],[-122.25640148638952,37.93638645122266],[-122.25640017651017,37.936387833244893],[-122.25639884472075,37.936389202976592],[-122.25639643109022,37.936391638638909],[-122.25639389479218,37.936394227519152],[-122.25639138274273,37.9363968313585],[-122.25638890878329,37.936399458061629],[-122.25638646020987,37.936402099707038],[-122.25637577039102,37.936413768198491],[-122.25637559196262,37.936413969105544],[-122.25637541701043,37.936414172664378],[-122.2563752478095,37.936414378841178],[-122.25637508322231,37.93641458765287],[-122.25637492438628,37.936414799082549],[-122.25637476900519,37.936415012263168],[-122.25637461821648,37.936415227177825],[-122.25637447088279,37.936415443843465],[-122.25636127603333,37.936435197806993],[-122.25636052322102,37.936436320124699],[-122.25635976697509,37.936437441592361],[-122.25635900611537,37.936438560425074],[-122.256358241822,37.936439678407702],[-122.25635747750725,37.936440795489489],[-122.25635671435126,37.936441913455191],[-122.25635595351282,37.936443033188759],[-122.25635519610795,37.936444153772428],[-122.25634226660156,37.936463293705714],[-122.25634175969074,37.936464037486509],[-122.25634124934626,37.936464780417211],[-122.25634073322925,37.936465519829113],[-122.25634021365731,37.936466257490011],[-122.25633968030816,37.936466989948798],[-122.25633913541385,37.93646771536995],[-122.25633857096992,37.936468432070157],[-122.25633799500228,37.93646914263352],[-122.25633781356693,37.9364693607072],[-122.25633713193496,37.936470173770935],[-122.25633644453045,37.936470983315822],[-122.25633574791976,37.936471788491751],[-122.25633504553655,37.936472590148938],[-122.25632684968096,37.936481852419703],[-122.25632460310061,37.936484423474241],[-122.25632237961018,37.93648700860399],[-122.2563201941243,37.936489612994187],[-122.25631803398188,37.936492230524962],[-122.25631690175088,37.936493618916955],[-122.25631532961232,37.936495553641386],[-122.25631376095002,37.936497491017505],[-122.25631220033505,37.93649943187868],[-122.25631064431234,37.936501374473877],[-122.25630908601472,37.936503317102833],[-122.25630752308194,37.936505256196078],[-122.25630594980548,37.936507190937284],[-122.25630437075641,37.936509122159592],[-122.2563035335928,37.936510142097795],[-122.2563015365305,37.936512583280688],[-122.25629954524058,37.936515027982423],[-122.25629756315666,37.936517477053009],[-122.25629558796122,37.936519928724664],[-122.25629540781253,37.936520153087244],[-122.25629335004254,37.93652272133442],[-122.25629129570613,37.936525290431703],[-122.25628924600464,37.936527863064661],[-122.25628720089539,37.936530437431657],[-122.25627412425274,37.9365469229326],[-122.25627398720394,37.936547093486183],[-122.25627385131401,37.936547264923711],[-122.25627371424386,37.936547434576468],[-122.25627357605771,37.93654760514697],[-122.25627343898761,37.936547774799678],[-122.25627330193886,37.936547945353269],[-122.25627316604884,37.936548116790803],[-122.2562730312963,37.936548288211391],[-122.25627138571716,37.936550388938592],[-122.25627069654269,37.93655126789848],[-122.25627000736823,37.936552146858375],[-122.25626931819374,37.936553025818242],[-122.25626862901925,37.936553904778123],[-122.25626793984469,37.936554783737996],[-122.25626725067021,37.936555662697849],[-122.25626656379181,37.936556542524741],[-122.25626587693482,37.936557423252502],[-122.25625596762301,37.936570148001167],[-122.25625462560691,37.936571902677194],[-122.25625331005044,37.936573669576113],[-122.25625203359344,37.936575453916916],[-122.25625078132117,37.936577250514411],[-122.25624956351322,37.936579061018165],[-122.25624836639237,37.936580880225897],[-122.25624719914336,37.936582711605794],[-122.25624605258149,37.936584551689812],[-122.25624292936773,37.93658964639701],[-122.25624158661387,37.936591802098775],[-122.25624022201401,37.936593948212483],[-122.25623882408718,37.936596080403071],[-122.25623740321953,37.936598204824215],[-122.25623679301771,37.936599103336611],[-122.25623562257202,37.936600751829026],[-122.2562344026405,37.936602376725752],[-122.25623310672086,37.936603964002259],[-122.25623176127269,37.93660552588139],[-122.25623035593112,37.936607057110287],[-122.25622892286427,37.936608570728175],[-122.25622744593467,37.936610057963279],[-122.25622594130122,37.936611528488214],[-122.25620861498822,37.936628068138418],[-122.25620755537717,37.936629112108946],[-122.25620652344855,37.936630171888822],[-122.25620553422384,37.936631257167519],[-122.25620457154413,37.936632358272441],[-122.25620440663577,37.936632553571279],[-122.25620357764481,37.936633582398763],[-122.25620278777468,37.936634629569035],[-122.2562020554163,37.936635702919126],[-122.25620136329485,37.936636793694305],[-122.25620071027286,37.936637901911411],[-122.25620006871048,37.936639013562818],[-122.25619944551774,37.936640132150437],[-122.25619883494339,37.93664125505628],[-122.25619202367267,37.936654017556783],[-122.2561910221074,37.936655782491172],[-122.25618995620572,37.936657521347136],[-122.25618879382077,37.936659221986332],[-122.25618756591929,37.936660894762362],[-122.25618627827382,37.936662543193982],[-122.25618497333197,37.936664181969917],[-122.25618364536403,37.936665809373103],[-122.25618230014247,37.936667428922306],[-122.25617600989679,37.936674905600327],[-122.25617448686437,37.93667675218051],[-122.25617299147171,37.936678612768361],[-122.25617153867607,37.936680494350817],[-122.25617011465766,37.936682389923959],[-122.25616951058052,37.936683210845423],[-122.25616839897624,37.936684701661186],[-122.25616727241452,37.936686185489954],[-122.25616612510157,37.936687657912145],[-122.25616496285262,37.936689124248218],[-122.25616378103247,37.936690580962455],[-122.25616258770994,37.936692032440725],[-122.2561613782285,37.936693474246425],[-122.25616015722335,37.936694909915282],[-122.25613930406284,37.936719199660388],[-122.25613926641489,37.936719243475487],[-122.25613922647071,37.936719286423568],[-122.25613918650524,37.936719328470836],[-122.25613914656108,37.936719371418938],[-122.25613880846745,37.93671970086077],[-122.25613856773522,37.936719913507389],[-122.25613840165238,37.936720059259962],[-122.2561382366857,37.93672020409479],[-122.25613807060287,37.936720349847299],[-122.25613790452003,37.9367204955999],[-122.25612713712333,37.936729950175824],[-122.25612382271763,37.936732883142135],[-122.25612052685209,37.936735830251301],[-122.25611725989161,37.936738796756153],[-122.25611401144987,37.936741776503069],[-122.25610915687598,37.936746265229203],[-122.25610838648285,37.936747030047158],[-122.25610766448075,37.936747820279372],[-122.25610701505464,37.936748648182594],[-122.25610641290342,37.936749502417882],[-122.25610588427345,37.936750386199755],[-122.25610540379975,37.936751285486658],[-122.25610499781394,37.936752207096525],[-122.25610463998439,37.936753144211451],[-122.25610327165772,37.936757198128248],[-122.25610229433508,37.936760178362299],[-122.25610135473968,37.936763166146008],[-122.25610046999689,37.93676616392829],[-122.25609962298135,37.936769169260202],[-122.25609811668693,37.936774699520484],[-122.25609753346633,37.936776880878654],[-122.25609696166271,37.936779063869402],[-122.25609640925944,37.936781249275306],[-122.25609587056924,37.936783437180857],[-122.25609533301652,37.93678562506949],[-122.25609478520555,37.936787812209417],[-122.25609422254389,37.936789996866629],[-122.25609365071871,37.936792178956559],[-122.25609079886826,37.936802916275795],[-122.25609032668542,37.936804597643672],[-122.25608982362115,37.9368062722613],[-122.25608927141262,37.93680793769667],[-122.25608868834402,37.936809597282597],[-122.25608806179677,37.936811246700863],[-122.25608741005537,37.93681288928434],[-122.25608672054389,37.936814522516478],[-122.25608600699697,37.93681614979775],[-122.25608112124185,37.936826957898973],[-122.25608074061124,37.936827797126547],[-122.2560803588004,37.93682863456938],[-122.25607997473611,37.936829472946869],[-122.25607958949166,37.936830309539587],[-122.2560765807399,37.936836826368641],[-122.25607470886673,37.936841766397293],[-122.25607427299879,37.936842915542726],[-122.25607383713087,37.936844064688131],[-122.25607340126292,37.936845213833564],[-122.25607296539495,37.936846362978976],[-122.25607228536956,37.936848156475961],[-122.25607219236853,37.936848409281026],[-122.25607210168505,37.936848663854008],[-122.25607201784756,37.936848919226343],[-122.25607193628485,37.936849174564919],[-122.25607186161072,37.936849432504523],[-122.25607179148643,37.936849690376548],[-122.25607172820803,37.936849949047932],[-122.25607166950068,37.936850208552571],[-122.25606938543028,37.93686099420502],[-122.25606899494012,37.936863578219068],[-122.25606879913698,37.93686487068495],[-122.25606860219642,37.936866163167778],[-122.25606840295964,37.936867454783545],[-122.25606820144799,37.93686874643312],[-122.25606736277567,37.936874120782463],[-122.2560670473224,37.936876126039614],[-122.25606672959435,37.936878131330538],[-122.2560664084326,37.936880135771361],[-122.25606608387987,37.936882141163686],[-122.25606546886389,37.936885909931689],[-122.25606489320673,37.936889178873706],[-122.25606426164462,37.936892441437344],[-122.25606354675118,37.936895692623345],[-122.25606277481529,37.936898937447928],[-122.2560626583732,37.93689940147209],[-122.25606184294658,37.936902395520235],[-122.25606094749408,37.936905373635831],[-122.25605993199213,37.936908327402122],[-122.25605883532695,37.936911265252732],[-122.25605872051634,37.936911558032861],[-122.25605760290466,37.936914332184273],[-122.25605645896123,37.936917099517743],[-122.25605527608876,37.936919856615887],[-122.25605406804333,37.936922607780076],[-122.2560528370571,37.936925351174821],[-122.2560515992248,37.936928093770128],[-122.2560503533664,37.936930833781219],[-122.256049101778,37.936933572075176],[-122.25604752857338,37.936936999127418],[-122.25604661610167,37.936938970903441],[-122.25604569560383,37.936940940095305],[-122.25604476248743,37.936942904968895],[-122.25604382022885,37.936944868176035],[-122.25604284396917,37.936946885056791],[-122.25604173672463,37.936949136382879],[-122.25604060769814,37.936951380823366],[-122.25603944770468,37.936953614910209],[-122.25603826592926,37.936955842111566],[-122.25603740597741,37.93695743732448],[-122.25603661459479,37.93695885308918],[-122.25603579106519,37.936960256715452],[-122.25603492043128,37.936961641216364],[-122.25603401653433,37.936963014496619],[-122.25603316989019,37.936964258961552],[-122.25603266059125,37.936964998270604],[-122.25603214551975,37.93696573406082],[-122.25603161896711,37.936966465515852],[-122.2560310855259,37.936967194369799],[-122.25603054976717,37.93696792145586],[-122.25603001746339,37.936968650292926],[-122.25602948861454,37.936969380880903],[-122.2560289632207,37.936970113219857],[-122.25601677540882,37.936987188352354],[-122.25601568078818,37.936988723971844],[-122.25601458730496,37.936990259574415],[-122.25601349498051,37.93699179606093],[-122.25601240381475,37.936993333431367],[-122.25601163749782,37.936994414494087],[-122.25601092027362,37.936995406513809],[-122.25601019154698,37.936996393297491],[-122.2560094421117,37.936997370476234],[-122.25600868115269,37.936998341518148],[-122.2560078983476,37.93699930297204],[-122.25600710167988,37.937000255620333],[-122.25600628312337,37.93700119687896],[-122.25600545074691,37.937002131133696],[-122.25599263484528,37.937016229164158],[-122.25599030238983,37.937018826720305],[-122.25598799529931,37.937021438317942],[-122.25598572623483,37.93702407007693],[-122.25598348369407,37.937026716761373],[-122.25597903550072,37.937032030308465],[-122.25597874884517,37.937032705930733],[-122.25597861009906,37.937033045025522],[-122.25597847822031,37.937033385820556],[-122.25597835548373,37.937033728281989],[-122.25597824077313,37.937034073327681],[-122.25597810828442,37.937034484422007],[-122.25597793704034,37.937035036672803],[-122.25597777150483,37.937035589739921],[-122.25597761511141,37.937036144473502],[-122.25597746442655,37.937036700023356],[-122.25597744357758,37.937036780536175],[-122.25597728589118,37.937037376742204],[-122.25597712822615,37.937037973849037],[-122.25597696940227,37.937038570071927],[-122.25597680944098,37.937039166311727],[-122.2559734152005,37.937051744641508],[-122.25597340596681,37.937051787133115],[-122.25597339900797,37.937051829590899],[-122.25597339432397,37.937051872014912],[-122.25597339305232,37.937051914388164],[-122.2559733936955,37.937052085598445],[-122.25597339583609,37.937052127921007],[-122.25597339911417,37.937052170226664],[-122.25597340694195,37.937052212464678],[-122.25597341704461,37.937052254668913],[-122.25597355400862,37.937052752775436],[-122.25597363374138,37.937053044466452],[-122.25597371345278,37.9370533352566],[-122.25597379202677,37.937053626063715],[-122.25597387175954,37.93705391775471],[-122.25597900599311,37.937072900016879],[-122.25597933894876,37.937073986369462],[-122.25597971939918,37.937075060301169],[-122.25598017339865,37.937076116918881],[-122.25598067491423,37.937077162016543],[-122.25598125204021,37.9370781807581],[-122.25598188213476,37.937079177985773],[-122.25598258992258,37.937080140715949],[-122.25598334954142,37.937081081949223],[-122.25598589166673,37.937084019787676],[-122.25598758344697,37.937085933032535],[-122.25598930664859,37.937087827787188],[-122.25599107811964,37.937089694789805],[-122.25599288101205,37.937091543302202],[-122.25599472539197,37.937093365965623],[-122.25599659220047,37.937095174778293],[-122.25599849259856,37.937096960562734],[-122.25600041542516,37.937098732496516],[-122.25600802848776,37.937105639360496],[-122.25600830056007,37.93710588493731],[-122.25600857263237,37.93710613051411],[-122.25600884579949,37.937106374272325],[-122.2560091201039,37.937106618013651],[-122.25600939664064,37.937106859919446],[-122.25600967654692,37.937107099972906],[-122.25600995978013,37.937107336372286],[-122.25601024752041,37.937107570902327],[-122.25601383767959,37.937110464326757],[-122.25601594448491,37.937112125387117],[-122.2560180802873,37.937113761685119],[-122.25602026073328,37.937115361273335],[-122.25602247129255,37.937116935181585],[-122.25602667102633,37.937119863702492],[-122.2560296926803,37.937121958139379],[-122.25603272324182,37.937124044333345],[-122.25603576826995,37.937126116794857],[-122.25603882334305,37.937128180996623],[-122.25604483812828,37.93713222250382],[-122.25604489248425,37.937132259544555],[-122.25604494684022,37.93713229658524],[-122.25604500008008,37.937132334543705],[-122.25604505329861,37.937132371601322],[-122.25604526623678,37.937132522534306],[-122.25604531947663,37.937132560492756],[-122.25604537385394,37.937132598434317],[-122.25604542707245,37.937132635491963],[-122.25604548140709,37.937132671631822],[-122.25604579131995,37.937132881500972],[-122.25604584563324,37.937132916740026],[-122.25604589992516,37.937132951078219],[-122.25604595533316,37.937132984498675],[-122.25604601299469,37.937133016984447],[-122.25604624243942,37.937133144242033],[-122.25604629896355,37.937133176744737],[-122.25604635660373,37.937133208329698],[-122.25604641312783,37.937133240832409],[-122.25604646853587,37.937133274252837],[-122.25605584622339,37.937138781523345],[-122.25605813675531,37.937140128953068],[-122.25606042617125,37.937141477300464],[-122.25606271449246,37.937142827466452],[-122.25606500169775,37.937144178550113],[-122.25608017004726,37.937153152112984],[-122.25608065123124,37.937153435133631],[-122.25608113462609,37.937153715417992],[-122.25608161911566,37.93715399388374],[-122.25608210583742,37.937154270514],[-122.25608259702355,37.937154543473277],[-122.25608309035644,37.937154810993675],[-122.25608359038591,37.937155073007631],[-122.25608410178977,37.937155334852505],[-122.25608461190673,37.937155590408416],[-122.25608512425586,37.937155844128839],[-122.25608563658369,37.937156096948421],[-122.25608615114366,37.9371563479325],[-122.25608809305115,37.937157292319164],[-122.25608958130179,37.937158010950107],[-122.25609107399542,37.937158725009233],[-122.25609257104675,37.937159430893111],[-122.25609407367857,37.937160132188275],[-122.25610011478874,37.937162931507174],[-122.25610467037767,37.937164983317459],[-122.25610926775923,37.937166974128843],[-122.2561139255653,37.937168873926296],[-122.25611862402656,37.937170712741739],[-122.25612935122545,37.937174780626023],[-122.25613021335938,37.937175102140962],[-122.25613107991489,37.937175418183202],[-122.25613194966927,37.937175725166355],[-122.25613286397579,37.937176039597688],[-122.25613372081283,37.937176329650775],[-122.25613457539635,37.93717662063856],[-122.25613543116,37.937176913411108],[-122.25613628578618,37.937177206200566],[-122.25614866494672,37.937181458597514],[-122.25615720104976,37.937184629954103],[-122.2561577106396,37.93718481522729],[-122.25615822130274,37.937184997781046],[-122.25615873520753,37.937185173077374],[-122.25615925246051,37.937185345620463],[-122.25615958846167,37.937185455974308],[-122.25615993817605,37.937185568827836],[-122.256160290144,37.937185680746673],[-122.25616064206926,37.93718579086385],[-122.25616099508932,37.937185899162436],[-122.25616134810926,37.937186007461008],[-122.25616170005587,37.937186118478991],[-122.25616205092909,37.937186232216419],[-122.25616240070754,37.937186347772439],[-122.25618512670172,37.937193981611109],[-122.25618562200201,37.937194140061891],[-122.25618612054379,37.937194291255196],[-122.25618662447398,37.937194429752232],[-122.25618713276171,37.937194560074069],[-122.25618722087796,37.937194581293255],[-122.25618768886451,37.937194691487534],[-122.25618815899783,37.93719479624292],[-122.25618863125656,37.937194894658639],[-122.25618910566209,37.937194987635507],[-122.25618958114103,37.937195077892987],[-122.25619005550391,37.937195169068126],[-122.25619052993076,37.937195262945856],[-122.25619100324157,37.937195357741302],[-122.25621605197027,37.937200415786343],[-122.25621700775557,37.937200607944312],[-122.25621796356219,37.93720080100308],[-122.2562189193261,37.937200992260173],[-122.25621987509004,37.937201183517288],[-122.2562208319701,37.937201373856624],[-122.25622178771266,37.937201564212835],[-122.25622274459268,37.937201754552163],[-122.25622370145139,37.937201943990637],[-122.25624083001057,37.937205334565768],[-122.25624326839453,37.937205814683566],[-122.25624570671442,37.937206292098764],[-122.25624814718115,37.93720676407505],[-122.25625058872129,37.937207233331861],[-122.25625303024017,37.937207701687804],[-122.25625547178038,37.937208170944515],[-122.25625791224726,37.937208642920645],[-122.2562603527355,37.937209115797529],[-122.25626886083684,37.93721076911288],[-122.2562700850941,37.937211006843292],[-122.25627131048877,37.937211244556778],[-122.25627253474599,37.937211482287182],[-122.25627375898192,37.937211719116704],[-122.25627498433394,37.937211955028502],[-122.25627621075934,37.937212188220826],[-122.25627743712072,37.937212418710644],[-122.25627866457681,37.937212647381841],[-122.25628300395992,37.937213449791031],[-122.25628398217405,37.93721362809768],[-122.25628496139753,37.937213800982377],[-122.25628594390518,37.937213968411349],[-122.25628692628482,37.937214130435223],[-122.25628790975917,37.937214290640533],[-122.25628889213877,37.937214452664371],[-122.25628987451833,37.937214614688251],[-122.25629085696202,37.937214779414653],[-122.25629098147631,37.937214800092669],[-122.25629202452434,37.937214977435531],[-122.25629306654169,37.93721515929947],[-122.25629410757102,37.93721534748618],[-122.25629514641092,37.937215539310081],[-122.25631773837645,37.937219773248295],[-122.2563195704188,37.937220114588072],[-122.25632140355592,37.937220454109216],[-122.25632323772373,37.937220789109212],[-122.25632507187024,37.937221123208388],[-122.25632690709013,37.937221454588055],[-122.2563287422887,37.937221785066903],[-122.25633057864601,37.937222116429602],[-122.25633241384466,37.937222446908351],[-122.25635133260468,37.937225853210357],[-122.25635220564118,37.937226010551029],[-122.25635307867775,37.937226167891687],[-122.25635395171427,37.937226325232359],[-122.25635482588834,37.937226482556113],[-122.25635569894622,37.937226640797611],[-122.25635657198278,37.937226798138241],[-122.25635744506204,37.937226957280579],[-122.25635831811998,37.937227115522063],[-122.25637776804751,37.937230657207756],[-122.25637892680972,37.93723086797479],[-122.25638008561459,37.937231080543498],[-122.25638124441949,37.937231293112248],[-122.25638240324575,37.937231506581753],[-122.25638356095595,37.93723172096901],[-122.25638471870887,37.937231937157982],[-122.25638587536697,37.937232155165482],[-122.25638703204655,37.937232374073844],[-122.25638772013528,37.937232505326641],[-122.2563892209126,37.937232792113427],[-122.25639072168984,37.937233078900213],[-122.25639222132972,37.937233365703868],[-122.25639372210702,37.937233652490605],[-122.25640352357836,37.937235530783063],[-122.25640534448199,37.937235882199843],[-122.25640716540696,37.937236234517385],[-122.25640898530126,37.937236591356069],[-122.25641080521699,37.937236949095521],[-122.25641214506076,37.937237214844366],[-122.2564132918024,37.93723744651637],[-122.2564144364613,37.937237686329766],[-122.25641557792142,37.937237935202262],[-122.25641671727747,37.937238191315288],[-122.25641785341334,37.937238455586595],[-122.2564189873812,37.937238724395904],[-122.25642011924489,37.937239000445707],[-122.25642124891914,37.937239280132736],[-122.25643636407909,37.937243078195586],[-122.25643721455351,37.937243291742774],[-122.25643806389056,37.937243505306874],[-122.25643891324894,37.937243719771821],[-122.25643976372346,37.937243933318996],[-122.25644061196574,37.937244148701659],[-122.25644146027214,37.93724436678685],[-122.25644230638908,37.937244588509216],[-122.2564431525487,37.937244812033207],[-122.25645954096619,37.937249186829533],[-122.25646044236341,37.937249436566937],[-122.25646133946707,37.937249697182096],[-122.2564622278769,37.937249975048459],[-122.25646311085578,37.937250263809482],[-122.25646398621424,37.937250567102218],[-122.25646485612033,37.937250880388802],[-122.25646571724721,37.9372512073232],[-122.2564665740165,37.93725154243279],[-122.25648373002532,37.93725844257149],[-122.25648404246134,37.937258566792124],[-122.25648435483333,37.93725868831018],[-122.25648466827873,37.937258807108911],[-122.25648498397763,37.937258924972902],[-122.25648529963384,37.937259041035297],[-122.25648561640612,37.937259156179827],[-122.25648593315705,37.937259270423603],[-122.25648624990801,37.937259384667399],[-122.2564869590999,37.937259638163148],[-122.25648762934139,37.937259880522987],[-122.25648829850951,37.937260125602243],[-122.25648896550946,37.937260375219466],[-122.2564896302987,37.937260627573089],[-122.25649854895943,37.937264048245467],[-122.25649860636508,37.93726406992095],[-122.25649866377074,37.937264091596468],[-122.25649872231384,37.93726411325504],[-122.25649877971946,37.937264134930537],[-122.25649901041535,37.937264218913114],[-122.25649906895839,37.937264240571679],[-122.25649912636405,37.93726426224719],[-122.25649918376971,37.937264283922687],[-122.25649924117535,37.937264305598205],[-122.25650532534949,37.937266664491865],[-122.25650842263155,37.937267868350411],[-122.25651151886169,37.937269075829128],[-122.25651461176501,37.937270286961855],[-122.25651770245759,37.937271500830839],[-122.25652964401029,37.937276203063377],[-122.25653060994698,37.937276583409734],[-122.25653157590504,37.937276964656888],[-122.25653254184174,37.937277345003238],[-122.2565335066837,37.937277727168087],[-122.25653447264183,37.937278108415249],[-122.25653543748381,37.937278490580134],[-122.25653640232584,37.937278872745019],[-122.25653736716787,37.937279254909896],[-122.25655901079102,37.937287833861838],[-122.256559256594,37.937287931137043],[-122.25655950467193,37.937288028378447],[-122.25655975156974,37.937288123835081],[-122.25656000072101,37.93728821835704],[-122.25656024873479,37.937288312895873],[-122.25656049674863,37.937288407434764],[-122.25656074478384,37.937288502874452],[-122.25656099281906,37.937288598314169],[-122.25656285887696,37.937289318531583],[-122.25656379365478,37.937289680416598],[-122.25656472731654,37.937290043219328],[-122.25656566099963,37.937290406922926],[-122.25656659358805,37.937290772445095],[-122.25656752503899,37.937291137984161],[-122.25656845653269,37.937291505324914],[-122.25656938691027,37.937291873583391],[-122.25657031730925,37.937292242742721],[-122.25658734621761,37.937299012286111],[-122.256588402952,37.937299430932946],[-122.25658946189718,37.937299846843494],[-122.25659052303182,37.937300259116782],[-122.25659158526125,37.937300669571499],[-122.25659261068694,37.937301063451386],[-122.25659316072952,37.937301275156017],[-122.25659371081485,37.937301488662321],[-122.2565942609001,37.937301702168625],[-122.25659480989069,37.937301917493507],[-122.25659535888121,37.937302132818395],[-122.25659590789314,37.937302349044103],[-122.25659645576758,37.937302565286743],[-122.25659700366344,37.937302782430208],[-122.25661835565806,37.937311250359151],[-122.25661908160784,37.937311538750123],[-122.25661980869498,37.937311827124233],[-122.25662053464472,37.937312115515226],[-122.25662126059447,37.937312403906219],[-122.25662198768164,37.93731269228028],[-122.25662271361008,37.937312979770439],[-122.25662344067591,37.937313267243653],[-122.25662416772043,37.93731355381604],[-122.25664526922451,37.937321870465361],[-122.25664633849269,37.937322289826533],[-122.25664740773951,37.937322708286814],[-122.25664847919718,37.937323124010781],[-122.25664955174958,37.937323537916129],[-122.25665062644877,37.937323946382612],[-122.25665170554824,37.937324348475563],[-122.25665279125882,37.937324741458646],[-122.2566538790948,37.937325128101996],[-122.25665396285379,37.937325157496005],[-122.25665509863305,37.937325550635833],[-122.25665623544296,37.937325939254535],[-122.25665737772655,37.937326318780229],[-122.25665852219961,37.937326694668741],[-122.25668150998561,37.937334136179004],[-122.25668157533207,37.937334156835199],[-122.25668164069985,37.937334178392206],[-122.25668170604631,37.937334199048429],[-122.25668177141411,37.937334220605443],[-122.25668203284268,37.937334305031847],[-122.25668209821048,37.93733432658891],[-122.25668216357828,37.93733434814591],[-122.25668222780867,37.937334369719871],[-122.25668229206035,37.937334392194664],[-122.2567070027938,37.93734304447041],[-122.25670728263493,37.937343137634635],[-122.25670756462281,37.937343225359918],[-122.25670784983086,37.937343304926962],[-122.25670818637306,37.937343390038848],[-122.25670845407109,37.937343450941924],[-122.25670872282114,37.93734350822475],[-122.25670899371796,37.937343560068719],[-122.25670926564538,37.937343607391526],[-122.25671060099081,37.937343827244916],[-122.25671153796095,37.937343993545099],[-122.25671246964966,37.93734417704578],[-122.25671339167789,37.937344385021333],[-122.2567143095408,37.937344609279663],[-122.25671508005487,37.937344809595245],[-122.25671637400842,37.937345155324806],[-122.25671766259505,37.937345514651518],[-122.25671894250931,37.937345892130296],[-122.25672021705671,37.937346283206203],[-122.25674048766648,37.937352667495993],[-122.25674178418845,37.937353073564665],[-122.25674308401592,37.937353475078346],[-122.25674438487411,37.937353872070858],[-122.25674568792179,37.937354265426237],[-122.25674699425369,37.937354653325777],[-122.25674830161621,37.937355036704218],[-122.25674961337904,37.937355413709106],[-122.25675092505647,37.937355787110668],[-122.25677073508372,37.937361365400001],[-122.25677176599619,37.937361654662567],[-122.25677279688735,37.937361943024278],[-122.25677383003196,37.937362230451349],[-122.25677486199646,37.9373625160936],[-122.25677589511986,37.937362802619788],[-122.25677692712706,37.93736309006372],[-122.25677795806091,37.937363380227104],[-122.25677898787876,37.937363671308212],[-122.25679215483211,37.93736740998046],[-122.25679386863381,37.937367899058515],[-122.25679558024608,37.937368391773703],[-122.25679728971164,37.93736888992774],[-122.25679899810385,37.93736939080118],[-122.25679941977769,37.937369515199059],[-122.25680091732229,37.937369953423143],[-122.25680241812971,37.937370385290563],[-122.25680392215733,37.937370808999717],[-122.2568054283317,37.937371227269978],[-122.25680693995839,37.937371635546377],[-122.25680845478388,37.937372034763698],[-122.25680997501894,37.937372422185476],[-122.2568114984314,37.937372799647243],[-122.25682831031619,37.937376892342371],[-122.25682979834015,37.937377264923171],[-122.25683127983845,37.937377650217222],[-122.25683275384445,37.937378055448086],[-122.25683422130351,37.937378472491325],[-122.2568366297111,37.937379175628507],[-122.25683688978899,37.937379251063099],[-122.25683714986685,37.937379326497719],[-122.25683741106077,37.937379401014596],[-122.25683767113863,37.937379476449181],[-122.2568379323326,37.937379550966057],[-122.25683819238915,37.937379625499794],[-122.25683845360444,37.937379700917468],[-122.25683871370364,37.93737977725295],[-122.2568488425308,37.937382743744713],[-122.25685412886733,37.937384372831886],[-122.25685936396532,37.93738609640107],[-122.25686452045674,37.937387959917004],[-122.25686962682595,37.937389916997205],[-122.256883420866,37.93739543693389],[-122.25688349809948,37.937395479040958],[-122.25688357700989,37.937395495890684],[-122.25688756387085,37.937396834301332],[-122.25688954524871,37.937397523060696],[-122.25689151243786,37.93739823726343],[-122.25689345552166,37.937398990574273],[-122.25689538216328,37.93739977026317],[-122.25691077111146,37.937406187463004],[-122.25691171009497,37.93740658262557],[-122.25691264461409,37.937406981459141],[-122.25691357587047,37.93740738664934],[-122.25691450495871,37.937407796377521],[-122.25691543179349,37.937408207040392],[-122.25691636083906,37.937408614966898],[-122.25691729209545,37.937409020157041],[-122.25691822444661,37.937409423528599],[-122.25693514952532,37.937416706423726],[-122.25693573808765,37.937416959007223],[-122.2569363255125,37.937417211607602],[-122.25693691405347,37.937417463290195],[-122.25693750257308,37.937417714072005],[-122.2569380911354,37.937417966655495],[-122.25693867744418,37.937418220173605],[-122.25693926267962,37.93741847641116],[-122.25693984570425,37.937418735385044],[-122.25694759533064,37.937422182419418],[-122.25694855321838,37.937422607038776],[-122.25694951443293,37.937423028004005],[-122.25695047781568,37.937423444431232],[-122.25695144340919,37.937423858122116],[-122.25695241228689,37.937424266357141],[-122.25695338449152,37.937424670938142],[-122.25695436105372,37.937425067343838],[-122.25695534094271,37.93742546009549],[-122.25696259801893,37.937428336811649],[-122.25696375267827,37.937428806266134],[-122.25696489851579,37.937429287566815],[-122.25696603338467,37.937429786152563],[-122.25696715831562,37.93743029750231],[-122.25696722389712,37.937430328067542],[-122.25696830779485,37.937430836422841],[-122.25696938838708,37.937431349333046],[-122.25697046460031,37.937431869517596],[-122.25697153637068,37.937432394274033],[-122.25697261033055,37.937432915393245],[-122.2569736920175,37.937433426484844],[-122.25697478473721,37.937433922993847],[-122.25697588406794,37.937434410392896],[-122.25698837883736,37.937439839697241],[-122.25699078238245,37.937440865517829],[-122.25699319685346,37.937441872251611],[-122.25699563115769,37.937442851655682],[-122.2569980775254,37.937443811956051],[-122.25700736867059,37.937447391963168],[-122.25700946073462,37.937448189916815],[-122.25701155831507,37.937448980579212],[-122.25701366130509,37.937449759446039],[-122.25701577090626,37.937450529202962],[-122.25701701958936,37.937450981037848],[-122.25701850482766,37.937451523976435],[-122.25701998568707,37.937452074189402],[-122.25702145995679,37.937452634413013],[-122.25702293096369,37.937453200993261],[-122.25702438767516,37.93745378851272],[-122.25702582897503,37.93745439788907],[-122.25702724938974,37.937455038215354],[-122.2570286543929,37.937455700398552],[-122.25704229726497,37.937462330086973],[-122.25704480781027,37.937463597627669],[-122.25704728068648,37.937464908082895],[-122.25704969593227,37.937466283377248],[-122.25705207353037,37.937467702486963],[-122.25705313129437,37.93746835631638],[-122.25705498216799,37.937469443522872],[-122.25705687620581,37.937470479622597],[-122.25705883214623,37.937471439104584],[-122.25706083125084,37.937472347479805],[-122.2570628853053,37.937473173933682],[-122.25706497209472,37.937473941325536],[-122.25706710683851,37.937474619690768],[-122.25706927433866,37.937475239894795],[-122.25707102270049,37.93747569871676],[-122.25707331359955,37.937476340515651],[-122.25707558170161,37.937477028612619],[-122.25707781279669,37.937477787550058],[-122.25708002109485,37.937478592785531],[-122.25708220097293,37.937479447106078],[-122.25708436876643,37.937480319629458],[-122.25708651902302,37.937481220349426],[-122.25708865719497,37.937482139272305],[-122.25709549152754,37.937485134010714],[-122.25709968520734,37.93748694064368],[-122.25710389859239,37.937488714541814],[-122.25710814496884,37.937490440187808],[-122.25711241332537,37.937492133065184],[-122.2571195107348,37.937494897699438],[-122.25712142296305,37.937495645157391],[-122.25712333411801,37.937496395334733],[-122.25712524308354,37.937497149149252],[-122.25712715097578,37.937497905683145],[-122.25712779883578,37.937498163691927],[-122.2571293739655,37.937498802617284],[-122.25713094033746,37.937499456091317],[-122.25713249125512,37.937500129620624],[-122.25713403450982,37.937500815880078],[-122.25713410122893,37.937500846428343],[-122.25713566130491,37.937501570286209],[-122.25713721034818,37.9375023087267],[-122.25713874172642,37.937503069958773],[-122.25714026095598,37.937503846691129],[-122.25715800884544,37.937513101665871],[-122.25716130750139,37.937514831491896],[-122.2571645983876,37.937516569543803],[-122.25716787933609,37.937518320359587],[-122.2571711525362,37.9375200803021],[-122.25717320535929,37.937521190636865],[-122.25717545269545,37.937522394502572],[-122.25717770775877,37.937523588340589],[-122.25717997499225,37.937524767579056],[-122.25718225111179,37.937525937673733],[-122.2571828373528,37.937526236249532],[-122.25718483082652,37.937527242932539],[-122.25718683204875,37.937528240488746],[-122.25718884320902,37.937529225280905],[-122.25719086100173,37.937530201863957],[-122.2571928509619,37.937531156331985],[-122.25719387651141,37.93753165113452],[-122.25719489875537,37.937532150491961],[-122.25719591769385,37.937532654404357],[-122.25719693332678,37.937533162871659],[-122.25719794118996,37.937533679564943],[-122.25719894242063,37.937534204467276],[-122.25719993480814,37.937534740314959],[-122.25720091942584,37.937535284388659],[-122.25720579401033,37.937538022600322],[-122.25720919319041,37.937539960899606],[-122.25721256908243,37.937541924777491],[-122.25721590719876,37.937543927065732],[-122.25721922202709,37.937545954932624],[-122.25723383433629,37.937555030340015],[-122.25723393206547,37.937555073043214],[-122.25723408745699,37.937555148231631],[-122.25723423776476,37.937555200966713],[-122.25725695128878,37.937565610351172],[-122.2572591953541,37.937566724148276],[-122.25726136393187,37.937567917468712],[-122.25726342152102,37.937569228689064],[-122.25726540360122,37.937570618531964],[-122.25726752951175,37.937572219809915],[-122.25726837022009,37.93757288497612],[-122.25726918070868,37.937573571318424],[-122.25726994756342,37.93757428894903],[-122.25727068533594,37.937575027738788],[-122.25727116847638,37.937575536916022],[-122.25727163779663,37.937576039089507],[-122.25727210147242,37.937576543149319],[-122.25727255731428,37.937577052732536],[-122.2572730064169,37.937577566020636],[-122.25727319709598,37.937577785770429],[-122.25727356483151,37.937578178612526],[-122.25727395609013,37.937578555785052],[-122.2572743809167,37.937578909028247],[-122.25727482810757,37.937579245717977],[-122.25727530981153,37.937579550353909],[-122.25727581248614,37.937579827643226],[-122.25727634718527,37.93758006390415],[-122.25727690287637,37.937580273719298],[-122.25727862539054,37.937580841962678],[-122.25728006323457,37.937581305399924],[-122.2572815087203,37.937581755206175],[-122.25728296285705,37.937582185959414],[-122.25728442349801,37.937582603098548],[-122.25729003021641,37.9375841625181],[-122.25729181574933,37.937584653225649],[-122.25729360452368,37.937585136675665],[-122.25729539761291,37.937585610148744],[-122.25729719396493,37.937586077265195],[-122.25729900302642,37.937586504541706],[-122.25730082471192,37.937586888374817],[-122.25730266640676,37.937587204323549],[-122.25730452300044,37.937587476795137],[-122.25730475353269,37.937587505807997],[-122.25730673975741,37.937587726787854],[-122.25730872950655,37.93758790445969],[-122.25731072795469,37.937588017118863],[-122.25731273108607,37.937588087353916],[-122.25732817508592,37.937588377615604],[-122.25733029230855,37.937588412810577],[-122.25733241054054,37.937588442583632],[-122.2573345285589,37.93758846334822],[-122.25733664644909,37.937588478707745],[-122.25733876519899,37.937588482339343],[-122.25734088373532,37.93758847696256],[-122.25734300192988,37.937588457172339],[-122.25734511988944,37.937588427472782],[-122.25736222264212,37.937588132538536],[-122.25736393897257,37.937588152067981],[-122.25736564883627,37.937588234774566],[-122.25736734619889,37.937588414090897],[-122.25736903597871,37.937588657502104],[-122.25737173125221,37.937589125665482],[-122.25737206503013,37.937589190089994],[-122.25737239445047,37.937589262689734],[-122.25737271962015,37.937589347968903],[-122.25737304268584,37.937589440488658],[-122.25737336568743,37.937589530305821],[-122.25737369287569,37.937589604741035],[-122.25737402755604,37.937589659239428],[-122.2573743653283,37.937589700174456],[-122.25738975710421,37.937591050965622],[-122.2573919368065,37.937591225810692],[-122.25739411942973,37.937591379885667],[-122.25739630473903,37.937591503281332],[-122.25739849181046,37.93759160502298],[-122.25740006464717,37.93759166723828],[-122.25740146472093,37.937591737430239],[-122.25740286303251,37.937591829276172],[-122.25740425752055,37.937591951818298],[-122.25740564910899,37.937592096031267],[-122.25740703977365,37.937592249269549],[-122.25740843258501,37.937592397068947],[-122.25740982627745,37.937592534041393],[-122.25741121982034,37.937592664707864],[-122.25741678433711,37.937593164087239],[-122.25742096473628,37.937593498415836],[-122.25742515069966,37.937593779493227],[-122.2574293449775,37.937593979342687],[-122.25743354254469,37.937594125974783],[-122.25743587311008,37.937594185029276],[-122.25743951447348,37.937594292173031],[-122.25744315401055,37.937594418268198],[-122.25744679311515,37.937594574107806],[-122.25745042927745,37.937594749816569],[-122.25745405783562,37.937594988719304],[-122.25745767657887,37.93759529355242],[-122.25746127940889,37.9375956950459],[-122.25746487240266,37.937596161568926],[-122.25747386359737,37.93759745526016],[-122.25747588524398,37.937597778442154],[-122.25747789418132,37.93759814146415],[-122.25747988409742,37.93759856604769],[-122.25748186130424,37.937599030471205],[-122.25748382575904,37.937599532932893],[-122.25748578585632,37.937600043569844],[-122.25748774174566,37.937600568687827],[-122.25748969327756,37.937601101981038],[-122.25750526118962,37.937605417647568],[-122.25750613716502,37.93760565063328],[-122.25750701852859,37.937605870922667],[-122.25750790626813,37.937606072192878],[-122.25750879941728,37.937606261667575],[-122.25750967404679,37.937606437900378],[-122.25751013251107,37.937606530207958],[-122.25751059213415,37.937606623399532],[-122.25751105059845,37.937606715707084],[-122.25751151024286,37.937606809799419],[-122.25751160170826,37.937606828264343],[-122.25751201446126,37.937606912240305],[-122.25751242723557,37.937606997117108],[-122.25751284003121,37.937607082894779],[-122.25751325282691,37.937607168672415],[-122.25751366562261,37.937607254450086],[-122.25751407837561,37.937607338426034],[-122.2575144922446,37.937607421484245],[-122.25751490607094,37.937607502740775],[-122.25754267448417,37.937612896735523],[-122.25754351250212,37.937613064501129],[-122.25754434725727,37.937613238623406],[-122.25754517995114,37.937613421787866],[-122.25754601051975,37.937613611292043],[-122.25754683460548,37.93761381531116],[-122.25754765220843,37.9376140338452],[-122.2575484611818,37.937614272333114],[-122.25754926365096,37.937614524435084],[-122.25755597237999,37.937616731602027],[-122.25756006228681,37.937618191915888],[-122.2575640674735,37.937619774244951],[-122.25756794848766,37.937621542257091],[-122.2575717459405,37.937623433168334],[-122.25758175192721,37.937628749840798],[-122.25758223020421,37.937629005863961],[-122.25758270740786,37.937629264606613],[-122.25758318124191,37.937629525201686],[-122.25758365400262,37.937629788516141],[-122.25758413661578,37.937630035463215],[-122.25758463461902,37.937630259652458],[-122.25758515458057,37.937630450172243],[-122.25758568881621,37.937630618851884],[-122.25758785353763,37.937631217460115],[-122.25758948747841,37.937631649139547],[-122.25759113223825,37.937632057227923],[-122.25759278865534,37.937632429096588],[-122.25759445587013,37.937632776473336],[-122.25760810547155,37.937635464336061],[-122.25760990941454,37.937635819591407],[-122.2576117122201,37.93763617486362],[-122.25761351616312,37.937636530118887],[-122.25761532010615,37.937636885374154],[-122.2576171165144,37.937637258764596],[-122.25761890547334,37.937637653893596],[-122.25762068159479,37.937638083457536],[-122.25762244912953,37.93763853477693],[-122.25763288991678,37.937641314527852],[-122.25763628801322,37.937642294901096],[-122.25763963699723,37.937643363417102],[-122.25764291514544,37.937644563654572],[-122.25764614418129,37.937645852034763],[-122.25764842574173,37.937646819279308],[-122.25765047417937,37.937647696271462],[-122.25765251710077,37.937648580554892],[-122.25765455124314,37.937649478486279],[-122.25765657986926,37.93765038370892],[-122.25765861615842,37.937651276201336],[-122.25766067114323,37.937652141380866],[-122.25766275134919,37.93765296653428],[-122.25766484915599,37.937653766193435],[-122.25767336424202,37.937656909818735],[-122.25767526249399,37.937657595295903],[-122.25767716832351,37.937658264439492],[-122.25767908836296,37.937658909040437],[-122.25768101711738,37.93765953729087],[-122.25768360706917,37.937660362069913],[-122.25768424467924,37.937660571565694],[-122.25768487679437,37.937660789253556],[-122.25768550347875,37.937661017836128],[-122.25768612580566,37.937661254593969],[-122.25768736277504,37.937661739938996],[-122.25768752709591,37.937661807784671],[-122.25769667103292,37.937666422654345],[-122.25770110610893,37.937668859188527],[-122.25770536087208,37.937671465119138],[-122.25770934747285,37.937674326461845],[-122.25771315376078,37.937677357200911],[-122.25772221763546,37.93768516876289],[-122.25772250126094,37.937685421373224],[-122.25772286128742,37.937685680957344],[-122.25773264044648,37.937692851067354],[-122.25773641942637,37.937695785788144],[-122.25774004846765,37.937698827273692],[-122.25774345260081,37.937702028906443],[-122.25774670449901,37.937705336436949],[-122.25775189158898,37.937710934755806],[-122.25775242681094,37.937711528766243],[-122.25775294627964,37.937712130220255],[-122.2577534455521,37.937712743689808],[-122.25775393020876,37.937713364586031],[-122.25775440473519,37.937713990138725],[-122.25775488153661,37.937714615657619],[-122.25775535943274,37.937715239357871],[-122.25775583846625,37.937715863041213],[-122.25775656283203,37.937716803886666],[-122.25775741472604,37.937717892426924],[-122.25775828009844,37.937718973557402],[-122.25775916684726,37.937720044457151],[-122.25776006595842,37.937721108864828],[-122.25777293426388,37.937736093807445],[-122.25777429256999,37.937737665043059],[-122.25777565759398,37.937739231672921],[-122.2577770338429,37.937740791827665],[-122.25777841794714,37.937742347359702],[-122.25777979421756,37.937743908415243],[-122.25778115022766,37.937745478783761],[-122.25778247704889,37.937747065807372],[-122.2577837847473,37.937748662126964],[-122.25779285055305,37.93775991247054],[-122.25779339662728,37.937760580214217],[-122.25779395055686,37.937761243335196],[-122.25779451684875,37.937761899964151],[-122.25779509101733,37.93776255287132],[-122.25779571638725,37.937763253679279],[-122.25779598515741,37.937763551568274],[-122.25779625618107,37.937763848522607],[-122.25779653055297,37.937764142723644],[-122.25779680719981,37.93776443689088],[-122.25779707481117,37.937764733895953],[-122.25779732669059,37.937765039245534],[-122.25779755833105,37.937765354808953],[-122.25779778833767,37.93776569743136],[-122.25779799325633,37.937766037723549],[-122.25779819141448,37.93776638081976],[-122.25779837603014,37.937766728623295],[-122.25779855161034,37.937767079264667],[-122.2578044581617,37.937779359771511],[-122.25780553670616,37.937781704757121],[-122.25780655644547,37.937784065036084],[-122.25780748797696,37.937786448255117],[-122.25780836068178,37.937788845866713],[-122.25780912354607,37.937791265839103],[-122.25780979912626,37.9377936997262],[-122.25781034432764,37.93779615357618],[-122.25781080110747,37.937798621357892],[-122.25781113031974,37.937800699935309],[-122.25781167628119,37.937804097285444],[-122.25781223473318,37.937807493548661],[-122.25781281361645,37.937810887705567],[-122.25781340385289,37.937814280792409],[-122.25781373486875,37.937816147571034],[-122.2578142377926,37.937818593939589],[-122.25781483250775,37.937821024523934],[-122.25781556436235,37.937823432341425],[-122.2578163868708,37.937825824391666],[-122.2578173033813,37.937828197921384],[-122.25781825154799,37.937830562869706],[-122.25781924948457,37.937832915362485],[-122.25782028135228,37.937835259240053],[-122.25782566875944,37.937847191512333],[-122.25782590914947,37.937847779996126],[-122.25782612009414,37.937848374324908],[-122.25782628573327,37.937848977438215],[-122.25782642078956,37.937849586413378],[-122.25782651386719,37.937850200518916],[-122.25782657968884,37.93785081683226],[-122.25782660456248,37.937851433754815],[-122.25782660331761,37.937852052868251],[-122.25782581665807,37.937874486262174],[-122.25782580832914,37.937874710774182],[-122.25782580000023,37.937874935286217],[-122.25782579053389,37.937875159815142],[-122.25782577993013,37.937875384361071],[-122.25782576932636,37.937875608906957],[-122.25782576099742,37.937875833418964],[-122.25782575494343,37.937876057897171],[-122.25782575002691,37.937876282358431],[-122.25782573305793,37.937877245947845],[-122.25782572364865,37.937877952595009],[-122.25782571878918,37.93787865917448],[-122.25782571847947,37.937879365686257],[-122.257825723857,37.937880072113423],[-122.2578259486495,37.937901206310173],[-122.25782595236886,37.937901555002639],[-122.25782595722566,37.937901903678188],[-122.25782596092368,37.937902251469851],[-122.25782596578053,37.937902600145364],[-122.25782596836244,37.937902948854763],[-122.25782596751064,37.93790329671409],[-122.25782596326788,37.937903645525019],[-122.25782595445398,37.937903993502793],[-122.25782594579462,37.937904300025046],[-122.25782592696379,37.937904801348523],[-122.25782590358322,37.937905302739743],[-122.25782587335655,37.937905803331638],[-122.25782583858006,37.937906303991248],[-122.25782433676926,37.937925834583673],[-122.25782427669907,37.937926660036126],[-122.25782422347496,37.93792748628789],[-122.25782417935038,37.937928312404246],[-122.25782413979692,37.937929139353784],[-122.25782409982263,37.937930092471568],[-122.25782408422671,37.937930442352524],[-122.25782406978966,37.937930793117438],[-122.25782405533124,37.93793114298149],[-122.25782403973538,37.937931492862496],[-122.25782402529833,37.937931843627375],[-122.25782401197733,37.937932193474538],[-122.25782399981519,37.937932544205587],[-122.2578239887691,37.937932894018886],[-122.25782392482665,37.937935043328721],[-122.25782390742323,37.937936468317005],[-122.25782392070955,37.937937891947584],[-122.25782398176865,37.937939314867371],[-122.25782407467629,37.93794073731334],[-122.25782525314277,37.937955066201468],[-122.25782536019771,37.937956653348735],[-122.25782543652019,37.937958240052026],[-122.25782546509124,37.937959828366886],[-122.25782546295116,37.937961417138723],[-122.25782540159979,37.937963004087997],[-122.25782529468638,37.937964589011585],[-122.25782511826046,37.937966169562451],[-122.25782489399761,37.937967748121579],[-122.25782278374456,37.937980623709244],[-122.25782239638013,37.937983193264223],[-122.25782205350436,37.937985767564278],[-122.25782177672872,37.937988346287845],[-122.25782154326153,37.937990927971718],[-122.25782141566248,37.937993511685157],[-122.25782138135551,37.937996094911753],[-122.25782148925097,37.937998676923904],[-122.25782169155455,37.938001257531454],[-122.257822461085,37.938008515716923],[-122.25782267154671,37.93801086460568],[-122.25782282856967,37.938013215190715],[-122.25782290940498,37.938015567810375],[-122.25782293682293,37.938017923027104],[-122.25782292670516,37.938020278802249],[-122.25782291544988,37.938022634594269],[-122.25782290646953,37.938024990352517],[-122.25782289635173,37.938027346127683],[-122.2578228533522,37.938038581492698],[-122.25782289069303,37.938039628081654],[-122.25782298024956,37.938040669388009],[-122.25782315159562,37.938041704971774],[-122.25782337745372,37.938042736139849],[-122.25782360444934,37.938043767290999],[-122.25782378034526,37.938044802807035],[-122.25782388013886,37.938045843961092],[-122.25782392999162,37.938046890363943],[-122.25782393355641,37.938047280511888],[-122.25782391752402,37.938048523446064],[-122.25782386277565,37.93804976515387],[-122.25782374993194,37.938051004121355],[-122.2578235983508,37.938052240961738],[-122.25782149080898,37.938066670103545],[-122.25782141870673,37.938067420037775],[-122.25782139551478,37.938068169244346],[-122.25782144627843,37.938068918251808],[-122.25782154593105,37.938069665630728],[-122.25782169221901,37.938070412315852],[-122.25782184983881,37.938071157030024],[-122.25782202559365,37.938071898770971],[-122.25782221383909,37.938072639424888],[-122.25782626628614,37.938087869967198],[-122.25782660133112,37.938089186979937],[-122.25782691821968,37.938090506065137],[-122.25782720564135,37.938091830094464],[-122.25782747490659,37.938093156196281],[-122.25782769989679,37.938094486561432],[-122.25782788739387,37.938095819286673],[-122.25782801812534,37.938097157362272],[-122.25782810908882,37.938098497831817],[-122.25782812529876,37.938098845437267],[-122.25782817265596,37.938100362281205],[-122.25782818700581,37.938101878715052],[-122.25782815469881,37.938103394941912],[-122.25782808938442,37.938104910758632],[-122.25782735312188,37.938117380208915],[-122.25782727207344,37.9381193360244],[-122.25782723542822,37.938121292981577],[-122.25782726589257,37.938123248940315],[-122.25782734073884,37.938125205139912],[-122.25782747814486,37.938127160408783],[-122.2578276507477,37.938129112450532],[-122.25782787790551,37.938131061878273],[-122.25782814139758,37.938133008062024],[-122.25782980426375,37.938144109007503],[-122.2578300521328,37.938145636385656],[-122.25783032612051,37.938147161572886],[-122.25783063867466,37.938148681680545],[-122.25783097618869,37.938150198713345],[-122.25783136357961,37.938151707794894],[-122.25783179061035,37.938153209077441],[-122.25783227539462,37.938154698686837],[-122.25783280097761,37.938156181381153],[-122.25783736899339,37.938168346626533],[-122.25783787137733,37.938169618795229],[-122.25783840314271,37.938170882416365],[-122.25783898014981,37.938172134550491],[-122.25783958537941,37.938173377253207],[-122.25784030987197,37.938174802918766],[-122.25784059632672,37.938175318624559],[-122.25784090868642,37.938175823131061],[-122.25784126163111,37.938176311714102],[-122.25784164045935,37.938176788197012],[-122.2578420440979,37.938177255299216],[-122.25784245106331,37.938177718747276],[-122.25784286478935,37.938178179391365],[-122.25784328300109,37.93817863726516],[-122.25784882199147,37.938184630457975],[-122.25785159983198,37.938187763004883],[-122.25785427310781,37.938190948473341],[-122.2578567867248,37.93819421471779],[-122.25785919575564,37.93819753298304],[-122.25786364921238,37.938203956857912],[-122.25786374830538,37.938204104975696],[-122.25786384402873,37.938204254945894],[-122.257863935245,37.938204406785474],[-122.25786402195425,37.938204560494462],[-122.25786410188149,37.938204716106618],[-122.25786417614286,37.938204872704233],[-122.25786424139008,37.93820503304061],[-122.25786430094999,37.938205193461613],[-122.2578651698235,37.938207765052972],[-122.25786562302162,37.938209218184717],[-122.2578660286177,37.93821067923394],[-122.25786636053589,37.938212152193245],[-122.25786664371458,37.938213633086953],[-122.2578691111283,37.938228478985479],[-122.2578692789513,37.938229557877079],[-122.25786942973393,37.938230637923333],[-122.25786955553529,37.938231720143605],[-122.25786966657121,37.938232803484695],[-122.25786975829179,37.938233888014317],[-122.25786984093415,37.938234973580158],[-122.25786991220195,37.938236059315237],[-122.2578699732327,37.938237145202649],[-122.25787084970345,37.938254428069691],[-122.25787091041367,37.938255500444448],[-122.25787097908618,37.938256572700801],[-122.25787105911174,37.938257643887006],[-122.25787114709954,37.938258714954806],[-122.25787124304946,37.938259785904172],[-122.25787133899939,37.938260856853525],[-122.2578714360868,37.938261927785945],[-122.25787153544906,37.938262998684472],[-122.25787329930702,37.938281906652328],[-122.25787338089096,37.93828285165344],[-122.25787345335397,37.93828379588907],[-122.2578735133263,37.938284741211667],[-122.25787356306157,37.938285686686605],[-122.25787360258111,37.938286633214666],[-122.25787363639209,37.93828757892652],[-122.25787365996599,37.938288524790714],[-122.2578736778739,37.93828947164031],[-122.25787394968242,37.938308941599843],[-122.25787396741455,37.93830992900412],[-122.25787399083386,37.938310916323815],[-122.2578740233315,37.938311902607239],[-122.25787406040033,37.938312889723861],[-122.25787406731705,37.938313037410715],[-122.25787411057442,37.938313949639173],[-122.25787415954051,37.938314862683882],[-122.25787421758481,37.938315774692384],[-122.25787428131639,37.938316686616254],[-122.25787601799776,37.938339821414687],[-122.2578760370648,37.938340145547542],[-122.25787604928573,37.938340468881066],[-122.25787605129098,37.93834079326777],[-122.25787604645016,37.938341116855177],[-122.25787604207785,37.938341268314574],[-122.25787603318852,37.938341517166201],[-122.25787601972802,37.938341765184653],[-122.2578760028552,37.938342013253859],[-122.25787598256997,37.938342261373833],[-122.25787596455964,37.938342509459964],[-122.25787595109918,37.938342757478402],[-122.25787594675968,37.938343006262343],[-122.25787594697,37.938343254978555],[-122.25787639334548,37.938368117567727],[-122.25787639850175,37.938368478854997],[-122.25787640365799,37.938368840142232],[-122.25787640767678,37.93836920144642],[-122.25787640942062,37.938369562784423],[-122.25787641000568,37.938369923238525],[-122.25787640947466,37.938370284610372],[-122.25787640780619,37.938370645999193],[-122.25787640272537,37.938371007438747],[-122.25787607958763,37.938394369335128],[-122.2578760733183,37.93839501645914],[-122.25787607159874,37.938395663515443],[-122.25787607556647,37.938396310487171],[-122.25787608294658,37.938396957408088],[-122.25787609828886,37.938397604210564],[-122.25787611704352,37.938398250962294],[-122.25787614489781,37.938398897578608],[-122.25787617616449,37.93839954414414],[-122.25787745402683,37.938422667745293],[-122.25787748478402,37.938423052982927],[-122.25787752801048,37.938423436232647],[-122.25787758943618,37.938423819211685],[-122.25787766333114,37.93842420020281],[-122.25787769917574,37.938424368185892],[-122.25787776876585,37.938424663631203],[-122.25787784176835,37.938424959025724],[-122.25787792384905,37.938425253384018],[-122.25787801043688,37.938425545872953],[-122.25787810157456,37.938425838294165],[-122.25787819384965,37.938426130698488],[-122.25787828837828,37.938426422168135],[-122.25787838404443,37.938426713620821],[-122.25787866231131,37.938427555667175],[-122.25787890447221,37.938428266681818],[-122.25787915569009,37.938428975759379],[-122.25787942160935,37.938429681013588],[-122.25787969658553,37.938430384330751],[-122.25788597630593,37.93844601789278],[-122.2578863330902,37.938446956095916],[-122.25788666723224,37.938447899141657],[-122.25788696514665,37.938448849935718],[-122.25788723928136,37.938449805589308],[-122.25788764133371,37.938451309045483],[-122.25788768723955,37.938451517430956],[-122.25788772292958,37.938451726869538],[-122.25788774044177,37.938451937479741],[-122.25788774773822,37.938452149143053],[-122.25788774026908,37.93845236192724],[-122.25788772707001,37.938452572994343],[-122.25788770479259,37.938452785097688],[-122.2578876768066,37.938452996384832],[-122.25788411520351,37.938475825216734],[-122.25788402747466,37.938476396053183],[-122.25788394202073,37.938476966855831],[-122.25788385886307,37.93847753852539],[-122.2578837779804,37.938478110161157],[-122.25788369937253,37.938478681763073],[-122.25788362303965,37.938479253331167],[-122.2578835478655,37.938479825783148],[-122.25788347380751,37.938480397317356],[-122.25788114155098,37.938498688556386],[-122.25788100446265,37.938499864803553],[-122.25788088561627,37.93850104258162],[-122.25788079181537,37.938502220888239],[-122.25788071511896,37.938503400742675],[-122.25788061590346,37.938505262206846],[-122.2578806024857,37.938505512026964],[-122.25788059022676,37.938505762730983],[-122.25788057794642,37.93850601253417],[-122.25788056568749,37.938506263238189],[-122.2578805591471,37.938506419235672],[-122.25788055185386,37.938506591465163],[-122.25788054569809,37.938506763677765],[-122.25788054065836,37.938506934972565],[-122.25788053583236,37.938507115275776],[-122.25788053431191,37.938507291023988],[-122.25788053622512,37.938507467622287],[-122.25788054152937,37.938507643268977],[-122.25788054910853,37.938507818881853],[-122.25788094479198,37.938514666293784],[-122.25788114776134,37.938517898427577],[-122.25788137116223,37.938521128455115],[-122.25788162754931,37.938524357991824],[-122.25788190436795,37.938527585422293],[-122.25788249101284,37.938534040693277],[-122.25788249603929,37.938534204629029],[-122.25788244338256,37.938534527125491],[-122.25788243442756,37.938534581328156],[-122.25788242658861,37.938534634613056],[-122.25788241763365,37.9385346888157],[-122.25788240865722,37.938534742117525],[-122.2578820813422,37.938536677265574],[-122.25788191671327,37.938537699824636],[-122.25788176232142,37.938538722231428],[-122.25788162391808,37.938539747103782],[-122.25788149577318,37.938540772724657],[-122.25787973811647,37.938555801336591],[-122.25787961723509,37.938556941296319],[-122.25787951229948,37.938558081919986],[-122.2578794312932,37.938559223989934],[-122.25787936509522,37.938560366740745],[-122.25787934932848,37.938560709414958],[-122.25787930752838,37.938561681484089],[-122.25787926800314,37.938562653519377],[-122.25787923530264,37.938563625453121],[-122.25787920603588,37.938564598236937],[-122.25787917674781,37.938565570119906],[-122.25787914290984,37.938566542070554],[-122.2578791022471,37.938567514122759],[-122.25787905703459,37.938568486242644],[-122.25787828359742,37.938584137329215],[-122.25787824304295,37.938585929432641],[-122.25787826616472,37.938587719687575],[-122.25787838710784,37.938589508487098],[-122.25787857170576,37.938591294537247],[-122.25787888339984,37.938593066080273],[-122.25787929817508,37.938594818066512],[-122.25787986934257,37.938596543394667],[-122.25788054361269,37.93859825006691],[-122.25788087532919,37.938598994894242],[-122.25788181171416,37.938601054524895],[-122.25788277297366,37.93860310747732],[-122.25788376925927,37.938605149995944],[-122.25788478810183,37.93860718406853],[-122.25788759814355,37.938612680771314],[-122.25788782333211,37.938613155935265],[-122.25788802703721,37.938613636825835],[-122.25788820020195,37.938614125380056],[-122.25788835072426,37.938614618776903],[-122.25788847974181,37.938615116999486],[-122.25788859854357,37.938615616275221],[-122.25788870262257,37.938616118473476],[-122.2578887976232,37.938616621707943],[-122.2578893991964,37.938620060584284],[-122.2578895461979,37.938620981181906],[-122.25788967731775,37.938621903818152],[-122.25788978345624,37.938622828628375],[-122.25788987255423,37.93862375459328],[-122.25788990587408,37.938624679585764],[-122.25788988339438,37.938625602704946],[-122.25788977661463,37.938626521671431],[-122.2578896128765,37.938627437880726],[-122.25788739707937,37.938637303371195],[-122.25788715707392,37.938638362196812],[-122.25788691365618,37.938639421073198],[-122.25788666678322,37.938640478198671],[-122.25788641649787,37.938641535374956],[-122.25788629961086,37.938642028244523],[-122.25788613455275,37.938642840840409],[-122.25788600597879,37.938643656498037],[-122.25788593438456,37.938644475813774],[-122.25788590043324,37.938645299075198],[-122.25788587444418,37.938646122218181],[-122.25788581997584,37.938646943982555],[-122.257885724495,37.938647763653627],[-122.25788560053493,37.93864858194614],[-122.25788505288284,37.938651685568324],[-122.2578844926267,37.938654017987638],[-122.25788374467361,37.938656304537041],[-122.25788271631228,37.938658522264639],[-122.25788150136999,37.93866069320454],[-122.2578790277507,37.938664582453022],[-122.2578783627153,37.938665711584356],[-122.25787775616041,37.938666859671088],[-122.25787723898968,37.938668034363808],[-122.25787678025659,37.938669226210216],[-122.25787648801986,37.93867043360261],[-122.25787634944686,37.93867164321464],[-122.25787643965251,37.938672855730985],[-122.25787668463798,37.938674069549144],[-122.25787827946834,37.938679375263582],[-122.25787852746205,37.938680140260807],[-122.25787879809805,37.938680900415399],[-122.25787910268691,37.938681652855578],[-122.25787942875924,37.938682399569174],[-122.25787965424713,37.93868288734491],[-122.25787986531137,37.938683390654916],[-122.25788005259572,37.938683898824507],[-122.25788020251491,37.938684414759251],[-122.25788032637945,37.938684935587432],[-122.25788041963942,37.938685461376721],[-122.25788049472141,37.938685988337618],[-122.25788054368462,37.938686517489423],[-122.25788057446987,37.93868704781287],[-122.25788122743238,37.938705940766361],[-122.25788126095766,37.938706538635806],[-122.25788131152349,37.938707135350533],[-122.25788138934561,37.938707729857427],[-122.2578814842296,37.938708324110515],[-122.25788159952376,37.93870891535645],[-122.25788172617114,37.938709505532294],[-122.25788186644662,37.938710094604204],[-122.25788201689521,37.938710680821345],[-122.25788529962925,37.938722817425067],[-122.25788545833922,37.938723416135467],[-122.25788561365819,37.938724015797462],[-122.25788576217376,37.93872461646184],[-122.25788590613951,37.938725217193912],[-122.25788618842645,37.938726420544349],[-122.25789127715838,37.938736551337563],[-122.25789154324821,37.938737071851975],[-122.25789181272908,37.9387375914148],[-122.25789208897054,37.938738108173609],[-122.25789237087801,37.938738623946925],[-122.25789299759015,37.938739716737565],[-122.25789324690413,37.938739961747572],[-122.25790720587183,37.938749734377176],[-122.25790746873348,37.938749926918518],[-122.2579096346507,37.93875134195158],[-122.25791960082222,37.938757371103094],[-122.2579204093097,37.938757876338258],[-122.25792120442541,37.938758393487397],[-122.25792197949428,37.938758928957945],[-122.25792274121278,37.938759477243302],[-122.25792349404531,37.93876003467247],[-122.25792424799391,37.938760591183843],[-122.25792500194257,37.938761147695168],[-122.25792575698597,37.938761702387957],[-122.25793158425842,37.938765983595282],[-122.25793366330895,37.93876752608233],[-122.2579357289451,37.938769078681652],[-122.25793777560776,37.938770646882929],[-122.25793980887744,37.938772226097278],[-122.25794188542983,37.938773855132403],[-122.25794360016152,37.938775293098679],[-122.25794522861233,37.938776787319192],[-122.25794672701969,37.938778363677535],[-122.25794814026226,37.9387799953724],[-122.25794940618582,37.938781700450555],[-122.2579505649482,37.938783444971655],[-122.25795156360167,37.938785251351334],[-122.25795245625278,37.938787098057858],[-122.25795571423386,37.938794640929842],[-122.25795649039897,37.938796421782754],[-122.25795727334625,37.938798200732471],[-122.25795806758261,37.938799975909525],[-122.25795886862245,37.938801750084224],[-122.25795989255565,37.938803998555748],[-122.25796020814558,37.938804639088538],[-122.25796054968339,37.938805270223746],[-122.25796093069043,37.93880588635318],[-122.25796133992029,37.938806493051104],[-122.25796178181599,37.938807085745665],[-122.25796224055986,37.938807669177933],[-122.25796272739834,37.938808237773742],[-122.25796323224394,37.9388087979912],[-122.25797111944445,37.938817220904276],[-122.25797317741053,37.938819505356534],[-122.25797516455015,37.938821826007668],[-122.25797704489197,37.938824201416089],[-122.25797885217501,37.938826614858925],[-122.25797913338801,37.938827005381533],[-122.25798075792279,37.938829245817786],[-122.25798239484158,37.938831480662877],[-122.25798405315851,37.938833706177881],[-122.25798572497553,37.938835925184009],[-122.25798743615499,37.938838124680096],[-122.25798918892912,37.938840302830663],[-122.25799100126217,37.938842449455741],[-122.25799285405246,37.938844574752167],[-122.25799289615505,37.938844622788217],[-122.25799481830917,37.938846746151427],[-122.25799676402953,37.938848855646576],[-122.2579987456573,37.938850943880887],[-122.25800075087268,37.93885301914797],[-122.25800430394828,37.938856644804432],[-122.25800550755503,37.938857881306419],[-122.25800670553861,37.938859120595502],[-122.2580078945507,37.93886036542505],[-122.25800907682364,37.93886161395951],[-122.25801024338578,37.938862871739232],[-122.25801139309974,37.938864138781192],[-122.25801251922631,37.93886541879035],[-122.25801362852599,37.938866708962543],[-122.25801936941153,37.938873487655755],[-122.25802098683239,37.938875428112048],[-122.2580225795284,37.938877381552416],[-122.25802413399951,37.938879354485813],[-122.25802566370307,37.938881338601618],[-122.25802778038262,37.938884131332998],[-122.25802822927498,37.938884731132461],[-122.2580286747978,37.938885332784345],[-122.25802911355991,37.938885937240343],[-122.25802954781494,37.938886543565701],[-122.25802993516103,37.938887091112655],[-122.25803017405819,37.938887424590739],[-122.25803041859987,37.93888775618251],[-122.25803066762735,37.938888085004116],[-122.25803092116189,37.938888411956306],[-122.25803118143574,37.938888735203605],[-122.25803144958634,37.93888905472906],[-122.25803172672983,37.938889369614969],[-122.25803201059118,37.938889679895063],[-122.25803877926984,37.938896902884636],[-122.2580412694419,37.938899515234006],[-122.25804379210898,37.938902106373249],[-122.2580463675104,37.938904666088426],[-122.25804897654427,37.938907204576502],[-122.25805049243897,37.938908654511387],[-122.25805235472941,37.938910460655997],[-122.2580542002145,37.938912277864553],[-122.25805601653168,37.938914112629],[-122.25805781492734,37.938915959375187],[-122.25805956166241,37.938917834825887],[-122.25806125671531,37.938919738080259],[-122.25806287649868,37.938921682105502],[-122.25806444573746,37.938923653917428],[-122.25806507977755,37.938924479855729],[-122.25806691659724,37.938926891055424],[-122.25806873877961,37.938929308781013],[-122.25807053733189,37.938931737672036],[-122.25807232010933,37.938934173105856],[-122.25807687363313,37.938940447693874],[-122.258077512133,37.938941317722389],[-122.25807815850975,37.938942184029131],[-122.25807881613284,37.938943044761523],[-122.25807948165408,37.938943902672968],[-122.25808015951648,37.938944753191485],[-122.25808084525565,37.93894559998818],[-122.25808154563224,37.938946440258995],[-122.25808225498034,37.938947274989388],[-122.25809184640991,37.938958418361402],[-122.25809321075303,37.938960003020846],[-122.25809457286402,37.938961589515834],[-122.25809593385905,37.938963176928532],[-122.25809729257914,37.9389647643751],[-122.25809936871678,37.938967190937568],[-122.25809968937888,37.938967565553249],[-122.25810000892473,37.93896794108673],[-122.25810032847069,37.938968316620148],[-122.25810064801664,37.938968692153622],[-122.25810087861497,37.938968963575185],[-122.2581010811662,37.938969203873661],[-122.25810128373884,37.938969445072956],[-122.2581014840579,37.938969687206928],[-122.25810168437694,37.938969929340949],[-122.25810188581214,37.938970170557162],[-122.25810208838477,37.938970411756429],[-122.25810229430571,37.938970650202393],[-122.25810250361758,37.938970887696783],[-122.2581117429866,37.938981291950185],[-122.2581132411142,37.938982952118209],[-122.25811476053312,37.938984598452059],[-122.25811631139501,37.938986227196047],[-122.2581178824321,37.938987843023561],[-122.25811946694792,37.938989451441273],[-122.25812104586193,37.938991063546929],[-122.25812261578309,37.938992680292181],[-122.25812418237754,37.938994300691562],[-122.25812854205026,37.938998830818754],[-122.25812964739552,37.939000002096073],[-122.25813073479783,37.93900118445417],[-122.25813179414831,37.939002383450529],[-122.25813283323812,37.939003591759977],[-122.25814207221626,37.939014554734158],[-122.2581426743117,37.939015281118984],[-122.25814326855172,37.939016012126423],[-122.25814384817575,37.939016750560661],[-122.2581444199444,37.939017493617527],[-122.25814519760809,37.93901852198087],[-122.25814537376286,37.939018752759274],[-122.2581455521926,37.939018983503885],[-122.25814573399191,37.939019212396005],[-122.25814591576993,37.939019440387284],[-122.25814610319249,37.939019666492257],[-122.2581462928472,37.939019890761742],[-122.25814648810378,37.93902011134319],[-122.2581466867514,37.939020330973037],[-122.25815811308334,37.939032700545447],[-122.2581612038948,37.939035881596247],[-122.25816133713478,37.939036030106813],[-122.25816173123621,37.939036430664203],[-122.25817695304855,37.939052042892428],[-122.25817706506621,37.93905216017825],[-122.25817717710524,37.93905227836494],[-122.25817728691209,37.939052398387169],[-122.25817739558148,37.939052518426273],[-122.25817750313476,37.93905263938322],[-122.25817760957194,37.939052761257891],[-122.25817771487169,37.939052883149458],[-122.25817781905535,37.939053005958819],[-122.25819143250452,37.939069026011161],[-122.25819157531453,37.939069194204734],[-122.25819171698701,37.939069362415253],[-122.25819185865956,37.939069530625716],[-122.25819199919464,37.939069698853153],[-122.25819214088855,37.939069867964477],[-122.25819228256107,37.939070036175004],[-122.25819242425496,37.939070205286342],[-122.25819256590613,37.939070372595971],[-122.25820605882129,37.939086299818776],[-122.25820620279019,37.939086468896242],[-122.25820634564298,37.939086638891489],[-122.25820648847443,37.939086807985888],[-122.25820663018975,37.939086977998031],[-122.25820677190508,37.939087148010174],[-122.25820691475792,37.939087318005392],[-122.25820705758937,37.939087487099783],[-122.25820720157965,37.939087657078105],[-122.25822098613396,37.939103886352818],[-122.25822108327922,37.939104000255305],[-122.25822128482197,37.939104245975521],[-122.25822138673081,37.939104368818654],[-122.25822148863975,37.939104491661858],[-122.25822159052721,37.939104613604201],[-122.25822169241474,37.939104735546501],[-122.25823523074132,37.93912080176964],[-122.25823536307924,37.939120960206239],[-122.25823549430106,37.939121119560646],[-122.25823562438539,37.939121278931999],[-122.2582357544911,37.939121439204129],[-122.25823588120585,37.939121600427889],[-122.25823600680442,37.939121762569435],[-122.25823613014947,37.939121925645679],[-122.25823625124094,37.939122089656586],[-122.25823697918388,37.939123084515273],[-122.25823746256199,37.939123746881769],[-122.25823794480264,37.93912440926519],[-122.25823842590582,37.93912507166548],[-122.25823890703046,37.939125734966666],[-122.25824497279113,37.939134119182121],[-122.25824508692963,37.939134277889558],[-122.25824519990934,37.939134435713093],[-122.25824531177287,37.93913459445433],[-122.25824542363644,37.93913475319566],[-122.25824553665882,37.939134912820833],[-122.25824564850103,37.939135070661365],[-122.2582457615021,37.939135229385698],[-122.25824587561925,37.939135387192273],[-122.25825507361932,37.939148074680816],[-122.25825518775784,37.939148233388266],[-122.25825530073755,37.939148391211809],[-122.25825541375995,37.939148550836968],[-122.25825552448616,37.939148709595187],[-122.25825563525505,37.93914887015508],[-122.2582557437276,37.939149029847947],[-122.25825585224298,37.939149191342572],[-122.25825595848337,37.939149352870984],[-122.25826749695089,37.93916692674788],[-122.258267525276,37.939166969581926],[-122.25826755248498,37.939167013333687],[-122.25826757855656,37.939167057102374],[-122.25826760464942,37.939167101771943],[-122.25826770556593,37.93916727869928],[-122.25826773052133,37.939167323385746],[-122.25826775322322,37.939167369006938],[-122.25826777478761,37.939167414644984],[-122.25826779407713,37.93916746031698],[-122.25827522233237,37.939185695528302],[-122.25827528148794,37.939185838833112],[-122.25827533952739,37.93918598305568],[-122.25827539868295,37.939186126360475],[-122.25827545670101,37.939186269682203],[-122.25827551585658,37.939186412987013],[-122.25827557389609,37.939186557209567],[-122.25827563191413,37.939186700531295],[-122.2582756910697,37.93918684383609],[-122.25828289756035,37.939204700256518],[-122.25828296654238,37.939204874054397],[-122.2582830355457,37.939205048753173],[-122.25828310341161,37.939205223468832],[-122.25828317016143,37.939205399102306],[-122.25828320172327,37.93920548244018],[-122.25828325154404,37.939205615971183],[-122.25828329908985,37.939205749535986],[-122.25828334551954,37.939205884018598],[-122.25828339194931,37.939206018501196],[-122.25828343724154,37.939206153000754],[-122.25828348480873,37.939206287466412],[-122.25828353462944,37.939206420997401],[-122.25828358672514,37.93920655449454],[-122.25829020256386,37.939223207648133],[-122.25829030945762,37.939223492625302],[-122.25829040729447,37.939223779539574],[-122.25829049152441,37.939224068458607],[-122.25829056669737,37.939224359314785],[-122.25829057924759,37.939224408691665],[-122.25829064023664,37.939224677230001],[-122.25829069892939,37.939224944901333],[-122.25829075311498,37.93922521444204],[-122.25829080500431,37.939225483115784],[-122.25829085918994,37.939225752656483],[-122.25829091902014,37.939226020310926],[-122.25829098792866,37.939226286929078],[-122.2582910636407,37.939226552544831],[-122.25829395563753,37.939236172613562],[-122.25829461004102,37.939238623934671],[-122.2582951577577,37.939241086756162],[-122.25829554549775,37.939243569080325],[-122.25829582770982,37.939246063788723],[-122.25829606963165,37.939249066448077],[-122.2582960841923,37.939250063812096],[-122.25829601322923,37.939251053437268],[-122.25829581341168,37.939252031462608],[-122.25829552695427,37.939253002666845],[-122.25829513649575,37.939253954692191],[-122.2582946921702,37.939254890397152],[-122.25829417097171,37.939255799310232],[-122.25829359704362,37.939256691886001],[-122.25829222150425,37.939258664261779],[-122.2582909747431,37.939260549111225],[-122.25828980030487,37.939262460820274],[-122.25828873488781,37.939264411459],[-122.25828774179374,37.939266388957329],[-122.2582861430631,37.939269792988078],[-122.25828577015329,37.939270813240171],[-122.25828552609794,37.939271845092058],[-122.25828547588223,37.939272893884826],[-122.25828555565842,37.939273954260486],[-122.2582857471202,37.939275021985701],[-122.25828595107275,37.939276088623863],[-122.25828617545692,37.939277153155665],[-122.25828641228919,37.93927821479879],[-122.25828712061058,37.939281260081067],[-122.25828774053419,37.939283840780774],[-122.25828838653408,37.939286417487743],[-122.25828906880481,37.939288988248052],[-122.25828977601434,37.939291555032568],[-122.25829050755962,37.939294140379246],[-122.258291293867,37.939296587935139],[-122.25829219441755,37.939299006756208],[-122.25829326572122,37.939301380681869],[-122.25829445126806,37.939303725872726],[-122.25829575208864,37.93930603780764],[-122.25829709124127,37.939308334753605],[-122.25829848793458,37.939310611017795],[-122.25829992184387,37.93931287321081],[-122.25830063391973,37.939313966531323],[-122.25830181398534,37.939315744975936],[-122.25830301995623,37.939317512221187],[-122.25830426533254,37.939319261758016],[-122.25830553663555,37.939321000996323],[-122.25830684167796,37.939322723511673],[-122.25830816923472,37.939324435779234],[-122.25830952713977,37.93932613227549],[-122.25831090642171,37.939327818540903],[-122.25831672433137,37.939334819560528],[-122.25831774668744,37.939336041634725],[-122.25831877466683,37.939337260921725],[-122.25831981277659,37.939338475552219],[-122.25832085537212,37.939339687412406],[-122.25832092674547,37.939339770157858],[-122.25832201346256,37.939341019210097],[-122.25832310241184,37.939342266426742],[-122.25832419698439,37.93934351085624],[-122.25832529492668,37.939344753433268],[-122.25833301732861,37.939353468046491],[-122.25833339962583,37.939353898517183],[-122.25833378192311,37.939354328987896],[-122.25833416533648,37.939354758540873],[-122.25833454988732,37.93935518807686],[-122.25833493555426,37.93935561669511],[-122.25833532459087,37.939356043460897],[-122.25833571811323,37.939356467456463],[-122.25833611388916,37.939356890517331],[-122.25834737195819,37.93936883092158],[-122.25834866645567,37.93937020484568],[-122.25834870499675,37.939370246626488],[-122.25834874355917,37.939370289308172],[-122.25834878096276,37.939370331105891],[-122.25834881727165,37.93937037472223],[-122.25834896244298,37.939370546485101],[-122.25834899873054,37.939370589200621],[-122.25834903615547,37.939370631899166],[-122.25834907358046,37.939370674597747],[-122.25834911098401,37.939370716395473],[-122.25835935750126,37.939382033833269],[-122.25835953256747,37.939382218668598],[-122.25835971323559,37.939382399815919],[-122.25835990399122,37.939382574505011],[-122.25836010148626,37.939382745489191],[-122.25836020479434,37.939382831363993],[-122.25836035788988,37.939382953445275],[-122.25836051431239,37.939383071872463],[-122.25836067745283,37.939383185693828],[-122.25836084392019,37.939383295861099],[-122.25836100253211,37.939383410651025],[-122.25836114884562,37.939383534635589],[-122.25836127496255,37.939383670635699],[-122.25836138650615,37.939383815864325],[-122.2583686600108,37.939394663885984],[-122.25836967787647,37.939396176199054],[-122.25837069797431,37.939397686676628],[-122.25837172260077,37.939399196185576],[-122.25837275057552,37.939400702941256],[-122.25837378644849,37.939402206875933],[-122.2583748313571,37.939403707972595],[-122.25837588749087,37.93940520259418],[-122.25837695038533,37.939406694411595],[-122.25838034647154,37.939411422705867],[-122.25838126737658,37.939412685039088],[-122.2583822017817,37.939413940863218],[-122.25838315531007,37.939415187391241],[-122.25838412347592,37.939416427393304],[-122.25838493640867,37.939417455230206],[-122.25838550766983,37.939418176665711],[-122.25838607893104,37.939418898101223],[-122.25838665132967,37.939419619519796],[-122.25838722370702,37.939420340037529],[-122.25838779159855,37.93942106332549],[-122.258388354983,37.939421788482854],[-122.25838890937452,37.939422518279827],[-122.25838945925896,37.939423249946159],[-122.25839321121425,37.939428301866229],[-122.25839557671864,37.939434530603926],[-122.25839562460678,37.939434678582145],[-122.25840179118329,37.939447405766593],[-122.25840202758138,37.939447873553526],[-122.25840227526868,37.939448337567811],[-122.25840253988981,37.939448795923155],[-122.25840281464134,37.939449249621937],[-122.25840311083373,37.939449695792334],[-122.25840342275836,37.939450133618251],[-122.25840375831339,37.939450560278587],[-122.25840411075946,37.939450979478288],[-122.25841091862391,37.939458699302321],[-122.25841143126864,37.939459252192549],[-122.25841196634205,37.939459791231627],[-122.25841253277309,37.939460309077447],[-122.2584131216329,37.939460813072088],[-122.25841433071012,37.939461799868141],[-122.25841843632999,37.939469144474145],[-122.25841965555711,37.939471709945927],[-122.25842062213302,37.939474321532174],[-122.25842121033274,37.939477003632803],[-122.25842154585983,37.939479730947049],[-122.25842170441781,37.939482864613282],[-122.25842177832403,37.939484061150921],[-122.25842187040843,37.939485256516825],[-122.25842198863326,37.939486450592568],[-122.25842212505768,37.939487644397424],[-122.2584223351184,37.939488824490198],[-122.25842262675646,37.939489989851552],[-122.25842303847476,37.939491132699253],[-122.25842353059018,37.93949225903075],[-122.25843097285662,37.939507245352871],[-122.25843112439061,37.93950754138065],[-122.25843128270668,37.939507835505097],[-122.25843145005841,37.939508126791651],[-122.25843162189589,37.939508415307948],[-122.25843192246305,37.939508901965233],[-122.25843195078834,37.939508944799229],[-122.2584319813886,37.939508987599375],[-122.25843205269811,37.93950906764222],[-122.25843237158999,37.939509367487325],[-122.25843874044031,37.939513978544056],[-122.25844188790246,37.939516236861074],[-122.25844505202076,37.939518477808143],[-122.25844824292562,37.9395206967287],[-122.25845145164541,37.939522899163187],[-122.25845467820155,37.93952508601253],[-122.25845791141174,37.939527265553501],[-122.25846115576165,37.939529435015828],[-122.25846440680837,37.93953159897147],[-122.25847120986512,37.939536094524293],[-122.25847155982471,37.939536265041525],[-122.2584716137775,37.939536284965122],[-122.25847226902387,37.939536517624454],[-122.25847265109368,37.939536650716285],[-122.25847303646913,37.939536779253196],[-122.25847342399122,37.9395369023512],[-122.25847381368141,37.939537020911153],[-122.25849737424647,37.939544011985895],[-122.25849743841518,37.939544030856297],[-122.25849750260525,37.939544050627561],[-122.25849756681671,37.93954407129965],[-122.25849762989066,37.939544091988701],[-122.25849801063077,37.939544216989894],[-122.25849825203898,37.939544368396014],[-122.25850272240875,37.939549053663455],[-122.25850287058708,37.939549208259429],[-122.25850301878678,37.939549363756207],[-122.25850316584906,37.939549519269889],[-122.2585033140488,37.939549674766702],[-122.25851343873316,37.939560315433482],[-122.25851357759797,37.939560461156468],[-122.25851371532539,37.939560606896379],[-122.25851385416883,37.939560751718531],[-122.25851399303367,37.939560897441503],[-122.25851413189855,37.939561043164488],[-122.25851426960453,37.939561188003537],[-122.25851440849075,37.939561334627378],[-122.25851454621814,37.939561480367274],[-122.25852450057189,37.939572039760606],[-122.25852491137232,37.939572472509965],[-122.25852532667989,37.939572903389923],[-122.25852574647325,37.939573331499638],[-122.25852616963626,37.939573757756889],[-122.25852701928923,37.939574606617285],[-122.25853913494373,37.939585665524696],[-122.25853918719882,37.93958570980481],[-122.25853924168608,37.939585752249364],[-122.25853930175386,37.939585790105099],[-122.25853936291632,37.939585826142228],[-122.25853961876986,37.93958596291472],[-122.25853968328065,37.939585996198552],[-122.2585397500022,37.939586026746021],[-122.25853981779711,37.939586054573986],[-122.25853988780284,37.939586079665631],[-122.25854039258732,37.939586253285249],[-122.25854071611209,37.939586364719375],[-122.25854103740468,37.939586477988968],[-122.25854135762384,37.939586593978071],[-122.25854167786447,37.939586710867957],[-122.25855327716937,37.939591018782345],[-122.25855357206495,37.939591122532079],[-122.25855386908589,37.939591219942074],[-122.25855417042156,37.93959130737516],[-122.25855447615744,37.93959138843465],[-122.25855478507061,37.9395914595341],[-122.25855509604497,37.939591521591304],[-122.25855541129133,37.939591571869904],[-122.25855572864161,37.939591614907926],[-122.25855653984276,37.939591706467468],[-122.25855726431818,37.939591787602687],[-122.25855798986687,37.939591866018496],[-122.2585587153515,37.939591941731791],[-122.25855944079336,37.939592015643377],[-122.25857187647289,37.939593256185802],[-122.25857276719033,37.939593342055915],[-122.25857365782223,37.939593424322695],[-122.25857455060084,37.939593501150547],[-122.25857544327249,37.939593573474184],[-122.25857633581593,37.939593640392815],[-122.25857722938997,37.939593702790319],[-122.25857812397319,37.939593759765863],[-122.25857901958703,37.939593812220224],[-122.25857923493274,37.939593824334764],[-122.2585802375545,37.939593878801098],[-122.25858124019756,37.939593934168244],[-122.25858224284072,37.939593989535389],[-122.2585832466213,37.939594044885617],[-122.25860019909877,37.939594973984576],[-122.25860025719537,37.9395949767245],[-122.25860031524924,37.939594977662765],[-122.25860037326032,37.93959497679932],[-122.25860043122863,37.939594974134188],[-122.25860066419675,37.93959496165516],[-122.25860072212231,37.939594957188369],[-122.25860077891039,37.939594952738517],[-122.25860083675049,37.93959494466835],[-122.25860089345309,37.939594936615173],[-122.25860934095709,37.939593542955244],[-122.25861063007773,37.939593299379915],[-122.25861190233312,37.939593016404686],[-122.25861315274582,37.939592676080537],[-122.25861438743081,37.939592296339534],[-122.25861559464991,37.939591862036806],[-122.2586167783285,37.939591394741569],[-122.25861792780198,37.939590876589527],[-122.25861905485101,37.939590324527259],[-122.25862582587803,37.939586804757411],[-122.25863037721669,37.939584544499894],[-122.2586350004207,37.939582387706764],[-122.25863973426654,37.939580386067895],[-122.25864453995634,37.939578486992545],[-122.25865912633577,37.939573019743762],[-122.25866076690167,37.939572433904139],[-122.25866242184406,37.939571878489843],[-122.25866410180639,37.939571370464478],[-122.25866579732548,37.939570894649137],[-122.25866785754988,37.939570347620894],[-122.25866852069242,37.939570145803891],[-122.25866916492996,37.939569914530168],[-122.25866978197945,37.939569640405544],[-122.25867038012397,37.939569336824171],[-122.25867075855645,37.939569124826477],[-122.25867113995241,37.939568893860354],[-122.25867150392284,37.939568647833951],[-122.25867184345051,37.939568378741235],[-122.25867216445805,37.939568096406845],[-122.25867247033632,37.939567799879178],[-122.25867277278087,37.939567502501447],[-122.25867307058989,37.939567201588048],[-122.25867336494386,37.939566898923793],[-122.25867341600622,37.93956684499549],[-122.25867373128804,37.939566513182747],[-122.25867404541094,37.939566180486011],[-122.25867435719482,37.939565845120661],[-122.25867466554486,37.939565508905289],[-122.25868316715447,37.93955618245144],[-122.2586858382936,37.939553232856838],[-122.25868849329419,37.939550274490841],[-122.25869112292816,37.939547302083831],[-122.25869373756093,37.939544320888487],[-122.25869677928573,37.93954082868801],[-122.25869785231409,37.939539582637046],[-122.25869891265927,37.939538329565629],[-122.25869995341085,37.939537065971955],[-122.25870098265946,37.939535797142568],[-122.2587020026799,37.939534523043541],[-122.25870302383784,37.939533248927603],[-122.25870404385826,37.939531974828576],[-122.2587050650161,37.939530700712638],[-122.25871389743416,37.939519683267726],[-122.25871759334252,37.93951513238256],[-122.25872133187133,37.939510603391824],[-122.25872513609065,37.939506109469413],[-122.25872898293036,37.939501637441346],[-122.25873340152124,37.939496564842543],[-122.25873507075156,37.939494645764022],[-122.25873673766402,37.939492724917741],[-122.25873839998383,37.939490802337438],[-122.25874006114466,37.939488878873213],[-122.25874238661579,37.939486179537191],[-122.25874288157512,37.939485603539637],[-122.25874337541826,37.939485028459835],[-122.25874386921875,37.939484451578373],[-122.2587443607442,37.939483874730726],[-122.2587448522483,37.939483296982274],[-122.25874534375239,37.939482719233851],[-122.25874583411901,37.939482141502296],[-122.25874632448564,37.939481563770748],[-122.25876343322666,37.939461365598575],[-122.25876434639088,37.9394602877395],[-122.25876525843896,37.939459210798155],[-122.25876617162449,37.939458133839899],[-122.25876708478862,37.939457055980789],[-122.25876816399807,37.939455782802391],[-122.25876854047593,37.939455344643051],[-122.25876892040895,37.939454908234573],[-122.25876930836839,37.939454474410148],[-122.25876969868824,37.93945404415517],[-122.25877009589716,37.939453616501076],[-122.25877049542368,37.939453190614856],[-122.25877089958558,37.939452768264218],[-122.25877130718133,37.939452346763666],[-122.25879178164061,37.939431377561405],[-122.25879389761606,37.939429200409215],[-122.25879600436326,37.939427017987398],[-122.25879809726834,37.939424827661099],[-122.25880018324159,37.939422632932214],[-122.25880225419239,37.939420428514175],[-122.25880431364017,37.939418218860411],[-122.25880635690665,37.939415998633557],[-122.25880838980746,37.939413773154051],[-122.25881012743177,37.939411859364434],[-122.25881204020089,37.939409750119978],[-122.25881395065227,37.93940763910777],[-122.25881585651085,37.939405526361504],[-122.25881776121045,37.939403412731323],[-122.25881966591,37.939401299101149],[-122.25882157290576,37.93939918633788],[-122.25882348108162,37.939397075359309],[-122.25882539266976,37.939394964329971],[-122.25883511390428,37.939384241840074],[-122.25883664255338,37.939382584385918],[-122.25883819545268,37.939380941890413],[-122.2588397829891,37.939379320507058],[-122.25884139247945,37.939377713215414],[-122.25884288033309,37.939376254622985],[-122.25884377823741,37.939375396872691],[-122.25884469693682,37.939374552330186],[-122.2588456422898,37.939373728117488],[-122.25884660730034,37.939372917129546],[-122.25884759312747,37.939372120250248],[-122.25884858592902,37.939371329575167],[-122.25884959034042,37.939370548639999],[-122.25885060288512,37.939369774793008],[-122.25886951624342,37.939355473946605],[-122.25887084077499,37.93935446926475],[-122.25887216301021,37.939353463715882],[-122.25887348174744,37.939352454614443],[-122.25887479818832,37.939351444645993],[-122.25887629558514,37.939350292304439],[-122.2588768796797,37.939349876286499],[-122.25887748939728,37.939349485119493],[-122.25887813417962,37.939349133081393],[-122.25887880460635,37.939348806795074],[-122.2588794984666,37.939348508997],[-122.25888020060982,37.939348224592962],[-122.25888091459809,37.939347959837988],[-122.25888163800683,37.93934770846019],[-122.25888441756555,37.939346786652337],[-122.25888650479926,37.939346035556568],[-122.2588885473338,37.939345222946315],[-122.25889052729481,37.939344314843765],[-122.25889246253524,37.939343344325906],[-122.25889287152793,37.939343125564399],[-122.25889483549155,37.9393420708113],[-122.25889679591444,37.939341010703963],[-122.25889874934137,37.93933994349149],[-122.25890069924903,37.93933887182552],[-122.25890266561564,37.939337822443456],[-122.25890466013671,37.939336808688537],[-122.25890669573053,37.939335847490391],[-122.25890875945746,37.939334921018535],[-122.25891265991774,37.93933323636562],[-122.25891516966894,37.939332213138137],[-122.25891771394602,37.939331254279999],[-122.25892031397187,37.939330391015623],[-122.25892295081994,37.939329592987548],[-122.25892563096885,37.939328893442074],[-122.25892833426893,37.939328258435168],[-122.25893107065393,37.93932772296408],[-122.25893383019024,37.939327252031624],[-122.25894390164994,37.939325725131667],[-122.25894591533626,37.939325423004739],[-122.25894792915089,37.93932512628286],[-122.25894994427404,37.93932483675065],[-122.25895196064158,37.939324551705752],[-122.25895397936951,37.939324270230244],[-122.25895599700272,37.939323990573328],[-122.2589580146573,37.939323711817217],[-122.25896003347077,37.939323433944971],[-122.25897509525822,37.939321364149585],[-122.25897527332761,37.939321339870844],[-122.25897545257715,37.939321317376908],[-122.2589756318481,37.939321295783806],[-122.25897581000295,37.939321275108441],[-122.2589759893167,37.939321255316976],[-122.25897616867316,37.939321237327199],[-122.25897634918846,37.939321220221338],[-122.25897652858772,37.939321204033213],[-122.25898725025893,37.939320273027306],[-122.25898974379834,37.939320052970515],[-122.25899223607202,37.93931982752553],[-122.25899472815325,37.939319593972989],[-122.25899721783126,37.939319355049221],[-122.25899828609329,37.939319250832256],[-122.25900024360305,37.939319074801574],[-122.25900220383672,37.939318917654582],[-122.25900416702953,37.939318789300536],[-122.25900613294634,37.939318679830201],[-122.25900809896578,37.9393186226254],[-122.25901006388635,37.939318615000602],[-122.2590120282853,37.939318681278387],[-122.25901399044785,37.939318797153071],[-122.25903168196618,37.93932018378851],[-122.25903386213362,37.939320327957823],[-122.25903604490094,37.93932043784438],[-122.25903823095652,37.939320494513666],[-122.25904041845321,37.939320516016387],[-122.25904260726254,37.939320496947424],[-122.25904479560151,37.939320458059946],[-122.25904698207601,37.939320388560859],[-122.25904916808003,37.939320299243306],[-122.25905015577007,37.939320252097161],[-122.25905283360937,37.939320174381535],[-122.2590555095972,37.939320162477777],[-122.25905818450327,37.939320248816244],[-122.25906085757934,37.939320401867533],[-122.25906433661601,37.939320665477041],[-122.2590668838352,37.939320885285227],[-122.25906942504218,37.939321139426823],[-122.25907195838967,37.939321445952501],[-122.2590744845874,37.939321786828543],[-122.25907474493512,37.93932182530687],[-122.25907713386279,37.939322183546182],[-122.25907951860412,37.939322557167451],[-122.25908189812853,37.939322950691782],[-122.25908427344523,37.939323358697223],[-122.25908664468248,37.939323786588808],[-122.25908901051045,37.939324226275936],[-122.25909137223756,37.939324684948346],[-122.25909372969291,37.939325155399423],[-122.25909686374435,37.939325793618508],[-122.25910079186446,37.939326568706271],[-122.25910473058958,37.939327311194312],[-122.25910868294719,37.939328004816808],[-122.25911264365611,37.939328666774294],[-122.25911297832424,37.939328720366881],[-122.25911712259747,37.939329349853097],[-122.25912127595326,37.939329930541483],[-122.25912544354441,37.939330439826357],[-122.25912962253581,37.939330902081196],[-122.25913699668945,37.939331652896293],[-122.25913903486217,37.939331855049502],[-122.25914107516023,37.939332050862895],[-122.25914311522303,37.939332236767029],[-122.25914515741113,37.939332416331389],[-122.25914720095466,37.93933255712578],[-122.25914924688414,37.939332654629041],[-122.25915129694,37.939332686286441],[-122.25915334822291,37.939332673768789],[-122.25915395211167,37.939332660271951],[-122.25915630073116,37.939332566728915],[-122.25915864347492,37.939332417401658],[-122.25916097515167,37.939332185332653],[-122.25916329981521,37.939331897496245],[-122.25917098639464,37.939330806198434],[-122.25917351398478,37.939330438742175],[-122.25917603790583,37.939330060526601],[-122.25917855914561,37.939329665228954],[-122.25918107673775,37.939329260072768],[-122.25918359302132,37.939328847726784],[-122.25918610936905,37.939328438083244],[-122.25918862693972,37.939328032026111],[-122.25919114571201,37.939327628654482],[-122.25919122505677,37.939327615758074],[-122.25919377132477,37.939327172326095],[-122.25919630049214,37.939326679585022],[-122.25919880747419,37.939326115081663],[-122.25920129623943,37.939325502186982],[-122.25920228345396,37.939325243274723],[-122.25920522909139,37.93932441541034],[-122.25920813900095,37.939323520490973],[-122.25921099762556,37.939322526306739],[-122.25921382168103,37.939321465951508],[-122.25922568487259,37.939316758300336],[-122.25922716931721,37.939316163062145],[-122.25922865022108,37.939315562469709],[-122.25923012406497,37.939314952069687],[-122.2592315943467,37.939314335414558],[-122.25923305752556,37.939313707150134],[-122.25923451366579,37.939313069978908],[-122.25923595922661,37.939312418546699],[-122.25923739888617,37.939311758190719],[-122.25923958338049,37.939310742502634],[-122.25924211232585,37.939309569390268],[-122.25924464365296,37.939308400748217],[-122.25924717963686,37.939307236542518],[-122.25924971800249,37.9393060768071],[-122.2592504136867,37.939305760055333],[-122.25925331285553,37.93930446067526],[-122.25925622614434,37.939303180910343],[-122.25925915953992,37.939301933287616],[-122.25926210933044,37.939300705246161],[-122.25926278209003,37.939300429387742],[-122.25926606184375,37.939299056753832],[-122.2592693203958,37.939297653796139],[-122.25927254712403,37.93929620445207],[-122.25927575267207,37.939294725685087],[-122.2592795054944,37.939292957608252],[-122.25928315879686,37.939291215344362],[-122.25928679677745,37.939289450779562],[-122.25929040900643,37.939287655958687],[-122.25929400591353,37.939285838836994],[-122.25929948201869,37.939283039408807],[-122.25930032858739,37.939282607765421],[-122.25930117631489,37.939282177005957],[-122.25930202638152,37.939281748915128],[-122.25930287649086,37.939281322625952],[-122.25930373125702,37.939280900773269],[-122.2593045895425,37.939280483373899],[-122.25930545257033,37.939280074014384],[-122.2593063214137,37.93927966997515],[-122.25931564451041,37.93927537862254],[-122.25931767301184,37.939274454470294],[-122.25931970975346,37.939273541910282],[-122.25932175823326,37.93927264449519],[-122.25932381379445,37.939271757788454],[-122.25932586703792,37.939270869313866],[-122.25932791199818,37.939269967445284],[-122.25932994283841,37.93926904596141],[-122.25933196312053,37.939268111117372],[-122.25934113242096,37.939263812140013],[-122.25934351700771,37.939262693442103],[-122.25934590045692,37.939261574761076],[-122.2593482850008,37.939260454261365],[-122.25935066726959,37.939259333795484],[-122.25935129631287,37.939259037860843],[-122.25935337877019,37.93925808586981],[-122.25935548124876,37.939257162417611],[-122.25935761321189,37.939256282683054],[-122.25935976403744,37.939255430603453],[-122.25936193136492,37.939254602609324],[-122.2593640999153,37.939253778201596],[-122.25936627198502,37.939252958247195],[-122.25936844641519,37.939252141862248],[-122.25937403152382,37.939250051820302],[-122.25937659729315,37.9392491358876],[-122.2593791870094,37.939248270063061],[-122.25938181601568,37.939247477548349],[-122.25938446894753,37.939246734240868],[-122.25938714099841,37.939246029398419],[-122.2593898130493,37.939245324555941],[-122.25939248628026,37.939244621498098],[-122.25939515953266,37.939243919341067],[-122.25939822856722,37.939243113064336],[-122.25940216557919,37.939241722529097],[-122.2594057711668,37.93923998367525],[-122.25940887961784,37.939237722343719],[-122.25941165660171,37.939235110892014],[-122.25941872014253,37.939226948463933],[-122.25941917712274,37.939226450528402],[-122.25941965605713,37.939225966684532],[-122.25942016965014,37.939225504853482],[-122.25942070408104,37.939225058031795],[-122.25942127214019,37.939224637744069],[-122.25942186118694,37.939224238771565],[-122.25942248287419,37.939223872655845],[-122.25942312668644,37.939223527838443],[-122.25942364848251,37.939223267744403],[-122.25942457186285,37.939222812427388],[-122.2594254987625,37.939222361563722],[-122.25942643034031,37.939221916037411],[-122.2594273643,37.939221474981373],[-122.25943593856357,37.939217466919303],[-122.25943952282495,37.939215884282156],[-122.25944316508907,37.939214396303832],[-122.25944689494756,37.939213051206181],[-122.25945068396764,37.93921180165124],[-122.25945455847045,37.939210797740252],[-122.25945848954883,37.939210020078299],[-122.25946250148809,37.939209580948329],[-122.25946657000293,37.939209368067296],[-122.25946967339598,37.939209338074534],[-122.25947367219852,37.939209447944457],[-122.25947763580949,37.939209752988255],[-122.25948154604311,37.939210349900556],[-122.25948542106381,37.939211141085863],[-122.25948796987861,37.939211763678443],[-122.25949052540747,37.939212429426505],[-122.25949305708845,37.939213145093284],[-122.25949555408157,37.939213933369146],[-122.25949802611075,37.939214772481485],[-122.25950048519624,37.939215641524733],[-122.25950294863908,37.939216502392618],[-122.25950541860743,37.939217350547054],[-122.2595078929331,37.939218190526184],[-122.259523806857,37.939223545220422],[-122.25952434378982,37.939223730973332],[-122.25952487857604,37.939223922165141],[-122.25952540786741,37.939224121549174],[-122.25952593387473,37.939224326389059],[-122.25952635433683,37.939224494952093],[-122.2595266624075,37.939224626439099],[-122.25952696272982,37.939224767053048],[-122.2595272531143,37.939224920431194],[-122.25952753688793,37.939225082919329],[-122.25952781400787,37.939225252715858],[-122.25952809112782,37.939225422512365],[-122.25952836715302,37.939225594127471],[-122.25952864206221,37.939225766660378],[-122.25953868360708,37.939232086530069],[-122.25954254811873,37.93923439992448],[-122.25954649891469,37.939236609301915],[-122.25955058257082,37.939238663503865],[-122.2595547525541,37.939240615490547],[-122.25956068626286,37.939243239608345],[-122.25956194251462,37.939243816564982],[-122.25956318221769,37.939244415395819],[-122.2595643964863,37.939245045244789],[-122.25956561034469,37.939245705739154],[-122.25956674095031,37.939246406223091],[-122.25956780903412,37.939247157201741],[-122.25956878669429,37.939247981619587],[-122.2595697029702,37.939248856515199],[-122.25957054650856,37.939249782958832],[-122.25957135519181,37.939250727043493],[-122.25957211103444,37.939251698048608],[-122.25957283202203,37.939252686694829],[-122.25957618524545,37.939257523733083],[-122.25957863906606,37.939260902575775],[-122.25958120305394,37.939264224807197],[-122.25958393459962,37.939267463439108],[-122.25958677519648,37.939270646377508],[-122.25959234138786,37.939276625567985],[-122.2595929006082,37.939277222817466],[-122.25959346092331,37.939277818248364],[-122.25959402462942,37.939278412727511],[-122.25959459056766,37.939279005371198],[-122.25959513965783,37.939279607277307],[-122.25959566398041,37.939280220366179],[-122.25959615235315,37.939280852914735],[-122.2595966160011,37.939281498447677],[-122.25959729625436,37.939282496711904],[-122.25959807133373,37.939283654871055],[-122.25959883175435,37.939284818655473],[-122.25959957189313,37.939285990852376],[-122.25960029623569,37.939287168691401],[-122.25960543413204,37.939295668488107],[-122.25960631462331,37.939297192749478],[-122.25960714995806,37.939298732101875],[-122.2596079163993,37.93930029320687],[-122.25960863880022,37.939301868485103],[-122.25960932055173,37.939303456984902],[-122.25960999552126,37.93930504738799],[-122.25961065915892,37.939306639762151],[-122.25961131717339,37.939308234923523],[-122.25961297596065,37.939312298769984],[-122.25961477311587,37.939315768495469],[-122.25961696945228,37.939319037626156],[-122.25961976401302,37.939322006773985],[-122.25962295777637,37.939324776227757],[-122.25963242941391,37.939331820997019],[-122.25963266893385,37.939331988649769],[-122.25963291624501,37.939332148977222],[-122.2596331757902,37.939332297407468],[-122.25963344196767,37.939332437628515],[-122.25963370033261,37.939332584273991],[-122.25963393972427,37.939332746521728],[-122.25963415119253,37.939332930813052],[-122.25963434718538,37.939333134259194],[-122.25963452751047,37.939333348752527],[-122.25963470667661,37.939333562361966],[-122.25963488698027,37.939333775954495],[-122.25963506614642,37.939333989563941],[-122.25964129820721,37.939341415105503],[-122.25964490767849,37.939345063303982],[-122.25964891157896,37.939348358682672],[-122.25965351054585,37.939351125231319],[-122.25965850398448,37.939353540761829],[-122.25966955704348,37.93935798827134],[-122.25966976057863,37.939358078059293],[-122.25966995746005,37.939358175155576],[-122.25967014549839,37.93935828319745],[-122.25967032688305,37.939358398547661],[-122.25967056863533,37.939358564364817],[-122.25967062080537,37.939358605041036],[-122.25967066735222,37.939358648504538],[-122.25967070604375,37.93935869659078],[-122.2596707391121,37.93935874746424],[-122.25967085573907,37.939358962906233],[-122.25967088318426,37.939359016566904],[-122.25967090951335,37.939359071145375],[-122.25967093358892,37.939359126658516],[-122.25967095425207,37.939359182222553],[-122.25967720090347,37.939376470709895],[-122.25967795292981,37.939378239295287],[-122.2596788335367,37.939379960006633],[-122.25967991045894,37.939381610207533],[-122.25968111598318,37.939383213435221],[-122.2596823982778,37.939384791188317],[-122.25968365018173,37.939386382911408],[-122.2596848571003,37.93938799693219],[-122.25968603364952,37.939389625823793],[-122.25968761051733,37.939391868749503],[-122.25968926148933,37.939394692719013],[-122.25969054335773,37.939397594278233],[-122.25969127047603,37.939400614040586],[-122.25969162851199,37.93940371229349],[-122.25969170486323,37.939407359040437],[-122.259691706051,37.939410523886615],[-122.25969162184298,37.939413686399988],[-122.25969140669758,37.939416845456456],[-122.25969110499754,37.939420001296213],[-122.25969074751872,37.939423156164388],[-122.25969040027711,37.939426310880108],[-122.25969007243657,37.939429468010324],[-122.25968975483325,37.939432624988093],[-122.259689644023,37.939433756689446],[-122.25968929323795,37.939437480989206],[-122.2596889583989,37.939441205952683],[-122.2596886474894,37.939444932362022],[-122.25968835368472,37.939448660318959],[-122.25968822733608,37.939450335649475],[-122.25968805181695,37.939453390482697],[-122.25968795029753,37.939456446917283],[-122.25968795803941,37.939459504428129],[-122.25968803862213,37.939462562656409],[-122.25968825106588,37.93946561531628],[-122.25968856345726,37.939468660179472],[-122.25968902801304,37.939471691962595],[-122.25968959253784,37.939474716849929],[-122.25968969500073,37.939475198344169],[-122.25969045367192,37.939478444728138],[-122.2596913018825,37.939481676261273],[-122.25969228491738,37.939484883257464],[-122.25969335747025,37.939488074501945],[-122.25969523770033,37.939493317367294],[-122.25969572958094,37.939494672591223],[-122.25969622824357,37.939496025911787],[-122.25969673821676,37.939497376360421],[-122.25969725497204,37.939498724905704],[-122.25969775816324,37.939500077257719],[-122.2596982341621,37.939501434520466],[-122.25969866940456,37.939502800500549],[-122.25969907975099,37.939504172258417],[-122.25970424379798,37.939522397850091],[-122.25970429091504,37.939522561158931],[-122.25970433916945,37.939522724450853],[-122.25970439081499,37.939522886791117],[-122.25970444359794,37.939523049114449],[-122.2597045020255,37.939523209551417],[-122.25970456611897,37.939523369002799],[-122.25970463924803,37.939523525616174],[-122.25970471915916,37.939523680326239],[-122.25970478336347,37.939523796520461],[-122.25970489765159,37.939524009293692],[-122.25970500854878,37.939524223018651],[-122.25970511378,37.939524437729098],[-122.25970521675762,37.939524653374306],[-122.25970536065532,37.939524963031566],[-122.25970552766235,37.939525335425614],[-122.25970568674985,37.939525709739989],[-122.25970583454811,37.939526087827076],[-122.25970597440558,37.939526466933593],[-122.25970727638793,37.939530167519351],[-122.2597080757462,37.939532395890893],[-122.2597088931972,37.939534619487155],[-122.25970974007268,37.939536836337069],[-122.25971060392474,37.939539049329547],[-122.25971305073915,37.939545199331917],[-122.25971341609542,37.939546113971943],[-122.25971378372672,37.93954702857809],[-122.25971415474903,37.939547942232593],[-122.25971452688739,37.939548854969296],[-122.25971490130077,37.939549767672119],[-122.25971527457665,37.939550680391903],[-122.25971564785252,37.939551593111695],[-122.25971602226589,37.939552505814504],[-122.25972026582352,37.939562874408352],[-122.25972133660565,37.939565415944642],[-122.2597224424355,37.93956794794736],[-122.25972360138434,37.939570464740434],[-122.25972479649705,37.939572971082207],[-122.25972527971541,37.939573961466373],[-122.25972627050967,37.939575961697315],[-122.25972727375191,37.939577959039418],[-122.25972829729771,37.939579948869856],[-122.259729335545,37.939581934876692],[-122.25973034778029,37.939583927579051],[-122.25973131370014,37.939585934488512],[-122.25973220840852,37.939587961382898],[-122.25973305678009,37.939590001583575],[-122.25973781962951,37.93960201696715],[-122.25973817730224,37.939602943436597],[-122.2597385225055,37.939603871894015],[-122.25973884847869,37.939604805143667],[-122.25973916198251,37.939605740381367],[-122.25973947097917,37.939606677488449],[-122.25973978336694,37.939607613643929],[-122.25974010255813,37.939608548796912],[-122.2597404262778,37.939609482981268],[-122.2597445725918,37.939621314699302],[-122.25974514073401,37.939622862535963],[-122.25974574053294,37.939624401790716],[-122.25974638784906,37.939625929523842],[-122.25974706682194,37.939627448675097],[-122.25974796381368,37.939629380012704],[-122.25974822933843,37.939629923961569],[-122.25974850840596,37.939630463203002],[-122.2597488100518,37.939630994898899],[-122.25974912524032,37.939631521887257],[-122.25974944946451,37.939632046037595],[-122.25974977029765,37.939632571139633],[-122.25975008664508,37.939633099011921],[-122.25975040071754,37.939633626918081],[-122.25975664844675,37.939644250426788],[-122.25975808562589,37.939646791912693],[-122.25975945957724,37.939649354165716],[-122.25976073868685,37.939651947569459],[-122.2597619522724,37.939654560873429],[-122.25976198351522,37.939654630698321],[-122.25976310013748,37.939657233731339],[-122.2597641715176,37.93965984825207],[-122.25976517387556,37.93966247912045],[-122.25976613099144,37.93966512147653],[-122.25976706550756,37.939667770477307],[-122.25976801358796,37.939670415671387],[-122.25976898428949,37.939673055121609],[-122.25976996973547,37.939675692549926],[-122.25977336323096,37.939684667997348],[-122.2597738068558,37.939685907690361],[-122.25977421875977,37.939687153262732],[-122.25977458310373,37.93968840855505],[-122.2597749168643,37.939689669709786],[-122.25977518595998,37.939690939036872],[-122.25977540056392,37.939692213681404],[-122.25977553565164,37.939693494015941],[-122.25977561511014,37.939694779684828],[-122.25977613948697,37.939711830778585],[-122.25977615614165,37.939713202992777],[-122.25977613865074,37.93971457481436],[-122.25977606879327,37.9397159456136],[-122.25977596592762,37.939717316003261],[-122.25977583230743,37.939718685048689],[-122.2597756941373,37.939720054161882],[-122.25977554800487,37.939721423393642],[-122.2597753961422,37.939722790908462],[-122.25977369176802,37.939737796227334],[-122.25977345828986,37.939739943557385],[-122.25977323732396,37.939742090701117],[-122.25977303689669,37.939744240242369],[-122.25977285011921,37.939746389580371],[-122.259772665638,37.939748539785384],[-122.25977247431051,37.939750689191115],[-122.25977226931194,37.939752837899334],[-122.25977205632968,37.939754985825267],[-122.25977109342071,37.939764414554624],[-122.25977088074713,37.939767006746386],[-122.25977073977715,37.939769599672573],[-122.25977070240299,37.939772194660449],[-122.25977073675395,37.939774791283526],[-122.25977092223931,37.939777379347554],[-122.25977123827761,37.939779954653261],[-122.25977175067128,37.939782509011351],[-122.2597723947554,37.939785050594168],[-122.25977499733335,37.939793926077655],[-122.25977540812089,37.939795460036919],[-122.25977576898785,37.939797000146619],[-122.25977605497404,37.939798549481978],[-122.25977629106102,37.939800105868677],[-122.25977644194434,37.939801668030064],[-122.25977653026654,37.939803231123307],[-122.25977652306217,37.9398047965404],[-122.25977645213776,37.939806362005449],[-122.25977539347699,37.939820335794749],[-122.25977525246249,37.939822399742354],[-122.25977513080645,37.939824464302802],[-122.25977503990502,37.939826530207512],[-122.25977496836208,37.939828596725036],[-122.25977493437729,37.939830663584374],[-122.25977493226311,37.939832730870187],[-122.25977497676412,37.939834796560518],[-122.25977505201971,37.939836863595126],[-122.25977560191781,37.939848376698109],[-122.25977572016315,37.939850145710608],[-122.25977588500224,37.939851912226864],[-122.25977611798297,37.939853673222409],[-122.25977639641999,37.939855431738614],[-122.25977672593652,37.939857184988298],[-122.25977707702224,37.939858936114376],[-122.25977746212537,37.939860682228066],[-122.2597778699138,37.939862425300369],[-122.25978162976189,37.939877867400952],[-122.25978181165959,37.939878579309315],[-122.25978200491065,37.939879290147459],[-122.25978221402222,37.93987999804591],[-122.25978243332827,37.93988070399017],[-122.25978267639302,37.939881404173697],[-122.25978293868792,37.939882099564961],[-122.25978323266102,37.939882787275188],[-122.25978354700173,37.939883470176284],[-122.25978476740269,37.9398859869546],[-122.2597856975993,37.939887926808872],[-122.25978661423177,37.939889870469791],[-122.25978751167698,37.939891820724576],[-122.25978839553657,37.939893773885139],[-122.25979135061304,37.939900386719657],[-122.25979177640066,37.939901402290104],[-122.25979216935123,37.939902424657724],[-122.25979251364699,37.939903458563869],[-122.25979282510568,37.939904499267229],[-122.25979310258981,37.939905546784679],[-122.25979336987942,37.939906596256321],[-122.25979362017108,37.939907648684517],[-122.25979385910934,37.939908702183025],[-122.25979676117267,37.939921995182999],[-122.25979718626225,37.939923987618087],[-122.25979759772353,37.939925981157252],[-122.25979798991189,37.93992797768702],[-122.25979836849334,37.93992997622167],[-122.25979869481503,37.939931978238214],[-122.25979896662338,37.939933984671278],[-122.25979915436542,37.939935996862211],[-122.2597992864566,37.939938013486639],[-122.25979970790168,37.939947423399587],[-122.25979979745246,37.939949756963749],[-122.25979986766613,37.939952090815872],[-122.25979990603044,37.939954425142396],[-122.25979992505758,37.939956759756903],[-122.25979993725991,37.939959094473039],[-122.25979996197441,37.939961429002857],[-122.25980000377254,37.939963764179382],[-122.25980005692406,37.939966098285652],[-122.2598002938319,37.93997506847893],[-122.25980035647198,37.939977370903343],[-122.25980042027093,37.939979674211678],[-122.2598004863235,37.93998197658528],[-122.25980055467245,37.939984279825858],[-122.25980061164651,37.939986583235815],[-122.2598006526746,37.939988885982167],[-122.25980067095307,37.939991189067285],[-122.25980067330686,37.939993492389597],[-122.25980063442626,37.940003067762198],[-122.2598006040145,37.94000528506146],[-122.25980054514437,37.940007501883379],[-122.25980044302869,37.94000971844828],[-122.25980031357074,37.940011933618138],[-122.25980015563304,37.940014147409769],[-122.25979998632049,37.940016361370887],[-122.25979980219934,37.940018574651347],[-122.25979960668197,37.940020787200453],[-122.25979835536155,37.940034458366519],[-122.25979821507258,37.940036025765735],[-122.25979808160849,37.940037593063316],[-122.25979795612824,37.940039161143126],[-122.25979783519774,37.940040729155164],[-122.2597977108549,37.940042297218021],[-122.25979757284088,37.940043864583366],[-122.2597974177219,37.940045430401128],[-122.25979725006924,37.940046995504403],[-122.2597951188154,37.940065874946278],[-122.25979497151719,37.940067051347718],[-122.25979480595518,37.940068225317674],[-122.25979461302944,37.940069396991774],[-122.25979440072373,37.940070567152212],[-122.25979406123257,37.940072323156627],[-122.25979401124677,37.940072614073678],[-122.25979397040356,37.940072906656852],[-122.25979394321018,37.940073199036746],[-122.25979392400049,37.940073492198863],[-122.25979390041121,37.940074080104608],[-122.25978246426402,37.940076361843829],[-122.25978082701991,37.940076704337038],[-122.25977919702848,37.940077064745381],[-122.25977757684281,37.940077454745818],[-122.25977596504724,37.940077862644387],[-122.25977275012445,37.940078708050571],[-122.25977292148673,37.94007912003056],[-122.25977301281246,37.940079324134196],[-122.25977311205773,37.940079526317561],[-122.25977322257091,37.940079723827289],[-122.25977334100362,37.940079919416753],[-122.25977493147717,37.940082399142852],[-122.25977582031467,37.940083843075598],[-122.25977667079879,37.940085301096943],[-122.25977746030829,37.940086778950736],[-122.25977821148572,37.940088271793925],[-122.25977869633765,37.940089282880081],[-122.2597793731762,37.940090711947143],[-122.2597800398631,37.940092144770055],[-122.25978068957336,37.940093581450398],[-122.2597813302694,37.940095021869595],[-122.25978199352248,37.940096453842486],[-122.25978269856292,37.940097872576793],[-122.25978346681028,37.940099269643049],[-122.25978427798235,37.940100653453811],[-122.25978980373191,37.940109670136543],[-122.25979060298063,37.940110935172058],[-122.25979142813476,37.940112189007962],[-122.25979229048349,37.94011342787131],[-122.25979317760009,37.940114655551923],[-122.25979408948463,37.940115872049681],[-122.25979500815123,37.940117086644193],[-122.25979593690552,37.94011829478027],[-122.25979687357938,37.94011950099614],[-122.25980517860519,37.940130122697603],[-122.25980570046065,37.940130823234519],[-122.25980619754817,37.94013153495419],[-122.25980665630367,37.940132261663287],[-122.25980708915388,37.940132999572079],[-122.25980727458008,37.940133332941912],[-122.25980759105464,37.940133913980404],[-122.25980789960974,37.940134496939173],[-122.25980819801302,37.940135083653722],[-122.25980848849677,37.940135672288584],[-122.25980879814654,37.94013625342869],[-122.25980913709266,37.940136822417422],[-122.25980952338521,37.94013737267786],[-122.25980993895273,37.940137909886062],[-122.25981776663616,37.940147309518075],[-122.25982211009132,37.9401547911149],[-122.25982239405728,37.940155296940354],[-122.25982266787143,37.940155806521638],[-122.2598229247517,37.940156321762075],[-122.25982317145886,37.940156839857487],[-122.25982761569944,37.940166553020113],[-122.25982795654244,37.940167297706161],[-122.25982829622659,37.940168041508308],[-122.25982863479454,37.940168786228277],[-122.25982897336266,37.940169530948189],[-122.25982940325669,37.940170479771702],[-122.2598295268777,37.940170750079844],[-122.25982965161482,37.940171019470291],[-122.25982977751083,37.940171289744548],[-122.25982990338539,37.940171559117999],[-122.25983003151356,37.940171827556739],[-122.25983016080066,37.940172096879408],[-122.2598302912038,37.940172365284248],[-122.25983042160692,37.940172633689109],[-122.25983370390037,37.940179320950556],[-122.25983554258508,37.94018290900663],[-122.2598374704037,37.940186465095806],[-122.25983953025955,37.940189975061621],[-122.25984167927066,37.940193453961349],[-122.2598494014682,37.9402055027617],[-122.25984961166266,37.940205824948663],[-122.25984982408922,37.940206145300046],[-122.25985004102301,37.94020646378199],[-122.25985026132642,37.940206780411501],[-122.25985048502089,37.940207096089281],[-122.25985070757787,37.94020741178398],[-122.25985093129373,37.940207728362616],[-122.25985115498823,37.94020804404046],[-122.25986228825336,37.940223769219536],[-122.25986266006261,37.940224284550425],[-122.25986303977008,37.940224797060146],[-122.25986342842765,37.940225303128479],[-122.25986382500476,37.940225807276526],[-122.25986398915116,37.940226011196636],[-122.25986431038373,37.940226409229197],[-122.25986463500739,37.9402268063101],[-122.25986496297929,37.940227200637686],[-122.25986529434229,37.940227594013628],[-122.2598656223356,37.94022798924204],[-122.25986594356822,37.94022838727463],[-122.25986625580795,37.940228789946936],[-122.25986656128694,37.940229195423441],[-122.25987761584899,37.940244193638492],[-122.25987846768892,37.940245373181462],[-122.25987930150023,37.940246560202119],[-122.25988010940625,37.940247758422494],[-122.25988090044262,37.940248965004621],[-122.25988108123759,37.940249247077332],[-122.2598819316688,37.940250606872624],[-122.25988275726797,37.940251975148144],[-122.25988354565115,37.940253357495351],[-122.25988431033977,37.940254748305911],[-122.25988848414777,37.940262560448303],[-122.25988927175007,37.940264053649422],[-122.25989004920066,37.94026555060637],[-122.25989080969599,37.940267052321602],[-122.25989156003958,37.940268557792692],[-122.259895157592,37.940275870265474],[-122.25989604209046,37.940277706265249],[-122.2598969051265,37.940279548892867],[-122.25989773423059,37.940281400136207],[-122.25989854300987,37.940283257990394],[-122.25989970487808,37.940285992818104],[-122.25989991123946,37.940286488985386],[-122.25990011195626,37.940286987039052],[-122.25990030473204,37.940287486112133],[-122.25990049188459,37.940287987972468],[-122.25990075840737,37.940288717544462],[-122.25990080945485,37.940288854661176],[-122.25990086275586,37.940288990843101],[-122.25990091944792,37.940289126073424],[-122.2599009772775,37.940289261286772],[-122.25990103849809,37.940289395548433],[-122.2599010997187,37.940289529810123],[-122.25990116319288,37.940289663137051],[-122.25990122780452,37.940289796447068],[-122.2599073088046,37.940302164367282],[-122.25990754757181,37.940302683481917],[-122.25990776483388,37.940303207422687],[-122.2599079526925,37.940303739010638],[-122.25990812018341,37.940304275407783],[-122.25990826050302,37.94030481761655],[-122.25990838264438,37.940305360997293],[-122.25990847984667,37.94030590835407],[-122.25990856000811,37.940306456865819],[-122.25991107212575,37.940327046030582],[-122.25991107802346,37.940327102715621],[-122.25991108166764,37.9403271603354],[-122.25991108303681,37.940327217989022],[-122.25991108324703,37.940327274758793],[-122.25991107616866,37.940327503758098],[-122.2599110741254,37.940327561462624],[-122.2599110697858,37.940327618300152],[-122.25991106433005,37.940327676055439],[-122.25991105657801,37.9403277329438],[-122.25990750305321,37.940352939867843],[-122.25990749650279,37.940352999441785],[-122.25990749106847,37.940353058097926],[-122.25990748679294,37.940353117637947],[-122.25990748479251,37.940353177144125],[-122.25990748131908,37.940353414200153],[-122.25990748159357,37.940353473672381],[-122.25990748298413,37.940353532226908],[-122.25990748553357,37.9403535916653],[-122.2599074892205,37.940353651086724],[-122.25990915247752,37.940376204800941],[-122.25990915749445,37.94037627231296],[-122.25990916251138,37.940376339825015],[-122.25990916752836,37.940376407337055],[-122.25990917254529,37.940376474849117],[-122.25990919375062,37.940376744880382],[-122.25990919990504,37.940376812375447],[-122.25990920945054,37.940376878918883],[-122.2599092212924,37.940376946329316],[-122.25990923425034,37.940377012821898],[-122.25991237501732,37.940390485197668],[-122.25991365046264,37.940394935938684],[-122.2599152187836,37.940399309323602],[-122.25991722931548,37.940403568884193],[-122.25991953272317,37.940407751088664],[-122.25992317749783,37.94041369760432],[-122.25992391226873,37.940414834733922],[-122.25992468758257,37.940415954137677],[-122.2599255225627,37.940417046519144],[-122.259926396927,37.940418120290843],[-122.25992729831285,37.940419181944961],[-122.25992819746649,37.940420245434744],[-122.25992909097555,37.940421310810791],[-122.2599299822524,37.940422378022468],[-122.25993614813925,37.940429791016783],[-122.25993676118574,37.94043054606653],[-122.25993735847857,37.940431308560193],[-122.25993793441596,37.940432082185815],[-122.25993849571579,37.940432862337552],[-122.2599386629936,37.940433102257188],[-122.25993911473847,37.94043377319845],[-122.25993954733859,37.940434452535278],[-122.25993995062083,37.940435143122734],[-122.2599403335782,37.94043584032098],[-122.25994069172476,37.940436546900379],[-122.25994103405348,37.940437258221138],[-122.25994135376095,37.940437975285789],[-122.25994165878807,37.940438697074939],[-122.25994940957204,37.940457841152856],[-122.25994981551077,37.940458883151891],[-122.25995020108172,37.940459929960092],[-122.25995055720634,37.940460982613857],[-122.25995089296327,37.940462040076746],[-122.25995120266504,37.94046310243354],[-122.25995149762221,37.940464166812276],[-122.2599517710742,37.940465236017111],[-122.25995202976029,37.940466306343026],[-122.25995351150247,37.940472735654957],[-122.2599545065419,37.940477022055838],[-122.259955508385,37.940481307454228],[-122.25995652269781,37.940485590864562],[-122.25995754381422,37.940489873272377],[-122.25995999633979,37.94050009461116],[-122.25996008610817,37.940500472661149],[-122.2599601758766,37.940500850711111],[-122.25996026448614,37.940501227877164],[-122.25996035311704,37.940501605944057],[-122.25996043721938,37.940501984979598],[-122.25996051904674,37.940502364048996],[-122.25996059518668,37.940502743203105],[-122.25996066793559,37.940503123308851],[-122.25996459485725,37.940524447468725],[-122.25996468959273,37.940524986751804],[-122.2599647797782,37.940525526102633],[-122.25996486202277,37.94052606647292],[-122.25996493860121,37.940526607828723],[-122.2599650072173,37.940527149303172],[-122.25996507016733,37.94052769176318],[-122.25996512401747,37.940528234358673],[-122.2599651733177,37.940528777022003],[-122.25996663614518,37.94054643593222],[-122.25996672416233,37.940547554759277],[-122.25996680535455,37.940548673688014],[-122.25996687858441,37.94054979273529],[-122.2599669449893,37.940550911884294],[-122.25996700572823,37.940552032018822],[-122.25996706532963,37.940553152170267],[-122.25996712263468,37.940554271454765],[-122.25996717996109,37.940555391640117],[-122.25996796455264,37.940570987991784],[-122.25996801310015,37.940572121825241],[-122.25996804799777,37.940573255862049],[-122.25996806583305,37.940574390152982],[-122.25996807115605,37.94057552463029],[-122.25996806169167,37.94057665932786],[-122.25996804653987,37.940577794110105],[-122.2599680211293,37.940578928144078],[-122.25996799003129,37.940580062262725],[-122.25996760836225,37.940592164177438],[-122.25996757767786,37.940593219889266],[-122.25996754924711,37.940594274666395],[-122.25996752538771,37.940595330276551],[-122.25996750491935,37.940596384935077],[-122.25996748674739,37.940597440460543],[-122.25996746630038,37.940598496019874],[-122.25996744583206,37.940599550678336],[-122.25996742311008,37.940600606271616],[-122.25996727508226,37.940607501425973],[-122.25996720557515,37.940611378337273],[-122.25996715768035,37.940615254926691],[-122.2599671393816,37.940619131976376],[-122.25996714269517,37.940623008704158],[-122.25996716330579,37.940627757494227],[-122.25996717396649,37.940629260465208],[-122.25996719029322,37.940630762450638],[-122.25996721346631,37.94063226523523],[-122.25996724118932,37.940633767952015],[-122.25996725524107,37.940635269971359],[-122.25996724424672,37.940636771462543],[-122.25996719799021,37.940638273479031],[-122.2599671266876,37.94063977496738],[-122.25996660591879,37.940648511330423],[-122.25996649805958,37.940650102577813],[-122.25996637197909,37.940651693195484],[-122.25996621969362,37.940653282401186],[-122.25996605030309,37.940654870059326],[-122.25996586837867,37.940656457003001],[-122.25996568761315,37.94065804483062],[-122.25996550798519,37.94065963264125],[-122.25996532947326,37.9406612195341],[-122.2599647778912,37.940666166991157],[-122.25996439395946,37.940669836813967],[-122.25996404535398,37.940673508814079],[-122.25996374915854,37.940677183638115],[-122.25996348715191,37.9406808606564],[-122.2599632339668,37.940684813297281],[-122.25996314238881,37.940686515144513],[-122.2599630758569,37.940688217519778],[-122.25996304463001,37.940689921171469],[-122.2599630384492,37.940691625351285],[-122.2599630913751,37.940693326848347],[-122.25996319660403,37.940695026665203],[-122.25996338362518,37.940696720757977],[-122.25996362294953,37.940698413170509],[-122.25996415410825,37.940701613377414],[-122.25996481208094,37.940704882886784],[-122.25996561850855,37.94070812675487],[-122.25996664814437,37.940711330350666],[-122.25996782509769,37.940714508322131],[-122.25996942114949,37.940718419900769],[-122.25997012432713,37.940720191013945],[-122.25997080262982,37.940721968805789],[-122.25997144472545,37.940723755247348],[-122.25997206190326,37.940725546565822],[-122.2599725861065,37.9407273518854],[-122.25997301158353,37.940729168588199],[-122.25997329070951,37.940731003691823],[-122.25997346997178,37.940732850195637],[-122.25997384341032,37.940739423078654],[-122.25997396304527,37.940741346167812],[-122.25997409519265,37.940743269070644],[-122.25997424665596,37.94074519078454],[-122.25997441061023,37.940747111411248],[-122.25997461874813,37.940749407162244],[-122.25997470760737,37.940750178130124],[-122.25997481917366,37.9407509469575],[-122.25997496703263,37.940751710738439],[-122.25997513875753,37.940752473262776],[-122.25997551849993,37.940753993265069],[-122.25998480238616,37.94076907822209],[-122.25998496693698,37.940769347019256],[-122.25998513037175,37.940769616734237],[-122.25998529153152,37.940769886483039],[-122.25998545269124,37.94077015623192],[-122.25998561273492,37.940770426898546],[-122.25998577503222,37.940770696630437],[-122.25998593732946,37.940770966362365],[-122.25998610074279,37.940771235176484],[-122.25999594454213,37.94078737696001],[-122.25999629265682,37.940787948515066],[-122.25999663967683,37.94078852188877],[-122.25999698667545,37.94078909436162],[-122.25999733142042,37.940789667769238],[-122.2599976739119,37.940790242111568],[-122.25999801303362,37.940790818306368],[-122.25999834648931,37.940791395486791],[-122.25999867771286,37.940791974502694],[-122.26000554801061,37.940804131504592],[-122.26000586764542,37.940804701681564],[-122.2600061861427,37.940805271875455],[-122.260006502365,37.940805842103259],[-122.26000681635516,37.940806414166616],[-122.26000713034529,37.940806986230008],[-122.26000744317656,37.940807557409435],[-122.26000775828277,37.940808128555041],[-122.26000807338905,37.940808699700632],[-122.26001459830628,37.940820495976887],[-122.26001505124516,37.9408213128875],[-122.26001550530013,37.940822128880342],[-122.26001596274618,37.940822943921468],[-122.26001642130835,37.940823758044864],[-122.26001656384061,37.94082401004799],[-122.26001709366894,37.940824950172946],[-122.26001762238111,37.940825891215631],[-122.26001814883978,37.94082683319305],[-122.26001867302344,37.940827775204369],[-122.26002647702288,37.940841826947292],[-122.26002665661466,37.940842154095542],[-122.2600268328153,37.940842482195471],[-122.26002700448734,37.940842811264076],[-122.26002717390587,37.940843141267329],[-122.26002734334567,37.940843472171458],[-122.2600275127642,37.940843802174761],[-122.26002768445767,37.940844132144157],[-122.26002785726727,37.940844461195788],[-122.26002838387235,37.9408454572404],[-122.26002853876376,37.940845750512629],[-122.26003930502812,37.940864990246503],[-122.26003947142291,37.940865288754317],[-122.2600396366588,37.940865586378237],[-122.26003980191615,37.940865884903019],[-122.2600399660359,37.940866183444697],[-122.2600401301557,37.940866481986433],[-122.26004029427554,37.940866780528133],[-122.2600404595542,37.940867079953712],[-122.26004062367403,37.940867378495405],[-122.26005063991988,37.940885605686191],[-122.26005106463971,37.940886384267245],[-122.26005148594713,37.940887162899159],[-122.26005190163117,37.94088794431827],[-122.26005231390289,37.940888725788213],[-122.26005272619595,37.940889508159017],[-122.26005314185868,37.940890288677323],[-122.26005356318754,37.940891068210014],[-122.26005398788607,37.940891845890242],[-122.26005511290589,37.940893890978998],[-122.26005611254119,37.94089568741385],[-122.26005712344453,37.940897479175042],[-122.26005815353561,37.940899264342328],[-122.26005919491593,37.940901045736801],[-122.26006369868705,37.940908662813449],[-122.26006378278666,37.940908802141195],[-122.26006386802385,37.940908941451973],[-122.26006395549312,37.940909078927184],[-122.26006404523744,37.940909216368503],[-122.26006413725671,37.940909353775943],[-122.26006422923318,37.940909489381724],[-122.26006432236858,37.940909625871384],[-122.26006441662007,37.940909761443244],[-122.2600785701285,37.94092999515788],[-122.26007865843586,37.940930120004396],[-122.26007874562708,37.940930245768691],[-122.26007883279692,37.940930370632181],[-122.2600789199668,37.940930495495671],[-122.26007900715798,37.940930621259938],[-122.26007909432784,37.940930746123442],[-122.26007918151905,37.94093087188773],[-122.26007926757279,37.940930997668978],[-122.26007945373667,37.940931266144084],[-122.26007963399915,37.940931525695532],[-122.26007981537775,37.940931784329187],[-122.26008000016878,37.940932042912003],[-122.2600801849385,37.940932300594014],[-122.26008274484911,37.940935831042424],[-122.26008420618312,37.94093785490027],[-122.26008565966173,37.940939883380921],[-122.26008710298859,37.940941915617408],[-122.26008854069225,37.940943950641064],[-122.26008973491159,37.940945651357893],[-122.26009062309146,37.94094692317708],[-122.26009150562673,37.940948196882673],[-122.26009238142261,37.940949474293262],[-122.26009325045777,37.940950754508052],[-122.26009507614738,37.940953458718589],[-122.26009521990677,37.940953666546676],[-122.26009536701446,37.940953871621417],[-122.26009552088287,37.940954073891966],[-122.26009567814236,37.940954275210842],[-122.26009584211985,37.940954471923838],[-122.26009601174199,37.940954666750493],[-122.26009618919822,37.940954856053452],[-122.26009637227774,37.940955042569207],[-122.26011147230889,37.94096994895925],[-122.26011305015192,37.940970649985154],[-122.26011385418531,37.940970966029049],[-122.26011467880407,37.940971238510727],[-122.26011553366791,37.940971442955124],[-122.26011640795828,37.940971602953425],[-122.26012451072353,37.940972744771472],[-122.26012458772374,37.94097282472854],[-122.26012461188576,37.940972883844999],[-122.26042518053637,37.941171444801036],[-122.26076817165581,37.941301611245656],[-122.26106594081702,37.941342065579775],[-122.2623782235583,37.941725030175931],[-122.26310102287765,37.94207925362138],[-122.26335936990637,37.942110182184265],[-122.26346309333097,37.942050278864023],[-122.26364779200159,37.941796321861446],[-122.26281321144371,37.941554969581517],[-122.26248939658301,37.941435691911629],[-122.26209321125749,37.941224969047248],[-122.26185372776521,37.941050085901743],[-122.2614432107088,37.940624969423673],[-122.26033321071218,37.938754968970962],[-122.25928321063192,37.937364969251291],[-122.25822231984453,37.934697235738327],[-122.25754324407595,37.932997631312269],[-122.25711132135493,37.932495248592851],[-122.25532226540503,37.931235328588414],[-122.25516153559045,37.931094679374652],[-122.25515020975492,37.931082492760282],[-122.25514731944128,37.931078438134527],[-122.25502731915192,37.930898438351456],[-122.2550262741246,37.930896828186718],[-122.25490627429281,37.930706828124542],[-122.25490191244383,37.930698909558146],[-122.25481191302798,37.930508909831147],[-122.25480810174076,37.930499015855354],[-122.25474810123609,37.930299015500729],[-122.25474644742991,37.930292258850315],[-122.25470644841064,37.930082258612622],[-122.25470560948209,37.930076473922838],[-122.25468560971518,37.92987647415702],[-122.25468530317383,37.929871503415697],[-122.25466532327619,37.929022308921077],[-122.25465550637355,37.928816157050598],[-122.25462658939965,37.928613739391558],[-122.25456889446441,37.928411804104478],[-122.25448222074677,37.928199934938981],[-122.25437620099669,37.928016807987767],[-122.25425142919414,37.927834450532806],[-122.25409682235509,37.927670179730931],[-122.25394179440879,37.927515151857769],[-122.25376879486969,37.927380597261298],[-122.25358546651285,37.927255161363796],[-122.25339472433846,37.927150253675471],[-122.25319280721264,37.92706371673264],[-122.25298004347712,37.92698634838208],[-122.25252801737244,37.92685860134997],[-122.25230217792911,37.9268095049664],[-122.25135258220723,37.926609591339243],[-122.25134676476772,37.926608221312009],[-122.25111676484286,37.926548221772876],[-122.25110748198044,37.926545403575325],[-122.25087748213303,37.92646540326961],[-122.2508715726584,37.926463170372628],[-122.25065157275417,37.926373169961138],[-122.25064192983767,37.926368689019476],[-122.25043192929881,37.926258689310622],[-122.25042130999219,37.926252316869444],[-122.25023131014171,37.92612231662865],[-122.2502221923734,37.926115260473395],[-122.25006219167113,37.925975260524005],[-122.2500597223501,37.925973018977722],[-122.24988972332255,37.925813018824691],[-122.24988566584094,37.925808946216769],[-122.2497456659042,37.925658945905433],[-122.2497390204006,37.925650878943074],[-122.24960902054525,37.925470878589543],[-122.24960410212404,37.925463152811837],[-122.24950410170329,37.925283153202258],[-122.24950191967866,37.925278911324398],[-122.24941192029804,37.925088911160252],[-122.24940840078982,37.925079961611651],[-122.24934836973922,37.924889863635556],[-122.24909904539939,37.924092022102577],[-122.24903081940448,37.923916584575174],[-122.24894287034107,37.923730911682981],[-122.24883743054775,37.923539203976894],[-122.24870480302111,37.923378155044993],[-122.24854964687187,37.923222999588326],[-122.2483763870583,37.92306899050994],[-122.24801574124251,37.922825310679443],[-122.24782184463115,37.922718666473415],[-122.2469636334034,37.922289561466457],[-122.24567347964052,37.921639483899199],[-122.24567287402687,37.921639176542499],[-122.24524427648019,37.921419893865263],[-122.24503571692625,37.92132058005209],[-122.24502446485378,37.921314387703887],[-122.24483365822832,37.921193868365137],[-122.24445285324725,37.920943348376035],[-122.24444846651484,37.920940294250542],[-122.24425796242963,37.920799917919908],[-122.24388745944138,37.920519540949385],[-122.24388191062869,37.920515008036865],[-122.24371191126461,37.920365008350309],[-122.24370844554356,37.92036178830643],[-122.24322844538742,37.919891788163504],[-122.2432256735034,37.919888949870092],[-122.24308567337329,37.919738949045531],[-122.24307902912504,37.919730881697973],[-122.24294902985682,37.919550882273114],[-122.24294476769019,37.91954431444168],[-122.24283476773296,37.919354314319229],[-122.24250506545626,37.918784828016236],[-122.24238707130066,37.918588170499973],[-122.24226291608693,37.918416262134528],[-122.24209977806811,37.918253123719296],[-122.24193410316818,37.918106939037855],[-122.24176119845475,37.917972458644613],[-122.24156915724622,37.917857234042422],[-122.2413686287572,37.917752195688969],[-122.24094181391524,37.917596989756731],[-122.240710905458,37.917539262796119],[-122.240463515945,37.917489783222891],[-122.23973417348444,37.917339918824879],[-122.2389965137174,37.917200361806294],[-122.23875788914215,37.917160591194168],[-122.23875177931208,37.917159419512451],[-122.23699999411205,37.916622400749802],[-122.2354768984415,37.915729974563511],[-122.23476804572397,37.915133210188678],[-122.23434901787489,37.914694100906239],[-122.23403176904198,37.914237303091376],[-122.23385621114512,37.913721756152512],[-122.2337018390605,37.912801111398174]]]},"properties":{"NAME":"San Pablo Reservoir","GLOBALID":"{70FACB66-EA55-444B-9669-8FEBBBE42601}","SHAPE.AREA":9951360.6275095399,"SHAPE.LEN":35013.096747930504,"OBJECTID":1}},{"type":"Feature","id":2,"geometry":{"type":"Polygon","coordinates":[[[-122.13814920634606,37.887704378862296],[-122.13833202640043,37.887725189149812],[-122.1390245407889,37.887841398771734],[-122.13940231925142,37.887932865958149],[-122.14007940403005,37.888145475641394],[-122.14013893437081,37.888167361220738],[-122.140364161552,37.888255148162145],[-122.14076359831093,37.888439546357063],[-122.14182107448788,37.887509569232115],[-122.14366186563069,37.887908559780797],[-122.14509485757929,37.888219140831552],[-122.14998372938565,37.885858261901824],[-122.15054766893684,37.885768896002766],[-122.15291074331694,37.885392820750745],[-122.15291628938981,37.885376073652395],[-122.15317151566596,37.884605932336392],[-122.15336366878691,37.884026087043615],[-122.15337827809422,37.884031748940984],[-122.15367244251894,37.883136167868997],[-122.15369777130796,37.883056373154091],[-122.15370885394233,37.883021464184978],[-122.15376230877293,37.882853075467942],[-122.15414490785446,37.882676053844506],[-122.15415842153594,37.882668489499345],[-122.15438213861248,37.882543288702948],[-122.15472758952581,37.882515724131586],[-122.15480930683009,37.882523496570613],[-122.155059733128,37.882547316347626],[-122.15546285123683,37.882585664159585],[-122.15575884792533,37.881705647699718],[-122.15589174990309,37.881310526260634],[-122.15570537882215,37.881180199687037],[-122.1556948176725,37.881172815982481],[-122.15565900783336,37.881173311866014],[-122.15549806810931,37.881175538987378],[-122.15549912537398,37.881038463704485],[-122.15549928783589,37.881017421368419],[-122.1555018627417,37.880683926283908],[-122.15550438399006,37.88035719686463],[-122.15550866870269,37.879801614437646],[-122.15551045335665,37.879569991908554],[-122.15551512373715,37.87896460909505],[-122.15551703541379,37.87871677664576],[-122.15551956853427,37.878388241918152],[-122.15552231863614,37.878032042396832],[-122.15552244856048,37.878015043967721],[-122.15552539211716,37.877579954047441],[-122.15552805615563,37.877186334473151],[-122.15553179418083,37.876633881827317],[-122.15553271883505,37.876497084925269],[-122.15553540840679,37.876099671957093],[-122.15553554733889,37.87607905347005],[-122.15553848573563,37.875644808724026],[-122.15553893331118,37.875578678664013],[-122.15554137879101,37.875217040248195],[-122.15554234560611,37.875074086047192],[-122.15554367393909,37.874877751569052],[-122.15554775589332,37.874274757248678],[-122.15554906345335,37.874081364387763],[-122.15554958241032,37.874004680819027],[-122.15555034257861,37.873892046024565],[-122.15555266765485,37.873548295228701],[-122.15555320328053,37.873469200836581],[-122.15555552290037,37.873126480103174],[-122.15555794957744,37.872767724549206],[-122.15555885639989,37.872633749292433],[-122.15613503061203,37.872642702718089],[-122.15669635738476,37.872639866469648],[-122.15669574842921,37.872553353598427],[-122.15668910048603,37.871609061903214],[-122.15631336195743,37.871507674135486],[-122.15592903414266,37.871403966254633],[-122.15539136710522,37.87125888281264],[-122.15487853268239,37.871120494929222],[-122.15404060669654,37.870894376179933],[-122.15354106222398,37.870759566747211],[-122.15288508150735,37.870582537917933],[-122.15219600170383,37.870396571543758],[-122.15176656117029,37.870280673589171],[-122.15133013306466,37.870162886601555],[-122.15071426850709,37.869996671589362],[-122.15007520778538,37.869824189329755],[-122.14963976568617,37.869707502505463],[-122.14935482140942,37.869631142972956],[-122.14900332314203,37.86953694602871],[-122.1486166274651,37.869433319756439],[-122.14822103454212,37.869327302250369],[-122.14777231446091,37.869207047921151],[-122.14729814447826,37.869079972098334],[-122.14683484344128,37.868955805767918],[-122.14634072028041,37.86882337682033],[-122.14591416051327,37.868709052303707],[-122.14550419741931,37.868599175482103],[-122.14530936137183,37.86854695448298],[-122.14527614603369,37.868528025580595],[-122.14519864402082,37.86848676250932],[-122.1450406745993,37.868402653668966],[-122.14474328367238,37.868244310367416],[-122.14517650025689,37.867736484446382],[-122.144773033257,37.867520834830948],[-122.14434820794494,37.868044050285029],[-122.14427257465115,37.868137204180869],[-122.14426499497603,37.868526515894011],[-122.14424190787263,37.868526331939684],[-122.14341307303944,37.868519040133968],[-122.14298680321167,37.868515286675922],[-122.14184279351728,37.868505220539355],[-122.14182263319249,37.870259770033243],[-122.14181698301081,37.870751537678494],[-122.1418152182972,37.870905397526499],[-122.14180925926817,37.871424047995468],[-122.14180382472544,37.871897060495542],[-122.14180109958383,37.87213434227651],[-122.14152307354331,37.87213089680958],[-122.14087841779906,37.872122901576653],[-122.14063816495707,37.872119926538637],[-122.14002446644125,37.87211230832844],[-122.13984804369572,37.872111760205669],[-122.13947954889258,37.872110613773209],[-122.13840859650621,37.872107276751848],[-122.13828793259943,37.872106900401782],[-122.1377330422869,37.872105164972162],[-122.13715284484024,37.872103348965958],[-122.13670155834484,37.872101935348759],[-122.13611797644212,37.872100104409846],[-122.13611557015651,37.872300199081828],[-122.13611081467971,37.87269679382819],[-122.13610715745271,37.873001497620699],[-122.1361067551985,37.87303495563237],[-122.13610614464903,37.873085668118435],[-122.1361037504057,37.873333728913771],[-122.13610075368453,37.873644156617118],[-122.1360976764315,37.873962737204344],[-122.13609440948471,37.874300808632519],[-122.13609143798958,37.874608827153303],[-122.13608845705299,37.874917449554111],[-122.13608223451,37.875562102721766],[-122.136081471127,37.875641142184506],[-122.13608068102714,37.875722784531717],[-122.13588096269628,37.875720915824552],[-122.13522586120119,37.875714783184407],[-122.13456384057571,37.875708583210233],[-122.13380326408581,37.875701456424409],[-122.13380406393425,37.87555103299362],[-122.1338069473924,37.87500921675624],[-122.13380805873757,37.874800264847977],[-122.13364076474144,37.874802000603403],[-122.13351291381794,37.874803321911052],[-122.13316136539096,37.874806961201074],[-122.13282044296373,37.874810490320016],[-122.13247119954262,37.874814106486347],[-122.13212442475904,37.874817695599255],[-122.1317867096346,37.874821185499435],[-122.13175143661745,37.874821552306948],[-122.1313540480368,37.874825660319736],[-122.13098823065431,37.874829443457955],[-122.1306369593273,37.874833073201749],[-122.13029018885302,37.874836654161726],[-122.12994723623122,37.874840197610084],[-122.1295931380895,37.874843853364155],[-122.12952699962685,37.874844535631262],[-122.12929090912489,37.874846538972434],[-122.12928020569518,37.874848455646976],[-122.12927195444016,37.875714189688878],[-122.12926396367418,37.876893378451854],[-122.12925928656938,37.877584543150654],[-122.1283395284741,37.87759240183847],[-122.12715805147057,37.877602483945068],[-122.12696745607981,37.877604108675399],[-122.12696715612333,37.877623449603441],[-122.12696693309724,37.877637642124363],[-122.12693934433814,37.878439943208647],[-122.12693906852515,37.878564306056766],[-122.12693818511005,37.878956456391315],[-122.12694939760422,37.879379455639665],[-122.12747198864483,37.879368700439912],[-122.12787133301588,37.879360547141445],[-122.12870069718396,37.879342598560285],[-122.12924662829441,37.879330781774136],[-122.12922921361904,37.881223186364991],[-122.12926459443023,37.881224068755444],[-122.12964400898781,37.881219593665882],[-122.12965446998412,37.881222539298662],[-122.13048076953818,37.881213970194686],[-122.13120640788277,37.88259382564587],[-122.13083432845194,37.883629164659112],[-122.13060311746669,37.88357569048808],[-122.13053026006217,37.883777416968684],[-122.13051200605408,37.883827961094624],[-122.13072938458106,37.883921175983659],[-122.13113175329902,37.884049788467799],[-122.13237251176386,37.884446367282258],[-122.13261562106806,37.884524069325572],[-122.13334003056723,37.884755600442531],[-122.13408367488411,37.884993270805879],[-122.13440959621462,37.8850974359503],[-122.13493338133377,37.88526483248507],[-122.13534599943875,37.885396703289594],[-122.13579006529982,37.885538615506249],[-122.13611056714065,37.885641043395154],[-122.13622229482056,37.885859489217566],[-122.13628795211145,37.885987857738378],[-122.1364904712579,37.886383811688091],[-122.13657496598262,37.886410848210339],[-122.13679988091886,37.886482814843085],[-122.13708558965578,37.886574232855331],[-122.13747845195233,37.886699936961385],[-122.1378910576105,37.886831955977996],[-122.13782762123206,37.887003152591539],[-122.13764662791715,37.887491589933006],[-122.13771182638691,37.887519194276898],[-122.13814920634606,37.887704378862296]],[[-122.13170685779718,37.88120124214111],[-122.13166781839709,37.881309877787452],[-122.13162876711326,37.881418546923435],[-122.13159405686633,37.881515133859118],[-122.13127993367328,37.882389230085174],[-122.13066090323845,37.881212100529247],[-122.13170685779718,37.88120124214111]]]},"properties":{"NAME":"Lafayette Reservoir","GLOBALID":"{CC086B03-E2F5-493E-9DFB-B1C6FCBB17A6}","SHAPE.AREA":40144773.059437901,"SHAPE.LEN":31606.073001716999,"OBJECTID":2}}]}