{"type":"FeatureCollection","features":[{"type":"Feature","id":1,"geometry":{"type":"Polygon","coordinates":[[[-122.24161404000277,37.945051165155029],[-122.24178863642281,37.945027302816776],[-122.24206484092633,37.944825468612954],[-122.24228318622124,37.944597018823444],[-122.24239482556709,37.944329626266786],[-122.24273403340905,37.944152267562288],[-122.24307831926959,37.944043501718788],[-122.24340560932667,37.943949403169704],[-122.24376681806244,37.943896694165559],[-122.24409501625125,37.94376755965542],[-122.24444320297945,37.943677272524454],[-122.24481880214495,37.94357284509077],[-122.24519167782401,37.943500043908884],[-122.24542110505058,37.943374425349042],[-122.24548443756944,37.943339155853209],[-122.24575926172207,37.943153124005022],[-122.24610660248369,37.943027137964009],[-122.24649590037065,37.94298910876433],[-122.24722979328381,37.943002979462669],[-122.24763678374617,37.942979795427398],[-122.24798559399757,37.942989742819023],[-122.24827090765345,37.943175043493888],[-122.24854876670062,37.943338483664874],[-122.24858920525436,37.943361919032021],[-122.24893571680555,37.943347863876511],[-122.24905825144938,37.943249227404181],[-122.24919441035924,37.943140089816495],[-122.24927631200045,37.942862832997591],[-122.24925412875243,37.942584368510175],[-122.24913491750983,37.94230940040952],[-122.24900828575241,37.941940466883196],[-122.2489305176132,37.941658018306001],[-122.24889252572332,37.941370860852821],[-122.24895674966409,37.941079442801268],[-122.24910680656465,37.940824525117037],[-122.24926715012936,37.940564644556176],[-122.24930919145115,37.94028866430078],[-122.24950104554617,37.940041362863901],[-122.24976526922384,37.939847928309248],[-122.24992899318413,37.939584562363386],[-122.25002857753553,37.93932214977653],[-122.25026067245234,37.93916352121326],[-122.25055610019011,37.939336993907574],[-122.25083106899613,37.939525192937268],[-122.25113596094619,37.939658696496622],[-122.25147545603186,37.939788941425576],[-122.25185790533671,37.939902067293943],[-122.25222378344185,37.940047711677003],[-122.25256375413497,37.940197860207732],[-122.25284572911173,37.940388695635605],[-122.25310419925921,37.940612151339394],[-122.25330039467282,37.940842025834485],[-122.2534333933329,37.941112665333165],[-122.25367631232371,37.941338412431755],[-122.25422391860349,37.941761519113825],[-122.2545742420881,37.941908759751797],[-122.2549196149205,37.941993587657734],[-122.25523620414181,37.942107680933248],[-122.25549585423688,37.942307081963904],[-122.25544349728285,37.942585966398156],[-122.2555076966603,37.942880284372578],[-122.25575542764851,37.943088789679685],[-122.255904344294,37.943152497257515],[-122.25610011590598,37.943217569244609],[-122.25612837987633,37.943312599593831],[-122.25599136048338,37.94345815127128],[-122.2559882174908,37.943471932492308],[-122.25597958747174,37.94369317098564],[-122.25629835731928,37.943825769473001],[-122.25665982531528,37.943857478778241],[-122.25700299222363,37.943921730399232],[-122.25735680443961,37.943996122920538],[-122.25771648466073,37.9440985819136],[-122.25807222638441,37.944181185582231],[-122.25839435640796,37.94430892082687],[-122.25850018859107,37.944310780175343],[-122.25876216274168,37.94431512223327],[-122.25911068918718,37.944239890891048],[-122.25947533656213,37.944259184941089],[-122.25979881232861,37.944151362975582],[-122.25999916395362,37.943897741261289],[-122.26035646965252,37.943389080505519],[-122.2607261687468,37.942891219861203],[-122.26090377582699,37.942629694284697],[-122.26129008526377,37.942101370147846],[-122.26145027467592,37.941836668965912],[-122.26164240125588,37.941602393856193],[-122.26144710622479,37.941484448524818],[-122.26112689507272,37.941364246521019],[-122.26076817165581,37.941301611245656],[-122.26042518053637,37.941171444801036],[-122.26019426104092,37.940940725741548],[-122.26006312058114,37.940676247735787],[-122.26000271209043,37.940396292990599],[-122.25985257085588,37.940134842694761],[-122.25988427216085,37.940009396258972],[-122.25991435205275,37.939742513924543],[-122.25983230816936,37.939500649707824],[-122.25971514443259,37.939313555446205],[-122.25967130165019,37.939292922172804],[-122.25951158333541,37.939212212263989],[-122.2591537970724,37.939188699133837],[-122.25890588173556,37.939264492478081],[-122.25859791606582,37.939513535270024],[-122.25849521795975,37.93949720915176],[-122.25841849469781,37.939406337475361],[-122.25818130138418,37.939056910219129],[-122.25792360573668,37.938647364059364],[-122.25790459343098,37.938284389639648],[-122.25787233005558,37.937947708048469],[-122.25784074440321,37.937712646144924],[-122.25761394953895,37.937582118112715],[-122.25724921685186,37.937484538341145],[-122.25651985189593,37.937220712108505],[-122.25616628546337,37.937155240667401],[-122.25614284187714,37.936970870870184],[-122.25629190590125,37.936675441168049],[-122.25661475268576,37.936249705697129],[-122.2567758259175,37.936022076437887],[-122.25660133071499,37.935829655065838],[-122.25639463965283,37.935742085010013],[-122.25617879993594,37.935707525087267],[-122.25556458676688,37.935545669515513],[-122.25525299883557,37.935421889512824],[-122.25504663885393,37.935201782636533],[-122.25495273520767,37.934897605027061],[-122.25500797494411,37.934667431857541],[-122.25498689531591,37.934436331398508],[-122.25487257416307,37.934221724723507],[-122.2548456725673,37.934110880934917],[-122.25472231275398,37.9339540914482],[-122.25472713004689,37.933791273583154],[-122.25478209794521,37.933622907676565],[-122.25479628540604,37.933562955621042],[-122.25467018606636,37.933583369811792],[-122.25451681652052,37.933696888203507],[-122.25449536063665,37.933816004604154],[-122.25447873102151,37.93391925384055],[-122.25450799798234,37.934056842273129],[-122.25451010396159,37.934072603780017],[-122.25440538168999,37.93419020903174],[-122.25426234241397,37.934300827827492],[-122.25398015863553,37.934539863479095],[-122.2536603039278,37.93450615917952],[-122.25342443810075,37.934357900579911],[-122.2532818882999,37.934195900983873],[-122.25329372985816,37.933963625042544],[-122.2533355262082,37.933678031853248],[-122.25340949604312,37.933433161143761],[-122.25332501134025,37.932793740811825],[-122.25322498003838,37.932523297463085],[-122.25319138238346,37.932275902963134],[-122.25325062100417,37.931921382647232],[-122.25320555944538,37.931702313111877],[-122.25302519666675,37.931407655303829],[-122.25287394218425,37.931097458335692],[-122.25283021345707,37.930934677699447],[-122.25289518988471,37.930676206935125],[-122.25305957778708,37.930368878126124],[-122.25312791221445,37.930179028283291],[-122.2529497451745,37.929977039842846],[-122.25300405814876,37.929634266143893],[-122.25306564349238,37.929305803899709],[-122.25307353818587,37.929052986719498],[-122.25303230704446,37.928995916326421],[-122.25298038648829,37.928926646052901],[-122.25281515597796,37.928831588805274],[-122.25268163371132,37.928904296300857],[-122.25241487952016,37.929062072206406],[-122.2522021045523,37.929009605180696],[-122.25203712974339,37.928778581768675],[-122.25203579098212,37.928575342746811],[-122.25197065287331,37.928460258543424],[-122.25174014416923,37.928390887542179],[-122.2515528237912,37.92846164745059],[-122.25139986566222,37.928592326575284],[-122.25120085603203,37.928828746917006],[-122.25111549032511,37.928958423671993],[-122.25078252336174,37.928808854288206],[-122.25049699928805,37.928612574201871],[-122.25038106187856,37.92840210816896],[-122.25030659324257,37.928185531466838],[-122.2501424504526,37.927989510341497],[-122.25000918154065,37.927779300703435],[-122.24979639731276,37.927652668771422],[-122.24959133961913,37.927559572163702],[-122.24948172399834,37.927396390002734],[-122.24936242057024,37.926822716125059],[-122.24929549129871,37.926704911182071],[-122.24918914987863,37.926680390082836],[-122.249064970978,37.926708324443879],[-122.24884823895144,37.926634624726461],[-122.24881307410844,37.926540384054412],[-122.24878944160245,37.926347087704684],[-122.24876743160779,37.926075485543457],[-122.24849946964818,37.925226593438218],[-122.24839394214396,37.925015967772573],[-122.2482568308663,37.924789330858992],[-122.24812655280182,37.924631950297346],[-122.24806050049477,37.924551211628405],[-122.24786972231132,37.924475066080134],[-122.24755336468422,37.924514080643227],[-122.24727191100098,37.924489403318411],[-122.24694044407558,37.924402289272308],[-122.24675328274148,37.924258793589161],[-122.24664142525724,37.924073669955419],[-122.246574715661,37.923817835299701],[-122.246514255931,37.923680020266183],[-122.24645628596093,37.923647915673001],[-122.24637024619773,37.923601805698659],[-122.24620027043564,37.923598825874095],[-122.24590629871041,37.923631325923118],[-122.24569108552873,37.923474508638918],[-122.2455460356302,37.923204726799582],[-122.24522524455766,37.922539947748533],[-122.24506945227095,37.92240285372619],[-122.24481575866768,37.922304971342342],[-122.24452281262602,37.922307239755206],[-122.24421655902317,37.922259573428491],[-122.24389101950906,37.922129101579735],[-122.24297450512329,37.921639289530752],[-122.2427872727142,37.921565832125843],[-122.24266385083713,37.921551857496674],[-122.24239221449403,37.921649253304771],[-122.24163639218563,37.921799796851886],[-122.24131654966266,37.921763998808615],[-122.24040953488763,37.921825434428982],[-122.23967063994272,37.921663273027825],[-122.23946585746688,37.921654616049885],[-122.23929958129881,37.92151354616324],[-122.23905019695756,37.921377135713605],[-122.23881647937345,37.921317401577667],[-122.23820166362503,37.921270827121489],[-122.23805733573977,37.921252351259625],[-122.23801989476431,37.921208267846602],[-122.23810466471502,37.921126679717794],[-122.23834415723319,37.92098925083021],[-122.23855906272151,37.920838452384302],[-122.23874756619088,37.920596711684581],[-122.23893517818858,37.920317215374617],[-122.23905145432373,37.920100572154631],[-122.23918184959921,37.919894706927359],[-122.23933394164121,37.919726978951644],[-122.23950502706879,37.919629695706888],[-122.23958526425345,37.919502850369973],[-122.23961169075172,37.919299204193415],[-122.23956828418714,37.919296409133267],[-122.2394380806839,37.919288713004512],[-122.23894492216964,37.919550047351208],[-122.23868350147606,37.919713206684065],[-122.23846391440436,37.919886049967772],[-122.23808473371118,37.919980898549113],[-122.23781092457739,37.919985612890109],[-122.23718233651442,37.919942670212293],[-122.23687230512641,37.919881309664525],[-122.23657544793754,37.91971606210501],[-122.23635651010751,37.919176802129634],[-122.23613142383773,37.918818915166852],[-122.23596762752739,37.91863523177787],[-122.23579050310943,37.918104282174077],[-122.23572225260195,37.918002969525091],[-122.23563438493771,37.918100394310599],[-122.23550865981271,37.918061728305531],[-122.23512210746688,37.91769316387051],[-122.2350437698673,37.917753369215411],[-122.23457692249737,37.918028032487825],[-122.23446985965805,37.917971925193115],[-122.23439166958832,37.917445700928013],[-122.23450535414307,37.917192017612933],[-122.23393454963406,37.916876285335988],[-122.23360512109416,37.916800090541571],[-122.23342076725703,37.916848802906067],[-122.23284207871411,37.916640303459388],[-122.23252900094066,37.916596141651645],[-122.23222793247966,37.916323822835388],[-122.23216389573817,37.915883225698245],[-122.23252714720932,37.915404086847069],[-122.23253171809992,37.915377238313063],[-122.23199790828093,37.915011513148947],[-122.23148247764065,37.914615985277898],[-122.23134308521742,37.914065935603311],[-122.23138794910557,37.913982876155451],[-122.23166629387389,37.913876479167953],[-122.23132265642228,37.913694176087297],[-122.23116305124677,37.913388232318773],[-122.23114916465214,37.913110855979852],[-122.23101525507194,37.912972619245686],[-122.23103843150037,37.912751147280339],[-122.23100162275338,37.912437979438693],[-122.23099433838725,37.912107685830009],[-122.23078813842905,37.911950254772407],[-122.23048823599179,37.912316573795763],[-122.23020103188293,37.912284776549356],[-122.22970359328235,37.911580053590527],[-122.22987124858355,37.911305334191191],[-122.22987867536489,37.9110378339725],[-122.22989002046512,37.911004020387452],[-122.2298684105336,37.910969316114624],[-122.22968702996316,37.910869253214656],[-122.22929011828765,37.910819718895006],[-122.2288294005613,37.910459655616421],[-122.22854012352013,37.909979457131392],[-122.22842376824299,37.909452981657203],[-122.228341905245,37.909287315913737],[-122.22799489395744,37.909173558767691],[-122.22755451507717,37.908656336668443],[-122.22720900951781,37.908446651347575],[-122.22655329525321,37.908365949291088],[-122.22619740805646,37.908377537924153],[-122.2258159688882,37.908210860651714],[-122.22518435397448,37.907942368992281],[-122.22491204969864,37.907597401114337],[-122.22489992029811,37.907597578265083],[-122.22417552250786,37.907604035794229],[-122.2238603585552,37.907542715871379],[-122.22349914992304,37.907215633661579],[-122.22315868392826,37.907035196713295],[-122.22293290274526,37.906866820311244],[-122.22274082699688,37.906654138476839],[-122.2224008202336,37.906591144090562],[-122.22162497003593,37.906545719742972],[-122.22132201577816,37.906467312142453],[-122.22103297769151,37.906500812098351],[-122.22089932052212,37.906639019150347],[-122.22072816833781,37.906763543077965],[-122.22069488032716,37.907188247572428],[-122.22042778888388,37.907274029455678],[-122.22005889796458,37.90708587652643],[-122.21947089266185,37.906769636824315],[-122.21908737115669,37.906525953789824],[-122.21858042825188,37.906346867187345],[-122.218212958427,37.906790006487725],[-122.21821082808019,37.906847718690472],[-122.21821090758016,37.906851149136898],[-122.21827287321784,37.906832395707035],[-122.21885508970445,37.906525217267394],[-122.21931901654317,37.906947638310939],[-122.21989513666011,37.907274352067297],[-122.21937539606523,37.907321911264418],[-122.21929674221373,37.907433926468308],[-122.21938403956115,37.907479418400953],[-122.21960081664609,37.907504605460254],[-122.21977637268853,37.907632396069701],[-122.22005764212338,37.907754861105502],[-122.22034361135908,37.908001647246536],[-122.22060608103253,37.908030012136692],[-122.22121833858955,37.907911383133403],[-122.22125496268312,37.907981215285936],[-122.22136893641854,37.90802962513245],[-122.22146114122729,37.907915815062786],[-122.22187627004567,37.907911359433932],[-122.22208163176938,37.907881091707097],[-122.22225601649568,37.908036621664031],[-122.22219167167378,37.908275137303356],[-122.22234423794787,37.908430276977228],[-122.22261841950356,37.908379783932567],[-122.22283928183799,37.908365833157312],[-122.22318179002392,37.908536083416223],[-122.22344872585364,37.908950636101075],[-122.22352521113321,37.909082343265439],[-122.22359559153577,37.909127325637101],[-122.22408657068611,37.909518433789124],[-122.22420334104287,37.909545569769072],[-122.224523754104,37.909683034780855],[-122.22458380316843,37.909879924032872],[-122.2248735282926,37.910113972521977],[-122.22487490177647,37.91017300706919],[-122.22466877886595,37.910701328433589],[-122.22470543156069,37.910935638227691],[-122.22492240083899,37.911469455378125],[-122.22486305111184,37.91174980139823],[-122.2247810689541,37.911802501519702],[-122.22466187828415,37.91189488483802],[-122.22467230515974,37.911896105044022],[-122.22488082589692,37.91191778051536],[-122.22520708676659,37.911784606860365],[-122.22532479407157,37.911777394026608],[-122.22552564925061,37.912148231602551],[-122.22558669976641,37.912602229940838],[-122.22564169365039,37.912922317455966],[-122.22681909960932,37.913417327679525],[-122.22722159815439,37.913877698093707],[-122.22773005436378,37.914272659551138],[-122.22800428560234,37.914807692637645],[-122.2279190588597,37.914944216552939],[-122.22753487358132,37.915418840286911],[-122.22747608291861,37.915574202456902],[-122.22749597395324,37.916130124022345],[-122.2276371055983,37.916681527350896],[-122.22794586213384,37.917209876201944],[-122.22824703600881,37.917710180380304],[-122.22827435486006,37.917840937594733],[-122.22826755995617,37.917995541084494],[-122.22809112608226,37.918533046681702],[-122.22810844211499,37.918755279672297],[-122.2282951853857,37.918883017697766],[-122.22828676364351,37.919116610518209],[-122.22781816136084,37.919168788606889],[-122.22773162130504,37.919174861195664],[-122.22758881988207,37.91922158404995],[-122.22731387722152,37.919177536361623],[-122.22700755484421,37.919274718111922],[-122.22702921726787,37.919311483035258],[-122.22711590366043,37.919460596786493],[-122.22705880550056,37.919539713187646],[-122.22710696642977,37.91967222680902],[-122.22763311310943,37.919857488980689],[-122.22781693422829,37.91978544650442],[-122.22820913172045,37.919802370427334],[-122.22850812344468,37.91968812493834],[-122.22866040912001,37.919676282893342],[-122.22878960655187,37.919566583241895],[-122.22889720484041,37.919497027053303],[-122.22912097507744,37.919502678479972],[-122.2295181646307,37.919584758727488],[-122.22993656428116,37.919610218305849],[-122.23011057269267,37.919712047053032],[-122.2302005258923,37.919852185730157],[-122.2302663015659,37.91992194947931],[-122.23028226531731,37.919937508396707],[-122.23049402481321,37.919799818701591],[-122.23092396968359,37.919725536946849],[-122.23099353527009,37.919660657122137],[-122.23109917185639,37.919581513214851],[-122.23124744456159,37.919546378583952],[-122.23140645358917,37.919451346054529],[-122.23190499392382,37.919567641909865],[-122.23192851560445,37.919609869453389],[-122.23204239803717,37.919735235623826],[-122.23215487049234,37.919800196237958],[-122.23221045587935,37.919879035214436],[-122.23220612341127,37.919990341967349],[-122.23209382483425,37.920155420572137],[-122.23201485836543,37.92033717554218],[-122.23198792946364,37.920520226601155],[-122.23201583023503,37.920749856488825],[-122.2320926592009,37.921144258995554],[-122.2321670700194,37.921212521728577],[-122.23235509258784,37.921246160333261],[-122.23277625094822,37.921463152591684],[-122.23297855656801,37.921588596831164],[-122.2331762301079,37.921812300448273],[-122.23324857173642,37.921940336808817],[-122.23330508901695,37.922133149711769],[-122.23319954745229,37.922216414218369],[-122.23297652300749,37.922243034350437],[-122.23277180490197,37.92231127124974],[-122.23264082485228,37.92249310372204],[-122.23252029327413,37.922676841930723],[-122.23253563319116,37.922739791561696],[-122.23255290142053,37.922736793373446],[-122.23273762340351,37.922703180619166],[-122.23292000351863,37.922643512569081],[-122.23312006554426,37.922672850597863],[-122.23339438248151,37.922689425130478],[-122.23364926369158,37.922690491513542],[-122.23383356982995,37.922713196370275],[-122.23401477908213,37.922825897078468],[-122.23400394679851,37.922955839653774],[-122.23385206273872,37.923355657198258],[-122.2337979552281,37.923562455554794],[-122.23376919718905,37.923593093387986],[-122.23368555649327,37.923649255395055],[-122.23354026274275,37.92381207092081],[-122.23341709739731,37.924031555127875],[-122.23341118068286,37.92422322851229],[-122.23342263905938,37.924416702465777],[-122.233345690723,37.924536629985838],[-122.23315327530047,37.924612238585929],[-122.23310367154812,37.924641121133547],[-122.23308523383554,37.924668173970076],[-122.23308982480452,37.924716174242384],[-122.233157031152,37.924772867592232],[-122.23315879532825,37.924774216872208],[-122.23324139738477,37.924821759253327],[-122.23333534064368,37.924835487830308],[-122.23347489384626,37.924797730901624],[-122.23366692061994,37.924705644452629],[-122.23399118256339,37.924485267515948],[-122.23419887037643,37.924321535511254],[-122.23442292509456,37.924116361980396],[-122.23458177634006,37.923940298452514],[-122.23480331154275,37.923775674409306],[-122.23495927562129,37.923624375948357],[-122.23507963261235,37.923581405554884],[-122.2352645645465,37.923556716241762],[-122.23557922897113,37.923667455019292],[-122.23567022550952,37.923777361244916],[-122.23567281339183,37.923887879740029],[-122.23561220411739,37.923964990024984],[-122.23554621897689,37.924108791800812],[-122.235550108548,37.924274911405242],[-122.23557280570529,37.924429765989615],[-122.23567560229732,37.924673403385142],[-122.23574620976952,37.92494909736692],[-122.23579762876892,37.925071946163627],[-122.23585363693705,37.925094468519042],[-122.23615467188728,37.925215021441005],[-122.23618791558229,37.925375902825586],[-122.23620442959356,37.925414800916677],[-122.23634550549131,37.925368094071516],[-122.23645852977121,37.925308063981312],[-122.23663341911238,37.925298625385189],[-122.23709651213113,37.925453875102832],[-122.23730857647298,37.925551011066148],[-122.23752939250392,37.925725615568936],[-122.23753781034956,37.925862827917918],[-122.23744344313322,37.926053051277336],[-122.23742223556421,37.926183834329791],[-122.23752645531103,37.926266075639553],[-122.23767814750776,37.926302299447897],[-122.23783081545055,37.926306232911116],[-122.23798304263212,37.926217473457612],[-122.23810172276367,37.926028947477633],[-122.23834482376249,37.925675164994587],[-122.23856156457188,37.925380134180557],[-122.23869420984548,37.925269687245198],[-122.23884431898952,37.925238636295667],[-122.23903124352641,37.925224898705366],[-122.23919741065748,37.925287000443852],[-122.23924069937679,37.925358465534252],[-122.23927874324995,37.925502106641524],[-122.23935203556609,37.925669952872738],[-122.2397295724718,37.926094942549909],[-122.23985204966533,37.926216054691082],[-122.23988651009282,37.926280780956141],[-122.23959939186372,37.926458054747151],[-122.23942982455247,37.926620549185927],[-122.23927779573162,37.926791710197421],[-122.2391534056693,37.926958345823927],[-122.23912944193677,37.927119382827733],[-122.23904969498332,37.927267506493742],[-122.23893903720337,37.927428446259825],[-122.23875865375477,37.927521495387722],[-122.23847647508063,37.927552054826606],[-122.23827997457184,37.927652100854829],[-122.23817797400515,37.927918966777078],[-122.23824862970926,37.928170427363987],[-122.23873830566049,37.928792454989143],[-122.23896940658811,37.928932801261617],[-122.23921179164488,37.928855476255166],[-122.23936461835423,37.928792109876269],[-122.23955699819291,37.928640955148595],[-122.23975736445718,37.928460839185334],[-122.23995839163619,37.92830886974086],[-122.24033951443785,37.928147378362524],[-122.24057206257777,37.928008675288254],[-122.24076799180121,37.92793506204633],[-122.24122674635073,37.92783079166832],[-122.2414742608036,37.927812722941461],[-122.24155367358557,37.927871979297429],[-122.241680082136,37.927938783824544],[-122.24183989635951,37.927951534555632],[-122.24195161529366,37.928131173782226],[-122.242000905403,37.928310355606833],[-122.24200762616481,37.928522442740515],[-122.24191264699623,37.928667019822065],[-122.2417595447029,37.928789969025594],[-122.24163988925049,37.928909428591382],[-122.2416300047221,37.929082853996647],[-122.24176358211703,37.929278644257593],[-122.2418623182913,37.92942207906475],[-122.24191979034367,37.929580540720536],[-122.24191757870744,37.929778635685857],[-122.2422060147365,37.930239279761004],[-122.24248618304152,37.93047934570869],[-122.242698204945,37.930624271940196],[-122.24309230983376,37.930876601123096],[-122.24341186322754,37.930947004434273],[-122.24340017769325,37.931039878787089],[-122.24308020300141,37.931147602317985],[-122.24300885544618,37.931210454437291],[-122.24297960903172,37.931293974289773],[-122.24285734203642,37.931403586939958],[-122.24273245196129,37.931548948245641],[-122.24257560161314,37.931810140454246],[-122.24255257335207,37.932084465651918],[-122.24237795706833,37.932639604329879],[-122.24236339199989,37.932956000307442],[-122.24266849785297,37.93309838860187],[-122.24279691994195,37.933079066818117],[-122.24298067226189,37.933006646285584],[-122.24335953540368,37.932943795084483],[-122.24356524584981,37.932820644370551],[-122.24369689762428,37.932597012592687],[-122.24392852564985,37.932271539602652],[-122.24405542105842,37.932211298548673],[-122.24414216886412,37.932213452227359],[-122.24432197129524,37.932117409084839],[-122.2445974662435,37.932256170810625],[-122.24485974003109,37.932496070145767],[-122.24506424295036,37.932786262354817],[-122.24512430061634,37.932980393480918],[-122.24514577202504,37.933155866587136],[-122.24526251405521,37.933327187439659],[-122.24534209238379,37.933540257139406],[-122.24541857488752,37.933842640101595],[-122.24534595732591,37.933998900911035],[-122.24532503625842,37.934141355559156],[-122.24540952479907,37.934341991501981],[-122.24562349874631,37.934592216240191],[-122.24603592279705,37.93487521445843],[-122.24620672972239,37.935059466281487],[-122.24654255998804,37.93547681352306],[-122.24694408921955,37.935738683496638],[-122.24717501594976,37.935972172682433],[-122.24720603711857,37.936111110992009],[-122.24717026131505,37.936285369314042],[-122.24721151841415,37.936490763352573],[-122.24737539829557,37.936675119559204],[-122.24758912656112,37.936914354846067],[-122.24778355786852,37.937364689710222],[-122.247786499464,37.9376365725347],[-122.24789503710896,37.93819461139833],[-122.2477734893302,37.938702494605522],[-122.24770842342708,37.938884740639296],[-122.24732219695409,37.939419886049926],[-122.24724795885763,37.93958097853438],[-122.24708127501306,37.939866356346421],[-122.24687287085816,37.940147543047338],[-122.24666227973513,37.940409535535643],[-122.24657019863454,37.940696557284909],[-122.24634787598299,37.940902413018684],[-122.24616929347403,37.941198265417199],[-122.24605281030372,37.941480153850797],[-122.24584514157868,37.941498329399849],[-122.24556466574322,37.941665215377306],[-122.24516313007727,37.941625140014217],[-122.24482118894086,37.941759284713768],[-122.24451981579747,37.941922359364753],[-122.24424322491558,37.942107040224947],[-122.24393256844441,37.942244154755002],[-122.24366525538179,37.942454789278436],[-122.24303467766731,37.942777905238792],[-122.2427542759493,37.942948217534386],[-122.24202339165026,37.943136160960449],[-122.24167961816134,37.943192727760241],[-122.24145217050264,37.943402773073316],[-122.24113032305918,37.94350708349986],[-122.24080210921947,37.943635520573508],[-122.24063667244106,37.94390164316237],[-122.24043445761838,37.944152513600478],[-122.24007395891287,37.944161943877461],[-122.23971320561648,37.944160387246242],[-122.23937165845724,37.944090568358014],[-122.23937227070513,37.944116652216522],[-122.23937488090959,37.944227855662724],[-122.23963914645456,37.944403875916336],[-122.23961871916956,37.944494130595686],[-122.23946326027071,37.944742252673294],[-122.23938297523686,37.945016046614683],[-122.23924047271818,37.945298994596229],[-122.23904526340426,37.94555319362911],[-122.23892680429365,37.945826173821345],[-122.23871531531049,37.946051771345161],[-122.23846934368841,37.946286114108759],[-122.23833317299362,37.946543560597682],[-122.23814850544248,37.94680378300216],[-122.2381829128496,37.947087561416041],[-122.23840315303796,37.947308865151115],[-122.23862714137593,37.947319989994384],[-122.23877124638564,37.947326797362543],[-122.23878526629133,37.947185134571704],[-122.23862690199894,37.94694025988283],[-122.23877337895827,37.946678540454784],[-122.23909265251379,37.946537878930457],[-122.23926330287179,37.946271682094483],[-122.23954945017714,37.946049794890577],[-122.23981310990634,37.945830296289152],[-122.24004392300147,37.945615398121262],[-122.24026203390272,37.945376655513073],[-122.24045061035356,37.945135599875186],[-122.24081839974336,37.945141170737401],[-122.24118705403612,37.945109643478268],[-122.24161404000277,37.945051165155029]]]},"properties":{"ACRES":753.60015009000006,"SHAPE_LENGTH_1":null,"SHAPE_AREA_1":null,"GLOBALID":"{7BD43CE8-9604-4341-AEF1-CE9953D8F2F2}","SHAPE.AREA":32826691.230900601,"SHAPE.LEN":63114.417377799902,"OBJECTID":1,"TYPE":"R","COMMENT_":"San Pablo Res."}},{"type":"Feature","id":2,"geometry":{"type":"Polygon","coordinates":[[[-122.18937705091292,37.934094883982397],[-122.18952213671359,37.933993925687155],[-122.18961119264186,37.933945273491595],[-122.1896865410973,37.933903680393527],[-122.18991340883505,37.933815289024757],[-122.19010712539405,37.933793976949488],[-122.19016529491823,37.933759497820141],[-122.19050944794503,37.933263602555122],[-122.19105128702556,37.932920750747009],[-122.1913404418917,37.932826658280767],[-122.19152344414299,37.932791762847799],[-122.19159156459821,37.932661691087993],[-122.19165107949864,37.932458271128461],[-122.19192465793003,37.932289550985047],[-122.1921979716594,37.932185384009536],[-122.19239417133933,37.932196993781403],[-122.19295709449234,37.932550119945304],[-122.19296048394031,37.932546637105872],[-122.19298251360927,37.932524346063929],[-122.19291959369325,37.931971101910484],[-122.19302574072194,37.931683922699591],[-122.19314346803111,37.931220791564535],[-122.1935975805649,37.930985619240097],[-122.19379909281251,37.931078178929326],[-122.19438341997075,37.931381551854386],[-122.19456348558109,37.931673551541294],[-122.19513371041965,37.932421401252562],[-122.19529455975569,37.932706810610533],[-122.19554717615043,37.932683272812298],[-122.19554648511266,37.932653066366008],[-122.19553896293394,37.932324257415011],[-122.19537389570264,37.931778660273594],[-122.19537837838082,37.931671473866643],[-122.19552748278484,37.931216128156798],[-122.19594170237467,37.931208123589066],[-122.19609462532047,37.931298629305061],[-122.19641452301911,37.931487677575483],[-122.19662413985256,37.93185822015969],[-122.197038516777,37.931932608665939],[-122.1975305198031,37.932216692149758],[-122.19763917468717,37.932115561307732],[-122.19775923694129,37.932058216302657],[-122.19808624053802,37.931724599584456],[-122.19839003199992,37.931740146309579],[-122.19842999257901,37.931819225194246],[-122.1984048810757,37.932085328360685],[-122.19829120942316,37.932270306331098],[-122.1984597954205,37.933271115120299],[-122.19850093165235,37.933477215429342],[-122.19855209309824,37.933666688700704],[-122.19856146402081,37.933772989400161],[-122.19865068233777,37.933882946132186],[-122.19863316752874,37.93402671468327],[-122.19862717571847,37.934219068727103],[-122.19863320473415,37.934330910851493],[-122.19863384651615,37.93451012450118],[-122.19873151040068,37.934610349008274],[-122.19883015461764,37.934753131339043],[-122.19896581732442,37.93477109323527],[-122.19914353627314,37.934883900574015],[-122.19927220169183,37.934974751124365],[-122.19936175491394,37.934948057038419],[-122.1994478591665,37.934922095563422],[-122.19967234008521,37.934881101115998],[-122.19975407886602,37.934816064483478],[-122.19969127106825,37.934648044375727],[-122.19962001177477,37.934565296135652],[-122.19966577656011,37.934443782184246],[-122.19967069512165,37.934355816204224],[-122.19953126478627,37.933870968022468],[-122.19952326345013,37.933673321779388],[-122.19959421484373,37.933364670947547],[-122.19962438203807,37.9330923120447],[-122.19960087282692,37.932974542216378],[-122.19968125802237,37.93285047193357],[-122.2001045005844,37.93179926143101],[-122.20022516336375,37.931616928610438],[-122.20040073350195,37.931560841153406],[-122.20056774835524,37.93158521574351],[-122.20074396503921,37.93170834242936],[-122.20092817453829,37.931877358300845],[-122.2010837647652,37.932234937598984],[-122.20105697308794,37.93280526528541],[-122.20109138671356,37.933246988347356],[-122.20113612348732,37.933307459158257],[-122.20121570099504,37.933526050136692],[-122.20120698643582,37.93367518222901],[-122.20122899916927,37.933803276131002],[-122.20127208287998,37.933867202263379],[-122.20133962214612,37.934090086539278],[-122.20136330890988,37.93421540509862],[-122.20157736613241,37.934249404622747],[-122.20160300467973,37.934233241850471],[-122.20182703934054,37.934097487672794],[-122.20183123071628,37.934053479215578],[-122.20203029866697,37.933510196728513],[-122.20216581750842,37.933370909365458],[-122.20261549298833,37.932716893550285],[-122.20285458633866,37.932557571512852],[-122.20298271094936,37.932549545559695],[-122.20315885548972,37.932593701208347],[-122.20331830995882,37.932666249102013],[-122.203689318987,37.932814713913281],[-122.20387456007421,37.932952811829722],[-122.20451323854923,37.93320453751047],[-122.20461046665932,37.933210000582818],[-122.20463644703501,37.933133403880312],[-122.20464780707319,37.933099594688635],[-122.20455238924299,37.933022001927476],[-122.20419362802677,37.93257671851832],[-122.20419579934085,37.932520380726871],[-122.20413307866795,37.93243201585225],[-122.20404830029861,37.932364571157365],[-122.20397012962661,37.932056694747452],[-122.20401038586832,37.931922213339625],[-122.2040592868947,37.931560315867337],[-122.20420823544291,37.931402291147698],[-122.20461705908149,37.931159488273344],[-122.20471217212784,37.930847050951677],[-122.20477327589467,37.930789862743232],[-122.20493745298712,37.930766207514054],[-122.20486674287878,37.930631951933577],[-122.20463747144282,37.930614660913022],[-122.2039418260149,37.93052375312741],[-122.20381013530195,37.930376642934],[-122.20378771994814,37.930155856671441],[-122.20355119250483,37.929822795641492],[-122.20372177678587,37.92970085506429],[-122.20400821195631,37.929640415645245],[-122.20433532187263,37.929388494677632],[-122.20455933782708,37.929328267695652],[-122.20478012479616,37.929278386114909],[-122.20501797797741,37.928915137199624],[-122.20522401394472,37.928827013799662],[-122.20539376199956,37.928819756771709],[-122.20567237472416,37.928720974102411],[-122.20575553122443,37.928567331370182],[-122.20568346871077,37.928449575073365],[-122.20561630269277,37.92831870209433],[-122.20555548896083,37.928162332153875],[-122.20543983144273,37.928109067769192],[-122.20499962278213,37.927966412257597],[-122.20506234172058,37.927828857607537],[-122.20565031044771,37.927536086033314],[-122.20573902072549,37.927548539623146],[-122.20607026705521,37.927627530868108],[-122.20654892630823,37.92763297837638],[-122.20660383416474,37.927758534532401],[-122.20662530144645,37.92808851391397],[-122.20698400792776,37.928305816355],[-122.20732901325256,37.928379798584338],[-122.20730171399231,37.928474266867255],[-122.20720132896618,37.928707815958333],[-122.20731672594331,37.928824943301372],[-122.20748623267308,37.928882233420921],[-122.20767577421019,37.928906275941912],[-122.20822651723461,37.929255385408922],[-122.20888054192604,37.929496563598377],[-122.20943276145863,37.929833973586817],[-122.20987626817343,37.93026908831817],[-122.21037408990337,37.930653290416579],[-122.21044483580683,37.930713379475065],[-122.21045730759516,37.930803155316305],[-122.21045020612974,37.930946085914471],[-122.21052921728733,37.930988890152179],[-122.21063067834578,37.931102780914316],[-122.21073750336249,37.931148615663083],[-122.21066336755587,37.931166856965689],[-122.21068874316998,37.931214555072017],[-122.2107901499793,37.931250854761316],[-122.21091474502782,37.931390505786311],[-122.21098993898573,37.931493104943428],[-122.21116203347395,37.931662284256461],[-122.21132992042135,37.9317992459777],[-122.21138919602609,37.931888343741754],[-122.21150424339648,37.93198967858725],[-122.21156806626624,37.932125403476903],[-122.21183689195233,37.93235360343013],[-122.21196198577407,37.932514533110378],[-122.21204564189173,37.932608083996406],[-122.21206327296265,37.932695723067162],[-122.21203369843694,37.93284172791062],[-122.21203207720517,37.932846558137804],[-122.21203379357725,37.932845846589572],[-122.21208180452086,37.932822489633089],[-122.2121527675246,37.932741807705682],[-122.21225114462956,37.932646991293794],[-122.21226898165575,37.932518325206686],[-122.21226650766127,37.932411238648818],[-122.2121997470327,37.932223371996805],[-122.21207628429828,37.931682683250862],[-122.21202959787628,37.931613319706429],[-122.21200771720234,37.931416561535585],[-122.21181650264579,37.931245601338929],[-122.21170002845918,37.931157335217996],[-122.21163271092193,37.930945439016071],[-122.21135945290324,37.930525030684095],[-122.21096049356764,37.930067301697157],[-122.21089602511418,37.929903434771589],[-122.21095350540709,37.92976457763006],[-122.21104461534129,37.929655449865074],[-122.21104906054245,37.929547577251206],[-122.21088348632313,37.929435301108114],[-122.21050945844485,37.929456510739762],[-122.21030971497724,37.929291165053662],[-122.21021902767231,37.929118062959176],[-122.21016353692097,37.928892261168016],[-122.20998202710722,37.928314644989172],[-122.20983753048525,37.928138888064858],[-122.20963252901565,37.927970872454708],[-122.2094054816659,37.92789931113505],[-122.20922275066481,37.92779483260739],[-122.20901292700482,37.92771821190604],[-122.20871546420558,37.927525439477968],[-122.20870068879876,37.927410979088258],[-122.20857268217891,37.927423816418482],[-122.20848677122636,37.927382484048351],[-122.20841176985962,37.927212586217095],[-122.20828495296666,37.927126525499517],[-122.20828196286486,37.926996787749779],[-122.20821531093161,37.926813034619641],[-122.20801312002483,37.926616135194323],[-122.20785762177951,37.926489286303003],[-122.20777825796614,37.926355845903757],[-122.20782157768438,37.925677467888441],[-122.20754870516411,37.925272151256507],[-122.2073296299553,37.925094721686236],[-122.20725317147152,37.92493651947256],[-122.20733503378162,37.924877654601538],[-122.20754767967968,37.924851233158137],[-122.20775716152413,37.924913438394206],[-122.20795874958412,37.924933871901352],[-122.2081003100505,37.92483225786065],[-122.20825598210554,37.924816272404144],[-122.20850564635117,37.924891629692667],[-122.20904984223506,37.925258684453915],[-122.209535373336,37.925562725662736],[-122.20971046973557,37.925637097685545],[-122.2099266192287,37.925687530013427],[-122.21022503947636,37.925771791466637],[-122.21027913419164,37.925786803694358],[-122.21028644031786,37.925727643685875],[-122.21010329504887,37.925529785337474],[-122.20961056392147,37.925139328409756],[-122.20936754520895,37.924600370195719],[-122.20889882963542,37.923822276905263],[-122.20892741413682,37.92325741556072],[-122.20902292023261,37.923188738588493],[-122.20920888294958,37.923133172973841],[-122.20963999887809,37.923032860439896],[-122.20960977443826,37.923000336446613],[-122.20952608590035,37.922904725173922],[-122.20913266207175,37.922609654245733],[-122.20896104958675,37.922610761940049],[-122.20861498109517,37.922489418481724],[-122.20862031550374,37.922419987806393],[-122.20870642703102,37.922169477425143],[-122.20861639238781,37.921948983818083],[-122.208573660746,37.92174977874005],[-122.20823467729008,37.921258897428267],[-122.20811122053414,37.921092447596841],[-122.20816568291858,37.921048398461998],[-122.20823525854836,37.921058379175435],[-122.20834291817233,37.921065749046043],[-122.20857758174951,37.921092568893982],[-122.20885722681157,37.92111530507632],[-122.20919904063496,37.92112752578327],[-122.20940558176713,37.921137584862066],[-122.20972261964634,37.921203036776753],[-122.2099464362969,37.921285633615767],[-122.21025001663786,37.921443980436834],[-122.21059441016203,37.921642937949528],[-122.21080512465966,37.921758680750933],[-122.21107181126685,37.921820740946551],[-122.2112568418397,37.92180020609289],[-122.21151817986161,37.921705779307736],[-122.21169808168837,37.92161321598055],[-122.2118525465943,37.921470208630197],[-122.21196591821062,37.921349770323559],[-122.21209844827911,37.921308023098753],[-122.21221241559893,37.921363366396015],[-122.21232827587411,37.921425548024786],[-122.21237106065034,37.921476426870342],[-122.21241231976607,37.921461408525239],[-122.21247660535798,37.921467345174513],[-122.21256855474527,37.921470129509231],[-122.21269465757288,37.921450449396552],[-122.21284350437911,37.92136451735643],[-122.21292110126484,37.921271376387537],[-122.21297120527402,37.921188934221242],[-122.21303926498327,37.921058163264298],[-122.21311048813313,37.920914302199719],[-122.21305896066036,37.920860115207141],[-122.21293662833205,37.920817941812032],[-122.21280507980485,37.920677021161808],[-122.21273530082554,37.920583269535548],[-122.21261736622751,37.920431164433246],[-122.21259198046559,37.920307931298339],[-122.21271285888366,37.92013725404577],[-122.21280772304868,37.920041117833456],[-122.21283335723045,37.919950102786707],[-122.21278734707977,37.919909571042844],[-122.21274199341704,37.919747483185553],[-122.21276543805571,37.919636589826048],[-122.21267120699956,37.919534951662818],[-122.21257201385254,37.919443688247163],[-122.21255842679881,37.919305862874502],[-122.2125251386463,37.919215705737557],[-122.21246092523894,37.919137665957464],[-122.21247780036974,37.919042660587181],[-122.21251990871835,37.918914327917648],[-122.21254724650095,37.918821916656356],[-122.21258614783702,37.918629769346722],[-122.21266134742454,37.918432975651235],[-122.21274489022441,37.918297173510958],[-122.21285602365893,37.918079944939514],[-122.21287804947208,37.917982802950817],[-122.21283489326579,37.917840600494905],[-122.21280576372044,37.917555362752388],[-122.21275392472116,37.917412598584946],[-122.2127086902936,37.917180469488564],[-122.21264483505225,37.916967840068111],[-122.2126198884516,37.916713441235942],[-122.21255942027442,37.91627209678304],[-122.21249460791445,37.915867895011516],[-122.21234499336776,37.915469729349887],[-122.21205465656566,37.915133344376315],[-122.21183754181837,37.914964821454674],[-122.21165070997984,37.914831565710507],[-122.21133848217301,37.914748195002474],[-122.21097193300818,37.914639517473354],[-122.21075940646267,37.91459452744634],[-122.21044824953042,37.914482298387107],[-122.21014185007385,37.914350771728373],[-122.20961771875749,37.914098794715045],[-122.20890218418081,37.91374040382459],[-122.20834224601634,37.913438809051065],[-122.20773441170206,37.913014302919557],[-122.20725048930126,37.912625770925835],[-122.20692317080021,37.912337979290982],[-122.2066038596419,37.912096759814233],[-122.20638507840214,37.911930310280923],[-122.20620010484117,37.911726292226355],[-122.20605049713421,37.911552663589831],[-122.20586786312229,37.911450240582759],[-122.20569035135784,37.91141984368717],[-122.20549319808198,37.911439855890421],[-122.20530483883398,37.911465236925032],[-122.20516941169112,37.911531053295946],[-122.205112102195,37.911601920982662],[-122.20505739727504,37.911710521964643],[-122.20502317004761,37.911880623868107],[-122.20490840164217,37.912091032657095],[-122.20478479213787,37.912218479932747],[-122.20468958032393,37.91229950795465],[-122.20454433986683,37.91246640782574],[-122.20452499924446,37.912605395070891],[-122.20450073574969,37.91290719881669],[-122.20451591744326,37.913190577859595],[-122.20459890295885,37.91340705905548],[-122.20472765402378,37.913653779284253],[-122.20478908662801,37.913837606351073],[-122.20473702691196,37.913985996255882],[-122.20464220736206,37.914084184565745],[-122.2045282814499,37.914180592093025],[-122.20441740620352,37.914259100950744],[-122.20418119864131,37.914390231362297],[-122.203963243358,37.914486077395765],[-122.2037957332407,37.91458943369426],[-122.20363446268837,37.914662489525661],[-122.20344984211079,37.914700171932139],[-122.20317456968371,37.914715814199248],[-122.20296332224501,37.914650881715097],[-122.20283835951179,37.914568905942986],[-122.20264428449084,37.91449685674322],[-122.2025127836903,37.914507679087819],[-122.20242159993705,37.914537834748451],[-122.20224778654516,37.914593214028301],[-122.20208243272489,37.914639544332182],[-122.20195618224861,37.914652350425882],[-122.20186269602691,37.914733351171662],[-122.20185722979461,37.91479729095569],[-122.20184955724554,37.914916198542713],[-122.20185918550985,37.914957945349251],[-122.20191293796253,37.915034079646375],[-122.20197866700195,37.915103173666822],[-122.2021418492356,37.915188716933855],[-122.20221293172987,37.915264601356839],[-122.20223213817452,37.915346040105085],[-122.20233290092239,37.915355573859827],[-122.20242137535226,37.915358418766964],[-122.20248630115861,37.915392503527272],[-122.20251718035995,37.915453860332121],[-122.20254464095888,37.91551732553679],[-122.20253726893357,37.915649273905409],[-122.20255707375837,37.915756796823885],[-122.20258606138493,37.915811313196997],[-122.20263289999667,37.915812696266983],[-122.20269660889737,37.915793926081747],[-122.20275309077519,37.91576220956555],[-122.20283461546485,37.915688934938238],[-122.20289271865502,37.91565238823506],[-122.20301933337275,37.915655369500918],[-122.20313169419276,37.915716924666249],[-122.20330855592059,37.915794030772453],[-122.20347520601682,37.915879522220173],[-122.2036204016583,37.915936482414629],[-122.20378752436392,37.91596703059021],[-122.20391146487593,37.916004383370407],[-122.20414015842665,37.91607387195225],[-122.20435999168672,37.916059714153718],[-122.20452670577893,37.916072415365782],[-122.2045978422843,37.916150355838077],[-122.20474905688165,37.916242936850097],[-122.20496081566823,37.91632983431878],[-122.20512113698868,37.916441511293421],[-122.20526351925018,37.916602197564494],[-122.2053763325726,37.916834040202737],[-122.20533396040037,37.916951388088265],[-122.20527527931418,37.91703806820172],[-122.20514589248739,37.91714087861402],[-122.2049817504987,37.9172400704865],[-122.20487230646135,37.917305511223169],[-122.20470562219717,37.917369716127524],[-122.20456092005197,37.917409572559883],[-122.20436720389928,37.917504383584792],[-122.20424747019212,37.917574778939034],[-122.20418812688382,37.917632630275968],[-122.2041540808832,37.917659900095998],[-122.20402368267654,37.917718776457427],[-122.20387744926528,37.917767579129823],[-122.20373516738256,37.9178376125247],[-122.20363958779383,37.917902852104149],[-122.2035448103465,37.918003103285876],[-122.20349483654667,37.918091718709512],[-122.20346483171521,37.918294720348761],[-122.2033989458287,37.918445367055433],[-122.20327746507911,37.918590633494091],[-122.20313619384557,37.918704599795895],[-122.20306380336292,37.918798344962731],[-122.20293563879586,37.918879160631853],[-122.20273639856387,37.918884780474379],[-122.2025550438552,37.918838640500674],[-122.20237784805042,37.918747119621834],[-122.20222120901738,37.918720536572103],[-122.20203237301754,37.918726002596074],[-122.20189774755866,37.918751976957061],[-122.20180537683881,37.918806181932666],[-122.2016770690865,37.918880819087057],[-122.20160769783604,37.918879759306876],[-122.20151636747049,37.918828199902549],[-122.20142371273761,37.918794514909507],[-122.20134770870609,37.918806595576804],[-122.20132651824714,37.918940801898842],[-122.20130958160675,37.919033747228397],[-122.20130833918662,37.919130587473859],[-122.20127726801549,37.919212064666247],[-122.2012593082475,37.919335924276609],[-122.20125768411852,37.919491823322495],[-122.20120173983973,37.919622410069316],[-122.20116165759858,37.919688910103822],[-122.20117167745882,37.919823352657474],[-122.20110998112877,37.919929990298805],[-122.20098028192324,37.920019753566997],[-122.2007401872486,37.920058230295325],[-122.20059517848998,37.920085038396174],[-122.20045293747786,37.920157128937063],[-122.20033823749618,37.920220579140803],[-122.20015426267196,37.92028708815063],[-122.20000108939884,37.920335988475472],[-122.19985538224394,37.920408125457548],[-122.19981897143933,37.920483498962952],[-122.19981126732432,37.920525495291642],[-122.19992374305565,37.920591858591962],[-122.20004907592705,37.920689624770134],[-122.20006044692209,37.920807569481525],[-122.19999069550364,37.920941100989893],[-122.19994947769356,37.921033709714948],[-122.19991998176475,37.921183827853881],[-122.1998562480393,37.92127744723372],[-122.19981717110875,37.921387878679312],[-122.19985594322549,37.921491008883123],[-122.19989328297868,37.921531673937253],[-122.19997270784529,37.921517483195359],[-122.20016831374907,37.921428831680778],[-122.20036314778049,37.921382080011881],[-122.20050239665893,37.921406171021545],[-122.20067835232146,37.921443465128569],[-122.20087334294152,37.921328042705518],[-122.20109760769812,37.921203957362827],[-122.20136722927053,37.921243334930381],[-122.20165859694326,37.921248065693241],[-122.20186580996972,37.921212119123688],[-122.20212562039534,37.921201509817529],[-122.20239841030279,37.921227792526849],[-122.20249963941633,37.921257233147884],[-122.20254815272745,37.921331380802144],[-122.20256720346654,37.921405955792295],[-122.2025171631189,37.92149182403665],[-122.20217016733993,37.921782483975605],[-122.20220960560646,37.92206551402677],[-122.20186618309123,37.922285392004291],[-122.20175485313791,37.922420210228992],[-122.20178845921563,37.922675856421463],[-122.20177937076623,37.922732982399395],[-122.20115730108785,37.923049573436273],[-122.20108924893977,37.923181709503439],[-122.201305639631,37.923469745771399],[-122.20105261317745,37.924002816956865],[-122.20122712771862,37.924203560899073],[-122.201335890667,37.924258986845857],[-122.20120599709965,37.924491583405],[-122.20092836989025,37.92501058821729],[-122.2006669092675,37.925176408108307],[-122.20029055060196,37.925548510593138],[-122.19972754011808,37.925644507187819],[-122.19962274285965,37.925762064089298],[-122.19970363058873,37.92596278295634],[-122.19984995042293,37.926521692531097],[-122.1999065051785,37.927097687132807],[-122.19929398875146,37.927303577903274],[-122.19866834001364,37.927541925305114],[-122.19799712399769,37.927758949772745],[-122.19776787536235,37.927742331909158],[-122.19701273534403,37.927626146024551],[-122.19632666280243,37.927497291944626],[-122.19583819583607,37.927366284123309],[-122.1957663689755,37.92725813205638],[-122.19576724753688,37.927069282024561],[-122.19573319109442,37.926944797834679],[-122.19522379291639,37.926580616679864],[-122.19507179476184,37.926302632548712],[-122.19513956742772,37.926081923163721],[-122.19511223415962,37.925872192803276],[-122.19502262785507,37.925668848465378],[-122.19475398460868,37.925445414215886],[-122.19461454513822,37.925413080805527],[-122.19429434898915,37.92551312052273],[-122.19415106552607,37.925464362399225],[-122.19399681801414,37.925087527957295],[-122.19376390237382,37.924834052138429],[-122.19359022891972,37.924593458256588],[-122.19364231964681,37.924293321097458],[-122.19363210999431,37.924149950565713],[-122.19340878846283,37.923936849436075],[-122.19303687221392,37.923897547328238],[-122.19288628375077,37.923832410399989],[-122.19270366786972,37.923731339334559],[-122.19235461589884,37.923554372455612],[-122.19195151497163,37.923288221575469],[-122.19165827792159,37.923201779209613],[-122.19146552599275,37.923036304862791],[-122.19129713620809,37.922874598753609],[-122.19116269024306,37.922757043044335],[-122.19107260371565,37.922607949982876],[-122.19072401607264,37.922678862307002],[-122.19016545769183,37.922665566695315],[-122.18987850541392,37.922322214525408],[-122.18969240354332,37.92229603541751],[-122.18946029488254,37.922153093509984],[-122.18925078913391,37.922165016453768],[-122.18899851863745,37.922126048973219],[-122.18867229285084,37.921961106059882],[-122.18840198386212,37.921815273913801],[-122.18801368968327,37.921893610738586],[-122.18755968699745,37.921827309966986],[-122.18730028053336,37.921703294071051],[-122.18716670231247,37.921623486815392],[-122.18666850199233,37.921671800989081],[-122.18627180620921,37.921609486456944],[-122.18584744235167,37.921626529435535],[-122.18548828215972,37.921766241046626],[-122.1852110304461,37.921772258503616],[-122.18492998244764,37.921763906593483],[-122.18470191362294,37.921645617227568],[-122.18447991912326,37.921641917225131],[-122.18425074259814,37.92162733061646],[-122.18406831458233,37.921610017983099],[-122.18372279565075,37.921663698130573],[-122.18342276647256,37.921659046561246],[-122.18329976216943,37.921662861256188],[-122.18282820136302,37.921586492468244],[-122.18252913764273,37.921548177850802],[-122.18221478617845,37.92160003629256],[-122.18170075343156,37.921638254828991],[-122.18130652571925,37.92160816042081],[-122.18107529807811,37.921656084179041],[-122.18073580989854,37.921669842649784],[-122.1805539784488,37.921602387121553],[-122.18043477397508,37.921544342329177],[-122.180138462214,37.921474397339473],[-122.17997978852559,37.921357860424131],[-122.17994295248046,37.921415376417357],[-122.17978852817915,37.921486239847773],[-122.17940042007535,37.921496564923864],[-122.17910658299145,37.921535764189528],[-122.17891895586693,37.921518514823667],[-122.17880878926968,37.921476822824765],[-122.17831632702406,37.921395926441001],[-122.17825556687004,37.921468887712116],[-122.17774502070694,37.921584637191643],[-122.1773065970373,37.921669830720724],[-122.17712023378593,37.92163196125427],[-122.17693054884838,37.92160032051337],[-122.17680041942168,37.921519079390421],[-122.17668614036918,37.921525508234105],[-122.17664794125135,37.921599524469222],[-122.1762714615038,37.921740829691679],[-122.17560022658483,37.921880821691758],[-122.17542660983686,37.921946459094542],[-122.1750814014233,37.921860712118104],[-122.17502993291792,37.921884789731983],[-122.17455083869017,37.922011750934409],[-122.1743304968513,37.921927666789436],[-122.17416844917669,37.921968417218984],[-122.17400652446582,37.921937750798477],[-122.17388948948087,37.92189889646906],[-122.17373695858129,37.921823463733482],[-122.17358581829342,37.921809811660637],[-122.17346857416834,37.921915160278488],[-122.17337904195435,37.922019429539418],[-122.17317026678134,37.922140494556373],[-122.17294165683427,37.922458230289521],[-122.17286038497321,37.92254452775078],[-122.17263548200151,37.922565566865167],[-122.17247712633879,37.922462746281361],[-122.17241840068803,37.922395597124918],[-122.17228969844696,37.922377505674099],[-122.17215021153845,37.922419307261038],[-122.17196565101062,37.922384154456822],[-122.17178010871996,37.922228843958848],[-122.17166590639098,37.922084884645955],[-122.17157392494506,37.921849970906699],[-122.17143146676946,37.92175997256804],[-122.17135147898797,37.921749431790971],[-122.17118024188278,37.921843868583117],[-122.17101084576517,37.921866178462693],[-122.17066912340995,37.921781056028564],[-122.17062302873967,37.921581886239366],[-122.17054310360818,37.921497183401883],[-122.17047159780864,37.921401372888042],[-122.17033591961365,37.921304411547837],[-122.17020928110304,37.921300708801049],[-122.17010180958897,37.921378448055997],[-122.16997166824649,37.92145033034884],[-122.16974630383191,37.921450767651159],[-122.16964148120877,37.921338262577954],[-122.16951311109489,37.92125767624978],[-122.16934117650516,37.921244309959086],[-122.16924084348227,37.921177060568581],[-122.16915544017378,37.921233889637456],[-122.16903179489638,37.921440265973175],[-122.16876760206803,37.921487259763033],[-122.16868048143199,37.921544795802745],[-122.16853198626065,37.92157161358157],[-122.16847739176987,37.921610838357218],[-122.16842370880171,37.921690563892511],[-122.1683045699332,37.921789068227831],[-122.16816149091629,37.921825422448585],[-122.16799677735746,37.921978816242714],[-122.16797811459119,37.921996934141291],[-122.16797382654853,37.922037508342896],[-122.16820346170283,37.922149627461721],[-122.1683723942112,37.922183634391295],[-122.16888866752768,37.92216741405673],[-122.16918750539016,37.922349966590374],[-122.16928624773016,37.922346512171671],[-122.16936079366319,37.922192331718307],[-122.16949096445049,37.922121824867773],[-122.16966144618843,37.922147567097831],[-122.16994841781886,37.922111237883371],[-122.17001017233092,37.922389840492933],[-122.17009190700118,37.922401046862063],[-122.17025790546383,37.922304623047751],[-122.17044938608423,37.922262089373838],[-122.17058842188054,37.922354196399461],[-122.17067911852766,37.922378323297465],[-122.17093577608819,37.922381558044208],[-122.17101602765119,37.922480678825984],[-122.17102721794402,37.922592445430766],[-122.17113054008711,37.922715273314303],[-122.17104284508888,37.922824321442114],[-122.17088156839003,37.922976299117074],[-122.1708679971515,37.922989536047389],[-122.17116441329546,37.922987404855611],[-122.17123508659139,37.92296923641139],[-122.17129656680321,37.922927853831197],[-122.17141698872462,37.922963231242434],[-122.17147774342489,37.923043398045976],[-122.17159070780747,37.923055533040753],[-122.17166445996871,37.923097063975838],[-122.17165686461625,37.92314455005279],[-122.17159248980859,37.923211383360801],[-122.1712929797186,37.923383855028007],[-122.17135509524064,37.923447525204985],[-122.17144821969303,37.923502513829632],[-122.17138062802927,37.923811099369296],[-122.17139940238326,37.92402851064417],[-122.17138141907449,37.924153738528155],[-122.17138614184975,37.924286198542752],[-122.17126020504708,37.924467889310556],[-122.17133061929465,37.924514961058421],[-122.1714084416277,37.924583212985141],[-122.17136198538469,37.924675885239829],[-122.17135508624089,37.924754263473396],[-122.17141587173997,37.924758896828351],[-122.17152407147353,37.924790327053742],[-122.17150140116014,37.924861373255531],[-122.17145514901775,37.924886062113465],[-122.17155949499353,37.92497728640862],[-122.17161362952187,37.925071282951954],[-122.17168394710913,37.925114234928188],[-122.17170149697701,37.925123599989455],[-122.17177543425571,37.925019552854657],[-122.17175574463411,37.924607825492025],[-122.17178074913261,37.924332803647054],[-122.17200049158697,37.924159398040707],[-122.17194731969852,37.924031057121368],[-122.1719448422791,37.923921222811806],[-122.17202680894093,37.923865815563595],[-122.17207019787948,37.923791041711674],[-122.17209944487126,37.923627197903912],[-122.17225714468766,37.923470465204261],[-122.17232732122289,37.923353423210848],[-122.17246592428694,37.923195586308182],[-122.17266073056207,37.92314682193593],[-122.17284605735317,37.923138704259614],[-122.1734503669678,37.923028517438041],[-122.17366682463337,37.923017209863353],[-122.17392785414337,37.923137111463127],[-122.17404958014275,37.923153240896518],[-122.17419949833314,37.92318956993261],[-122.17430896837384,37.923277285862824],[-122.17440521372284,37.923393342727245],[-122.17454790641159,37.923416726061497],[-122.17463108024182,37.923414861229055],[-122.17474296901558,37.923532757879769],[-122.17486020866399,37.92358053523666],[-122.17495437332829,37.923604607013459],[-122.1750034312108,37.923704167442352],[-122.17494125961265,37.923791567039189],[-122.17481399679495,37.923837319355897],[-122.17474645484855,37.923917246087825],[-122.17462875929424,37.924002688676396],[-122.17465777991765,37.924136177541811],[-122.17449113761971,37.92428068102749],[-122.17437776281608,37.924480738222158],[-122.17437127011694,37.924653870829296],[-122.17452030170119,37.924804201501701],[-122.17455823995185,37.924948550722085],[-122.174704001606,37.925030946939842],[-122.17474902205024,37.925105155101583],[-122.17476145415279,37.925194932049969],[-122.17478851082409,37.925318151316766],[-122.17502565767467,37.925454869295763],[-122.17503413159149,37.925599637938319],[-122.17481038580443,37.926132920459096],[-122.17478636355177,37.926297377518722],[-122.17495827448217,37.926232452131174],[-122.17515916349842,37.92606892142323],[-122.17528587576042,37.925845330252137],[-122.17541692479215,37.925660128374915],[-122.17546680159857,37.925412220676982],[-122.17531116089484,37.92496946328189],[-122.17525218123313,37.924661294312799],[-122.17522112148446,37.924360973948332],[-122.17555752088191,37.923979905404153],[-122.17571298284915,37.923724317060561],[-122.17599430389795,37.923591229790013],[-122.17618453618026,37.92341686243666],[-122.17635982907467,37.92334845530516],[-122.17699547093333,37.923397114725113],[-122.17738868551572,37.923458824065598],[-122.17777044760442,37.923474004593402],[-122.17822607480765,37.923535511384991],[-122.17864227537838,37.923616805347457],[-122.17894096270193,37.923714875801892],[-122.17931540495574,37.923712987659421],[-122.17945987286674,37.923814620614266],[-122.17967105825527,37.923953072707604],[-122.17990523946904,37.923958670358033],[-122.17997089028455,37.924025031626435],[-122.17991855585116,37.924163796320954],[-122.18014361113423,37.924072701439442],[-122.18053397625224,37.923931873153997],[-122.1809625928809,37.924025344295494],[-122.18129225653402,37.924265795265846],[-122.18143658114241,37.924437471285117],[-122.18183018534816,37.924439419815549],[-122.18192165450942,37.924420952499581],[-122.18215334197535,37.924392933314756],[-122.18238226173072,37.924395852501902],[-122.18268342959017,37.924373708572716],[-122.1831029532627,37.924371852087077],[-122.18341109872193,37.924427887692119],[-122.18367639255054,37.92465826352047],[-122.18369393547327,37.924896290177308],[-122.183667144696,37.925243443130697],[-122.18348272806908,37.925520740808828],[-122.18349550749046,37.925778062186232],[-122.18346166430388,37.925967380599836],[-122.18349331134783,37.926139284663364],[-122.18373047805673,37.926275986929461],[-122.18378317413843,37.926306135263488],[-122.18391210433312,37.926333824494641],[-122.18421398829483,37.926113905478694],[-122.1843882627515,37.926000865392361],[-122.18462204888537,37.925912385126459],[-122.18528655847385,37.925704456606731],[-122.18576303541909,37.925462129986485],[-122.18584549756784,37.925428677740257],[-122.18654296245488,37.925374089405068],[-122.18723899346773,37.925408783249914],[-122.18767805870104,37.925503454354747],[-122.18781162542119,37.925582574561133],[-122.18787293146637,37.925686072213388],[-122.1878415647904,37.925755187787416],[-122.18770256426018,37.925894508513537],[-122.18767903671458,37.926003339141396],[-122.18776938628352,37.926164105241291],[-122.18774586046385,37.926349154867843],[-122.18769480503379,37.926543528144144],[-122.18775544204868,37.926769952748387],[-122.18775855254358,37.926906556428399],[-122.18773300785745,37.927003053924047],[-122.18777848073402,37.927020258692963],[-122.18778372390851,37.927022242905167],[-122.18790540934921,37.926960077930637],[-122.18797753307986,37.926929520429809],[-122.18810997179692,37.926730553460509],[-122.18815706510645,37.926590483869077],[-122.18828442699187,37.926397081713851],[-122.18846008380282,37.926192689934346],[-122.18856657604523,37.926148593118057],[-122.18864635094074,37.92614951193621],[-122.1888603528901,37.926258380619515],[-122.189033831337,37.926262768964556],[-122.18937647005103,37.926082080937917],[-122.18999837023328,37.925830787925278],[-122.19057364493897,37.925891909947239],[-122.19075198974762,37.926033561016538],[-122.19084745279186,37.926190128921995],[-122.19084823732126,37.926300674083947],[-122.1906512594133,37.926558249462644],[-122.19054540324005,37.926706025988189],[-122.19048941444125,37.926835921066342],[-122.19039232662735,37.926912160538286],[-122.19023812315474,37.927068866840322],[-122.19033765904122,37.927175936306305],[-122.19051158267435,37.92727576296474],[-122.19069904390074,37.927360974568472],[-122.19088499268464,37.927455820966912],[-122.19111211819607,37.927531537435748],[-122.19131046044012,37.927561659277693],[-122.19159082078819,37.927690861756233],[-122.19191311057332,37.927682126410261],[-122.19221042244162,37.927718380912225],[-122.19237740231242,37.927817617655471],[-122.19251296888824,37.927983909837764],[-122.19245969903849,37.928080808325817],[-122.19227281629554,37.928248974929218],[-122.19192354036467,37.928442811290402],[-122.19160809445596,37.928599772952495],[-122.19102281963316,37.928785313038546],[-122.19086828208991,37.928851385668992],[-122.1908199430617,37.928936537525061],[-122.19073562776596,37.929040745336749],[-122.19072549315968,37.929052565638024],[-122.19068411829916,37.929138991111522],[-122.19067747410466,37.929227669844479],[-122.19062868053737,37.929292914568407],[-122.19062227238739,37.929468109030836],[-122.19065921230525,37.92964336892495],[-122.19078926268331,37.92971978856832],[-122.19096279624577,37.929726229823636],[-122.19132048380318,37.929748577467741],[-122.19157235529237,37.929920759881355],[-122.19171470391576,37.93008009088485],[-122.19179239262878,37.930293220673853],[-122.19177227840649,37.930475477307702],[-122.19156257856586,37.930707829996024],[-122.19137515453434,37.930852654895503],[-122.19139258934109,37.931160724528979],[-122.19127499852765,37.931326521196993],[-122.19104541467654,37.931523451385011],[-122.19076778979756,37.931666818717225],[-122.19042582757056,37.931802180999092],[-122.1902050601564,37.931929629308357],[-122.19017341119817,37.931986387511351],[-122.19009915449546,37.932227785525413],[-122.19009619818775,37.932402243768635],[-122.19017997654881,37.932426452172813],[-122.19018237167225,37.932531479841451],[-122.19001618247819,37.932695226387381],[-122.18982875040005,37.932840048768995],[-122.18973546769949,37.933007557894229],[-122.18967412585309,37.933283104500582],[-122.18957991313655,37.933638090351536],[-122.18951115133838,37.933816235347138],[-122.18937359859623,37.934095619118892],[-122.18937194338774,37.934099074349561],[-122.18937705091292,37.934094883982397]]]},"properties":{"ACRES":661.13916146999998,"SHAPE_LENGTH_1":null,"SHAPE_AREA_1":null,"GLOBALID":"{556A4530-7234-4C43-8CED-C83642D7DD0B}","SHAPE.AREA":28799106.676828101,"SHAPE.LEN":66862.529532970308,"OBJECTID":2,"TYPE":"R","COMMENT_":"Briones Res."}},{"type":"Feature","id":3,"geometry":{"type":"Polygon","coordinates":[[[-122.14253012933663,37.885332237849433],[-122.14255843818667,37.885123779915446],[-122.14256822184956,37.884939616894279],[-122.1424595855669,37.884494101405735],[-122.1423920879155,37.884341226204505],[-122.14240351247595,37.884231197575787],[-122.1424514199451,37.884047190867207],[-122.14236570406125,37.883932334371814],[-122.14220054501008,37.883829568719982],[-122.14196763345683,37.883640540161174],[-122.14194086131616,37.883448643641984],[-122.14206821034702,37.8833308236376],[-122.14219867326793,37.883275448457383],[-122.14230809198239,37.883208693294613],[-122.14245788406777,37.883087126386236],[-122.14288581859064,37.882928044861266],[-122.14310353076172,37.882822013961587],[-122.14324012996329,37.882730843314924],[-122.14387429605894,37.882417131547612],[-122.14402896125979,37.882359355480389],[-122.14412783418109,37.882364161417271],[-122.14433627928777,37.882309069377584],[-122.14458966030533,37.882170953637456],[-122.14485257583777,37.882150122326472],[-122.14519345307845,37.882050612490133],[-122.14535708596372,37.882084725053865],[-122.14538884428569,37.882110375210289],[-122.14554533061383,37.882290851611984],[-122.1457037718155,37.88240331702427],[-122.1460245409702,37.882490860717112],[-122.14679430516225,37.882957511532354],[-122.14707018029185,37.882884728074622],[-122.14719830059228,37.882685984712985],[-122.14719385476526,37.882485807009274],[-122.1474307882892,37.882338066828751],[-122.1472797538007,37.882064435340858],[-122.14710595731374,37.882030812363269],[-122.14712246848499,37.881525875623538],[-122.14701113751825,37.88135026382767],[-122.14702162269234,37.881120081287222],[-122.14684355111399,37.880825920653656],[-122.14673513986214,37.880625551155688],[-122.14672871340683,37.880414144741707],[-122.14684361100485,37.88036035383233],[-122.14708461846151,37.880289696627216],[-122.14734264329797,37.880205070664474],[-122.1473644458332,37.880172490886004],[-122.1473963188991,37.880125353996704],[-122.14734196276106,37.880018304389139],[-122.14718777192365,37.879863204359204],[-122.14715053956542,37.879746988965408],[-122.14714268940526,37.879627617825221],[-122.14724431707408,37.879522511858973],[-122.14743270274622,37.879423061937999],[-122.14755512947629,37.879318352126646],[-122.14758670491511,37.879179889642074],[-122.14769237649769,37.878944944193734],[-122.1478223886503,37.878713779848844],[-122.14787205163945,37.87860939859199],[-122.14796302373075,37.878492766291259],[-122.14791989931427,37.878267451868915],[-122.14790499117431,37.87822027842288],[-122.14785684276328,37.878080867695253],[-122.1476921957987,37.878000763735145],[-122.14759235262925,37.877952030739884],[-122.14743641406183,37.87795214778366],[-122.14729965510138,37.877957487704634],[-122.14713035202723,37.87797976355268],[-122.14693618627227,37.877974919869168],[-122.14663835669742,37.877983195292217],[-122.14640167788686,37.877936366184123],[-122.14625465633608,37.877869749758339],[-122.14600394775154,37.877971442873957],[-122.14566305535183,37.878225458555335],[-122.14519928198229,37.878407711401096],[-122.14489710205261,37.878454494156465],[-122.14450729954669,37.878456493069834],[-122.14432699302513,37.878451450222457],[-122.1440134061004,37.878530664230212],[-122.14373339380664,37.878561345361348],[-122.14350774158567,37.878386636213804],[-122.14339099062681,37.878278394319821],[-122.14323859108788,37.878203607127787],[-122.1429530978498,37.878221314979996],[-122.14267588361443,37.878378300224824],[-122.1423792519671,37.878597356598078],[-122.14225266978421,37.878671219296223],[-122.1421560969365,37.878770070514769],[-122.14199902286292,37.878796975576648],[-122.14186813951456,37.878676567712873],[-122.1417443392055,37.878484646092907],[-122.14169422593362,37.878490838176788],[-122.14169134132545,37.878516971043673],[-122.14166371855681,37.878678038036817],[-122.14168123734025,37.878843284024974],[-122.1417510251154,37.879021533948304],[-122.14186466032297,37.879223897046693],[-122.14194990061954,37.87947403643043],[-122.14195360863071,37.879641533563223],[-122.14186305116945,37.879777382187335],[-122.141752544311,37.879872993431299],[-122.14159058790139,37.880070947854819],[-122.14147129634635,37.880317749434639],[-122.14139594654893,37.880514499371635],[-122.14129167925751,37.880657403956626],[-122.14109998614953,37.880764445995773],[-122.14089969079184,37.88079606765077],[-122.14066970762138,37.880738837428957],[-122.14061441475468,37.880745784980022],[-122.14063428754703,37.880860871064634],[-122.14061617171642,37.880981979349116],[-122.14051100979401,37.881084380028689],[-122.14036138552864,37.88121349381651],[-122.14011209965315,37.881380387491603],[-122.13991686152663,37.881484041616439],[-122.13973738155801,37.881516748180275],[-122.13958517632773,37.881450880351046],[-122.13945230430403,37.881318822215555],[-122.1392450995062,37.881194664586673],[-122.13907267169574,37.881154486545952],[-122.13883079814879,37.880951152574482],[-122.1385928724455,37.880848023194211],[-122.13845176968491,37.880892553508048],[-122.13843599814953,37.880962814971333],[-122.13836212803014,37.881148553698594],[-122.13823156802115,37.881278089551003],[-122.13806252864254,37.881312706913135],[-122.13787747561929,37.881250041150935],[-122.13764427689694,37.881125554688339],[-122.13736690719084,37.880962537243668],[-122.13726918364991,37.880852653086862],[-122.13735304944318,37.880727200169297],[-122.13737112170554,37.880604034835798],[-122.13725317791065,37.880441554471759],[-122.13707652615028,37.88044537927896],[-122.13695031138496,37.880379148605428],[-122.13687224949936,37.880218175810576],[-122.13678948191422,37.880079240879141],[-122.13664358980024,37.879985127243728],[-122.13644691167568,37.880023563357334],[-122.13638353480121,37.880056713702871],[-122.13631675301551,37.880092658803619],[-122.13635021882762,37.880195885470776],[-122.13629067791497,37.880324432108729],[-122.13618803414916,37.88038422198612],[-122.13569388905533,37.880448061398333],[-122.13547890589672,37.880442115667485],[-122.13536972727458,37.880519847069451],[-122.13527442546929,37.88051979469769],[-122.13518354339105,37.880405690444562],[-122.13502747972511,37.880243049216574],[-122.134956333129,37.880159574506422],[-122.13476242028659,37.880009132343666],[-122.13455005097474,37.879964691397383],[-122.13451349641507,37.879956956503626],[-122.13441318898622,37.880044180344051],[-122.1344507680063,37.88017687484772],[-122.1345912938403,37.880420760375998],[-122.13466457355861,37.880601027690133],[-122.13473041941981,37.880837017575018],[-122.13470989097291,37.88100622539784],[-122.13470741781593,37.881129860036431],[-122.13471731095869,37.88126431293017],[-122.13470980655238,37.881395571539088],[-122.13479274767232,37.881463777149392],[-122.1349861743759,37.88151328675152],[-122.13518432529649,37.881541441916937],[-122.13528450764829,37.881684254942286],[-122.13524067233216,37.881818078622807],[-122.13522373813413,37.881914445702243],[-122.13532484040185,37.881941886551168],[-122.13550930264617,37.881977785104439],[-122.13569960272885,37.881964162875136],[-122.13583485189112,37.88196846815903],[-122.13591291490675,37.882051160737774],[-122.1360278341778,37.882233597834137],[-122.13615497501959,37.88234170287145],[-122.13642845755827,37.882485550159984],[-122.13685172088084,37.882820960585498],[-122.13698813113324,37.882956404087892],[-122.13706412716364,37.883102298576631],[-122.13712944925216,37.883157012499105],[-122.13731014668305,37.883179226108922],[-122.13771172089446,37.883159922971409],[-122.1378790912796,37.883206355065212],[-122.13793672095136,37.883305125100527],[-122.13787367263413,37.883431661994301],[-122.1377958391909,37.883516515937401],[-122.13771695202796,37.883632283865253],[-122.13787319832167,37.883724189857439],[-122.13809840472146,37.88380003566396],[-122.13854030234532,37.88395870370929],[-122.13898417687503,37.884128331264471],[-122.13947987053152,37.884290372684802],[-122.13991663799047,37.884451854479131],[-122.14058831403405,37.884657453088856],[-122.14105453580802,37.884818524147818],[-122.14111292932871,37.88479505135804],[-122.14133762490317,37.884769266778363],[-122.14162554690085,37.884781745811885],[-122.14189337969744,37.884826088727564],[-122.14211728339794,37.884921169246724],[-122.1423691194527,37.885182036875243],[-122.14240349090886,37.885247477677908],[-122.14252862624387,37.885342558873809],[-122.14253012933663,37.885332237849433]]]},"properties":{"ACRES":106.86108505999999,"SHAPE_LENGTH_1":null,"SHAPE_AREA_1":null,"GLOBALID":"{6E3AC391-9425-4F36-9925-28FDF728B4F2}","SHAPE.AREA":4654850.2456939695,"SHAPE.LEN":13923.5308106302,"OBJECTID":3,"TYPE":"R","COMMENT_":"Lafayette Res."}},{"type":"Feature","id":4,"geometry":{"type":"Polygon","coordinates":[[[-122.13221262675115,37.822722501676743],[-122.13260047463956,37.822408814664456],[-122.13295934155742,37.822037159536386],[-122.13335060006487,37.821721359962517],[-122.13347753202677,37.821510164420587],[-122.13351479691778,37.821315316517016],[-122.13342613212696,37.82106247103917],[-122.13333247852746,37.820740340585637],[-122.13335008991201,37.820439330913729],[-122.13341439847235,37.820057331917099],[-122.13341342120108,37.819698207996041],[-122.13344979858574,37.819148356726522],[-122.13356220448487,37.818749211127077],[-122.13385241028483,37.818562535310114],[-122.13452093919085,37.818417309727195],[-122.13479930281571,37.818322122580078],[-122.13488727681255,37.818071637567691],[-122.13457102995427,37.817547273763324],[-122.13468978456505,37.817200911636171],[-122.13467189331645,37.816624345229741],[-122.13461114501199,37.816066914005823],[-122.13435732017838,37.815546489502502],[-122.13405523517811,37.815035662598447],[-122.13384957439052,37.81450083790812],[-122.13381667264275,37.813949886364355],[-122.13386771621117,37.813752102219482],[-122.13395550313446,37.813650628656127],[-122.13452689227573,37.813341256360282],[-122.13490265939114,37.812874598357986],[-122.13524891563179,37.812325942583882],[-122.13557982084158,37.811787800589428],[-122.13578628443109,37.811258936058373],[-122.13625795198675,37.810824590748446],[-122.13645583609285,37.810692061281863],[-122.13670904547728,37.810399454026545],[-122.1370837697164,37.809886792368253],[-122.13726478377205,37.809774412156507],[-122.13746368617144,37.809766844156663],[-122.13808278945197,37.810052834006662],[-122.13869557924892,37.810366377538195],[-122.13903467071255,37.810435827789433],[-122.13928747756725,37.810987843656541],[-122.13939583605237,37.81095612350704],[-122.13942508626471,37.810948162521626],[-122.13992170554683,37.810547100213384],[-122.13992967614639,37.810359525510165],[-122.13950730170176,37.809967807268194],[-122.13901804511499,37.809682765442496],[-122.13845181548361,37.809361021494055],[-122.13824956718837,37.808824783808653],[-122.13772201411236,37.808451000610482],[-122.13732659510417,37.807946281529723],[-122.13714995244491,37.807393206993005],[-122.13688739871735,37.806868790109213],[-122.13656142548211,37.806372719142814],[-122.13609210224577,37.806048246971351],[-122.13602532436504,37.805924198573315],[-122.13580035078212,37.805769379927639],[-122.13567698158887,37.80566946079211],[-122.13554405443891,37.805528473922614],[-122.13529964536106,37.805119853390842],[-122.13529172246268,37.80476013887138],[-122.13511016508461,37.804611584688281],[-122.13505249448538,37.804508009110535],[-122.13472314402885,37.804171978331006],[-122.13432700609788,37.803711209855763],[-122.1339851419487,37.803356809092264],[-122.1338433591356,37.803049079646016],[-122.13361362291323,37.802834581371911],[-122.13343854835978,37.802744303044776],[-122.13323036530892,37.802407965094211],[-122.13317525597485,37.802263150281846],[-122.13308628556621,37.802074170752576],[-122.13304184937132,37.802021223788216],[-122.13304321954716,37.801454003484196],[-122.13278366295367,37.801142407362846],[-122.13249926106626,37.800487812366633],[-122.13243000904954,37.800172207617912],[-122.13234665761843,37.800002376906399],[-122.13229379000403,37.79980191008849],[-122.13220344275662,37.799628744483698],[-122.1317288777977,37.799141581900109],[-122.1316211685003,37.798965908446675],[-122.13147838912634,37.798769432852644],[-122.13132796320856,37.798540099300816],[-122.13120472574813,37.798287729796449],[-122.13074512074678,37.79785048709288],[-122.13023495332749,37.797475057460787],[-122.13015961823857,37.797354555703066],[-122.12988743779817,37.796782187684215],[-122.12972497208688,37.796634734907158],[-122.12952371556364,37.796770048922006],[-122.1294366925068,37.796747903215596],[-122.12916259344449,37.796639760670388],[-122.12848582134005,37.796479495578303],[-122.12819909745131,37.796190240456845],[-122.12797065022609,37.796032709355053],[-122.12773040667741,37.795968729735854],[-122.12711423027186,37.795651060007366],[-122.12644678279015,37.795362932315967],[-122.12575662436748,37.795143782444718],[-122.12506421037938,37.794979593505019],[-122.12442262659015,37.794686291301282],[-122.12390232594868,37.79431990218275],[-122.12377884237468,37.794292075189759],[-122.12328461236582,37.794088754332584],[-122.12329558939715,37.793878476971138],[-122.12345735847089,37.793757451789766],[-122.123385587353,37.793641016865159],[-122.12326099453421,37.793483423102415],[-122.12338319247226,37.793373244788008],[-122.12359490913573,37.793241231496701],[-122.12344868254091,37.793123076793449],[-122.12327998174888,37.792926945680854],[-122.12321371503199,37.792349666990582],[-122.12341003479851,37.791988515126178],[-122.12349394264064,37.79186856440851],[-122.12343654126825,37.791696994195149],[-122.12332123786321,37.791489145525311],[-122.12340971710377,37.791182351027366],[-122.12325127572895,37.79105955386396],[-122.1230967982163,37.790880395602258],[-122.12322617755217,37.790623854680177],[-122.12323098538182,37.790447997242779],[-122.12306684785736,37.79030193368159],[-122.1229385483519,37.790132714248294],[-122.12289350012385,37.789971963384851],[-122.12272016401785,37.789959241865041],[-122.12240174265325,37.789721908712686],[-122.12226665411184,37.789400338898282],[-122.12197266358767,37.789251250803744],[-122.12198130003333,37.78901285425092],[-122.12134933265045,37.788919229710835],[-122.12085480048002,37.788541483539653],[-122.12049182156655,37.78840295641411],[-122.12037139604428,37.788118262141893],[-122.1201292676726,37.787966397673493],[-122.12005454597055,37.787793694059864],[-122.12004299176657,37.787660634208706],[-122.1197699226603,37.787200872769034],[-122.11961558066911,37.786868577526555],[-122.11924091111734,37.786590122684345],[-122.11925641195089,37.7862692263068],[-122.11935812970148,37.786013756047645],[-122.1190803284109,37.785733283605992],[-122.11915053826759,37.785461077234011],[-122.11914337934688,37.785291566222838],[-122.11894887933802,37.785101276795011],[-122.11898811734268,37.784916704712913],[-122.11901314155695,37.784715163368077],[-122.11872716409658,37.784297465427635],[-122.11867468512403,37.784112780103925],[-122.11849839288578,37.78404309740796],[-122.11845846571742,37.783957811688538],[-122.11849739338584,37.783838479057657],[-122.11834768637232,37.783718303211678],[-122.11815300323636,37.783598745352229],[-122.11822146395799,37.783484503667999],[-122.11824149742685,37.783371612397879],[-122.11794576409386,37.783220479306998],[-122.11767588734969,37.783064869719816],[-122.11771855271738,37.782799223988036],[-122.11749249573946,37.782669109476736],[-122.11735778093197,37.782521945117374],[-122.11723748352159,37.782321710820291],[-122.11730067358985,37.78212445217347],[-122.11713634185071,37.781968080238087],[-122.11694360436461,37.781858107335616],[-122.11692715995892,37.781659196047805],[-122.11687135201466,37.781559703600806],[-122.11654742112066,37.781305265267839],[-122.11662065336252,37.781171730969675],[-122.11644840686026,37.781049114182196],[-122.11638370739055,37.780859102808016],[-122.11632169737088,37.780792656910627],[-122.11618846726874,37.780713456300738],[-122.11599194841681,37.780588426649523],[-122.11584791681433,37.780410488383687],[-122.11571737999516,37.780216572159517],[-122.11559440869934,37.780052079573132],[-122.11547931289141,37.779931426783996],[-122.11537335372265,37.779753652050559],[-122.11531562218566,37.779565603782402],[-122.11517707148148,37.779480292086397],[-122.11504282985834,37.779354408593981],[-122.11492106771666,37.779165863882305],[-122.11482878529533,37.778980349595876],[-122.11471035077099,37.77878558072937],[-122.11467011479729,37.778606219430628],[-122.11473582816329,37.778445320922913],[-122.11483328942904,37.778312141607557],[-122.11531637301874,37.778008874923493],[-122.11535660498737,37.777949268768047],[-122.11530703643537,37.777897761656497],[-122.115237347316,37.777716742191473],[-122.11515613432466,37.777642321266335],[-122.11500324279983,37.777533857659975],[-122.11494681255095,37.777405534758245],[-122.11491078371827,37.777260450127919],[-122.11493758924146,37.777140601526419],[-122.11493144522535,37.777017079649902],[-122.11489460999618,37.776914581437914],[-122.11493888111391,37.776881702607973],[-122.11489715741828,37.776793003260579],[-122.11482156745664,37.776658763472803],[-122.11481572105613,37.776548972112344],[-122.11494956527009,37.776418042810668],[-122.11506562073724,37.776344350122017],[-122.11523446519782,37.776311136994906],[-122.11545781134261,37.776317690348634],[-122.11561621632508,37.776361526679665],[-122.11576327945932,37.776440541000746],[-122.11590045497083,37.776542350382655],[-122.11600725422703,37.776599941439649],[-122.11607963603092,37.776586587115844],[-122.11623757811901,37.776529488013992],[-122.11633945205539,37.776440195612018],[-122.11645152598382,37.776422179453967],[-122.11650291373621,37.776477781263999],[-122.11656193669842,37.77656624376597],[-122.11664416471665,37.776607688017947],[-122.11694985027194,37.776581523699974],[-122.11704406610669,37.776617310675675],[-122.11713201845006,37.776683400359197],[-122.11720956845012,37.776907569439679],[-122.11720251041335,37.777060110437141],[-122.1172522004949,37.777117111290089],[-122.11731199678877,37.777161614045333],[-122.1173730671382,37.777264464854944],[-122.11744975874188,37.777290192545728],[-122.11753789992984,37.777205894318406],[-122.11764491768623,37.777114471060564],[-122.1177994048892,37.777137071898764],[-122.11785819060974,37.777214547353111],[-122.11790331891368,37.77730045133206],[-122.11800264842064,37.777332735754037],[-122.11813716059071,37.777470971666126],[-122.11815617937445,37.777549679465118],[-122.11817624399653,37.777676440893167],[-122.11824439444767,37.777707094808669],[-122.11839235288976,37.777747639226774],[-122.11846653046976,37.777816661966369],[-122.11851816881412,37.778042558393004],[-122.11871095975019,37.778155276503497],[-122.11879076129654,37.778244135707361],[-122.11875160113463,37.778432140345203],[-122.11884547266082,37.778452137775417],[-122.11896530353131,37.77839280982154],[-122.11911550890164,37.778377701867093],[-122.11921435387154,37.77846698594449],[-122.11927814557662,37.778615122368976],[-122.11931549316856,37.778740959546219],[-122.1193859382723,37.778718017122245],[-122.11948754087695,37.778616366311972],[-122.11958106184984,37.778540916876835],[-122.11972659062251,37.778390594419896],[-122.11989597665018,37.778382087908192],[-122.11998542265083,37.778437165308979],[-122.12017361029469,37.778576723256108],[-122.12030184959121,37.778664918508213],[-122.12036553013351,37.778728591758785],[-122.12050134700091,37.778846895921546],[-122.12054203000137,37.778887536964724],[-122.12062443805793,37.778937218045321],[-122.12078561272018,37.779107363229592],[-122.12086671198709,37.779176289336242],[-122.12089367677214,37.779222614147038],[-122.12090856400398,37.779270478370989],[-122.12097616150238,37.779275728262682],[-122.12102847766273,37.779294236155927],[-122.1210708932804,37.779334853198158],[-122.12108211722119,37.779452808809346],[-122.12105321414867,37.779555522384086],[-122.12102294557494,37.779754391614723],[-122.12105454685732,37.779775243468592],[-122.12114082827701,37.779764443505719],[-122.12121835679667,37.779748957040908],[-122.1213038086444,37.779779371308123],[-122.12140143449079,37.779733394178699],[-122.12149534463438,37.779675793511593],[-122.12155960513199,37.779686585158061],[-122.12168040571849,37.779909469849784],[-122.1217471969171,37.780194898160659],[-122.12183550244382,37.780276772420343],[-122.12189156728877,37.780466899790284],[-122.12198337913165,37.780550787566419],[-122.12225824033798,37.780776359816834],[-122.12221311106669,37.780849080059092],[-122.12206907141973,37.780988401669319],[-122.12224385589714,37.781068397338359],[-122.12232818269969,37.78128491816738],[-122.12241522629728,37.781388095720708],[-122.12259581808904,37.78125857274815],[-122.12285943753,37.781206879131943],[-122.12294438850549,37.781293605553614],[-122.12300490110697,37.781370366244339],[-122.12331014629426,37.781481528003447],[-122.12340159543398,37.781627906290758],[-122.12320967911404,37.782030886394942],[-122.12336083738792,37.782059019406361],[-122.12355963401417,37.782129070748191],[-122.12364800104704,37.782292660230603],[-122.12366161100155,37.782361141371467],[-122.12393383963587,37.782544859134369],[-122.12403575827837,37.782774181699395],[-122.12398664873363,37.782981549611833],[-122.12404608188112,37.783008885985922],[-122.12426671095159,37.783048422171319],[-122.12429964305832,37.783288308459142],[-122.12428865760114,37.783418930966],[-122.12429749999173,37.783427733359424],[-122.12434884185136,37.78348058751984],[-122.12464055144315,37.783368072898142],[-122.12536169391076,37.783584741937339],[-122.12541578263981,37.783763219459587],[-122.12540034538952,37.783848583102163],[-122.12559501576202,37.783808817350227],[-122.12575368836465,37.783784657430971],[-122.12599412520792,37.784175497697326],[-122.12591499413146,37.784355129024526],[-122.12589794941346,37.78452497633306],[-122.12604691759671,37.784610817770542],[-122.12622557462139,37.784946203128868],[-122.12626163273289,37.785012313401019],[-122.12644479762639,37.785079143965554],[-122.12691770055908,37.785338367024984],[-122.12703434499588,37.785449373932934],[-122.1271834202274,37.786013833305951],[-122.12719210061567,37.786251994329476],[-122.12719382945338,37.786251970470815],[-122.12728980756569,37.786288414503325],[-122.1275693727228,37.786410906888584],[-122.12770549899544,37.786621212744947],[-122.12782186223968,37.78719298881996],[-122.12792799773204,37.787771773710666],[-122.12791665399033,37.78796489075723],[-122.12807809351118,37.788461196340705],[-122.12827838681504,37.788598515355915],[-122.12829946211643,37.788612645617256],[-122.12847689512334,37.788970016629868],[-122.12908191774584,37.789254874841468],[-122.12920003054495,37.789353499933668],[-122.12925064055953,37.789451683361868],[-122.12949374140591,37.7896467771318],[-122.12970509991956,37.789814841708271],[-122.12999102926916,37.789990112633738],[-122.13003088763378,37.790150246956593],[-122.13014668532676,37.790222121489421],[-122.13021292211701,37.790164898453995],[-122.13027749014113,37.790110444292445],[-122.13029454651688,37.790020250863876],[-122.1300356474616,37.789499889051683],[-122.12985215288342,37.789339681044957],[-122.12940097617154,37.788968237675668],[-122.12916752419622,37.788818332557192],[-122.12879924617447,37.788517846207341],[-122.12864311611568,37.788263867316978],[-122.12859819177166,37.787872390356192],[-122.12858808028096,37.787805920611611],[-122.12850992060811,37.787319451527793],[-122.12854039808526,37.787130880515726],[-122.12837969710687,37.786589241281725],[-122.12811032551016,37.786063527315186],[-122.12780110735763,37.78553561340636],[-122.12745652985252,37.785052135556398],[-122.12719452806127,37.784704167619495],[-122.12703480240521,37.784443370275795],[-122.12693278198201,37.784209931502041],[-122.12679921810674,37.784037355317885],[-122.1266695527076,37.783805672920721],[-122.12663873289696,37.783425673243769],[-122.12610613875957,37.783047788178109],[-122.12524533437475,37.782616742941585],[-122.12487490701656,37.782373953174435],[-122.12486539080901,37.782176320608905],[-122.12493048299001,37.782066927163413],[-122.1247146168872,37.781928444754946],[-122.12454820938851,37.781678035579013],[-122.12457263099553,37.781528686440609],[-122.12470518764147,37.78141836438693],[-122.12472118260972,37.781279434318506],[-122.12453460124567,37.781214022529475],[-122.12445413094596,37.78101599147368],[-122.12441991560681,37.780875691378256],[-122.12425690562625,37.78085939668275],[-122.12387984893755,37.780708712017855],[-122.1237323586338,37.780452551273939],[-122.12362848736741,37.78029192118538],[-122.12339147537442,37.78021484446635],[-122.12317668155112,37.780046130366991],[-122.12308368723053,37.779908011597051],[-122.12306177188553,37.779855437584267],[-122.1230740676005,37.779784541469297],[-122.12321896984761,37.779685036253177],[-122.12319047202996,37.779568691998278],[-122.12298191783596,37.779289334313837],[-122.12292272259683,37.779114356677638],[-122.12292813383938,37.778965958921084],[-122.12278495871033,37.778827844889257],[-122.12264258409513,37.778647146941594],[-122.12244975785471,37.778295468032631],[-122.12233066697704,37.77815084274696],[-122.12184519950523,37.777947396217129],[-122.12137245640926,37.777771926847457],[-122.12127086214427,37.777635986808946],[-122.12137902123304,37.777517762765406],[-122.12117640255882,37.777430591493747],[-122.12104605560755,37.777404231507148],[-122.12077119531598,37.777336594264419],[-122.12077988818368,37.7771799094687],[-122.12073955761147,37.777076088556157],[-122.12049455062797,37.777028639951588],[-122.12024641622239,37.776996343615473],[-122.11995171895184,37.776891897877441],[-122.11971308980921,37.776739984680574],[-122.11971696868953,37.776600532359822],[-122.11969919469658,37.776420178169197],[-122.11953493479024,37.776346213542418],[-122.11929951854025,37.776262238193226],[-122.11913963654025,37.776071473595167],[-122.11893202727734,37.775913642038624],[-122.11883209963355,37.775853898290713],[-122.11859751675252,37.775728708972274],[-122.11840720682905,37.775570637196004],[-122.11828663887107,37.775437013371715],[-122.11813290535481,37.775290114537682],[-122.11780051559197,37.775043346622255],[-122.11770326964324,37.774868202822098],[-122.11754386041896,37.77477837423929],[-122.11737183127786,37.774823995681182],[-122.11721293598163,37.774837162470504],[-122.11703292265909,37.774754483607509],[-122.11693389432385,37.774656270643007],[-122.1167209988657,37.774493700975214],[-122.11659220328711,37.774379416391746],[-122.11665967171501,37.774219864986208],[-122.11653390395847,37.774085624932702],[-122.11636519964499,37.774125020964654],[-122.11613848911006,37.774122635652951],[-122.11590114877121,37.77410872014886],[-122.11568870511621,37.773966743031032],[-122.1155382611215,37.773891209310776],[-122.11532499758603,37.773711470569125],[-122.11522392782857,37.773519211841609],[-122.11512048430177,37.773377109999004],[-122.11508697972468,37.773348041537439],[-122.11490245382682,37.773296321257746],[-122.1147137413349,37.773290667775612],[-122.11460126636391,37.77321049180037],[-122.11444960377868,37.773158320717648],[-122.11419879869824,37.772922788582548],[-122.11405426702544,37.77303944221017],[-122.11386692856686,37.773096941837615],[-122.11359247650171,37.773126794573493],[-122.1133676467278,37.773131244186914],[-122.11320273286512,37.773026378083827],[-122.11298579302481,37.772916043436858],[-122.11279093577289,37.772946177707773],[-122.11260358166786,37.773002988847232],[-122.11236618259666,37.7729863221466],[-122.1122538596984,37.772833353239896],[-122.11220977229075,37.77271515961047],[-122.11205091036823,37.772729691510165],[-122.11186396558347,37.77296503496234],[-122.11173246548992,37.773044429210522],[-122.11162883420469,37.773052711936145],[-122.11143492919422,37.773126778789816],[-122.11127782346048,37.773222315382363],[-122.11115776102537,37.773270649106159],[-122.11091487469176,37.773240323470489],[-122.11079033969156,37.773162367867343],[-122.11074001822682,37.773075845520587],[-122.11057719211962,37.773067084090911],[-122.11037724866139,37.773102090636044],[-122.11017586377419,37.773070507173593],[-122.11002205941041,37.77299913251214],[-122.10976947083304,37.772920178796561],[-122.1096270756332,37.772816372735534],[-122.10958556592963,37.772816939498227],[-122.10954751101684,37.772817459077302],[-122.10952503954901,37.772898109833555],[-122.10957249399497,37.773012137423464],[-122.10968287028835,37.773155521797612],[-122.1097131061902,37.77327321876345],[-122.1096047721942,37.77338387997689],[-122.10940049995715,37.773458771675372],[-122.10923615284129,37.773459642738302],[-122.10908405526438,37.773546865969024],[-122.10896477451927,37.773631583761841],[-122.10876630793506,37.773654891939358],[-122.1086347604309,37.773652569617987],[-122.10850060717527,37.773609762893173],[-122.10816244258098,37.773334209008553],[-122.10792579461604,37.773272202827343],[-122.10768012106048,37.773272805770361],[-122.10759147800226,37.773414099174232],[-122.10765654319823,37.77354230771715],[-122.1076849103848,37.773653851376054],[-122.10748971586538,37.773748528882201],[-122.10725850643884,37.773698119935467],[-122.10697474297756,37.773777525435172],[-122.10680809881681,37.773752328599002],[-122.10665578724613,37.773669942280172],[-122.10635776155874,37.773649969602388],[-122.10625657829345,37.773771517172136],[-122.10612019341198,37.773865391076569],[-122.10598121536243,37.773919473346552],[-122.10560593908252,37.774007673866485],[-122.10537680621532,37.774053369668081],[-122.10529890185704,37.77413133735859],[-122.10520042777999,37.774138171708657],[-122.10481534651112,37.774012946178779],[-122.10450023253001,37.773842816660064],[-122.10436593018298,37.773712800189841],[-122.1042890860686,37.773519513395165],[-122.10430366444029,37.773313309715327],[-122.10434615588939,37.773117713107155],[-122.10445700348767,37.772882730937923],[-122.10468053770801,37.772578234853462],[-122.10479207246642,37.772455173439504],[-122.10498353725163,37.772348188132717],[-122.10510023419793,37.772304027554597],[-122.10519730867121,37.77215232096848],[-122.10511254038481,37.771992790093002],[-122.10506600606342,37.771840979708607],[-122.10501924581374,37.771598529111742],[-122.10488782514386,37.771441692392152],[-122.10480158314273,37.771293856797143],[-122.10484710578788,37.771158645987924],[-122.10495940946018,37.771071282388135],[-122.10500228714021,37.770973876076965],[-122.10493314882019,37.770816879899449],[-122.1051071977719,37.77070463973147],[-122.1052531706853,37.770574242030719],[-122.10533909851998,37.77046732154384],[-122.10526206965575,37.770345453919525],[-122.10521392286431,37.770199158995318],[-122.10527717146056,37.770083619558086],[-122.10525359900019,37.769793473768793],[-122.10531889586302,37.769612672240712],[-122.10538024017919,37.769569261475603],[-122.10555807345314,37.769472077902307],[-122.10559836455703,37.769415220063642],[-122.10562210688501,37.769232925168005],[-122.10574604598726,37.76904377287461],[-122.10608671552173,37.768876384824488],[-122.10623025427836,37.768873743293405],[-122.10642819782593,37.768906755410278],[-122.10662847446628,37.768887543723999],[-122.1066491985553,37.768885888800156],[-122.10655314388775,37.768764281287382],[-122.10638456638308,37.768649155483381],[-122.10615709279526,37.768530711822201],[-122.10570320586872,37.768342561602331],[-122.10551717067321,37.768220117941645],[-122.10552832386831,37.768095676936085],[-122.1054880565439,37.76791356803529],[-122.105568609701,37.767798479363357],[-122.10570435723466,37.76775543013926],[-122.10593381413028,37.767645867245292],[-122.10614473974542,37.767559217904164],[-122.10630012200178,37.767464398153955],[-122.10646791209783,37.767383142802991],[-122.10653914344873,37.767316935124938],[-122.1065373660049,37.767314901095638],[-122.10637117677982,37.767229955991382],[-122.10608618210043,37.767171350102473],[-122.10582521992069,37.767104178625019],[-122.10556577191358,37.767026682068654],[-122.10550043411178,37.76688542814405],[-122.10558203655417,37.766738738514618],[-122.10572414228157,37.766589852193292],[-122.10587703780753,37.766460045886475],[-122.10605106141908,37.766347117740651],[-122.10611801455194,37.766243202692237],[-122.1060448211643,37.766138452208644],[-122.10578952600136,37.766093175607516],[-122.10555073368725,37.76609093215302],[-122.10532745746717,37.766006077372879],[-122.10517205894075,37.765859870470869],[-122.10513152928745,37.765745746825509],[-122.10505579354825,37.765603259065912],[-122.10475614111213,37.765346398475103],[-122.10463996695077,37.7650939064387],[-122.10470949237605,37.764948754237857],[-122.10495468077512,37.764766879667889],[-122.10520555684936,37.764527927711057],[-122.10519451137824,37.7644971781816],[-122.10514708390423,37.764383834241876],[-122.10500496364533,37.764291691761855],[-122.10478570226388,37.764232190508352],[-122.10449709715066,37.764166075633817],[-122.10436023215659,37.764156952494723],[-122.10428249401843,37.764162130662775],[-122.10418404180648,37.764089309451471],[-122.1041458256112,37.764001933811024],[-122.10415801808399,37.763925543998738],[-122.10422568441282,37.763854582083837],[-122.10442023323878,37.763731076617674],[-122.10451902817729,37.763659690816866],[-122.10455315222173,37.763557595949287],[-122.10456990752269,37.763452303177552],[-122.10456840995485,37.763382969225667],[-122.10453679063735,37.763360740826883],[-122.10440155270877,37.763346785202884],[-122.10419041199589,37.76334279386888],[-122.10398590856666,37.763325663011962],[-122.10367975905818,37.763248112172057],[-122.10349201701689,37.763206031744168],[-122.10336959170118,37.763144522053395],[-122.10331248642972,37.763063582355393],[-122.1033105010801,37.762971592612402],[-122.10337562298784,37.762862897181613],[-122.10345802537454,37.762753280853111],[-122.10352627860986,37.762629435651583],[-122.10347892778627,37.762519521637245],[-122.10347709577191,37.762514739760789],[-122.10331681798939,37.762462672762013],[-122.10317481240386,37.762455676466502],[-122.10292484317517,37.762496157971441],[-122.10275357059413,37.76249573933417],[-122.10259299608083,37.762429943487582],[-122.10247184537582,37.762347125603064],[-122.10237021794559,37.762207050008151],[-122.10228053397334,37.762059259335317],[-122.10217534647053,37.76199476646353],[-122.10198109898488,37.761811314910389],[-122.10187472788411,37.761691902129229],[-122.10180291795562,37.76157064801771],[-122.10178958007431,37.761433492190918],[-122.10176251180629,37.761301330646653],[-122.10163514189676,37.761250871554523],[-122.10145925690709,37.761196954992073],[-122.10125363432473,37.761127645692724],[-122.10101124838405,37.760957894453497],[-122.10082089537502,37.760794302008442],[-122.10073552029385,37.760685590031187],[-122.10069840099476,37.76056867093218],[-122.10068602675523,37.760476136451153],[-122.10062218758179,37.760403528054596],[-122.10013347882834,37.760202096152284],[-122.09997625427455,37.760130755149575],[-122.09974108649334,37.759974637077406],[-122.0995348776619,37.75987786447574],[-122.09942168565104,37.75976266401068],[-122.09940480734204,37.759621434964792],[-122.09930054238754,37.759519161171553],[-122.09909000326445,37.759462277017676],[-122.09887559545774,37.759386216881516],[-122.09861870292809,37.759265409558239],[-122.09856146152558,37.759097262232068],[-122.09857866743478,37.758932223499748],[-122.09859432237214,37.758855788202872],[-122.0985580356743,37.758777311537202],[-122.09837922713213,37.758265409190777],[-122.09825405253476,37.758075521422079],[-122.09821734167578,37.757977134724364],[-122.09822124636568,37.757836999759469],[-122.09819993522932,37.757650510303456],[-122.09809118346854,37.757500224721689],[-122.09754317615514,37.757194524377446],[-122.09733785123065,37.75705791190132],[-122.09719444121131,37.756904663591733],[-122.09710774664903,37.756734167044897],[-122.0970887418875,37.756654769966076],[-122.09721304951461,37.756482786580733],[-122.09744260333601,37.756378731868146],[-122.09750725457855,37.756328414239817],[-122.09751783915216,37.756257540366256],[-122.0975207493112,37.756232094458859],[-122.09745399202166,37.756103903312926],[-122.0970894427583,37.755963265527853],[-122.09678023164363,37.755821876919128],[-122.09666387300125,37.755719764693644],[-122.09647715571332,37.755402295898023],[-122.09637726245931,37.755261505074806],[-122.09606588779405,37.755019202977913],[-122.09596376633949,37.754855094681268],[-122.0958892196894,37.754766835006357],[-122.09583478060084,37.754567746663255],[-122.09576982646813,37.754523302196347],[-122.09563574476525,37.754481859068093],[-122.09554608019319,37.754414401716119],[-122.0954913997457,37.754284673521873],[-122.09539815010888,37.754130744024522],[-122.09533415823653,37.754050579553144],[-122.09519682432015,37.75401879085252],[-122.09519160602902,37.754017489011943],[-122.09512178085468,37.754148905206321],[-122.09516098399165,37.754524679130057],[-122.0952157418928,37.754819211813249],[-122.09525014070354,37.754971193078397],[-122.09540769338649,37.755219699720747],[-122.09551055124841,37.755418133678653],[-122.09558057772951,37.755779068855539],[-122.09561450905281,37.755828737520197],[-122.09568744820672,37.755842170427087],[-122.0957782529572,37.755882143928446],[-122.09589873105675,37.756095445156049],[-122.09593385152823,37.75636140259801],[-122.09596791328849,37.756497591742104],[-122.09596937323722,37.75656555471604],[-122.09592938236821,37.756797510958904],[-122.09601481417727,37.757070341532312],[-122.09603363259802,37.757624241648443],[-122.09605522009345,37.757743434339829],[-122.09595696434342,37.757920556224278],[-122.09586326830825,37.757987745763103],[-122.09583521602529,37.758211985818548],[-122.09586496679822,37.758308406495303],[-122.09623106414956,37.758359755404982],[-122.09648547932935,37.758446267156017],[-122.09662530883527,37.758754753841117],[-122.09654245769528,37.759246171961486],[-122.09638186810049,37.759501045377078],[-122.09627727105975,37.759624691914439],[-122.09626784766246,37.759830141935389],[-122.09635918617684,37.759975166090328],[-122.09626802749179,37.760080092805524],[-122.09645026418926,37.760429893996481],[-122.09643067696088,37.760806463489551],[-122.09651756877602,37.760985884688758],[-122.09640037498673,37.761167384321602],[-122.09632694673162,37.761373011758408],[-122.09662770881761,37.761925153645436],[-122.0966251160818,37.762046043472054],[-122.09641417567771,37.762292674551588],[-122.09639353944331,37.762378791423998],[-122.09655663335025,37.762481643386671],[-122.09662360687898,37.762539104410735],[-122.09664095585421,37.763024358135901],[-122.09660425997609,37.763168371370632],[-122.09658879176777,37.76333407276821],[-122.09662533870718,37.76350524886697],[-122.09669843228734,37.763605888979704],[-122.09684117539224,37.763727557620761],[-122.09701847641406,37.763847385418572],[-122.09719814440365,37.763996708317642],[-122.09727725222697,37.764055380631625],[-122.09744001493854,37.76414244305299],[-122.09798019129556,37.764483957056967],[-122.09813047685519,37.764554022377396],[-122.09819105777147,37.764474918966876],[-122.09833523860678,37.76434180634643],[-122.09848821961741,37.764295784055079],[-122.09865168990228,37.764335455790317],[-122.09897124113344,37.76455360643083],[-122.09909007206333,37.764608990156816],[-122.09919577778726,37.76469751089796],[-122.09921310024264,37.76485933617694],[-122.09924635906079,37.764957766642709],[-122.09938619819837,37.765024537790211],[-122.09954024082302,37.765027941044252],[-122.09972087836279,37.764980855186671],[-122.09985740114494,37.765054536734873],[-122.09983172633282,37.76514758764224],[-122.09984512042317,37.765287490439093],[-122.09978973161169,37.765446868148906],[-122.09975291101297,37.76558470480137],[-122.099852468283,37.765628673907621],[-122.10000497264629,37.765641025251306],[-122.10021839679591,37.765590059290417],[-122.10059402713181,37.765680410334511],[-122.10068978583159,37.765788977787587],[-122.10073756587022,37.765918800861165],[-122.10082424989349,37.766087921499185],[-122.10077196767884,37.766230775244019],[-122.10075406966413,37.766363548446996],[-122.1008554013751,37.766409554482358],[-122.10127926783326,37.766409976586331],[-122.10142092873119,37.766480841627704],[-122.10144884186406,37.766652133602882],[-122.10134202642756,37.766753153099479],[-122.10108478656338,37.766938620601223],[-122.10108999382227,37.767019577763406],[-122.10122819434319,37.767090489141637],[-122.10148300173958,37.76711312075188],[-122.10163267313547,37.767154349278343],[-122.10177612347418,37.76730827754443],[-122.10181651465649,37.767496568786903],[-122.10172025796061,37.767686026543764],[-122.10162398270018,37.767794458377779],[-122.10146893282452,37.767985404098724],[-122.10131385409915,37.76809463452777],[-122.10122360643967,37.768242124248843],[-122.10125048505927,37.76836536235669],[-122.1012400816568,37.768524815380971],[-122.10128339781726,37.768608002495156],[-122.10138283862007,37.768566138173533],[-122.10148992297162,37.768477473572737],[-122.10163594556714,37.7684294799977],[-122.10186467762499,37.768446288565883],[-122.10202722987047,37.768523048282688],[-122.10204853509946,37.768628506363754],[-122.10203412907005,37.768842948636056],[-122.10197708669028,37.769005780493657],[-122.10205048948714,37.769200491644945],[-122.10206502469369,37.769312910367368],[-122.10194570198836,37.769475902805674],[-122.10183057793571,37.769592828398459],[-122.10184279231815,37.769677813097935],[-122.10184096284324,37.769833716224667],[-122.10189081641839,37.769979302564565],[-122.1020341284856,37.770206708533323],[-122.10200113787036,37.770361659055268],[-122.10166441931283,37.770632669786508],[-122.1016915921353,37.770689293587459],[-122.10173141896638,37.770771155471351],[-122.10195279929316,37.770847804484276],[-122.10214181947595,37.77094823835484],[-122.1021893797809,37.771067759919049],[-122.10219058312254,37.771203707958463],[-122.1021087360306,37.771419753403549],[-122.10200689633041,37.771511094838921],[-122.10189736906136,37.771566830361934],[-122.1016915613459,37.771650654647132],[-122.10169153172025,37.771729622829],[-122.10180975683456,37.771836515274082],[-122.10184988157087,37.771932104043564],[-122.10170394444346,37.772064557849134],[-122.10156494021187,37.772197603960421],[-122.10142983992255,37.772351196485936],[-122.10124187141871,37.772460186712202],[-122.10106854961789,37.772526402399194],[-122.10092023034947,37.77262867164179],[-122.10077255927322,37.772680806664589],[-122.1005691971621,37.772798243217807],[-122.10046331840915,37.772943199426926],[-122.10018708937602,37.773212009183389],[-122.10009767959806,37.773398627396759],[-122.10002540582238,37.773577458533914],[-122.09997747596891,37.773762142083157],[-122.09993970676359,37.773936386552251],[-122.0999655028275,37.77408985270074],[-122.09998099701316,37.774246892975931],[-122.10003791664386,37.774399252716236],[-122.10012721173638,37.774528508835907],[-122.10026182244536,37.774833630174271],[-122.1003302447147,37.774957679605478],[-122.10043606772992,37.775131348270904],[-122.10051754528455,37.775299164507466],[-122.10061769523384,37.775450248570586],[-122.10063771231523,37.775576327477303],[-122.10059615543538,37.775655173619668],[-122.10047843412438,37.775812648998297],[-122.10029423807009,37.775936693332007],[-122.10007024703719,37.776060590796831],[-122.09974758231975,37.776182392496302],[-122.0990598040065,37.77646365166099],[-122.09882777856723,37.776536152634932],[-122.09857779027163,37.776577997772051],[-122.09838098206779,37.776598518183661],[-122.09830527273905,37.776618085056597],[-122.09821479211253,37.776674934818416],[-122.09805553443553,37.776751941225903],[-122.09790961125812,37.776805419456238],[-122.09780127011791,37.776836415208557],[-122.09763349464174,37.77691971842286],[-122.09754243951569,37.776949792998977],[-122.09742315602381,37.777035184629938],[-122.0971724847234,37.777125790494345],[-122.09706822344722,37.777185570972122],[-122.09700982170324,37.777285930221858],[-122.09700492647588,37.777299731092015],[-122.0969938070411,37.777345891272184],[-122.09705384564401,37.777402070859075],[-122.09715955390176,37.777409565723865],[-122.09765805645071,37.777337577329128],[-122.09777288921791,37.777286579937055],[-122.09793467447925,37.777246619662193],[-122.09819628597199,37.777262300642711],[-122.09856920536348,37.777224283025149],[-122.09885221156482,37.777188858800429],[-122.09908610065055,37.777122511783787],[-122.09933801131058,37.777089567298546],[-122.09952077651431,37.777059619563921],[-122.09970676226817,37.777018640911862],[-122.09987874822927,37.776970301134583],[-122.10015387185702,37.776970684661393],[-122.10036011303842,37.777066770323749],[-122.1005194471996,37.777153875270706],[-122.10063764622063,37.777098709256251],[-122.10072682358543,37.776981448077628],[-122.10092086513617,37.77683254881763],[-122.10105636484381,37.776857491205384],[-122.10115466530284,37.77684242162892],[-122.10119798045795,37.776764923892848],[-122.10143803255089,37.776663467594467],[-122.1016341180522,37.776689645470633],[-122.10188428287437,37.776736373620963],[-122.10206420748682,37.776735303927872],[-122.10234061394692,37.776634725114562],[-122.10263135675214,37.776557297100538],[-122.10284907105972,37.776543348577611],[-122.10307021443953,37.776608324360055],[-122.10321130883516,37.77673206976278],[-122.10326255755361,37.776861843647275],[-122.10324269736789,37.777063997843555],[-122.10325531637619,37.777247859273956],[-122.10333247172082,37.777455562755087],[-122.10339082879192,37.77751382390192],[-122.10340499188504,37.777528737420937],[-122.10354819511932,37.777509621740109],[-122.10375389052551,37.777259618553678],[-122.1039004271897,37.777154622518232],[-122.10401690989414,37.777100163115492],[-122.10417481629598,37.776960677842354],[-122.10430119120311,37.77672342293112],[-122.10443454892372,37.776569164292809],[-122.10465626849157,37.776340227639359],[-122.10479497026098,37.776273105596154],[-122.10504299951256,37.776220974524819],[-122.10528065948256,37.776249325255655],[-122.10576860056622,37.776489888329507],[-122.10585507427191,37.776648019393718],[-122.10593087872739,37.776712910297924],[-122.10599522803625,37.776808167696892],[-122.10598440319791,37.7769477138282],[-122.10602242153874,37.77702547791192],[-122.10607550119538,37.777239686932717],[-122.10608595327412,37.77740297714918],[-122.10613605436258,37.777559545253773],[-122.10622206989771,37.777696395984826],[-122.10627153308394,37.777823445308911],[-122.10629915253827,37.777820324070241],[-122.10631813443869,37.777818003590653],[-122.10639460883587,37.777593788395485],[-122.1064606807716,37.777448685353782],[-122.10651691795553,37.777248779752618],[-122.10659353433644,37.77695108634952],[-122.10658213711102,37.776664209482526],[-122.10647267871539,37.776403386799501],[-122.10642233160034,37.776155492256024],[-122.10646241894482,37.775929026896769],[-122.10653521104098,37.775694561415044],[-122.10673126267555,37.77571935790121],[-122.10686226292511,37.775856281784769],[-122.10696471956005,37.776033424993884],[-122.10705040810659,37.776155173458029],[-122.10716431464814,37.776381598082054],[-122.10716225966465,37.77652651828317],[-122.10726185688348,37.776651510408612],[-122.10745370403885,37.776961337023046],[-122.10759270176047,37.77706793786313],[-122.1076887886952,37.777110575389088],[-122.10768838747848,37.777092039483769],[-122.10767501087516,37.776713859748945],[-122.10763928387691,37.776502158778392],[-122.10774063203424,37.776388160479001],[-122.10783447242746,37.776167141711113],[-122.10780778266208,37.775973175818109],[-122.10791137965131,37.77588317793083],[-122.10807185427248,37.775942791645221],[-122.10819485112357,37.776029696183997],[-122.10830500456201,37.776002787086213],[-122.10855983614998,37.776105060686952],[-122.10857605338482,37.775975054238039],[-122.10850301454836,37.775798200396409],[-122.10848763468407,37.775647339636016],[-122.10859649507499,37.775560703635598],[-122.1087070342471,37.775551642684704],[-122.10884226167542,37.775643873138193],[-122.10897520721716,37.775710727252132],[-122.10909669121099,37.775727609679272],[-122.10919443826944,37.77568713447716],[-122.10923047786338,37.775753250050272],[-122.10948002726408,37.775931130887699],[-122.1095496809012,37.775871810852529],[-122.10956376907353,37.775643638296948],[-122.10963831743173,37.775570517680627],[-122.10986461100593,37.775553693168298],[-122.10995314563422,37.775487250006933],[-122.11007360270419,37.775456764200698],[-122.11025486235361,37.77551746356076],[-122.1105003975519,37.775430334955679],[-122.11061068136459,37.775489255699718],[-122.1106967343207,37.775547823417163],[-122.11081140306705,37.775489947641766],[-122.11093751048458,37.775480669173739],[-122.11107372711412,37.775458893895518],[-122.11117467896956,37.775486355942206],[-122.11130667322227,37.775509272619686],[-122.11143462954452,37.77550546453238],[-122.1115997855095,37.775541661298654],[-122.11169615984834,37.775517682302734],[-122.11177471378917,37.775549570148435],[-122.11180214940291,37.775617863553592],[-122.11179148457576,37.775764273258467],[-122.11186366881823,37.77582165547566],[-122.11198059020391,37.7758674389937],[-122.11201327375801,37.775938405530844],[-122.11196066348411,37.776065475821483],[-122.1119292889236,37.776214227848179],[-122.11184844835691,37.776395931266485],[-122.11174998216485,37.776562769417701],[-122.11170215804751,37.776671232742373],[-122.11169515849365,37.776986518563355],[-122.11157140087282,37.777104260977403],[-122.1115004818857,37.777184884921027],[-122.11156335882593,37.777291834944798],[-122.11162385646459,37.777368604233324],[-122.11165425649104,37.777493852868382],[-122.11171591631285,37.77762416763138],[-122.11171309436419,37.777733388177502],[-122.11183204520464,37.77779287511386],[-122.1118682658863,37.777867231247292],[-122.11188679751704,37.778003628137341],[-122.11185852125132,37.778215512709927],[-122.11188467507981,37.778304424142128],[-122.11198300509356,37.778290720305563],[-122.11208133481291,37.778356671813427],[-122.11208705691968,37.778460968739516],[-122.11228083756991,37.778619689774196],[-122.11231992030456,37.778746192861931],[-122.1122881280745,37.778875723449502],[-122.11225528924547,37.778957202215196],[-122.11237828448469,37.779043415815678],[-122.11248658972343,37.779090689182311],[-122.1125914369004,37.77921766516814],[-122.11264643053738,37.779359745165209],[-122.11260861086956,37.779689871075689],[-122.1126639506995,37.779768081953982],[-122.11300788533579,37.779829300506954],[-122.11312199406937,37.779904648875579],[-122.11313993435613,37.780013585363008],[-122.11307102253613,37.780186885150457],[-122.11311164600959,37.780224784580362],[-122.11336345427371,37.780266659328689],[-122.11345445091055,37.780313482898954],[-122.11343273972203,37.780508798439001],[-122.1132807232144,37.780679804853968],[-122.11322940804375,37.780786944014352],[-122.11322701967144,37.780836417979742],[-122.11335904240515,37.780780363365288],[-122.11375139121044,37.780759884009917],[-122.11398395116935,37.780712066132708],[-122.11413039115955,37.78076225029897],[-122.11420077964952,37.780895878606145],[-122.11417303049534,37.780972478713316],[-122.11423060898201,37.781074007303843],[-122.11437135396478,37.781180575488904],[-122.11433515063811,37.781345876407208],[-122.11432723428227,37.78169825488564],[-122.11404462482584,37.781911563747286],[-122.1137360223278,37.782441790082309],[-122.11337866612831,37.782798949721567],[-122.11330290944528,37.783055432890286],[-122.11318441149901,37.783335848053966],[-122.11257337625723,37.783327040534559],[-122.11250371892515,37.783306704204037],[-122.11266830917312,37.783794062468004],[-122.11252406810615,37.783925130962558],[-122.11236683996333,37.783936208068639],[-122.11226530991422,37.783882662637176],[-122.11218128768135,37.783918145747329],[-122.11220665410204,37.783970674465856],[-122.11232255561744,37.784287710076285],[-122.11226299159237,37.784333845719907],[-122.11211165048393,37.784377117919789],[-122.11197447828424,37.784514954084557],[-122.11206338943518,37.784545327751097],[-122.11242921024616,37.784736717143446],[-122.11225417734838,37.785282967004278],[-122.11175315086834,37.78571899245852],[-122.11122487433585,37.78609565017458],[-122.1108495416254,37.786183867208081],[-122.11068848312433,37.786337824505395],[-122.11047554246477,37.786413522518444],[-122.10998655428192,37.786766975503141],[-122.10989631088057,37.786755159800173],[-122.109783552911,37.786662624580579],[-122.10967613115602,37.786656539410409],[-122.10934681564342,37.78703184455857],[-122.10899543966572,37.787108053178976],[-122.10882968326791,37.787205079038053],[-122.10815230505646,37.787330367197896],[-122.10746203964226,37.787420123212584],[-122.10728841496753,37.787393648495474],[-122.1071800024685,37.787261910664881],[-122.10696812170157,37.787227030046097],[-122.10621192652957,37.787148751473516],[-122.1056976637998,37.786894814514909],[-122.10563759949014,37.786837950195753],[-122.10545030869223,37.786739559903545],[-122.10527513216897,37.786721345375845],[-122.10491362778058,37.786409018155176],[-122.10479457959896,37.786345401842539],[-122.10477177303419,37.786010611947184],[-122.10461821222253,37.785470908202754],[-122.10430571958821,37.78494366619433],[-122.1038179238449,37.784552024533248],[-122.10326550620067,37.784212761747064],[-122.10324690163684,37.784152587538152],[-122.10312197569098,37.784056777212243],[-122.10273599857874,37.783892412116842],[-122.10255053991703,37.783878454399314],[-122.10181691819209,37.783882243230217],[-122.10111780444605,37.783801096030714],[-122.1005221186057,37.783862058307918],[-122.10041023471456,37.78380933001759],[-122.10029409190483,37.783799916822147],[-122.10014380977351,37.783731915745939],[-122.09993188626572,37.783613934642325],[-122.09971094194525,37.783478910297561],[-122.09944729851522,37.783450211189283],[-122.09919652206119,37.783456361382548],[-122.09892341393528,37.783550708330942],[-122.09844330554509,37.783675327516754],[-122.09817358768078,37.783685849700525],[-122.09781047586978,37.783779353030305],[-122.09761171184985,37.783870627540146],[-122.09750485174348,37.783970960372713],[-122.09747601765338,37.783998129843766],[-122.09741184435346,37.784071788501628],[-122.0973505843118,37.784200341321373],[-122.09732046291447,37.784328471359508],[-122.09743602686169,37.78431111292754],[-122.09752700470615,37.784276918649333],[-122.09761456920742,37.784244832398741],[-122.09762839394311,37.784243959293356],[-122.09781167959683,37.784237354635493],[-122.09798572249443,37.784203410376371],[-122.09822504581848,37.784147291142538],[-122.0985029330739,37.784113996693137],[-122.09876432898177,37.784118690927478],[-122.09901471151345,37.784174352941562],[-122.09933541297424,37.784281243961708],[-122.0996444653033,37.784329240184988],[-122.09980147800817,37.784388225508749],[-122.10001077025251,37.784464354036608],[-122.1001259827861,37.784510859196544],[-122.10024471332191,37.784560060524917],[-122.10030502651763,37.784628596855185],[-122.100433898099,37.784666675238547],[-122.10058554255833,37.784637150363999],[-122.10125228709529,37.784821740981336],[-122.10136794311005,37.78480849754029],[-122.10205237647295,37.784690018201758],[-122.10215009863688,37.78472783127684],[-122.102317273441,37.784856714125894],[-122.10255861353762,37.785375313856903],[-122.10286466527823,37.785604626718438],[-122.10298098267076,37.785782271389706],[-122.10315228697411,37.785941998560062],[-122.10324338488951,37.786233974282403],[-122.10338568949231,37.786573321389533],[-122.10346460922288,37.786702032987741],[-122.10353343310706,37.786843926098925],[-122.10354880608041,37.787075128145503],[-122.10355059768075,37.78707785231267],[-122.10381060166979,37.787097663252396],[-122.10430302295144,37.787222118925833],[-122.10487741121958,37.787535670741129],[-122.10505811331042,37.787729602323289],[-122.10514821589179,37.787814898691614],[-122.10518531779817,37.787850100208502],[-122.10549801094947,37.787905587060202],[-122.10593861296852,37.788354171807768],[-122.1061149266518,37.788504899666179],[-122.10614488765729,37.788529897915112],[-122.10626025812998,37.788423265695961],[-122.10652105559454,37.788319455224929],[-122.10675684482095,37.788179592562329],[-122.10699036041267,37.788094696828267],[-122.10714988009971,37.788109001259606],[-122.10780840615925,37.788311522012094],[-122.10795403705302,37.788403613519087],[-122.10797507864514,37.788416371749818],[-122.10833755470888,37.788133321501192],[-122.10904802407856,37.788177189748666],[-122.10957289072353,37.788200928717927],[-122.10998402261539,37.788645779964497],[-122.11002816643318,37.78868637730406],[-122.11005287922789,37.788708701308792],[-122.11006158907358,37.78863167296587],[-122.11001128077314,37.788067217839107],[-122.11005458420667,37.787909376092024],[-122.11060324256549,37.787753560336299],[-122.11070039241763,37.787764592685043],[-122.11103347206829,37.787562964133336],[-122.11141207803863,37.787545429390505],[-122.11154922538859,37.787565529784075],[-122.11155407280285,37.787549670713375],[-122.11166328032301,37.787239167785472],[-122.11201863408385,37.787027619238067],[-122.11214661021376,37.787023810385961],[-122.11250271773507,37.78708623411277],[-122.11250525588653,37.787043626817635],[-122.11252181008743,37.786849753829024],[-122.11250160379434,37.786795783055872],[-122.11254434991258,37.786692195910305],[-122.11292673746901,37.786211780549188],[-122.11310040865492,37.78616064924779],[-122.11358008882443,37.786096404369346],[-122.11340701561642,37.785697062655863],[-122.11352783069087,37.785602706175212],[-122.11357783644584,37.785514812989597],[-122.11352514423109,37.785160516645291],[-122.11380499565719,37.784899179206548],[-122.11377249795203,37.7845981705822],[-122.11391113054977,37.784447947473673],[-122.11418058178901,37.784345377268998],[-122.11432883156546,37.784239658258905],[-122.1145038467465,37.783693405215935],[-122.11463581141479,37.783554947929701],[-122.11486190541684,37.783527816634859],[-122.11517573778514,37.782999577619925],[-122.11540491549124,37.782795925986008],[-122.11553324252374,37.782808588073976],[-122.11562452734282,37.782868451265301],[-122.11566424278888,37.782944129929255],[-122.11587340015879,37.783490613958335],[-122.11613431382875,37.783791238218463],[-122.11635121538775,37.783898133558338],[-122.11647568343921,37.783971964275509],[-122.11665251052328,37.784304641010188],[-122.11684398364045,37.784356266277442],[-122.11710289323123,37.784723526126669],[-122.11706863060542,37.784818757599737],[-122.11679322455277,37.785124676480976],[-122.11687706803947,37.785160605912282],[-122.11733269443187,37.785263541609737],[-122.11737125103613,37.785365328712487],[-122.11730333080466,37.785583938445583],[-122.11704022698999,37.785898616888367],[-122.11722850206858,37.78596195816889],[-122.11745916989449,37.785985573004716],[-122.11752952442869,37.786117137959373],[-122.11750070076894,37.786462250735006],[-122.11750420390209,37.786702542199855],[-122.11766485219422,37.786927629907822],[-122.11772953647666,37.787513860232721],[-122.11757185146868,37.787742629345686],[-122.11764531941286,37.787778703299558],[-122.1176923621739,37.7878728194244],[-122.11808548640454,37.787965621138483],[-122.11828101942548,37.788361902156808],[-122.11834195379816,37.788537543696357],[-122.11824417759802,37.788735963986774],[-122.11811182777602,37.78893623290616],[-122.11809674880561,37.788959102210711],[-122.11859948081856,37.788998894993099],[-122.11873966927131,37.789158341326655],[-122.1186870461781,37.789284727837654],[-122.11861682875806,37.789477276615386],[-122.1184897628999,37.789761248852237],[-122.11816221921171,37.790057586750308],[-122.11819689302284,37.790060544332889],[-122.11832176022553,37.790072562542534],[-122.11844958828057,37.790061883012839],[-122.11888930952271,37.78983061169118],[-122.1190389105785,37.789786671746157],[-122.11970707189691,37.789952600978978],[-122.12019811860719,37.790329023734706],[-122.12035618413321,37.790514319255898],[-122.12054465083868,37.790903139270455],[-122.12053679551379,37.790939640588086],[-122.12109186258053,37.791156556698063],[-122.12116764414561,37.791456971024012],[-122.12125099037652,37.791628181956725],[-122.12134455505351,37.791791700605899],[-122.12123866930506,37.79201495454479],[-122.12107552996133,37.792152475980046],[-122.12107041199138,37.792552197374157],[-122.12105213966238,37.792825063031032],[-122.1210056319606,37.793231533504823],[-122.12024218822421,37.793380048362152],[-122.12013668799123,37.793462528395089],[-122.11974230007407,37.793947938249559],[-122.11931043917659,37.794223049389508],[-122.11930896013898,37.794234745123575],[-122.11927428083393,37.794390410028718],[-122.11917697732052,37.795007702173542],[-122.11864485879943,37.796082802719312],[-122.11843160053,37.796621344454074],[-122.11796579169263,37.797007473937583],[-122.11795899156759,37.797013059799632],[-122.1179690958941,37.797079528526055],[-122.11801253265988,37.79716682799463],[-122.11760771705177,37.797651686308726],[-122.11734568563507,37.798176474424196],[-122.11701002483122,37.798658323766851],[-122.1169735352485,37.7988902361827],[-122.11693272015276,37.799082382086816],[-122.11680061368712,37.799215347912224],[-122.11647037630394,37.799390173141894],[-122.11618721148301,37.799580834503509],[-122.11598053600017,37.799707268672009],[-122.11582329396246,37.799878345308564],[-122.11558344392263,37.800071156601653],[-122.11554209833331,37.800159619250451],[-122.11554045878627,37.800163761804939],[-122.1158040634897,37.800267272853119],[-122.11591055660297,37.800309075616241],[-122.11596739758087,37.800216967097782],[-122.11620943567603,37.799886101852259],[-122.11649027467585,37.799747664724521],[-122.11698879322913,37.799431820527118],[-122.11728481581019,37.799354972004132],[-122.11742876989705,37.799289137147788],[-122.11747249993238,37.799230857826743],[-122.11746842851308,37.799202758774236],[-122.11746022250129,37.799143816606168],[-122.11788583914523,37.798660046150466],[-122.11844060074392,37.79822531447244],[-122.11927077276889,37.797721565607205],[-122.11927232227096,37.797713305935076],[-122.11927240459852,37.797637767852478],[-122.11937782536022,37.797551172446191],[-122.11946899746567,37.797446232168397],[-122.11955364483113,37.797280263908753],[-122.11959309741228,37.797105303623233],[-122.11988509309063,37.796606194312339],[-122.12022187089879,37.796097542020355],[-122.12060711942685,37.79558959500806],[-122.12116150693107,37.7952187164802],[-122.12130590569056,37.795094501550082],[-122.12143566924009,37.795092717382339],[-122.12207110715788,37.795342858255573],[-122.12269103720146,37.795674926332424],[-122.12312726196123,37.795837159527586],[-122.1231951749001,37.795856141282151],[-122.12360260901305,37.795967955323299],[-122.12387153427161,37.796156523025878],[-122.12407270456312,37.796175038963881],[-122.12436609922595,37.796216320888639],[-122.12464278634928,37.796522203814689],[-122.12467558932963,37.796755911131577],[-122.12469631553196,37.796991158185165],[-122.12463616028636,37.797089496061986],[-122.12459982368792,37.797168965306241],[-122.1247220939815,37.797220156365761],[-122.1247866087987,37.797320897624836],[-122.12485040819297,37.79746834141077],[-122.1248657561118,37.797457829680575],[-122.12493743562301,37.797411521779004],[-122.12507027305912,37.796838369333074],[-122.1252824474135,37.796726949208157],[-122.12560092990736,37.796728052846667],[-122.12617913403889,37.797050374193347],[-122.12647471399706,37.797349129155002],[-122.12672863400344,37.79764227250692],[-122.12670920665002,37.797782625856016],[-122.1265542345427,37.798213941904692],[-122.12651527971362,37.798252933498325],[-122.12645256970727,37.798313539913529],[-122.12658275982383,37.798330971429031],[-122.12677867075763,37.798346123758591],[-122.12691687949217,37.798492539994598],[-122.12702869708707,37.798698375013274],[-122.12703718183954,37.798690706229387],[-122.12711354048827,37.798620984297379],[-122.12719770755298,37.79819682377348],[-122.12742274548947,37.798119556548251],[-122.12767773918308,37.798145564744829],[-122.12793208644175,37.798221022579774],[-122.12856107925684,37.798490446042884],[-122.12910216065052,37.798855155511504],[-122.12955950575315,37.799268401766064],[-122.12997122168095,37.799652749532001],[-122.13002915272557,37.799768686056879],[-122.1303375859563,37.799942272846366],[-122.13049791215946,37.800149495921019],[-122.13045039198403,37.800428946732332],[-122.130299047938,37.80055189634934],[-122.13012981607007,37.800806250598697],[-122.13008569270691,37.801003937938823],[-122.13008098634089,37.80102597868558],[-122.13021063946705,37.801018693058182],[-122.13046678436402,37.800938929182756],[-122.13110289198119,37.80121579275928],[-122.13154270744054,37.801696569900166],[-122.13182446734966,37.801994813554273],[-122.13201903515801,37.802499581752841],[-122.13219311402506,37.803016992595325],[-122.13220151351634,37.803320393437737],[-122.13251797710736,37.803543304804663],[-122.13289237793209,37.804039402855324],[-122.13302804539028,37.804305332108974],[-122.13340772773218,37.804726505056436],[-122.13334446584476,37.805076902477005],[-122.133277772564,37.805192504129479],[-122.13327107743477,37.805202897106618],[-122.13351930429479,37.805313447948464],[-122.13389480731711,37.805858968852199],[-122.13425804434391,37.80631882124591],[-122.13482167139777,37.806760102226491],[-122.13507419945013,37.807065612111934],[-122.13505318042604,37.807368732038668],[-122.13505336180494,37.807376967929336],[-122.13543085425607,37.807461691514192],[-122.13562290039501,37.807693188536817],[-122.1354989167872,37.808036876467767],[-122.13549074943086,37.808058962706689],[-122.13561094761405,37.808171973914263],[-122.13568557497867,37.808495052888333],[-122.13571097777444,37.808783794505665],[-122.1356753682694,37.809131750366689],[-122.1356881019136,37.809159728712544],[-122.13577545941718,37.809353536295525],[-122.13587104979335,37.809528001579423],[-122.13586447064999,37.809622168506912],[-122.13557456653311,37.810135024317319],[-122.135374977905,37.810661731436561],[-122.13516685919113,37.8111940498503],[-122.13490303749346,37.811712722267131],[-122.13452960504603,37.812285099125972],[-122.13415071216508,37.812766909039169],[-122.13369149673628,37.813217555150345],[-122.13343246984698,37.813325517417375],[-122.13296368870532,37.813735093836975],[-122.13255514831495,37.814286660041795],[-122.13255704731205,37.814294189070985],[-122.13274563340148,37.814840238272097],[-122.13278790242535,37.81518780399243],[-122.13292354588904,37.815687889488572],[-122.13341386729071,37.816099292251273],[-122.1341002702663,37.816295104279469],[-122.13415864689469,37.816273009291926],[-122.13446847434552,37.816663557339261],[-122.13443280246072,37.816930486289976],[-122.13427185453202,37.817483437512387],[-122.13464990114836,37.817984283381982],[-122.13462304144707,37.818179674326437],[-122.13446355230739,37.818248493426061],[-122.13400395829902,37.818368849062828],[-122.13357776022973,37.818512091210849],[-122.13331797698764,37.818979886635908],[-122.13322754156663,37.819354692998203],[-122.13320532613669,37.819525298651598],[-122.1332452901581,37.819767831712973],[-122.13326541836723,37.82005321187939],[-122.13324676117706,37.820306856778423],[-122.13312552136512,37.820540635644925],[-122.13309769390659,37.820771059355351],[-122.13327871643797,37.821129748757137],[-122.13336236560043,37.82131193374348],[-122.13335879703919,37.821464429243036],[-122.13323785039853,37.821632967513231],[-122.13305126873652,37.821808593511541],[-122.13274524910109,37.822064156793786],[-122.13247050609485,37.822324777176981],[-122.13219154368515,37.822551122981906],[-122.13221262675115,37.822722501676743]]]},"properties":{"ACRES":660.54463235000003,"SHAPE_LENGTH_1":null,"SHAPE_AREA_1":null,"GLOBALID":"{09DF4642-6432-4C85-822F-16659F693B11}","SHAPE.AREA":28773209.0918466,"SHAPE.LEN":116585.313367872,"OBJECTID":4,"TYPE":"R","COMMENT_":"Upper San Leandro Res."}},{"type":"Feature","id":5,"geometry":{"type":"Polygon","coordinates":[[[-122.0972246089286,37.765227580379886],[-122.09733066015669,37.765090865596733],[-122.09733907630277,37.764919080439725],[-122.09727591693679,37.764797706471342],[-122.09682111799869,37.764484557438315],[-122.09658977197712,37.764345547537083],[-122.09631131810913,37.764187947995694],[-122.09611048338841,37.764100026197831],[-122.09594612665258,37.764019160099551],[-122.09535146061602,37.763959231016834],[-122.09502354914271,37.764076284875621],[-122.0947735523215,37.764196403791829],[-122.09459888293532,37.76427979468194],[-122.09445853086186,37.764511045785454],[-122.09426627741895,37.764903684558114],[-122.09397496922938,37.765517400441581],[-122.09367327461706,37.766131256798332],[-122.09324016785214,37.767071002293683],[-122.09338399247561,37.767162447262145],[-122.09340630669922,37.767234935006918],[-122.09352179761099,37.76729586203804],[-122.09367505543759,37.76734323138087],[-122.09380603163993,37.767319485784256],[-122.09393888962103,37.767222241237782],[-122.09413418622967,37.767132390564868],[-122.09442858164476,37.767065234023683],[-122.09458571075919,37.766970406266076],[-122.09473935275939,37.766793909183804],[-122.09484958357977,37.766609759927427],[-122.09503665130401,37.766378562148134],[-122.09524445378956,37.766226741494087],[-122.09555137067464,37.766098295935691],[-122.09568096933877,37.766010707039548],[-122.09577361083132,37.765974430236611],[-122.09586410696812,37.765999300896944],[-122.0961046243352,37.766081878147354],[-122.09636013143538,37.766137473033766],[-122.09651391068162,37.766128524423429],[-122.09662980609603,37.766047300222837],[-122.09685640397502,37.765643206242082],[-122.09700182059788,37.765486731334143],[-122.0972246089286,37.765227580379886]]]},"properties":{"ACRES":17.13562495,"SHAPE_LENGTH_1":null,"SHAPE_AREA_1":null,"GLOBALID":"{E601DF7A-10C2-4561-9459-7D015D15DF71}","SHAPE.AREA":746424.83704754896,"SHAPE.LEN":3757.08435189395,"OBJECTID":5,"TYPE":"L","COMMENT_":null}},{"type":"Feature","id":6,"geometry":{"type":"Polygon","coordinates":[[[-122.11599785808185,37.736722656284854],[-122.11602776774771,37.736666625081789],[-122.11596541782548,37.736503360357545],[-122.11587728751208,37.736347316950948],[-122.11576070557462,37.736155270860159],[-122.11582361026197,37.736025994483782],[-122.11593262418246,37.735869995999636],[-122.11609187613297,37.735718111592135],[-122.1162587956661,37.735680115064362],[-122.11635351920643,37.735582678154245],[-122.11646274971152,37.735357317749063],[-122.11649713411117,37.735029980530257],[-122.11665376411293,37.73491658683556],[-122.11689447802344,37.734852855990518],[-122.11710966943208,37.734887671667813],[-122.11726080950622,37.7349989011745],[-122.11761089940026,37.735193236545832],[-122.11777819296273,37.735252053356199],[-122.11787976823659,37.735151776142494],[-122.11797309146846,37.734831183585797],[-122.11808224737885,37.73468204434765],[-122.11828800044455,37.734680593788063],[-122.11847833013437,37.734685531339018],[-122.11853645294543,37.734654519453727],[-122.11856626346628,37.734514712650657],[-122.11865901564998,37.734406314737122],[-122.11881756051736,37.734063536177949],[-122.11894328821073,37.733960864274984],[-122.11914915496124,37.733885246212253],[-122.11944460350934,37.733793975149453],[-122.11967347265902,37.733663104723654],[-122.11973018663906,37.733567562646691],[-122.11976917904886,37.733452347423835],[-122.12043390152056,37.733166472695331],[-122.12061264137495,37.733115945067198],[-122.12122564650295,37.732837642221043],[-122.12146325915118,37.732711452941594],[-122.12168768254242,37.7324563494453],[-122.12183087873555,37.732282705601634],[-122.12191143930735,37.732250007048663],[-122.12203131329929,37.73235479489388],[-122.12248910619473,37.732888233812893],[-122.12268523223145,37.733158833346806],[-122.12278526558715,37.733305096973567],[-122.12286895228705,37.733257248416166],[-122.1228273635781,37.733174044893453],[-122.12278667924001,37.733053059973869],[-122.12267349091132,37.732937881334294],[-122.12262431490053,37.732744912514754],[-122.12262161072725,37.732304091168622],[-122.12265157355554,37.732250803282867],[-122.12275003935081,37.732167045994714],[-122.12265669763801,37.732010390703948],[-122.12252258903148,37.731887260643099],[-122.12238540871438,37.731623398275197],[-122.12241274776474,37.731449976461349],[-122.12255462655895,37.73113694961372],[-122.12267191896467,37.73096503385942],[-122.12286344723719,37.730866947557878],[-122.1229710398582,37.730726065311494],[-122.12303679899959,37.730569966239891],[-122.12299584838125,37.730357657732114],[-122.12285374448169,37.730264163224959],[-122.12272542580151,37.730089450869102],[-122.1226823962907,37.730019315166196],[-122.12263962928849,37.730040504926812],[-122.12267071915799,37.729959732011245],[-122.1226453788218,37.729907894244405],[-122.12258663196923,37.729910075798315],[-122.12255207596536,37.729911238387452],[-122.12248935063973,37.729889439572567],[-122.12254432315997,37.729872889519918],[-122.12222437408799,37.729791460630615],[-122.1214367292894,37.729672516464142],[-122.12135834921926,37.729725784580644],[-122.12110143670836,37.729759534236287],[-122.12085976859197,37.729937279720545],[-122.12077605999353,37.730063407334207],[-122.12064448732704,37.730214917775861],[-122.12025877109298,37.730527174750385],[-122.11997225713067,37.730551714391808],[-122.11975403737976,37.730536173961077],[-122.11947314108301,37.730500893919675],[-122.11923453011873,37.730422456320881],[-122.11902639675624,37.730155446947656],[-122.11858772583028,37.729862763530825],[-122.11840092857868,37.729701895296628],[-122.11824339229835,37.729614103534047],[-122.11803567440255,37.729445283587403],[-122.11782496880767,37.729139166074496],[-122.11774961621356,37.729013848687515],[-122.11727982320622,37.728720899350478],[-122.1171037332292,37.72857499113519],[-122.11691993899856,37.72839279286498],[-122.11677100329146,37.728302820167023],[-122.1165278916958,37.728255341858961],[-122.11634761755961,37.728155498252072],[-122.11614316337739,37.728136329826114],[-122.11584674703825,37.728182281910279],[-122.11566798598157,37.728231430278207],[-122.11546069776122,37.728241138751244],[-122.11546782119584,37.7281709985959],[-122.1154699791729,37.728031569832524],[-122.11546272965084,37.727857247916845],[-122.11553110992455,37.727661979416837],[-122.11552316009494,37.72745539171423],[-122.11540098941602,37.727244193574549],[-122.11541849371586,37.727094939794611],[-122.11552271470946,37.726957545870029],[-122.11555388561037,37.726800552853845],[-122.11547444975201,37.726487137563339],[-122.11533328113875,37.726356541813097],[-122.11506479525295,37.726175501898382],[-122.11494254127304,37.726039839555057],[-122.11472417002074,37.725857426122403],[-122.11444449705851,37.725718427214126],[-122.11417567217653,37.725680908403646],[-122.11402220238665,37.725700179218386],[-122.11387508208047,37.72561361152686],[-122.11366498373418,37.72541391376334],[-122.11329590769398,37.72497948525622],[-122.11313751873097,37.724851868612049],[-122.11281703949385,37.724664669586382],[-122.11263657090542,37.724634867380196],[-122.11232215123292,37.724647409362944],[-122.11211947961837,37.724709926819536],[-122.1118321507119,37.724855317514475],[-122.11168709847362,37.724943823214623],[-122.11140422532466,37.725055503128985],[-122.11122132486969,37.725073110976282],[-122.11096760202487,37.725014094545699],[-122.11084309095347,37.724853735344297],[-122.11064091431153,37.724779592003699],[-122.11042965735514,37.724765310935567],[-122.11027205171668,37.724673389520625],[-122.11018239726017,37.724525601226802],[-122.11013305333272,37.724323016975916],[-122.11011824938545,37.724118584558383],[-122.11018294635817,37.723832723640001],[-122.11004175331796,37.723620405817748],[-122.11005113279585,37.72349461140972],[-122.11010171292043,37.723355206783715],[-122.11005316279098,37.723109349199923],[-122.10993949146757,37.722890474898549],[-122.10957778556359,37.722635162435736],[-122.10957735439941,37.722615251588167],[-122.10953526623615,37.72250801615877],[-122.10943950882843,37.722317737653121],[-122.10931028642078,37.722099075212142],[-122.10919244509969,37.721926950348802],[-122.10906647877619,37.721618974252117],[-122.10903260573076,37.721412057152925],[-122.10895935190405,37.721222843374356],[-122.10888665925765,37.720820060094724],[-122.10876299899162,37.720618487467604],[-122.10862295665622,37.720459027465196],[-122.10841278646687,37.720254517409337],[-122.10832104240991,37.720089589873787],[-122.10808399476403,37.719841495264959],[-122.10805610795518,37.719751234527934],[-122.10803891045802,37.719595589523422],[-122.10795674460543,37.719473793397427],[-122.1078267908332,37.719380801991157],[-122.10769476868131,37.719272048384568],[-122.10747661839461,37.719018201153624],[-122.10736951410871,37.71886241037776],[-122.10723232197191,37.718754410796407],[-122.10703313141201,37.718657559023093],[-122.10679095383706,37.718571592729639],[-122.1065357519045,37.718522883978103],[-122.10627432939617,37.718506534872752],[-122.10605365273997,37.718455296037035],[-122.10581624464469,37.718350035391758],[-122.10560053868578,37.718208768753435],[-122.105441428695,37.718126475226534],[-122.1052498820781,37.718063161453671],[-122.10510293531635,37.717983446689708],[-122.10497881819136,37.717840247850944],[-122.10476362846416,37.717642665833687],[-122.10460887701677,37.717521856242129],[-122.10443549067342,37.717498808552492],[-122.10418816321879,37.717414279607404],[-122.10401635162644,37.717304001938565],[-122.10379759422513,37.717181317868317],[-122.10368322207891,37.717088796531989],[-122.10347853389692,37.717057248406725],[-122.10330743889702,37.717060263032003],[-122.10332568623879,37.717104652270784],[-122.10340748306065,37.717209974178083],[-122.1034611928735,37.717375422241638],[-122.10350822299407,37.717551950959489],[-122.10362286764054,37.717737169291169],[-122.10373786272513,37.717858521413419],[-122.10391771452156,37.718020879409536],[-122.10399951778508,37.718126203531277],[-122.10430066751066,37.718301327063642],[-122.1045919999961,37.718501993823438],[-122.1047471194469,37.718639966601003],[-122.10484094930432,37.71874169196527],[-122.10496933397434,37.718842260683068],[-122.10505085683766,37.718934539889432],[-122.10519429152451,37.719011554022472],[-122.10531127050373,37.719144553157328],[-122.10531361293553,37.719253017466308],[-122.10529658053231,37.719424922241544],[-122.105213223099,37.719728202917651],[-122.10521202185691,37.719832595360224],[-122.10517038961461,37.719986297354779],[-122.10510709445474,37.720097715173658],[-122.10493884538764,37.720312883377389],[-122.10481710622827,37.720440207139163],[-122.10478054877383,37.720508687508385],[-122.10454538541897,37.720667770421052],[-122.10444216940985,37.720691835208861],[-122.10418582365641,37.720670605400962],[-122.10404098683058,37.720689059987656],[-122.10400172940135,37.720792598072947],[-122.10405529928344,37.720871523843137],[-122.10412766734591,37.721020238738411],[-122.10420419520251,37.721521854870623],[-122.10421879748925,37.72187804918569],[-122.1042127368663,37.722077955877552],[-122.10416112924611,37.72225033388856],[-122.1040647297272,37.722430185064326],[-122.10391998990494,37.722613441965152],[-122.10369507171079,37.722766890003996],[-122.1035716869759,37.722818011245707],[-122.10336512420945,37.722860649879891],[-122.10332130623297,37.722913435581177],[-122.10342364994997,37.723008866870948],[-122.10351348160907,37.723165581990877],[-122.1035745794604,37.723352905228907],[-122.10359606352887,37.723707630624617],[-122.10353946363776,37.723889000502872],[-122.10348047652485,37.724040189380915],[-122.10341293033611,37.724275270882217],[-122.10334435964407,37.72446298377087],[-122.10308284927437,37.724844223728411],[-122.10279832967808,37.725120712555629],[-122.10259151281466,37.725232022151111],[-122.10231206498318,37.72534294764688],[-122.10224512857077,37.725446174761508],[-122.10220927202479,37.725547603978399],[-122.10209550270362,37.725724257901852],[-122.10196386971991,37.725794030136932],[-122.1016343755584,37.725829412838955],[-122.10150394830136,37.725875134928287],[-122.10162716866253,37.725976462367441],[-122.10181575224023,37.726061795634202],[-122.10201356496619,37.72609412621113],[-122.10215974012013,37.72613745904269],[-122.10223033366675,37.726203795481524],[-122.10221423457956,37.726339294064324],[-122.10210774783161,37.726452669882342],[-122.10197860708972,37.726558118772886],[-122.10183890425279,37.726654779653387],[-122.10165517478006,37.726794615449144],[-122.10155226087774,37.726993782841248],[-122.1014684193119,37.727115092279455],[-122.10132459576306,37.727341594612504],[-122.10124161127435,37.72750272200286],[-122.10117464304027,37.727765262565207],[-122.1011562692139,37.728036067824547],[-122.10107950579314,37.728245178762457],[-122.10103194589907,37.728284966357052],[-122.1009674256905,37.728259747129769],[-122.10090021356883,37.728189933255798],[-122.10083841124882,37.72805000084103],[-122.10077369431785,37.727855173762642],[-122.10071711918205,37.727556545959423],[-122.10065792884974,37.727377436674097],[-122.10049626314381,37.72717705787376],[-122.10006091893437,37.726793619310577],[-122.09988281168152,37.726712948707245],[-122.09974422942999,37.726620752321701],[-122.09952307180068,37.726548220221702],[-122.09915823474617,37.726468021704193],[-122.09886336908107,37.726425330687206],[-122.09865661638281,37.726459722276331],[-122.09776605742518,37.726778068333097],[-122.09756963072272,37.726890604090521],[-122.09728846978385,37.727083253951889],[-122.09700653589972,37.727240209382806],[-122.09656791864482,37.727428126641129],[-122.09625518699912,37.727439230193333],[-122.09608882351542,37.7275026002971],[-122.09607216744013,37.727612695220031],[-122.09609033324693,37.727733993906057],[-122.096069213668,37.727877799736362],[-122.09594718495406,37.727992755529016],[-122.09584006091426,37.728157637564401],[-122.09580845323876,37.728296090081983],[-122.09578888356407,37.728431633683115],[-122.09567676308424,37.728605510169707],[-122.09516748249946,37.729046395465268],[-122.0948979182709,37.729216223437106],[-122.09475340781599,37.729411827474941],[-122.09415319074625,37.729637156451922],[-122.09332704766632,37.729860688678038],[-122.09076165390078,37.729791910105753],[-122.09089209799518,37.730084220562553],[-122.09119646698048,37.730307751810294],[-122.09293571644568,37.730514086549604],[-122.09413145026691,37.730720421694492],[-122.09463148437271,37.730737616156617],[-122.09497933433167,37.730789199890459],[-122.09524022163883,37.730737615918223],[-122.09541414670659,37.730703227178026],[-122.09552284946979,37.730634448915673],[-122.095587272144,37.730558295810297],[-122.09577799190346,37.730501464444032],[-122.09587854085024,37.730432806192432],[-122.09607895779814,37.730263912786675],[-122.09622783564423,37.730110823534709],[-122.09636569774662,37.729927669950953],[-122.09646364443851,37.729818532719612],[-122.09666003953848,37.729623599504698],[-122.09679758994227,37.7294260291401],[-122.09690545112814,37.729295467995875],[-122.097059732563,37.729152604706954],[-122.09720705912204,37.729007777226116],[-122.09735693544573,37.728901369543472],[-122.0976464081148,37.728773152087733],[-122.09783580823334,37.728655220791481],[-122.0980214376761,37.728603262444153],[-122.09812868939373,37.728605238414012],[-122.0982107757865,37.728643266181585],[-122.09825183592596,37.728703139598132],[-122.09830949978426,37.7288115408547],[-122.09834302179654,37.72892301635617],[-122.0983945106579,37.729065834878639],[-122.09850237523727,37.729257332801026],[-122.098595529653,37.729407827093937],[-122.09874141441719,37.729598119532469],[-122.09880440002469,37.729792972015233],[-122.09891399835197,37.729904101658995],[-122.09912062430499,37.730024217351492],[-122.099330061629,37.730114077517769],[-122.0995502522205,37.730221643433453],[-122.09977802543011,37.730360008783151],[-122.09998870592655,37.730507533675969],[-122.10025041673246,37.730615910536443],[-122.10057821992211,37.73074192958024],[-122.10079049512439,37.730802907707798],[-122.1010885568287,37.730832505404464],[-122.10134011856331,37.730790632022504],[-122.10166462185272,37.730683217780935],[-122.10201675126162,37.730574051816745],[-122.10235325433736,37.730461665661139],[-122.1026842138742,37.730413216025788],[-122.10282838444071,37.730363185662796],[-122.10293981980475,37.730078067001322],[-122.10299175639311,37.729760109067136],[-122.10306198262525,37.729488598908581],[-122.10314004484,37.729339898550663],[-122.10327652266524,37.729093580023601],[-122.10338190398743,37.728928712060146],[-122.10355968165484,37.728753247707239],[-122.1037657605017,37.728527266791573],[-122.10394332889528,37.728342191018484],[-122.10411659342212,37.728118029550913],[-122.1042503471151,37.727906080441592],[-122.10436513084585,37.727696449559389],[-122.10452426202795,37.72737840610931],[-122.10456731941319,37.727210265608825],[-122.10467155726107,37.72707288313412],[-122.10482959330304,37.726944378700381],[-122.1049905536175,37.726871456081831],[-122.10514390244768,37.726766363419173],[-122.10522167932265,37.72660461739936],[-122.10541949613275,37.726476946196108],[-122.10564046942379,37.726380544993226],[-122.10584033859172,37.726267948664777],[-122.10597016253907,37.726114420544363],[-122.1060911639044,37.725952771363161],[-122.10626828247955,37.725827439115072],[-122.10640500081233,37.725673129792405],[-122.10647866269552,37.725481225504971],[-122.10651531218348,37.725256863849978],[-122.106583437708,37.724968897438522],[-122.1066417481068,37.724786816022387],[-122.10670441223506,37.724726219370147],[-122.10681284591497,37.724783110070568],[-122.10695513027072,37.724886231184868],[-122.10712558920991,37.725013005553357],[-122.107261331393,37.725133385511981],[-122.10752988982303,37.725238904201611],[-122.10769610866575,37.72532933922821],[-122.10782661870566,37.725447729878425],[-122.10791968326747,37.725593411478911],[-122.10798583253124,37.725773795787312],[-122.10813543011712,37.725975012406103],[-122.10826399175122,37.726083129726597],[-122.10861529728352,37.726336529985808],[-122.10869742384286,37.726456267002511],[-122.10887934382845,37.726473010137511],[-122.10910884006789,37.726530990410645],[-122.10936115139161,37.72660445426466],[-122.10983395857049,37.726719538855427],[-122.1100813085354,37.726803369333567],[-122.11030706594221,37.726928008270171],[-122.11054249538604,37.727020238308143],[-122.11074577785625,37.727145183653825],[-122.1109306460737,37.727297848965314],[-122.11109482769606,37.727533200643222],[-122.11109640505251,37.727605968266531],[-122.11097604830364,37.727797141531887],[-122.11088323546976,37.727982441830349],[-122.11081657139579,37.728177687591852],[-122.11069422109753,37.728675839271141],[-122.11065445481181,37.728915352046073],[-122.11064149754274,37.729115356955504],[-122.11060957486974,37.72923802422185],[-122.11059679848546,37.72928695388682],[-122.11059177132624,37.729453888337034],[-122.11063848675441,37.729534966758074],[-122.11076703226786,37.72956204768554],[-122.11092642562562,37.729656005944932],[-122.11105234501593,37.729801235899004],[-122.11127305661309,37.730011780151223],[-122.11147331019019,37.730155993059313],[-122.11153062232535,37.730247225652114],[-122.11174409607919,37.730363102982878],[-122.11188502777809,37.730482719162566],[-122.11206860636979,37.730655314412395],[-122.11216010729886,37.73072822496728],[-122.11239066284897,37.730754597674832],[-122.11255247213171,37.730800451493238],[-122.11275282381087,37.730869126793642],[-122.11299528669291,37.730966062640562],[-122.11322129681407,37.731022023650773],[-122.11347644512156,37.731065912370468],[-122.11366326203925,37.731068847406611],[-122.11391149202163,37.731033173848473],[-122.11412173786219,37.730920422317908],[-122.11457793136807,37.730746619141243],[-122.11501315542377,37.730642457361334],[-122.11521436487831,37.730511971941581],[-122.11539274509866,37.730365323102411],[-122.11558756080035,37.730258961563727],[-122.11584832029476,37.730163369058332],[-122.11611964292109,37.730076558052389],[-122.11633022697825,37.730059247875111],[-122.11657321338392,37.730100549056878],[-122.1167124465963,37.730141901008231],[-122.11685758767226,37.730295788133937],[-122.11690364210955,37.730425625583592],[-122.11691371191363,37.730650036217021],[-122.11691613638138,37.730840905713599],[-122.11687861573802,37.731262362113732],[-122.11681382984956,37.731463765781363],[-122.11678759667397,37.73168867364938],[-122.11680330692573,37.731774982003294],[-122.11685113460501,37.731906856994541],[-122.11686233913562,37.732103782575557],[-122.11689449181138,37.732310035248247],[-122.116961729262,37.732539153903986],[-122.11697971021906,37.732729809849886],[-122.11691164729139,37.732939496066322],[-122.11688700711831,37.733158203624683],[-122.11687235205166,37.733358918387736],[-122.11681273195468,37.733479908275939],[-122.11672355158439,37.733514091340318],[-122.11609094098111,37.733686890812137],[-122.11586439478364,37.733606908376842],[-122.11566825018238,37.733493546592257],[-122.11540521409246,37.733484793660161],[-122.1152437389254,37.733534387252895],[-122.11502859710285,37.733501629419706],[-122.11477361932258,37.733386327624373],[-122.11453968538409,37.733204812853266],[-122.11431071383832,37.73309258445633],[-122.11362339030839,37.732975648519933],[-122.11326630068284,37.732935903551535],[-122.11300299523734,37.732914787651545],[-122.11283861464693,37.73298982796107],[-122.11286677582682,37.733012447490857],[-122.1129565717611,37.733086409922819],[-122.11315349998672,37.733156503049067],[-122.11336394443485,37.733211990280303],[-122.1137874425162,37.73336344261115],[-122.11400040583788,37.733455290601874],[-122.11421380657536,37.733567043533846],[-122.11437894746886,37.733686325133576],[-122.11443082725445,37.733845614013532],[-122.11448662468706,37.733866822652757],[-122.11466669887297,37.733877403079063],[-122.11482799810204,37.733978882762038],[-122.11496666033061,37.734152774980565],[-122.11503509950889,37.734278188811025],[-122.11502513099843,37.734456180022086],[-122.1149701430184,37.734631351233332],[-122.1148895203778,37.734820611161155],[-122.11486032933101,37.734989249426448],[-122.11492370092748,37.735120225385145],[-122.11493505878582,37.735245049121154],[-122.11485705873866,37.735395817505612],[-122.1147159221958,37.735506248768061],[-122.11450899096455,37.735533118535372],[-122.11416448133824,37.735436207583881],[-122.11380028552111,37.735388320253506],[-122.11343835676156,37.735444780331235],[-122.11332122960761,37.735625608379571],[-122.11338871353907,37.735707088043739],[-122.1134171471182,37.735742408382244],[-122.11355087703551,37.735768729627083],[-122.11378125490228,37.735786174375868],[-122.1140660194248,37.735839270042952],[-122.11435806896337,37.73590943156384],[-122.1145982410725,37.73597961656408],[-122.11470328209472,37.736038607666075],[-122.11469811116154,37.736198678197638],[-122.11464824567825,37.736371034024948],[-122.11459421107699,37.736590140064827],[-122.11451377810361,37.736788324001679],[-122.11463389368011,37.737063413230771],[-122.11467361489677,37.737220123606306],[-122.11469822299473,37.737397638161994],[-122.1147022503154,37.737582989229843],[-122.11465569362595,37.737748434570314],[-122.11474067855923,37.737918941530154],[-122.11477815247045,37.738210958737305],[-122.11479496638107,37.738268411158352],[-122.1148836470507,37.738370199291161],[-122.11496603851919,37.7385805705377],[-122.11495633836172,37.738691261433253],[-122.11485047997469,37.738833484520583],[-122.11459506833471,37.739017583933943],[-122.11462534038589,37.739057682919309],[-122.11484848388152,37.739060118573178],[-122.11510020337377,37.739024393291487],[-122.11529540011828,37.739014164947513],[-122.11555944765817,37.739147882955812],[-122.11571654938005,37.739294396335765],[-122.11573241306259,37.73930825685563],[-122.11585101786395,37.739195385843438],[-122.1158423644472,37.738956538258506],[-122.11580718461468,37.738770238338333],[-122.11576588174604,37.738620418730129],[-122.11572028327049,37.738432206079032],[-122.11568615991689,37.738135336358589],[-122.11562516509299,37.737875228728605],[-122.11555792806962,37.737646109496715],[-122.11556542992916,37.73735485100346],[-122.11553017349256,37.737085462532995],[-122.11550739227349,37.736833074758493],[-122.11556043241616,37.736647627018002],[-122.11566062830802,37.736642818836557],[-122.11585185961,37.736688951538909],[-122.11598453278665,37.736746187400819],[-122.11599785808185,37.736722656284854]],[[-122.10621597336014,37.722606881067279],[-122.10634636235167,37.72255978256328],[-122.10646965684259,37.722504538568373],[-122.10667544523641,37.722426198006431],[-122.10675525269288,37.722438840653581],[-122.1067793829308,37.722515421781026],[-122.10679638892887,37.722662141603614],[-122.10676908044911,37.722918651421757],[-122.10671857621115,37.723141827041943],[-122.10666685489295,37.723308711513894],[-122.10655390949856,37.723602782815597],[-122.10648820346175,37.72368264822083],[-122.10633272653216,37.723688889308832],[-122.1062356462548,37.723677167653378],[-122.10604924731796,37.723532757192991],[-122.10593611536808,37.72341824787069],[-122.10588449721698,37.723269937905215],[-122.10587806821529,37.723052345605623],[-122.10597403395333,37.722852582104316],[-122.10610456369469,37.722732006085266],[-122.10621597336014,37.722606881067279]]]},"properties":{"ACRES":320.00465883999999,"SHAPE_LENGTH_1":null,"SHAPE_AREA_1":null,"GLOBALID":"{1CABE114-C3CF-47B9-8A18-872698713DCA}","SHAPE.AREA":13939347.181508699,"SHAPE.LEN":42718.991805738195,"OBJECTID":6,"TYPE":"R","COMMENT_":"Chabot Res."}}]}