{"type":"FeatureCollection","features":[{"type":"Feature","id":1,"geometry":{"type":"MultiPolygon","coordinates":[[[[-122.17177522577954,37.834544305552434],[-122.17185601591152,37.834615413223041],[-122.17191878064138,37.83467289657785],[-122.17198027284269,37.834731236013305],[-122.1720404684376,37.834790421959781],[-122.17209935549803,37.834850429355683],[-122.17215691436755,37.834911243161827],[-122.17221312303666,37.834972844767556],[-122.17226796744669,37.8350352154497],[-122.17232143238292,37.835098335600165],[-122.17237350147391,37.835162184726137],[-122.17269289053154,37.835563199759953],[-122.17271961600667,37.835596954171521],[-122.17274706719454,37.835630338725011],[-122.17277525732047,37.83566333520924],[-122.17280416687157,37.835695934888683],[-122.17283379004702,37.835728132438163],[-122.1728641151837,37.835759914505104],[-122.17289513984772,37.835791273914111],[-122.17292684436353,37.835822194722773],[-122.172959227555,37.835852675144928],[-122.17299227658211,37.835882700042255],[-122.17302598002519,37.835912266872768],[-122.17306033070341,37.835941359516703],[-122.17309531494543,37.835969976365135],[-122.17313092546868,37.835998096794029],[-122.17316714758772,37.836025724615823],[-122.1732039719309,37.83605284734638],[-122.17324139030306,37.836079454287621],[-122.1732793866998,37.83610554116003],[-122.17331794953843,37.836131098214658],[-122.17335707064399,37.836156115653999],[-122.17339673741962,37.836180589150388],[-122.1734369360106,37.836204508987045],[-122.17347765493571,37.836227869919256],[-122.17351888040096,37.836250664932869],[-122.17356060305465,37.836272882444874],[-122.17360280699346,37.836294522680355],[-122.17364547947805,37.836315575005528],[-122.17368861243456,37.836336034127427],[-122.17373218624711,37.836355886806437],[-122.17377618965747,37.836375137707563],[-122.17382061219787,37.836393776164861],[-122.17386544017576,37.836411799668625],[-122.17391065853889,37.836429195815661],[-122.17395624458852,37.83644596582873],[-122.17400219702532,37.836462102516577],[-122.17409259201585,37.836491663137778],[-122.17466327159089,37.836677939833926],[-122.17496428691956,37.836641969574522],[-122.17495399792251,37.836185788013665],[-122.17811041471215,37.836198572361013],[-122.17951267859833,37.83620422575428],[-122.17952205821578,37.836204262559129],[-122.18065026097969,37.836187397399613],[-122.18079893184736,37.83618368365174],[-122.18438290229744,37.836133113744403],[-122.18464539754115,37.836128236054677],[-122.18381668557173,37.834342321730951],[-122.18469253658337,37.832993252988487],[-122.18390394052993,37.832678201088058],[-122.18301425283086,37.833324233684579],[-122.17794227574332,37.83137152130989],[-122.17113217298586,37.827738820414716],[-122.17098162312691,37.827655908353108],[-122.16817162608913,37.826108282364423],[-122.16556928863152,37.82409911693771],[-122.1646330139118,37.822549075946029],[-122.15854052100258,37.818690808544389],[-122.15623858717163,37.817621057679297],[-122.15455498458904,37.816371602823523],[-122.15211735837669,37.815868943250621],[-122.15155503697743,37.815752979388456],[-122.15013162321067,37.81525075161499],[-122.14918611465413,37.814917129784817],[-122.1464830149834,37.813021548036787],[-122.14547528675151,37.811612624227173],[-122.14407179998311,37.810634396738777],[-122.14331473561079,37.809563412343437],[-122.14326767287639,37.808899801459631],[-122.14223268572047,37.808043249178887],[-122.14054455788511,37.808066716214704],[-122.14052005216166,37.808029957184267],[-122.14043005243076,37.807919957976075],[-122.14035005239717,37.807879957876771],[-122.14021005172928,37.807849957859879],[-122.14002005199083,37.807819957236774],[-122.13989005209719,37.807759957817602],[-122.13983005172943,37.807689957207359],[-122.1398100517721,37.807639957712738],[-122.13982005237069,37.807589957442481],[-122.13985005202721,37.807529957387452],[-122.13993005225998,37.807479957982061],[-122.14000005148742,37.807409957540905],[-122.14003005206128,37.807349957422275],[-122.1400600520477,37.807279958021411],[-122.14005005239395,37.807199957733225],[-122.14004005220561,37.807109957267869],[-122.14000005174294,37.807019957625407],[-122.13995005160095,37.8069499576984],[-122.13987005242684,37.80687995762483],[-122.13979005206694,37.806849957345158],[-122.13968005206155,37.80682995793061],[-122.13957005209554,37.806809957512534],[-122.13950005229299,37.806769957512607],[-122.13946005133322,37.806699957163801],[-122.13946005143355,37.806629957686454],[-122.13948005198748,37.806559957745151],[-122.13951005215341,37.806489957572957],[-122.13953005148709,37.806419957637104],[-122.13952005205394,37.806329958015425],[-122.13949005206645,37.80625995742696],[-122.13942005190019,37.806199957922701],[-122.13933005217324,37.806179957738863],[-122.13920005178312,37.806159957426651],[-122.13911005218382,37.806139957975716],[-122.13906005174356,37.806109957514558],[-122.13899005165153,37.806039957576289],[-122.13894005198621,37.805969957224107],[-122.13893005146451,37.805889957753813],[-122.13892005155392,37.805739957891596],[-122.13891005220027,37.805659957499479],[-122.1388900522057,37.805579957296004],[-122.13884005182882,37.805509957812106],[-122.13876932705544,37.805434517593866],[-122.13869005194003,37.805349957433165],[-122.13861005240102,37.805219957229895],[-122.13858005190529,37.805129957855421],[-122.13858005245586,37.805049957277653],[-122.13861005215304,37.804959957857207],[-122.13867005240411,37.804809957725602],[-122.13866005230972,37.804729957314187],[-122.13863268735302,37.804675227017889],[-122.13861005163153,37.804629957182435],[-122.138500051457,37.804499957382745],[-122.13840005170218,37.804389957705325],[-122.13833005239259,37.804309957188323],[-122.13827005134819,37.804189957586672],[-122.1381700518625,37.803949958011302],[-122.13810005205616,37.803829957527221],[-122.13799005196876,37.803709957445584],[-122.13773005215154,37.803549957910569],[-122.13765005217489,37.803489957464343],[-122.13758005136025,37.803419957619049],[-122.13754005176413,37.80334995750782],[-122.13749005166935,37.803159957936337],[-122.13743005209336,37.802999957150604],[-122.13730005146948,37.802879957470523],[-122.13714005202962,37.802789957406937],[-122.13697005213801,37.802739957901707],[-122.13690005191565,37.80269995730815],[-122.13685005232719,37.802659957540811],[-122.13681005167886,37.802599957387166],[-122.13675005237982,37.8023899580378],[-122.1366800523511,37.802209957419841],[-122.13657005227897,37.802069957473542],[-122.13641005176675,37.801929957331396],[-122.13624005176992,37.80179995802046],[-122.13607005236986,37.801679957745748],[-122.13599005234938,37.801569957975538],[-122.1359300516357,37.801419957544866],[-122.13592005157606,37.8012799575841],[-122.13593005167365,37.801179957586051],[-122.13592005167514,37.800949957742013],[-122.13589005166307,37.800789957267845],[-122.13580005188939,37.800599957606003],[-122.13579557816624,37.800585259538565],[-122.13573005147093,37.800369957291032],[-122.13567005146841,37.800129957720728],[-122.13561005138598,37.799739957996813],[-122.13559005139932,37.799549957847034],[-122.13556005143396,37.799409957642155],[-122.13550005203268,37.799289957517708],[-122.13545005142724,37.799179957667576],[-122.13540005187893,37.799099957447488],[-122.13538005177566,37.799019957531094],[-122.13537005141094,37.798949957909009],[-122.13539005153142,37.798869957501502],[-122.13542005242617,37.798799957368715],[-122.13547005180715,37.798699957772918],[-122.13551005233839,37.7986199575234],[-122.13551005162074,37.798549958003996],[-122.13549005147054,37.798479957388388],[-122.1354300516042,37.798389957797561],[-122.13529005207185,37.798309957504841],[-122.13513005215002,37.798249957188247],[-122.1348700521668,37.798209957422664],[-122.13456005209147,37.798159957851112],[-122.13417005140273,37.798079958001672],[-122.13393005179755,37.797999957630154],[-122.13371005144865,37.797899957800837],[-122.13352005197414,37.7977899572493],[-122.13329005159795,37.797639957252677],[-122.1330000517581,37.797479957520501],[-122.13281005176131,37.79737995784302],[-122.13270005154857,37.797289958005173],[-122.13256005233623,37.797189957750682],[-122.13226652203664,37.796974126813311],[-122.13222005149024,37.79693995726047],[-122.13194005139545,37.796679957977901],[-122.13177005202046,37.796489957549873],[-122.13163005169858,37.796339957998242],[-122.131470051413,37.796199957611286],[-122.13137005179625,37.796089957508755],[-122.13130005152553,37.795909957359157],[-122.13124005218828,37.795709957228354],[-122.13120005184787,37.795579957496358],[-122.13118005169927,37.795479957417641],[-122.13118005229434,37.795399957708092],[-122.1312100521794,37.795349957225071],[-122.1312700519946,37.795319957551335],[-122.13133005227982,37.795299958028217],[-122.13144005209907,37.795319957798313],[-122.13159005234438,37.795419957949768],[-122.13171005168813,37.795539957982399],[-122.13185005232373,37.79565995777299],[-122.13198005166511,37.795739957178526],[-122.132090051408,37.79579995801047],[-122.13225005242906,37.795839957471749],[-122.13245005224258,37.795829957181219],[-122.13257005138516,37.795849957167363],[-122.13268005195754,37.79587995777662],[-122.13276005168542,37.795949957196719],[-122.13284005218058,37.796059957312934],[-122.13293005215027,37.796229957928134],[-122.13302005187104,37.796329958051835],[-122.13314005161386,37.796419957889128],[-122.13329005186873,37.796519957722865],[-122.13347005228925,37.796679957494106],[-122.13371005191637,37.796939957670567],[-122.13388005221505,37.797109957680327],[-122.13398005147101,37.79716995746319],[-122.13409005180719,37.797219957168551],[-122.13421005208382,37.797259957685327],[-122.1343800521673,37.797259957360822],[-122.13453005167952,37.797219957493539],[-122.13465005175694,37.797219957705295],[-122.13478005218191,37.79723995742404],[-122.13490005172719,37.797279957254332],[-122.13503005135557,37.797379957342663],[-122.1351000522188,37.797429957382349],[-122.13524005186719,37.797539957560076],[-122.13542005236113,37.797679957637783],[-122.135540051627,37.797759957599602],[-122.13573005197192,37.79780995737832],[-122.13595005145471,37.797809957871394],[-122.13619005232789,37.797779957424297],[-122.13645005211778,37.797729957940327],[-122.13660005178235,37.797719957823368],[-122.13671005216339,37.797739957236544],[-122.136790051643,37.79776995771234],[-122.13687005168391,37.797839958002406],[-122.13692005210335,37.797929957810027],[-122.13694005211292,37.798069957764085],[-122.13691005169188,37.798219957155723],[-122.13690005155475,37.798359957188012],[-122.13692005213817,37.798449957964323],[-122.13701005159075,37.798519957241908],[-122.13709005203187,37.798549957509898],[-122.13720005233158,37.798549957898473],[-122.13732005158811,37.798509957363386],[-122.13744005199631,37.798419957519947],[-122.13757005206138,37.798289957594143],[-122.13772005225117,37.798069957369286],[-122.13793005170731,37.797769957407297],[-122.13805005218592,37.797629957721838],[-122.13821005133009,37.797479957178354],[-122.13833005208501,37.79744995755528],[-122.13845005216197,37.797469957906117],[-122.13856005142513,37.797549957700653],[-122.13867005233021,37.797729957547844],[-122.13881005159375,37.797969957940282],[-122.13907005155257,37.798189958007313],[-122.13935005148954,37.798289957377918],[-122.1398100524339,37.798279957235373],[-122.14013005147653,37.79825995760244],[-122.14016506279081,37.79826255083703],[-122.1406700517017,37.798299957193564],[-122.1406300514281,37.798149957367883],[-122.14055005180219,37.79803995786888],[-122.14048005167628,37.797979957195103],[-122.14041005236554,37.7979499579723],[-122.14009005195014,37.797899957905962],[-122.13981005162687,37.797849957690708],[-122.13971005205801,37.797829957274836],[-122.13964005206439,37.797799957610003],[-122.13958005173811,37.797769957655127],[-122.13952005210962,37.797729957461272],[-122.13946005198872,37.797629957850639],[-122.13940005175523,37.79749995761297],[-122.13935005195582,37.797309957707611],[-122.13930005193858,37.797209957778186],[-122.13925005224966,37.797139957521637],[-122.13919005156161,37.797059957281135],[-122.13913005230323,37.797009957590596],[-122.13906005175753,37.796969957398794],[-122.138960051659,37.79692995777328],[-122.13883005206014,37.796919957433907],[-122.13870005211217,37.796929957355133],[-122.13850005221036,37.796939957400355],[-122.13833005208883,37.796919957870124],[-122.13812005146181,37.796849957646394],[-122.1379500517624,37.796749957783888],[-122.13782005136918,37.796689957160503],[-122.13770005138578,37.796659957788819],[-122.13748005163302,37.796649957710251],[-122.13732005134125,37.796659957251485],[-122.13709005138182,37.796669957807779],[-122.13685005189642,37.796679957933243],[-122.13662005162074,37.796669957183987],[-122.1364800521218,37.796639957481297],[-122.13639005221492,37.796599957505464],[-122.1363000523526,37.796549957265867],[-122.13619005244855,37.796449957724597],[-122.13610005166008,37.796349957272326],[-122.13586005231137,37.796079958037716],[-122.13560005220251,37.795649957751174],[-122.13531005203663,37.795439957298711],[-122.1351850523676,37.795324956838819],[-122.1350600519702,37.795209957160672],[-122.13491005161445,37.794969957721221],[-122.13477005175703,37.794779957412651],[-122.13457005206438,37.79457995757231],[-122.13432648955171,37.794390520806346],[-122.13426404596029,37.794341952974001],[-122.13412005227615,37.794229957782179],[-122.1336900522729,37.793929957769329],[-122.13344005228605,37.79372995756183],[-122.1333100524311,37.793589957697485],[-122.13324005138251,37.793459957770189],[-122.13320005136882,37.793319957529931],[-122.13315005172953,37.793019957457318],[-122.13308005231714,37.792809957642561],[-122.13298005157228,37.792639957704253],[-122.13277005214124,37.79238995720236],[-122.13238005213354,37.79199995741839],[-122.13228005226352,37.791889957164784],[-122.13218005222744,37.791699957961335],[-122.13217005233108,37.791609957629234],[-122.13224005158278,37.791429957510694],[-122.13224005153032,37.791339957537566],[-122.13222005176142,37.791249957746366],[-122.13209005175587,37.79110995746894],[-122.13199005239828,37.790999957868166],[-122.13193005137759,37.790869957543279],[-122.13188005212386,37.79076995724165],[-122.1317100522417,37.79068995799183],[-122.13141005182163,37.790579957866839],[-122.13117005160903,37.790439957279709],[-122.13105005231633,37.790319957612311],[-122.13093005134712,37.790179957454448],[-122.13078005189165,37.78993995736014],[-122.1307100518527,37.789649957284958],[-122.13066005227473,37.789429957712706],[-122.13056005216355,37.789249957352709],[-122.13040005215646,37.789079957677139],[-122.13020005166983,37.788919957704351],[-122.13000005224713,37.788799957275458],[-122.12990005182044,37.788709957253722],[-122.12973005239364,37.788489957845464],[-122.12960005145682,37.788379957293579],[-122.12958238217236,37.788368914431899],[-122.12944005169253,37.788279957726445],[-122.1293100523845,37.788109957454687],[-122.12902005166939,37.787709957972893],[-122.12896005191315,37.787589957249629],[-122.12893005173879,37.787479957691716],[-122.12892005163421,37.787379957782882],[-122.12893005245442,37.78727995731704],[-122.12898005156714,37.787119957283281],[-122.12898005167548,37.787009957794737],[-122.12886005138633,37.786769958077066],[-122.12876005193068,37.786559957408045],[-122.12865005217874,37.786239957412739],[-122.12859005161702,37.78593995740578],[-122.128580051605,37.785799957546708],[-122.12854005189746,37.785729958011885],[-122.12849005226686,37.785679957299671],[-122.12837005177198,37.78558995738863],[-122.12827005211255,37.785509958011637],[-122.12812005218159,37.785359957293771],[-122.12803005194333,37.785249957817975],[-122.12798005147984,37.785139957503979],[-122.12800005196596,37.784989957695856],[-122.12800005149585,37.784919957195591],[-122.1279400524415,37.784829957441978],[-122.12784005199822,37.784749957720699],[-122.12764005167008,37.784539957916905],[-122.12751228178068,37.784404672847586],[-122.12747005148901,37.784359957926604],[-122.12736005244174,37.78412995762524],[-122.12726005174014,37.783919957511188],[-122.12723005216051,37.783809957494931],[-122.12723005234875,37.783759957384468],[-122.12726005135613,37.783699957582364],[-122.12738005232204,37.78358995724485],[-122.12742005227095,37.78348995732739],[-122.12741005245687,37.783399957452765],[-122.12738005177674,37.783269957974547],[-122.12725005143,37.783049958067473],[-122.12722005232169,37.782909957419967],[-122.12716005187231,37.782699957552829],[-122.12709005235109,37.782619957709535],[-122.12700005194559,37.782579957986592],[-122.12692005241233,37.782559957579977],[-122.12664005190042,37.782559957634554],[-122.12649005153999,37.782539957533281],[-122.12636005218216,37.782509957803391],[-122.12623005229922,37.782449957331714],[-122.12611005205923,37.782349957675848],[-122.12604005233,37.782239957521355],[-122.12601005163249,37.78213995741369],[-122.1260100513812,37.782039957193618],[-122.12604005147476,37.78193995776202],[-122.12605005222734,37.78182995728357],[-122.12604005243409,37.781719957786201],[-122.1259800517508,37.781619957772094],[-122.12580005221051,37.781449957456232],[-122.12573005218216,37.781359957528892],[-122.12571005189588,37.781259957322007],[-122.12570005218384,37.781169957297642],[-122.12571005198255,37.781069957956554],[-122.12571005213516,37.780969957717254],[-122.12569005173981,37.780879957707505],[-122.12564005178008,37.780779957501707],[-122.1255700523199,37.780699957676397],[-122.12549005205516,37.780629958018643],[-122.12541005164229,37.780529957697134],[-122.1252900516194,37.780259957357536],[-122.12523005221631,37.780189957561888],[-122.12515005137249,37.780129957891582],[-122.12505005216235,37.780089957567249],[-122.12493005228714,37.780069957470651],[-122.12484005239365,37.780039957237577],[-122.12472005228356,37.779999957425552],[-122.12461005142372,37.779939958078081],[-122.12452005189728,37.779879957888873],[-122.12447005183498,37.779809957812944],[-122.12444005196248,37.779709957293527],[-122.12444005187122,37.779629957465019],[-122.12445005232328,37.779549957722097],[-122.12445005190212,37.779449957486904],[-122.12442005180972,37.779359958067083],[-122.12437005231281,37.779259957326786],[-122.12435005244504,37.779179957288385],[-122.12431005139317,37.779079957545989],[-122.12425005154046,37.778959958046904],[-122.12417869187024,37.77889408746335],[-122.12416249684071,37.778879137688754],[-122.12412005215275,37.778839957688682],[-122.12402005174381,37.778729957799193],[-122.12398005202273,37.778639957231775],[-122.12397005137406,37.778549957966305],[-122.12397005159914,37.778449957713256],[-122.12400005183441,37.778349957851233],[-122.12405005157071,37.778249957336598],[-122.12420005192426,37.778059957899856],[-122.12463005228129,37.77757995737479],[-122.12455688270238,37.777528465686167],[-122.12454909294433,37.77754055849703],[-122.12448150730098,37.777615318477771],[-122.12448096595384,37.777616107245457],[-122.12447989106744,37.777617159295204],[-122.12442184199874,37.777685206639248],[-122.12437094474245,37.777742830788362],[-122.1243074072772,37.777802682816201],[-122.12426283699492,37.777849029101553],[-122.12261799271751,37.776163966962542],[-122.12176020052461,37.775560266728895],[-122.12056396778105,37.775055520778032],[-122.11862625172179,37.773236325633917],[-122.11716521356075,37.772645225486045],[-122.1157786761252,37.772448606644822],[-122.11566719594528,37.772432793488619],[-122.11531513769759,37.772382867877191],[-122.11390481206941,37.771628806588815],[-122.11147458943165,37.770329360692322],[-122.11062160884478,37.769530040500861],[-122.10975869818269,37.76755318223497],[-122.10981089309301,37.767251209970972],[-122.10974005229804,37.767229957427233],[-122.10963005209753,37.767169957901672],[-122.10954005231333,37.767089957841151],[-122.10949757414524,37.767026240807425],[-122.10947996408173,37.766805621672098],[-122.10949005239702,37.766729957506655],[-122.1095500520448,37.766569957831599],[-122.1095969008031,37.766446446429562],[-122.10966005142505,37.76627995764261],[-122.10969005194572,37.766119957492343],[-122.10969005236934,37.765999957780089],[-122.10967005151062,37.765919958046872],[-122.10964005173395,37.765859957372932],[-122.1095900514332,37.765789957446202],[-122.1095400522163,37.765729957685053],[-122.10945005200379,37.765649957566687],[-122.10931005202571,37.765569957837272],[-122.10915005150441,37.765499958126952],[-122.10900005215774,37.765429957762962],[-122.10887005143607,37.765359957306146],[-122.10877310232068,37.765292091958869],[-122.10877005242639,37.765289957276529],[-122.10870005163929,37.765219957796809],[-122.10861005151011,37.765109957349424],[-122.10848084649957,37.764944862153641],[-122.10843005238476,37.764879957839341],[-122.10837005152499,37.764749957489258],[-122.10834005229457,37.764539957978386],[-122.10833005168126,37.764389958042905],[-122.10830005206562,37.764199958019361],[-122.10826005240177,37.764029957851392],[-122.10825005217747,37.763909957598358],[-122.10827005184159,37.763749957245459],[-122.10830005170631,37.763529958000724],[-122.10833005227495,37.763389957648855],[-122.1083700513627,37.763239957628137],[-122.10838005190959,37.763129957711257],[-122.10838005185866,37.763019957274381],[-122.108340051727,37.76287995772303],[-122.10827005149531,37.762769958073044],[-122.10800005189957,37.76248995746154],[-122.10769005183964,37.762199957330878],[-122.10740505036617,37.761904958288561],[-122.10728620016194,37.761781937368738],[-122.10712005227118,37.761609957625758],[-122.10663005185347,37.761119957257691],[-122.10641005219848,37.760919958059134],[-122.10623005182413,37.760729957888145],[-122.10614005175164,37.760619957394795],[-122.10607005177457,37.760519957570303],[-122.10599005189842,37.760399957474441],[-122.10593005202891,37.760289958085615],[-122.10584005164725,37.76019995778028],[-122.10576005212141,37.76011995744139],[-122.10566005155738,37.760019957860116],[-122.10554005143146,37.75992995777591],[-122.10544505167869,37.759834957135624],[-122.10535005218834,37.759739957318082],[-122.10499005189446,37.759319958129915],[-122.10477005224966,37.759099957335515],[-122.1045500524112,37.758939957365413],[-122.10440005204647,37.758849958123967],[-122.10427005166292,37.75878995743507],[-122.10397005171181,37.758669957471433],[-122.10376005196501,37.758589957667837],[-122.10353005244521,37.758489957935375],[-122.10317005235916,37.758309957277248],[-122.10291005227401,37.758179957381415],[-122.10275005202833,37.758069957393779],[-122.1026600515648,37.7579999578235],[-122.10257005230264,37.757909957765811],[-122.10251005169428,37.757829957301226],[-122.10247005197192,37.757729957524859],[-122.10244005211261,37.757609957450654],[-122.10244005172947,37.757479957529476],[-122.10246005210598,37.757369957332486],[-122.10248005236402,37.757239957626311],[-122.10252005212861,37.757129957646974],[-122.10255005198484,37.757009957338596],[-122.10256005241659,37.756909958108118],[-122.1025400514887,37.756829958079173],[-122.1024900514895,37.756749957701039],[-122.1024400516998,37.756699957910548],[-122.10237005143551,37.756639957659353],[-122.10222005159802,37.756489958082753],[-122.10204005228258,37.756339957867596],[-122.10198005232199,37.756279957535064],[-122.10193005214586,37.756209958032308],[-122.10190005136738,37.756119957532192],[-122.10189005224639,37.756009957820034],[-122.10192005160523,37.755869957254959],[-122.10194005138908,37.755709957908294],[-122.10194005206677,37.755529957819313],[-122.10193005177712,37.755429957419445],[-122.10190005141045,37.755319957396885],[-122.10183005202718,37.755209957599057],[-122.1017500519786,37.755139957517585],[-122.10163005240528,37.755009958127893],[-122.10153005176511,37.754919958033767],[-122.10148005167876,37.754859957644783],[-122.10141005188247,37.754779957323194],[-122.10136005200667,37.754719957782712],[-122.10126005225598,37.754529958103902],[-122.10122005217829,37.754459957613612],[-122.10116005242459,37.754379957361543],[-122.10108005165097,37.754309957747147],[-122.10099005229276,37.754269957540686],[-122.10090005155013,37.754249957695642],[-122.10082505198066,37.75423995789518],[-122.10075005243147,37.754229958046956],[-122.10056005164144,37.754199957849401],[-122.10046005174043,37.754179957387848],[-122.10038005174042,37.754159957418011],[-122.10026005152295,37.754119957611778],[-122.10009005190669,37.754059957527211],[-122.09980005190839,37.753919957921759],[-122.0995100514737,37.753759958114522],[-122.09937005230734,37.75366995746559],[-122.09911005240897,37.753489957388631],[-122.09898005194283,37.753409957800073],[-122.09890005180519,37.753369957336837],[-122.09878005142974,37.75332995785103],[-122.09866005182394,37.753299957535624],[-122.09845005236667,37.753249958096774],[-122.09828005231132,37.753199957450029],[-122.09814005177995,37.753119957388932],[-122.09799005236896,37.752979957253352],[-122.09792005200676,37.752829958007503],[-122.09788005216446,37.752689957703211],[-122.09789505255007,37.752524957803857],[-122.09790605179541,37.752403957346253],[-122.09791005173433,37.752359957913285],[-122.09791005243255,37.752249957473218],[-122.09790005239282,37.752129958147343],[-122.09783005240723,37.751989958136811],[-122.09777005212334,37.751899957808071],[-122.09763005150151,37.751759957747531],[-122.09749005241214,37.751639957910449],[-122.09735005228598,37.751559957836768],[-122.09723005181594,37.751509957510862],[-122.09713005151637,37.751479957683237],[-122.09696005205757,37.751459957586931],[-122.09674005219397,37.751469957621552],[-122.09644005204864,37.751499957258325],[-122.09629005219644,37.751489957634334],[-122.09615005217341,37.75146995736074],[-122.09606005248854,37.751439957263329],[-122.0959800515633,37.751399957568992],[-122.09592005177646,37.751349958024818],[-122.09588005224354,37.751299957972705],[-122.09585005170977,37.751249957685623],[-122.09583005220246,37.7511499579401],[-122.09584005233394,37.751069957895979],[-122.09595005195892,37.750799957925857],[-122.09595069155324,37.750797186299828],[-122.09594377226733,37.750527573726622],[-122.0958800518646,37.750439957750466],[-122.09574005218698,37.75030995748768],[-122.0956200516048,37.750219957449652],[-122.09548005168679,37.750139957899634],[-122.09529005243277,37.750059957337392],[-122.09512005152298,37.749999957450108],[-122.09498005222693,37.749969957414855],[-122.09480005243529,37.749949958025532],[-122.09466005234955,37.749929957824754],[-122.0945500520573,37.749909957982908],[-122.09442005185196,37.749869957871773],[-122.09429005166231,37.749809958118647],[-122.09419005239312,37.749739957722312],[-122.09410005201806,37.749659957868808],[-122.09403005151037,37.749569957582374],[-122.09399005185132,37.749479957905464],[-122.09393005241213,37.749279957959565],[-122.0938800520433,37.74915995772745],[-122.09382005207044,37.74905995793857],[-122.09372005201325,37.748969957664023],[-122.09363005190812,37.748909957858906],[-122.09354005187062,37.748869957486143],[-122.09322005245401,37.748759958051274],[-122.09289005198555,37.748649957762311],[-122.09272005191775,37.748579957862233],[-122.09263047760649,37.748533038233809],[-122.09252632649536,37.748578620687773],[-122.09253289621535,37.74858199597741],[-122.09118374841755,37.752310810758516],[-122.09109328666879,37.752386276970626],[-122.09083666367289,37.752600358888486],[-122.08015051026368,37.745310024736128],[-122.07760440853556,37.742363041101079],[-122.07729439056357,37.742004190010725],[-122.0775447797114,37.741067349823041],[-122.08114066064641,37.738700864690223],[-122.08241080117863,37.738355550814347],[-122.08432266758516,37.738664758409321],[-122.08437951648799,37.738673951881388],[-122.08461174947743,37.738726412767235],[-122.08460743578134,37.738704252612749],[-122.08457949187243,37.738630100444048],[-122.08457408865942,37.738615489560502],[-122.08456983561982,37.738606231435504],[-122.0845617050082,37.738594201210482],[-122.08451556666404,37.738537726686687],[-122.08450346299071,37.738526055378095],[-122.08450214785015,37.738524514051498],[-122.08439243442041,37.738436777824653],[-122.08439017144904,37.738435594386722],[-122.08438863496745,37.738433890221096],[-122.08423346830219,37.738321786582922],[-122.08423312194013,37.738321614611792],[-122.08423291976713,37.738321392940463],[-122.08401426362018,37.738165663921336],[-122.0837286321273,37.737932465104592],[-122.0837273352336,37.737931778727621],[-122.08372637216181,37.737930676032519],[-122.08336092298826,37.737650111621129],[-122.08327412857069,37.737583477120808],[-122.08325603907679,37.737572372744758],[-122.08311983302521,37.737506402048403],[-122.0831038884498,37.737500101766194],[-122.08310324420091,37.737500008590573],[-122.08310270967054,37.737499739115265],[-122.08287658439335,37.737431407599061],[-122.08287576950318,37.737431294185413],[-122.0828611500532,37.737427803917903],[-122.08264469469738,37.737391458593116],[-122.08264317166397,37.737391342072954],[-122.08264147048187,37.7373909593992],[-122.08242024523175,37.737359585462173],[-122.08222482090379,37.737303755863167],[-122.08214796185206,37.737264537475149],[-122.08201090584095,37.737159312378544],[-122.08183672927277,37.736971066629998],[-122.08182523555631,37.736960617851793],[-122.0818226416816,37.736959291017037],[-122.08182106670034,37.736957586434407],[-122.08168882269305,37.736866582500461],[-122.08168528809577,37.736864880790655],[-122.08167495515511,37.736858532926497],[-122.08148880677642,37.736768252336596],[-122.08147608376588,37.736763220690669],[-122.08147490640624,37.736762603876826],[-122.08124863420261,37.73668713494569],[-122.08124484890584,37.736686555830865],[-122.08124179335846,37.736685075673314],[-122.08093900515262,37.736603495744703],[-122.08093856029733,37.736603440434379],[-122.08093585164436,37.736602690963132],[-122.08065582765748,37.73653507839213],[-122.08065228802489,37.736534685207012],[-122.08064399877779,37.736532814748692],[-122.08048400010713,37.736509981648297],[-122.08046389943395,37.736508694955567],[-122.08046290224371,37.736508866034377],[-122.08046194289579,37.736508735617392],[-122.08022394164523,37.736515496315533],[-122.0802195082064,37.736516293824558],[-122.08019595455401,37.736519382577555],[-122.08000378349728,37.736568349625387],[-122.07999416428,37.736571225353416],[-122.07998648028878,37.736574178764819],[-122.07967476703378,37.736706821499787],[-122.07967374968966,37.736707432609144],[-122.07967018365001,37.736708893439001],[-122.07917255464298,37.736947254335519],[-122.07875503144335,37.737141654414287],[-122.07828574429023,37.737358408468481],[-122.07828501073776,37.737358865270323],[-122.07828327064347,37.737359587879524],[-122.07780072112544,37.7375969631549],[-122.07745125378838,37.737750567183738],[-122.07745045727296,37.737751051857934],[-122.07744803518983,37.737752042217913],[-122.07717950019004,37.737880259402175],[-122.07699765862219,37.737964500652005],[-122.07699754997856,37.737964567890828],[-122.07699727208866,37.737964680650492],[-122.07686501168669,37.738026560848375],[-122.07672786512593,37.738086796773302],[-122.07664927309766,37.738114322717081],[-122.07658757587663,37.738133644575527],[-122.07653865567657,37.738142096863484],[-122.07648346573137,37.738142835264775],[-122.07638015243398,37.738141179636948],[-122.07628272698554,37.73811479028123],[-122.07615734270271,37.738080170545722],[-122.07601979987831,37.738015220704554],[-122.07586645418749,37.737910589441739],[-122.07577724352358,37.737836137213755],[-122.07573726066559,37.737764474460924],[-122.07571713277326,37.737693734815416],[-122.07571178908671,37.737617036339536],[-122.07573698293776,37.737497120724278],[-122.07578665629984,37.737385172922366],[-122.07589447676175,37.737234532874169],[-122.07599300166058,37.737109337881868],[-122.07611853566667,37.73700278702151],[-122.07611990622424,37.737001065493509],[-122.07612158516579,37.73700008059518],[-122.07661653947588,37.736540991116591],[-122.07690167775053,37.736288730610795],[-122.07703242245019,37.736177869926927],[-122.07711403465565,37.736126738785373],[-122.07725748511204,37.736059067178019],[-122.07744581020106,37.735996964892138],[-122.07760043887205,37.735968238315245],[-122.07787063298738,37.735929905838653],[-122.07807213367876,37.735916756551511],[-122.07807806585166,37.73591557498105],[-122.07809116505364,37.735914080241855],[-122.07824770340588,37.735879867092358],[-122.0782590996498,37.735876674826173],[-122.07825988893096,37.735876545300719],[-122.07842944795895,37.735820746791568],[-122.07843296493886,37.735818846888918],[-122.07843662836513,37.735818125546693],[-122.0785925601446,37.735755373046601],[-122.07859582268819,37.735753461228015],[-122.07860633818999,37.735748711804156],[-122.07901401614394,37.73551527953515],[-122.07945062757697,37.735274364921544],[-122.07963706625938,37.735172002404276],[-122.07963792990036,37.735171421291405],[-122.07963881890528,37.735171019169812],[-122.07978530900294,37.735086980914133],[-122.07979313967638,37.735081593309225],[-122.07979525407973,37.735080493477859],[-122.07988372741347,37.735015075066961],[-122.07988517907761,37.735013384847221],[-122.07988762075649,37.735012040916665],[-122.07995827819057,37.734953998536781],[-122.07996021209608,37.734951614262705],[-122.07996263055207,37.734950192240802],[-122.08009481023689,37.734827092641417],[-122.08009537861939,37.734826340658998],[-122.08009851780454,37.734823433766024],[-122.08019521629076,37.734722220575485],[-122.08019599844219,37.734721116074638],[-122.08019793296684,37.734719241846044],[-122.08047365445987,37.734402194221225],[-122.08061995579008,37.734240945801076],[-122.08072548682102,37.734124709328469],[-122.08072564972504,37.734124472840676],[-122.08072601001642,37.734124127367608],[-122.08087082736303,37.733961605354239],[-122.08087090437303,37.733961491675629],[-122.08087106338667,37.733961339047966],[-122.08104656450732,37.733762719970073],[-122.08105814806108,37.733745631685871],[-122.08105830891829,37.733744925719229],[-122.08105877198733,37.733744344563618],[-122.08112326550179,37.73360787845602],[-122.08112344943918,37.733607030696945],[-122.08112763712143,37.733595970402085],[-122.08117340432608,37.733424071306153],[-122.08117563995455,37.73340808621618],[-122.0811804945032,37.733108271764294],[-122.08118048772285,37.733105819790978],[-122.08117931443157,37.733094778267443],[-122.08111363430918,37.732753088886781],[-122.08111339806268,37.732752437812714],[-122.08111325609795,37.73275125829317],[-122.08103372232078,37.732391913538606],[-122.08103365496468,37.732391734209841],[-122.08103362081825,37.732391462516823],[-122.08089646816586,37.731581727140572],[-122.08089532347894,37.731580028487386],[-122.08037553650306,37.729173638016469],[-122.08036797958736,37.729143525177363],[-122.08036042267774,37.729113412337675],[-122.08035286577429,37.729083299497297],[-122.08034358751902,37.72905355308896],[-122.08033618387707,37.729030647498654],[-122.08002724171706,37.728081668387553],[-122.0799932513726,37.727946846972912],[-122.07986366689428,37.727544812111063],[-122.07979599121683,37.727045467497206],[-122.07987993076814,37.726357654310277],[-122.07995012455468,37.725430026457246],[-122.0799616255871,37.725320345665729],[-122.0799627047794,37.725289773627487],[-122.07996412690049,37.725275334131346],[-122.07996867781978,37.72524540222053],[-122.07996976430451,37.725215173427365],[-122.07996912951818,37.725185311061495],[-122.07997021600183,37.725155082268074],[-122.07996785265067,37.725125243083696],[-122.07996721056949,37.725095037471753],[-122.07996484722145,37.725065198287027],[-122.07996247657898,37.725035015856491],[-122.07995838467234,37.725005199853008],[-122.07995429274986,37.724975382948294],[-122.07995020084988,37.724945566944264],[-122.07994438039283,37.724915774121321],[-122.07993856723665,37.724886324543604],[-122.07993102552621,37.724856898146719],[-122.07992347652548,37.724827128503577],[-122.07991594212312,37.724798045351029],[-122.07990667187367,37.724768642133142],[-122.07989740892759,37.724739582160005],[-122.07988814598869,37.724710522185973],[-122.07987716179814,37.724681828637145],[-122.07986617761601,37.724653135087195],[-122.07985347218462,37.724624807961824],[-122.079840766763,37.724596480834897],[-122.07982806135104,37.724568153706571],[-122.07981363469273,37.724540193001822],[-122.0797992153217,37.72451257463991],[-122.07978479484629,37.724484957192239],[-122.07976864696613,37.724457362906314],[-122.07975251368859,37.724430455109406],[-122.07973638042274,37.724403547310111],[-122.07971851862072,37.724376662686616],[-122.07970067142178,37.72435046455162],[-122.07968282423543,37.724324266413802],[-122.07966324851562,37.724298091450493],[-122.07964368739924,37.72427260297512],[-122.07962239775138,37.72424713767311],[-122.07960284395696,37.724221992436426],[-122.07958156892661,37.72419721361819],[-122.07955857266174,37.724172801217442],[-122.07954615920318,37.724158203883448],[-122.07906099387095,37.723621193291699],[-122.07899372740609,37.723547589350822],[-122.07892474713022,37.723474695028706],[-122.0788540676284,37.723403196813777],[-122.07878167432017,37.723332408211519],[-122.07870756720841,37.723262329218826],[-122.07863348937734,37.723193622260901],[-122.07855597539894,37.723125992231338],[-122.07847848456372,37.723059391872212],[-122.07839755870197,37.722993867516365],[-122.07833248844726,37.722942207763488],[-122.07792434231631,37.722619916480042],[-122.0776783327149,37.722425653645267],[-122.0775781470382,37.722348712988399],[-122.07747799797275,37.722273487573915],[-122.07737441285155,37.722199339014729],[-122.07726913699295,37.72212692972024],[-122.07721122989565,37.722086847133347],[-122.07629408557446,37.721479386683747],[-122.07608884364065,37.721258615276966],[-122.07569972169706,37.721009059802952],[-122.0753114010753,37.72030765062658],[-122.07520653901085,37.720162144202654],[-122.07531143017292,37.720309023611186],[-122.07523594929982,37.720908138945404],[-122.07455539700025,37.720882343085577],[-122.07285156354507,37.720819483445567],[-122.07225979489603,37.720797512014933],[-122.07217154870196,37.720794226283779],[-122.07178395724512,37.720779827721145],[-122.07146384983017,37.720767961127152],[-122.07111259996915,37.720755135630839],[-122.07078211358323,37.720743062264027],[-122.07041355142505,37.720729092151764],[-122.07002942482987,37.720714984980077],[-122.06967817546676,37.720702155207121],[-122.0693494119019,37.72068971152887],[-122.06923002460405,37.720685465072428],[-122.06884243428428,37.720671056832444],[-122.06858288924836,37.72066146506296],[-122.06807415487556,37.720642331212964],[-122.06799630851324,37.72063940317252],[-122.06778348293298,37.72063159209344],[-122.06756027213407,37.720623232135658],[-122.06729379800289,37.720613044848754],[-122.06684391972995,37.720596367732369],[-122.06640961118345,37.720580169462572],[-122.0656534604413,37.720551766955175],[-122.06543907949417,37.720543712784121],[-122.06320200845784,37.731140741665754],[-122.06294743441102,37.732440372966735],[-122.06256462195401,37.733673064508928],[-122.06164911493448,37.735278017847286],[-122.06158556360876,37.735973176372859],[-122.06151272369327,37.736769931091651],[-122.0610480196685,37.738768847469252],[-122.06184894427579,37.73976697608596],[-122.06155089319356,37.742239755528807],[-122.06135559455154,37.743859968329922],[-122.06121284749139,37.745050509487612],[-122.06131388251472,37.745551898953309],[-122.06185004902558,37.748212484066762],[-122.06202656773604,37.74912099124554],[-122.06232328086433,37.750648056854018],[-122.06289402456277,37.751208716775835],[-122.06334248309295,37.751649248032443],[-122.06588756249769,37.754149197454758],[-122.06665234515131,37.754900375775073],[-122.06685081778086,37.755095314330006],[-122.0669935321542,37.755235486216023],[-122.06734835825512,37.755583990248709],[-122.06803260009661,37.756256026944172],[-122.0688387900252,37.757047815275904],[-122.07081048927397,37.75898419656442],[-122.07085526885894,37.762101906892987],[-122.07087403501234,37.76340859266967],[-122.0708800962239,37.763830563171737],[-122.07088247534683,37.764597556219634],[-122.07088022124708,37.764654580798585],[-122.07090443407472,37.764654258119982],[-122.07449458851859,37.764659872222943],[-122.0789211193788,37.76466664791802],[-122.0789204975741,37.768253387218486],[-122.07892040531074,37.768765288952231],[-122.07891993176371,37.771507785964332],[-122.07891986209623,37.771884613645],[-122.07891921854488,37.775571112057527],[-122.07891862683125,37.778971913156255],[-122.07299293594855,37.778927373279075],[-122.07011267285726,37.77890561448865],[-122.07017049474555,37.7837334050217],[-122.07018619332933,37.785043909709245],[-122.07019482212391,37.785764215250964],[-122.07028829104564,37.793131832009578],[-122.06168381697415,37.793226627944108],[-122.06152809214176,37.793228338728873],[-122.06153319031803,37.797823160847976],[-122.06056540262871,37.798963243691915],[-122.06056510672026,37.798963591846629],[-122.06013614667341,37.798931690450281],[-122.05809811878768,37.800625003516132],[-122.05844835597573,37.801284238372695],[-122.05819001701579,37.802680770465642],[-122.05780481819831,37.803693995095202],[-122.05728256952018,37.80403319943823],[-122.05648268877515,37.804142462106917],[-122.05638138903858,37.804222024880318],[-122.05716296897096,37.805520751324373],[-122.05676845564088,37.806434271835393],[-122.05595886101369,37.806975466862397],[-122.05568869661678,37.807813802808099],[-122.05725617613324,37.810796143587403],[-122.05758843391301,37.811468131876616],[-122.05851514539053,37.811876280965926],[-122.05907596334616,37.812787363215527],[-122.06031699014856,37.813842092100103],[-122.06152250602122,37.815174605271388],[-122.06153161347011,37.821040312493992],[-122.06277620276674,37.821056555325768],[-122.06452508568987,37.821079353767644],[-122.06629707809705,37.821102428638447],[-122.06835201984197,37.821129153513517],[-122.070412749243,37.821155916959817],[-122.07152931243769,37.821210775578237],[-122.07913361443545,37.821584107645009],[-122.07907401008049,37.825223882815088],[-122.07907103601151,37.82540556696879],[-122.08140294354618,37.825400161703271],[-122.08306536973859,37.82539628491844],[-122.08521786685897,37.825391213757023],[-122.08809359617676,37.825384398946561],[-122.08819556819144,37.821717839370599],[-122.09627712418936,37.821836511190007],[-122.09640819129851,37.826256095048002],[-122.09664720812331,37.826329102288142],[-122.0966778896874,37.826701542520837],[-122.09693268728593,37.827080063494485],[-122.09718907934628,37.827123174009721],[-122.09744547056864,37.827166283982827],[-122.09787731368479,37.827094610376712],[-122.09786579078046,37.82669698869465],[-122.09811244317814,37.82671164912022],[-122.09922171584854,37.826995849927179],[-122.09922025037928,37.826756568312042],[-122.09920396229495,37.824096925709455],[-122.10370277963759,37.824110188182154],[-122.10370773289247,37.82383665546319],[-122.10371308975972,37.821657147851681],[-122.10371764401657,37.819803844097009],[-122.10372803220977,37.819803870482829],[-122.10733526866008,37.819813007827243],[-122.10751530679993,37.819813141750117],[-122.10809567716946,37.819813405829336],[-122.10833656257108,37.819813511029196],[-122.10975348624959,37.819814133608894],[-122.11082957101692,37.819814597999205],[-122.11232490940196,37.819815222802255],[-122.11289723676823,37.819047374305278],[-122.11357525582896,37.818649072479502],[-122.11358473469038,37.814456022273241],[-122.11293010892743,37.814454694272854],[-122.111306514384,37.814451400638532],[-122.11131803926118,37.812792877352344],[-122.11132385598,37.811955266016334],[-122.11133502270926,37.810347786479227],[-122.11133543952215,37.810288176552092],[-122.11133550476175,37.810278727044448],[-122.1113360276335,37.81020966434756],[-122.11134564391679,37.808938132927565],[-122.1113495911698,37.808385140572632],[-122.11135322217893,37.807876297409223],[-122.11135689922675,37.807361570820611],[-122.11135175338418,37.807353379324702],[-122.11360056213971,37.807334749552574],[-122.11377236190981,37.807333325392165],[-122.11382459095718,37.807332893712434],[-122.11397124135216,37.807331671898986],[-122.11420016130002,37.807329778151534],[-122.11717812351552,37.807305032051843],[-122.11903242209479,37.807289585135678],[-122.12155744138042,37.809253485718422],[-122.12669564167214,37.811659986180146],[-122.12665408579964,37.812301897113684],[-122.12662935461586,37.812708103413748],[-122.12654006371899,37.814246267129732],[-122.12531408387345,37.814266869398594],[-122.12501300878208,37.814271923255156],[-122.12501076943495,37.8146387863491],[-122.12500981777923,37.81479520338759],[-122.12500769799833,37.815142361899895],[-122.12500603230353,37.815414885718432],[-122.12500435289608,37.815691194570789],[-122.12500267331397,37.815966717602002],[-122.12500038396385,37.816342509927239],[-122.12499105944589,37.817871059629567],[-122.12498922094753,37.818172228044183],[-122.12498864394483,37.818333153707997],[-122.12496440033283,37.818372724932551],[-122.12498092695,37.818466198618729],[-122.12499746869587,37.81855973877861],[-122.12508040692421,37.818647260999867],[-122.12510241637978,37.818736858055274],[-122.12516888839031,37.818858715833578],[-122.12523305140738,37.818976331202222],[-122.12522356274806,37.819087174405411],[-122.12526345330853,37.81912396061599],[-122.12530243260305,37.819159905973841],[-122.12536580074504,37.819138575706454],[-122.12545311780066,37.819179336706952],[-122.12553223274304,37.819285863520591],[-122.12556326340267,37.819396238498626],[-122.12561455396001,37.81943239619158],[-122.12580948809202,37.819569816980199],[-122.12585037523789,37.819618365573241],[-122.12591102368739,37.81969037553538],[-122.12613427683534,37.819818328117861],[-122.12614963216713,37.819882936623515],[-122.12616345449185,37.819941089648609],[-122.12623609489998,37.820053736693161],[-122.12628212029101,37.820189219151871],[-122.12628484589727,37.820212462951083],[-122.12630873459545,37.820416368988255],[-122.12631552751017,37.82047431701595],[-122.12640264081516,37.820523051770202],[-122.12645952010344,37.820524291543826],[-122.12657591222059,37.820526833822818],[-122.12681469610544,37.820585944333004],[-122.1268580833096,37.820596687036549],[-122.12704875559783,37.820604936960933],[-122.12710166319948,37.820658458629509],[-122.12701842309173,37.820751734669656],[-122.12701360924332,37.820812506564742],[-122.12700442338233,37.820928605779152],[-122.12705779081747,37.820978167751662],[-122.12716046985149,37.820989429851608],[-122.12727372782064,37.821068379578975],[-122.12729619302132,37.821084039973371],[-122.12759883645663,37.8210767196624],[-122.12788844075843,37.821273973419991],[-122.12790253303626,37.8212793517013],[-122.12808409267586,37.821348660129921],[-122.12819414216537,37.821437365034193],[-122.12825382015212,37.82148546961885],[-122.12852319064298,37.821437860419785],[-122.12859546902857,37.821476353071958],[-122.12894622657107,37.821663124834089],[-122.12903378364898,37.821759682237676],[-122.12904595551846,37.821902670983128],[-122.1291203916953,37.821952331293865],[-122.12937774552255,37.822124018560366],[-122.12994448528006,37.822311083332224],[-122.13004230132304,37.822343365641046],[-122.13170650993575,37.82289346696566],[-122.13147951524408,37.823303078652913],[-122.1315675034129,37.823623523342278],[-122.13171070106354,37.824132241762513],[-122.13189175255116,37.826175258051215],[-122.13189594057151,37.826249683390074],[-122.13193575117313,37.826265969896937],[-122.13196520716652,37.826193065302689],[-122.13203228653926,37.826040026668153],[-122.13222636912307,37.826158256035882],[-122.13260063126977,37.826404010614645],[-122.1327150435508,37.826478857017833],[-122.13291674800469,37.826668182856245],[-122.13291489196656,37.826694124001435],[-122.13289062026865,37.827033685837726],[-122.13288850757678,37.827063247774142],[-122.13293106577601,37.827301995015262],[-122.13298577520668,37.827608857351386],[-122.13303670472926,37.827894528116232],[-122.13305761498174,37.828011834146807],[-122.13307582232568,37.828113954355743],[-122.13318517959421,37.8283389993044],[-122.13330809909996,37.828591949032877],[-122.13339314898542,37.828737809585213],[-122.13353515838403,37.828981366065612],[-122.13350164126192,37.829193971291069],[-122.13347270260134,37.829377509398604],[-122.13342477229133,37.829681566090315],[-122.13338318840522,37.829945310881229],[-122.13335914210282,37.830097848117205],[-122.13330393697173,37.830161100336689],[-122.13312517940888,37.830365905114391],[-122.13302218675018,37.830483907846897],[-122.13300753567832,37.830595545752942],[-122.1329985956651,37.830663631053099],[-122.13311670077898,37.830839893415693],[-122.13326095881725,37.831055175923815],[-122.13334334283529,37.831178127258092],[-122.13336764528206,37.831214396654353],[-122.13348791606759,37.831093593338707],[-122.13367067277069,37.831566949672414],[-122.13371267507907,37.831675739526148],[-122.13374284578121,37.831717249812968],[-122.13385680203962,37.831874024633663],[-122.13380390688864,37.831676002749205],[-122.13392205483467,37.831645649459908],[-122.13389083917581,37.831539850823319],[-122.13379658462316,37.83122037889899],[-122.13398539619121,37.831135600318838],[-122.1339347315355,37.83105947936177],[-122.133876920522,37.830945016748323],[-122.13383451437257,37.830826390108768],[-122.13380797217654,37.830704896172321],[-122.13379759014897,37.830581865458214],[-122.1338034764677,37.830458654513379],[-122.13382557188726,37.83033660147003],[-122.13386363439631,37.830217051490756],[-122.13391723589983,37.830101309053717],[-122.13398580325106,37.829990643693492],[-122.13400222952957,37.829969930213167],[-122.13380735648194,37.829874750873437],[-122.13385338291779,37.829763338877569],[-122.13390934858487,37.82962788694708],[-122.13394621569297,37.829538646735124],[-122.13397599692308,37.829466559926814],[-122.13402755223363,37.82934176840687],[-122.13406427447531,37.829252876199554],[-122.13409457115965,37.82917954492742],[-122.13410266544015,37.829159949818681],[-122.13409687620121,37.829040925998108],[-122.13409227225485,37.828946323310824],[-122.13409112555836,37.82886420601627],[-122.13409035717366,37.828809489443003],[-122.13407378660646,37.828781629919952],[-122.1340416694451,37.828727626003072],[-122.13390643863825,37.828512370756535],[-122.13386150085218,37.828440842035242],[-122.13381028644054,37.828359321688311],[-122.13373454344438,37.828238754157098],[-122.13369280036137,37.828172315019273],[-122.13364733413979,37.828099935634235],[-122.13355672018518,37.827955697776439],[-122.13355227538973,37.827928224491615],[-122.13352624599671,37.827767344616198],[-122.13351331983191,37.827687466671918],[-122.13349947320252,37.827601899854173],[-122.13347789652197,37.827468535494468],[-122.13346587635316,37.827394251091079],[-122.1334609757308,37.827363976108828],[-122.1334535486823,37.827318073108003],[-122.13344634535648,37.827273559295378],[-122.13343195161274,37.827225333146487],[-122.13339452573851,37.827099947162424],[-122.13347920701383,37.826761468237599],[-122.13364765128853,37.826662935564876],[-122.13352432679322,37.826530097872293],[-122.13339824021621,37.826394288433121],[-122.13326141316162,37.8262469062146],[-122.13314016844946,37.82611630934889],[-122.13310795883432,37.826081617338261],[-122.1330118963694,37.825994136322386],[-122.1328743952246,37.825868926038744],[-122.13267648671552,37.825688700643077],[-122.13258994799907,37.825609894489368],[-122.13266344748054,37.825539217023525],[-122.13266166464373,37.825479083189805],[-122.13265723941041,37.825330015638308],[-122.13265643476132,37.825308722531616],[-122.13264687798434,37.825287961476008],[-122.13264026491022,37.8252228362945],[-122.13256505675929,37.824936012533598],[-122.13230005251231,37.825485163110564],[-122.13219359047642,37.825102920064928],[-122.13217003294191,37.82483676138466],[-122.13215848505013,37.824769719203758],[-122.13213046671811,37.824590325199793],[-122.1321011085509,37.824303335397012],[-122.13209969412391,37.824229863837381],[-122.13209055558474,37.82373173801971],[-122.13210341969142,37.823653479317997],[-122.1321973164204,37.823082357124996],[-122.13250563495626,37.822704746928324],[-122.13278436818437,37.822503066421277],[-122.13374374025527,37.822090615329778],[-122.13463895373798,37.821832697175388],[-122.13512098747732,37.821729028731582],[-122.13529619366783,37.821725229414689],[-122.13621002839614,37.821985152707484],[-122.13769666532546,37.822537950996747],[-122.13866968142761,37.822830246926387],[-122.13873482116007,37.822849203585754],[-122.13922033845992,37.823035944829144],[-122.13970780358105,37.823068214744268],[-122.14030579163183,37.823003504248412],[-122.14059652828855,37.82279556160217],[-122.14135487099108,37.82271126194253],[-122.14156023604413,37.822599947257622],[-122.14227536508206,37.822158793855159],[-122.14251373220085,37.8219928763924],[-122.14286884111196,37.821710219527752],[-122.14299761132689,37.821589498370017],[-122.14311742196105,37.821477177202837],[-122.14345411560139,37.821161528521543],[-122.14513441382871,37.819383791865491],[-122.14519944350523,37.819317061514276],[-122.14520718319648,37.819309120689191],[-122.14534418875063,37.81919036542682],[-122.14549609977088,37.819083620900571],[-122.14588320636219,37.818646598089778],[-122.14619424147921,37.818627163439281],[-122.14638664863554,37.818749229344164],[-122.14587165765359,37.819366445341259],[-122.14585798514858,37.819399308557585],[-122.14571182799646,37.819750576863896],[-122.14575507376978,37.819902758852649],[-122.14561995038021,37.820019023638402],[-122.14557579781132,37.820122171715575],[-122.14552795328015,37.820201910483732],[-122.14546985164743,37.820277247758582],[-122.14540214693717,37.820347349841157],[-122.14532557324139,37.820411458513632],[-122.14525341875343,37.8207304651526],[-122.14492063893893,37.820835405928328],[-122.14486317060694,37.820870470247016],[-122.14479235137985,37.820913830223809],[-122.14472766029223,37.820962800041983],[-122.14466978239574,37.821016868214606],[-122.14436093835144,37.821379268287153],[-122.1441998370551,37.821666994746238],[-122.14416561133909,37.821728070223863],[-122.14405044423214,37.821899912390506],[-122.14401652256792,37.821971597433006],[-122.14401566293597,37.82199407981436],[-122.14400510642845,37.822038226924946],[-122.14398321239442,37.822079666349019],[-122.14396829270797,37.822098800411418],[-122.14395093371232,37.822116591494414],[-122.14390967837102,37.822147380471151],[-122.14366232282754,37.822282656853247],[-122.14559293255508,37.82513634394941],[-122.14622741557511,37.825650797422526],[-122.14938958666286,37.828214597793504],[-122.15057722586101,37.828884512366606],[-122.15224877141287,37.829827345508434],[-122.15298393362988,37.83022659375137],[-122.15578148762269,37.831819806936899],[-122.15595475998575,37.835889115219047],[-122.15597175453775,37.836288172880927],[-122.15602217843438,37.837472127234328],[-122.15637150818827,37.838175414460878],[-122.15706932254714,37.839580243112366],[-122.15716761587605,37.839778116864387],[-122.15989971991532,37.839745270933953],[-122.16096937046441,37.839732394075419],[-122.16102028706815,37.842539208099119],[-122.16385505027066,37.843331113776436],[-122.16403038931244,37.843380092947648],[-122.16424129233364,37.843436706845637],[-122.16426668125101,37.84345945447582],[-122.16494706714032,37.844046178436649],[-122.16593809557661,37.844898734842737],[-122.16779283605959,37.846492931865107],[-122.16780252485441,37.846501257713378],[-122.16885092464899,37.849231654509566],[-122.16935543933664,37.85054259548231],[-122.17046569028371,37.85053629222373],[-122.17489941216226,37.850512801988778],[-122.17491006588375,37.846912919104398],[-122.17427059049602,37.846917334728872],[-122.1742702720162,37.846914250071521],[-122.17411454287321,37.84540332359412],[-122.17408350083662,37.84489865742713],[-122.17412196237312,37.844003773304017],[-122.17403232791915,37.843794144587072],[-122.17355248733469,37.843339030561488],[-122.17325576123419,37.842678565189658],[-122.17281744386743,37.841988585644224],[-122.17045047516248,37.841042958434635],[-122.17044919546279,37.841042445767663],[-122.17044716318627,37.839873376709072],[-122.17044697916349,37.839767368601713],[-122.17044666082614,37.839584719595862],[-122.16555349121911,37.839649578757722],[-122.16549805576057,37.836208821551772],[-122.16519099263533,37.836211394704506],[-122.16517448834169,37.835475324738795],[-122.1646919080258,37.835410257928245],[-122.1641122859248,37.835043089493048],[-122.16398418199338,37.835036263113047],[-122.16326950649113,37.83445244765192],[-122.16308137319707,37.833968967892005],[-122.16308167014097,37.833729505605362],[-122.16278245421717,37.833500785587134],[-122.16235740327743,37.833072242915456],[-122.1623511809568,37.833065631360718],[-122.16234709560027,37.83306088483657],[-122.16234321564502,37.833056025476793],[-122.16233955370667,37.833051058510478],[-122.1623361157268,37.83304599556913],[-122.16233290067035,37.833040841173073],[-122.16232991322204,37.83303560156444],[-122.16232715796558,37.833030278481047],[-122.16232464090312,37.833024886256844],[-122.16232236089877,37.833019424907917],[-122.16232032160211,37.833013905196687],[-122.16231852767773,37.833008332464487],[-122.16231698273479,37.833002715672073],[-122.16231568113439,37.832997056701196],[-122.16231463334138,37.832991366218309],[-122.16231383262117,37.832985647923024],[-122.16231329290679,37.832979915136384],[-122.16231299373237,37.832974167245588],[-122.16231295126232,37.832968415738037],[-122.16231316563784,37.832962666919776],[-122.16231362900868,37.83295692540726],[-122.16231434616037,37.83295120194699],[-122.16231531609829,37.83294550286103],[-122.16231653665146,37.832939832685859],[-122.16231800347829,37.832934200494151],[-122.1623197168207,37.832928617096449],[-122.16232167767338,37.832923076170644],[-122.16232387962462,37.832917595830189],[-122.1623263205036,37.832912180611523],[-122.16232900270307,37.83290683588784],[-122.1623319150055,37.83290156812533],[-122.16233505416487,37.832896384578945],[-122.16233842372986,37.832891291506833],[-122.16234201471453,37.832886293541371],[-122.16234582160098,37.832881397969516],[-122.16234984231916,37.832876613832106],[-122.16235407342117,37.832871939375302],[-122.16235850500715,37.832867389157215],[-122.16236313705686,37.832862962276877],[-122.16236796180095,37.832858666954202],[-122.16237296680542,37.832854506067804],[-122.16237815454389,37.832850488594467],[-122.1623835147935,37.832846614678161],[-122.1623890455046,37.83284289426053],[-122.16239473527823,37.832839325699887],[-122.1624005775414,37.832835919902635],[-122.16240656547899,37.832832676964856],[-122.16241269580456,37.832829602339807],[-122.16241895494831,37.832826698922084],[-122.16242533842738,37.832823969478376],[-122.16243183727609,37.832821419542],[-122.16225172605934,37.832642317570169],[-122.16228650893085,37.83259047128734],[-122.16133630793817,37.832605127468781],[-122.16132629790913,37.829066646465861],[-122.1629524112045,37.829053572024257],[-122.1629546069675,37.829142749709682],[-122.16298926744457,37.829025700469678],[-122.16324368594881,37.829023763977609],[-122.16324394544243,37.829140546292422],[-122.16324428953045,37.829296238645789],[-122.16363569302979,37.829298932288978],[-122.16361250154057,37.82838723641224],[-122.16358915336899,37.828366337893122],[-122.16352436756777,37.828310256577232],[-122.16345834895851,37.828255079351813],[-122.16339112526468,37.828200826550663],[-122.16325649938241,37.828097625785297],[-122.16324159339898,37.82808658313234],[-122.16267363811392,37.827665808274794],[-122.16267334644722,37.827757012606845],[-122.16255512707525,37.827750943093797],[-122.16245823221558,37.827744532415963],[-122.16245803060195,37.827581228623693],[-122.16211415942779,37.827679382753985],[-122.16211066225088,37.827651725824808],[-122.16206626328953,37.827581512862068],[-122.16196997556889,37.827475559983419],[-122.16189787559736,37.827420871294002],[-122.16178381480451,37.827334358859915],[-122.16178391516372,37.827557398432774],[-122.16178408430282,37.827948379205765],[-122.16178416090565,37.828119308549809],[-122.16178428960175,37.828413488941756],[-122.16132446375899,37.828418288876051],[-122.16079221283186,37.828423843452818],[-122.16077048437252,37.827452168018667],[-122.16020211022919,37.827460161534439],[-122.16019733336637,37.827246449965031],[-122.15904030640296,37.827262710348215],[-122.15902755597509,37.826691815975572],[-122.15884676516724,37.826581818583421],[-122.15832657464814,37.82626532686362],[-122.1578275154689,37.826272330190662],[-122.15676734604953,37.826287213660798],[-122.15676237231069,37.825471319575797],[-122.15675915824926,37.824943958628538],[-122.15675637366104,37.824487040743584],[-122.15675142217719,37.823674270390953],[-122.15674376828309,37.823385971229868],[-122.1569256783423,37.823503493349229],[-122.15930152605348,37.825028767809258],[-122.16162894503542,37.826520988456643],[-122.1627924746885,37.827358585649591],[-122.16312811061255,37.827009071096207],[-122.16384989846338,37.827479167584421],[-122.16368906678983,37.827604037868234],[-122.16377748151535,37.827675680548516],[-122.16349639545732,37.82789391254861],[-122.16363963235065,37.8280037124769],[-122.16371115239343,37.828061438004625],[-122.16378139132898,37.828120142195026],[-122.1638503295256,37.828179810908686],[-122.16391794268702,37.828240424664948],[-122.16398421110014,37.828301965720868],[-122.16404911955462,37.828364414467686],[-122.16411264148175,37.828427751456751],[-122.16414255529612,37.828458668291908],[-122.16417475937892,37.828491956210492],[-122.16423545584414,37.828557012755631],[-122.16429471339451,37.828622901515352],[-122.16435310398077,37.828690302009157],[-122.1649175967115,37.829358394683581],[-122.16552606913676,37.829844500627573],[-122.16561605959937,37.82991639366977],[-122.16568363037966,37.829970376289502],[-122.16586663041059,37.83011656969942],[-122.16594589923029,37.830080738559317],[-122.16594082510032,37.830439570657006],[-122.16600837300372,37.830493565133438],[-122.16607710769598,37.830546620924473],[-122.16614699106798,37.830598710630312],[-122.16621801399245,37.830649832575375],[-122.1662968038946,37.830704493583752],[-122.16625171172988,37.830746176533403],[-122.16763797409941,37.831689570224597],[-122.16737786705795,37.832023349987402],[-122.16747090750744,37.832104064168128],[-122.16732141652132,37.832198878424194],[-122.16728350257105,37.832157766148057],[-122.16712799960172,37.832246411053283],[-122.16724592989532,37.83237583382234],[-122.16705482884463,37.832468218631817],[-122.16708419894293,37.832505354123604],[-122.16692856341486,37.832627294917991],[-122.16701556153959,37.832724541912555],[-122.16704146889313,37.83275349873928],[-122.16716423402752,37.832946280595742],[-122.16684059188449,37.83311118704006],[-122.16690562980899,37.833245426116356],[-122.16691017282007,37.833349352305397],[-122.16684095129742,37.833351559447692],[-122.16662980127219,37.833357039432151],[-122.16661628750234,37.833281165132703],[-122.16640126550209,37.833281436625761],[-122.16640387242725,37.833499153619385],[-122.16618858619714,37.833503119602639],[-122.16619113248126,37.833749490747756],[-122.16619302853061,37.833932837572775],[-122.1659721989226,37.83393505116932],[-122.16597913082398,37.83475852400548],[-122.16646264569236,37.834826784954039],[-122.16639443711404,37.834938939829954],[-122.16627964936497,37.835041198095546],[-122.16612779622857,37.835100868139129],[-122.16598189935867,37.835087510344195],[-122.16598741147774,37.836204725445619],[-122.1700513000802,37.836170640018487],[-122.17044072228417,37.836167364045345],[-122.17044489159564,37.834556061170424],[-122.16993247878379,37.834522042503075],[-122.16984390809833,37.834516162475232],[-122.16971833267863,37.834396668589768],[-122.16962734227148,37.834172867776587],[-122.16961458420325,37.834141486043414],[-122.1692599762237,37.833876138073357],[-122.16904149131861,37.834090827977199],[-122.16865395451639,37.833816547621865],[-122.16958267721178,37.833012931912123],[-122.1698373273146,37.833186213482691],[-122.17045051556512,37.833603459287389],[-122.17044489159564,37.834556061170424],[-122.17177522577954,37.834544305552434]],[[-122.1037677470473,37.811948126049309],[-122.10375418213408,37.814501646988461],[-122.10195805555288,37.814553994333558],[-122.09730832960911,37.814689372185178],[-122.09722760830606,37.812138598071904],[-122.1037677470473,37.811948126049309]]],[[[-122.12558861835107,37.727542258691656],[-122.12519354795162,37.727370108172252],[-122.12512198229381,37.72735091454151],[-122.12500862610811,37.727279826609369],[-122.12501144626495,37.727242131379462],[-122.1246004963791,37.727203049451667],[-122.12343703948561,37.727092949450643],[-122.12333585465608,37.727085742927002],[-122.1232342657989,37.727085179906979],[-122.1231329627864,37.727091263501158],[-122.12303263566135,37.727103952662688],[-122.12293396556402,37.727123162312402],[-122.12283762125146,37.727148759781791],[-122.1227442581413,37.72718057293671],[-122.1226545114083,37.727218385766442],[-122.12182287125655,37.727605372759214],[-122.12171624611335,37.727658512708032],[-122.12161374172138,37.727716542363751],[-122.12151571221163,37.727779260407608],[-122.12142249779356,37.727846451294695],[-122.12133442123447,37.727917879894704],[-122.12125178805577,37.727993300501204],[-122.12099988585835,37.728285843121178],[-122.12079493856395,37.728233111930734],[-122.12078652113087,37.728243528104066],[-122.12077636645094,37.72825362483006],[-122.12076621925341,37.728264064798054],[-122.12075605708299,37.728273818279362],[-122.12074417376904,37.728283938782639],[-122.12073400410804,37.728293349019197],[-122.12072384079502,37.728303102513287],[-122.1207119425024,37.728312536527604],[-122.12070003672197,37.728321627297817],[-122.1206881309386,37.728330718066836],[-122.12067622515234,37.728339808834626],[-122.12066431187854,37.728348556358327],[-122.11992544291118,37.728879917596259],[-122.11992372927311,37.728880629651769],[-122.11991520573397,37.728886238575392],[-122.11990840339176,37.728891482289555],[-122.11989986492723,37.728896406528058],[-122.1198913339426,37.728901674008867],[-122.11988452411626,37.728906574478813],[-122.11987598564832,37.728911498715583],[-122.11986743856403,37.72891607972447],[-122.11985889374728,37.728920660701554],[-122.11985034781478,37.728925242594499],[-122.1198417932268,37.728929479457726],[-122.11983324094565,37.72893371809095],[-122.11982468749,37.728937954937372],[-122.11981439679667,37.728941873223107],[-122.11980583476327,37.72894576864266],[-122.11979727611217,37.728949663113866],[-122.11978870657667,37.728953214388397],[-122.11977840953303,37.728956789412514],[-122.1197698336496,37.728959997427211],[-122.11975953773833,37.728963572434054],[-122.11975095323851,37.728966437220052],[-122.11974064871075,37.728969668997998],[-122.11973205786339,37.728972190524132],[-122.11972174698798,37.728975079041945],[-122.11971142636285,37.728977624347145],[-122.11970283551362,37.728980145871141],[-122.11969250854126,37.728982347916244],[-122.11968218156829,37.728984549960408],[-122.11967185459471,37.728986752003614],[-122.11966324991722,37.728988587023402],[-122.11965290684817,37.728990102594807],[-122.11964257243226,37.728991963194431],[-122.11963223045734,37.728993476946634],[-122.11962188104143,37.728994649256876],[-122.11961153162518,37.72899582156618],[-122.11960118220857,37.728996993874581],[-122.11959082531195,37.728997822939192],[-122.11958219819208,37.728998628224346],[-122.11957183268106,37.728999114059974],[-122.11956146830421,37.728999599879153],[-122.11955110392721,37.729000085697344],[-122.11954073207056,37.729000228271758],[-122.1195303602139,37.72900037084527],[-122.11951998087774,37.729000170174984],[-122.11950960154169,37.728999969503718],[-122.1194992222057,37.728999768831628],[-122.11948883539044,37.728999224915675],[-122.11947844857541,37.728998680998778],[-122.11946805428136,37.728997793838154],[-122.1194593886302,37.728996882915453],[-122.11944898685753,37.728995652510207],[-122.11943859260349,37.728994767148734],[-122.11942818331322,37.728993191696965],[-122.11941777406268,37.728991618046052],[-122.11940736481253,37.728990044394237],[-122.11939868420535,37.728988446981241],[-122.11938826747728,37.728986530084875],[-122.11937784100243,37.728984269975811],[-122.11936742767827,37.72898235303078],[-122.11935873098133,37.728980069144619],[-122.11934829929818,37.728977465758881],[-122.11933959625807,37.728974838612871],[-122.11932916457636,37.728972235225399],[-122.11931872541693,37.728969288594143],[-122.11931001490039,37.728966318202986],[-122.1193012969061,37.728963004568293],[-122.11929085774909,37.728960057934572],[-122.11928213231735,37.728956402857314],[-122.119273413152,37.728953087434341],[-122.11926296015571,37.728949453395792],[-122.11925422720914,37.728945453271763],[-122.11924550062702,37.728941797306511],[-122.11923676766277,37.728937796280306],[-122.11922802839489,37.728933453796792],[-122.1192192942982,37.72892945278484],[-122.11921054640045,37.728924766171765],[-122.11920180711599,37.72892042278535],[-122.11919305808611,37.728915736186543],[-122.11918431019163,37.728911049571458],[-122.11917729207325,37.728906339183197],[-122.11916853556878,37.728901309339655],[-122.11915978019979,37.728896279479869],[-122.11915274712892,37.728890882604269],[-122.11914399176227,37.728885852743282],[-122.11913695642498,37.728880455897908],[-122.11912991474544,37.728874715793587],[-122.11912115194384,37.728869344489766],[-122.11911411022736,37.728863602582749],[-122.11910706107366,37.728857519234126],[-122.11910001939854,37.728851779128014],[-122.11909297024714,37.728845695778546],[-122.11908592109685,37.728839612428665],[-122.1190806005672,37.728833504421871],[-122.11907354396139,37.728827078729196],[-122.11906648733716,37.728820652135184],[-122.11906115935282,37.728814201785497],[-122.11897092021771,37.728719991734927],[-122.11767892029728,37.727354739649236],[-122.11767185646275,37.72734796972707],[-122.11765591054528,37.727330334698877],[-122.1176399646354,37.727312699668488],[-122.11762401873307,37.727295064635868],[-122.1176097939712,37.727277062623934],[-122.11759556174592,37.727258717367143],[-122.11758132205736,37.727240028865467],[-122.11756881097803,37.727221316628594],[-122.11755457130337,37.727202628123571],[-122.11754205276696,37.727183572640605],[-122.11752953423697,37.727164517156289],[-122.11751700824342,37.727145118427472],[-122.11750620338634,37.727125352721607],[-122.11749540485097,37.727105929372506],[-122.11748459253555,37.727085820421493],[-122.11747378769566,37.727066054712495],[-122.11746470512412,37.727045922011868],[-122.11745561281927,37.727025446098494],[-122.11744652912334,37.727005313411901],[-122.117437439097,37.726984837465828],[-122.11743006793367,37.726963994575691],[-122.11742270537827,37.72694349491254],[-122.1172992337813,37.726593259712118],[-122.11729554507059,37.726582666632765],[-122.11729186382981,37.726572416796436],[-122.11728817398695,37.726561823732361],[-122.11728276009561,37.726551254335085],[-122.11727907657004,37.726541003628547],[-122.11727366676712,37.726530778421605],[-122.11726825694615,37.726520552313488],[-122.1172628471266,37.726510326205101],[-122.11725744477722,37.72650044333966],[-122.11725030637555,37.726490240959514],[-122.11724490402933,37.726480358093468],[-122.11723950172376,37.726470477028926],[-122.11723237822538,37.726460959332201],[-122.1172252472994,37.726451100193621],[-122.11721812384393,37.726441584297795],[-122.11721100039018,37.726432068401564],[-122.11720388440681,37.726422895748023],[-122.11719676842513,37.726413723094048],[-122.11718792386206,37.726404574167482],[-122.11718080788413,37.726395401512498],[-122.11717197192773,37.726386595812308],[-122.1171648622875,37.726377766415112],[-122.11715602520081,37.72636896072926],[-122.11714719558449,37.72636049828597],[-122.11713836597016,37.726352035841941],[-122.1171295438259,37.726343916640481],[-122.11711898563398,37.726335477921936],[-122.11711017096179,37.726327701962184],[-122.1170996202423,37.72631960648512],[-122.11709080557412,37.726311830523912],[-122.11708026232679,37.726304078288251],[-122.11706972654957,37.726296669294868],[-122.11705919077444,37.726289260300497],[-122.1170486624691,37.726282194548382],[-122.11703813414621,37.726275127894439],[-122.11702760473023,37.726268063056921],[-122.11701708501315,37.726261339628707],[-122.1170065641833,37.726254617116055],[-122.11699432226287,37.726248262471501],[-122.1169838077505,37.726241882314646],[-122.1169715732819,37.726235870010036],[-122.11696106739436,37.726229833979673],[-122.11694883519806,37.726223821641568],[-122.11693660708772,37.726218153493001],[-122.11692438754152,37.726212826769014],[-122.11691216801658,37.726207500944632],[-122.11690168453903,37.726202494638592],[-122.11638871880447,37.725990479107004],[-122.11638523066412,37.725989153581644],[-122.11636603087344,37.725980833359493],[-122.11634682135417,37.725972169922052],[-122.11632760664347,37.725963163207126],[-122.11630838970811,37.725954158321962],[-122.11628916750334,37.725944806555638],[-122.11626993561002,37.725935113375854],[-122.11625242596433,37.725925053219953],[-122.11623318775122,37.725915016775254],[-122.11621566318749,37.725904270127344],[-122.11585485379128,37.725691880669828],[-122.11518923900171,37.725297919401882],[-122.1151804843264,37.72529288924347],[-122.11516296006157,37.725282142437891],[-122.11514542947722,37.725271052370736],[-122.11512789662959,37.725259962332089],[-122.11511207856107,37.725248162091098],[-122.1150945319409,37.725236385545088],[-122.11507871388268,37.725224585299657],[-122.11506288091253,37.725212098565201],[-122.11504704794777,37.725199611828664],[-122.11503121496874,37.725187124189063],[-122.11501537457595,37.72517429510566],[-122.11499952675007,37.725161123677672],[-122.11498540740615,37.725147924948409],[-122.1149712806484,37.725134384775792],[-122.11495714643785,37.725120501358099],[-122.11494301223256,37.725106617938657],[-122.11492887803256,37.725092734517524],[-122.11484393125249,37.725002912329444],[-122.1148067666347,37.724963593649768],[-122.11476788840126,37.724924984236395],[-122.11472901768465,37.724886718954295],[-122.11468843110521,37.724849163868221],[-122.11464786401658,37.724812295192677],[-122.11460557360998,37.724775793467423],[-122.11456329929133,37.72473997819808],[-122.11451930052216,37.724704529892151],[-122.11447531897467,37.724669768025414],[-122.11442962387554,37.724635718118144],[-122.11438394365051,37.724602351076292],[-122.11433827841567,37.724569672305279],[-122.11429089213516,37.724537360445211],[-122.11427335326758,37.724525927019059],[-122.11399441478214,37.724340907815133],[-122.11398740487753,37.724336540357747],[-122.11397689091319,37.724330160831478],[-122.11396809916745,37.72432341436464],[-122.11395929997001,37.724316324653635],[-122.1139505082275,37.724309578185476],[-122.11393998049805,37.724302512153351],[-122.11393117385266,37.724295079196736],[-122.11392409574398,37.724287622559501],[-122.11391529137033,37.72428018957055],[-122.11390648246166,37.724272756643124],[-122.11389766837019,37.72426498044041],[-122.11389058281476,37.724257180557629],[-122.11388176872683,37.724249404353742],[-122.11387467572173,37.724241261226418],[-122.11386758271823,37.724233118098702],[-122.11386048971625,37.724224974970532],[-122.11385338926308,37.724216488598429],[-122.11384628879198,37.724208001324961],[-122.11383918836161,37.724199515852874],[-122.11383208791331,37.724191029479407],[-122.11382670854651,37.724182176183497],[-122.11381960064871,37.724173346565792],[-122.11381422128473,37.724164493269271],[-122.1138088419611,37.724155641774338],[-122.1138034551081,37.72414644343197],[-122.11379807578712,37.724137591936469],[-122.11379268893666,37.724128393593617],[-122.11341103333822,37.723432850834385],[-122.11339306160026,37.723401509162358],[-122.11337137435251,37.72335820127423],[-122.113349692312,37.723315236656468],[-122.11332972504178,37.723271561860471],[-122.11330975034487,37.723227543817131],[-122.11329150418112,37.723183502099488],[-122.11304304858939,37.722570253689526],[-122.11303939792903,37.72256137668834],[-122.11303575471838,37.722552842930625],[-122.11303211154761,37.722544310974655],[-122.11302846831907,37.72253577631583],[-122.11302309659696,37.722527265323627],[-122.11301946197275,37.722519074793539],[-122.11301409772119,37.722510907945484],[-122.11300872602219,37.722502397853475],[-122.11300508911276,37.722494206453057],[-122.11299973233285,37.722486383748908],[-122.11299436808577,37.722478216899873],[-122.11298728279554,37.722470416960483],[-122.11298192599958,37.722462593354578],[-122.11297656920473,37.72245476974841],[-122.11296948391859,37.722446969807933],[-122.11296413457467,37.722439489444852],[-122.11295705672011,37.722432031846374],[-122.11294997890614,37.722424576049256],[-122.11294462956579,37.722417095685252],[-122.11293755916373,37.722409981329264],[-122.11293048880206,37.722402868774672],[-122.11292341842221,37.722395755318686],[-122.11291461728425,37.722388665558519],[-122.11290755662387,37.722381895314221],[-122.11290049256228,37.722375125116059],[-122.11289170227954,37.722368378551266],[-122.11288464684203,37.722361953382112],[-122.11287586283714,37.722355548273541],[-122.11286708518671,37.722349488225298],[-122.11285830122385,37.722343084917135],[-122.11285125320049,37.722337001187846],[-122.11284248527043,37.72233128435041],[-122.1128337076256,37.72232522429961],[-122.11282493856416,37.722319507476385],[-122.11281444850154,37.722314159361652],[-122.11280568571732,37.722308783994393],[-122.11279692524188,37.722303410397167],[-122.11278643514441,37.722298060478096],[-122.11277768211916,37.722293030123176],[-122.11276720578552,37.722288366705335],[-122.11275845162854,37.722283336364498],[-122.11274797645119,37.722278673830289],[-122.11273750868341,37.722274352737067],[-122.11272876940529,37.722270007980462],[-122.11271830167901,37.722265688687337],[-122.11270784136208,37.722261710835149],[-122.11269737993165,37.722257733898452],[-122.11268692305852,37.722253757799642],[-122.11267646792375,37.722250123219425],[-122.11266602252496,37.722246832751814],[-122.11265556968009,37.722243199039575],[-122.11264513286433,37.722240251798304],[-122.1126346863341,37.722236961343448],[-122.11262251991782,37.722234038677605],[-122.11261208939779,37.722231433791734],[-122.11260165889803,37.722228829805864],[-122.1125894976236,37.722226248609573],[-122.11257907799413,37.722223988719691],[-122.11256865380901,37.722221727990117],[-122.11255650971798,37.722219834147651],[-122.11254609411483,37.722217916644261],[-122.11253395747143,37.722216366043234],[-122.11252354935488,37.722214793583348],[-122.11251142011974,37.722213584421901],[-122.11249929092411,37.72221237706102],[-122.11248889025507,37.722211147841811],[-122.11247676960147,37.72221028190495],[-122.11246637634019,37.722209394125656],[-122.11245426090395,37.722208873263078],[-122.11244387508921,37.722208328725536],[-122.11243176823352,37.72220815108885],[-122.1124196613974,37.722207974351818],[-122.11240929047473,37.722208116298653],[-122.112397191065,37.72220828190212],[-122.11238509908142,37.722208789847187],[-122.11237473333603,37.72220927506573],[-122.11236265108566,37.72221012712204],[-122.11235229391976,37.722210955566844],[-122.11234020940051,37.722211807651902],[-122.11232813232652,37.722213002979473],[-122.11231778487364,37.722214174633912],[-122.11230571524435,37.722215713202864],[-122.11229538154723,37.722217571358357],[-122.11228331193647,37.722219110825918],[-122.11227298339571,37.722221311353287],[-122.11226092234369,37.722223193145886],[-122.11225059608964,37.722225394541105],[-122.11223854879242,37.722227962834424],[-122.11222823000158,37.722230508372334],[-122.11221962590287,37.722232341949585],[-122.11172610900813,37.722357203941783],[-122.11172611650952,37.72235754988823],[-122.11171751869222,37.722359726688104],[-122.11170891233667,37.722361562060868],[-122.11170030709536,37.722363396516599],[-122.1116917029877,37.722365230956171],[-122.11168136812034,37.722367089073202],[-122.11167275543515,37.722368580283202],[-122.11166413644136,37.722369728233268],[-122.11165552262138,37.722371219457493],[-122.11164689505046,37.722372024178014],[-122.11163827492165,37.722373172141722],[-122.11162791772496,37.72237400052277],[-122.1116192912876,37.722374805225826],[-122.11161066371585,37.72237560994369],[-122.11160202870174,37.72237607141723],[-122.11159338624536,37.72237618964634],[-122.11158302273981,37.72237667476417],[-122.11157438028336,37.722376792991895],[-122.11156573038485,37.722376567975225],[-122.11155708792846,37.722376686201649],[-122.11154670953866,37.722376484828764],[-122.11153805219845,37.722375916566278],[-122.11152939485828,37.722375348303132],[-122.11152073638415,37.722374780054928],[-122.11151035395558,37.722374235388557],[-122.11150168690578,37.722373323910638],[-122.11149302212461,37.722372412401057],[-122.1114843499019,37.722371157647068],[-122.11147567767961,37.722369902892467],[-122.11146700545751,37.722368648137241],[-122.11145832579425,37.722367050137535],[-122.11144964613133,37.722365452137247],[-122.11143923051681,37.722363533635153],[-122.11143055087425,37.722361936534348],[-122.1114218637712,37.72235999528823],[-122.11141316695894,37.72235771082871],[-122.11140620317479,37.722355402663467],[-122.1113975086319,37.722353118171796],[-122.11138881408951,37.722350833679457],[-122.11138011210659,37.722348205942666],[-122.11137141012422,37.722345578205278],[-122.11136270070142,37.722342607223467],[-122.11135399127927,37.722339636240982],[-122.1113470103483,37.722336641615726],[-122.1113383009275,37.722333670632096],[-122.1113295840665,37.722330356403987],[-122.11132259569646,37.722327018533512],[-122.11131387139612,37.722323361060511],[-122.11130687558666,37.722319679945279],[-122.11129815128793,37.722316022471134],[-122.11129115547992,37.722312341354957],[-122.11128415223193,37.722308316994621],[-122.11127542049493,37.722304316274979],[-122.11126841722904,37.722300291012772],[-122.11126140656232,37.722295924308185],[-122.11125440329791,37.722291899045167],[-122.11124738517282,37.722287188195004],[-122.11124037337437,37.72228282150467],[-122.11123335636563,37.72227810973726],[-122.1112263382626,37.722273399786808],[-122.11121932012148,37.722268688034056],[-122.11121229456035,37.722263633938049],[-122.1112070049292,37.722258899445308],[-122.11119997825523,37.722253846264962],[-122.11119294637116,37.722248448007562],[-122.11118764818745,37.722243371186558],[-122.1111806163053,37.722237972928383],[-122.11117531066343,37.722232551962115],[-122.1111700072907,37.722227130964605],[-122.11116469421022,37.722221366754042],[-122.11115765491122,37.722215626151602],[-122.11115234183256,37.722209861940478],[-122.11114702988888,37.722204097713622],[-122.11114171908015,37.722198333471006],[-122.11113812705108,37.722192202376277],[-122.11113281624398,37.722186438133242],[-122.11112749572931,37.722180330677183],[-122.1111221763497,37.722174223205322],[-122.11111857915181,37.722167748835204],[-122.11111325863969,37.722161641378463],[-122.11110966144318,37.722155167008019],[-122.11110606197894,37.722148692668426],[-122.11110246478371,37.722142218297762],[-122.11109713683489,37.722135767596477],[-122.11109353850689,37.722129293241025],[-122.11108994131369,37.722122818869913],[-122.1110880628983,37.722115977647597],[-122.11108445713232,37.722109160047992],[-122.11108086107501,37.722102685661142],[-122.11107725417608,37.722095868076828],[-122.11107537803102,37.722089026823234],[-122.11107176255933,37.722081866010484],[-122.11106988528097,37.722075024772295],[-122.11104407211141,37.722000871794592],[-122.11104221715625,37.721995060287355],[-122.11104036220134,37.721989248780055],[-122.11103677132488,37.721983117666539],[-122.11103491637076,37.721977306159154],[-122.11103133293483,37.72197151828928],[-122.11102947796184,37.721965705880933],[-122.11102589454642,37.721959918911757],[-122.11102231111202,37.721954131041564],[-122.11102045615968,37.721948319533965],[-122.11101688016576,37.721942874907434],[-122.11101329673292,37.721937087036949],[-122.11100972073999,37.721931642410212],[-122.11100614474759,37.72192619778334],[-122.11100256875579,37.721920753156326],[-122.11099899276446,37.721915308529269],[-122.11099368829302,37.72190988753902],[-122.11099011974211,37.721904786155484],[-122.11098654379155,37.72189934332981],[-122.11098124672239,37.721894263781017],[-122.11097767817314,37.721889162397105],[-122.11097238114435,37.721884084649687],[-122.11096708411633,37.721879006902078],[-122.11096352527629,37.721874248730515],[-122.11095823342031,37.721869514257328],[-122.11095294383345,37.721864779752885],[-122.11094765424716,37.721860045248235],[-122.11094236468109,37.721855311644205],[-122.11093707505717,37.721850575337207],[-122.1109317929315,37.721846184976499],[-122.11092651076737,37.721841792813805],[-122.11091950012495,37.72183742428674],[-122.11091422547925,37.721833378970906],[-122.11090894329757,37.721828985906519],[-122.11090194013534,37.721824962424009],[-122.11089666541338,37.721820913503763],[-122.1108913981503,37.721817208728062],[-122.11088439497061,37.721813184343624],[-122.11087739923042,37.721809503202643],[-122.11087213198871,37.721805799326944],[-122.11086514140067,37.72180246055914],[-122.11085814793077,37.721798779385985],[-122.11085288810995,37.72179541785237],[-122.11084589981158,37.721792079953289],[-122.11083891151394,37.721788742053853],[-122.11083193065538,37.721785747397796],[-122.1108249497975,37.721782752741341],[-122.1108179689401,37.721779758084466],[-122.11081099552175,37.721777106671034],[-122.11080402096974,37.721774455272708],[-122.11079704868654,37.721771803842941],[-122.11079007526969,37.721769152428244],[-122.11078310929167,37.721766844256997],[-122.11077614331408,37.721764536085352],[-122.11076744885966,37.721762251546942],[-122.11076048288299,37.721759943374366],[-122.11075352434493,37.721757978445183],[-122.11074656694146,37.721756013500119],[-122.11073788623101,37.721754415462748],[-122.11073092769406,37.721752450532286],[-122.11072397663465,37.721750830647004],[-122.11071530445841,37.72174957403454],[-122.11070835336058,37.721747952346547],[-122.11069968122401,37.721746697534698],[-122.11069273756465,37.721745419089672],[-122.11068580134342,37.721744483888095],[-122.11067713664552,37.721743572318417],[-122.11067020042459,37.721742637115938],[-122.11066153570762,37.721741724644211],[-122.11065460467604,37.721741133616568],[-122.11064594855073,37.721740565272974],[-122.11063902947421,37.721740316525342],[-122.11063037851845,37.721740091455459],[-122.11062345717373,37.721739842737897],[-122.11061480735222,37.721739617651394],[-122.11060616383412,37.721739735823597],[-122.11059925106112,37.721739830332986],[-122.11059060867713,37.721739948488555],[-122.11058370220736,37.7217403862564],[-122.11057506612647,37.721740847670219],[-122.11056815965651,37.721741285437162],[-122.11055952470964,37.721741746834283],[-122.11055262681097,37.72174252782871],[-122.11054400560414,37.721743675727915],[-122.11053710883924,37.721744456705892],[-122.11052848649778,37.721745604619485],[-122.11052159490131,37.721746728871437],[-122.11051298339896,37.721748219981279],[-122.1105060906679,37.721749344247847],[-122.11049748546775,37.721751178615889],[-122.1104906013073,37.721752646109898],[-122.11048372458357,37.72175445684735],[-122.1104751194018,37.721756292114677],[-122.11046824265786,37.721758101950357],[-122.11046137336987,37.721760255930356],[-122.11045276816735,37.721762090295137],[-122.11044590631538,37.721764587518159],[-122.1104390370262,37.721766741496843],[-122.11043217517332,37.72176923871907],[-122.11042531558833,37.721771735909819],[-122.11041673042523,37.721774600034621],[-122.11040986857083,37.721777097255533],[-122.11040644136182,37.721778517487763],[-122.11033445280074,37.721807655884739],[-122.1103327414631,37.721808365968734],[-122.11032931198284,37.721809786229727],[-122.11032588705861,37.721811207329502],[-122.11032073134827,37.7218126502855],[-122.11031730415537,37.721814071416013],[-122.11031386948717,37.721815147500813],[-122.11031044227457,37.721816567730194],[-122.11030527914694,37.721817668342517],[-122.11030184449791,37.721818745327859],[-122.11029840984877,37.721819822313023],[-122.11029323928473,37.721820579680966],[-122.11028980463536,37.721821656665931],[-122.11028636254984,37.721822390406892],[-122.11028119944103,37.721823491919082],[-122.11027775735535,37.721824225659759],[-122.11027258679076,37.721824983026792],[-122.11026913726896,37.721825373523387],[-122.11026569516359,37.721826106362855],[-122.11026051716281,37.721826520485465],[-122.11025706764089,37.721826910981726],[-122.11025188963995,37.721827325103952],[-122.110248440118,37.7218277155999],[-122.110243262117,37.72182812972175],[-122.11023980515904,37.721828176973602],[-122.11023635561742,37.721828566568355],[-122.11023117018053,37.721828637445768],[-122.11022771095419,37.72182868472828],[-122.11022252551733,37.721828755605344],[-122.11021907082765,37.721828802825598],[-122.11021387797453,37.721828531359265],[-122.11021041358086,37.721828235366395],[-122.1102069566229,37.721828282617295],[-122.11020176375035,37.72182801024956],[-122.11019829192114,37.721827371012431],[-122.11019309904859,37.721827098644312],[-122.11018962723901,37.721826460307838],[-122.11018443436664,37.721826187939349],[-122.11018096253765,37.721825548701695],[-122.11017749070869,37.721824909463983],[-122.11017229038139,37.721824292950103],[-122.11016881111715,37.721823310468281],[-122.11016533928841,37.72182267123015],[-122.11016013154541,37.721821712372794],[-122.11015665228138,37.721820729890581],[-122.11015317301749,37.721819747408226],[-122.11014796527486,37.721818788550344],[-122.11014448601114,37.721817806067747],[-122.11014099933163,37.721816481242058],[-122.11013579158944,37.721815522383658],[-122.11013230487117,37.721814195755869],[-122.11012881817254,37.72181287002892],[-122.11012533147402,37.7218115443019],[-122.11012011402872,37.721810242229907],[-122.1101166221636,37.721808573227698],[-122.11011313546553,37.721807247500273],[-122.11010964246651,37.721805578513397],[-122.11010614723835,37.721803911359146],[-122.11010265306643,37.721802240585717],[-122.11009915893369,37.721800571613997],[-122.11009565736597,37.721798559398287],[-122.11009216325309,37.721796891327251],[-122.11008866166624,37.72179487821041],[-122.11008516753415,37.721793209238285],[-122.11008166596716,37.721791197022171],[-122.11007816326618,37.721789184821468],[-122.11007466283372,37.721787172589607],[-122.11007115383227,37.721784817129254],[-122.11006765113187,37.721782804928175],[-122.11006414213081,37.721780449467651],[-122.110062370177,37.721778413612093],[-122.11005886004214,37.721776058166895],[-122.11005535217588,37.721773702690548],[-122.11005184204149,37.721771347245152],[-122.11005006267278,37.721768969046458],[-122.11004655365342,37.721766612684448],[-122.11004303721886,37.721763913979366],[-122.11004125669699,37.721761534895073],[-122.11003773912864,37.721758836205353],[-122.11003595974125,37.721756457105492],[-122.11003244330756,37.721753758400098],[-122.11003065535137,37.721751036071751],[-122.11002713778399,37.721748337381726],[-122.11002534982809,37.721745615053308],[-122.11002356187237,37.721742892724841],[-122.11002003913919,37.721739850759654],[-122.11001825118377,37.721737128431137],[-122.1100164632285,37.721734406102641],[-122.1100146667044,37.721731340545666],[-122.11001287129513,37.72172827407222],[-122.11001108222564,37.72172555265999],[-122.1099395961448,37.721618032435906],[-122.10993956640709,37.721616659460267],[-122.10993245064772,37.721607486375952],[-122.10992707306656,37.721598632882852],[-122.10992168578397,37.721589436176551],[-122.10991629963686,37.721580239454475],[-122.10991264196414,37.721571019111046],[-122.10990725581949,37.721561822388551],[-122.10990359071464,37.721552258800862],[-122.10989819713825,37.721542718834016],[-122.10989453088177,37.721533154360678],[-122.1098908669336,37.721523591657999],[-122.10988720183273,37.72151402806972],[-122.10988353900105,37.721504464450419],[-122.1098798641996,37.721494557649038],[-122.10987620023572,37.721484994044914],[-122.10987425504116,37.72147506360723],[-122.10987231098134,37.721465133154048],[-122.10986863845164,37.721455226321218],[-122.10986669439312,37.721445295867866],[-122.10986475033505,37.721435365414436],[-122.10986280627753,37.72142543496102],[-122.10979706296992,37.721024274848716],[-122.10979704066878,37.721023245116861],[-122.10979512523173,37.721014687652925],[-122.1097948576186,37.721002330870604],[-122.10979285411221,37.720989654463686],[-122.10979085804021,37.720977321300644],[-122.10979059038893,37.720964962716451],[-122.1097885869038,37.72095228721026],[-122.10978831929195,37.720939930427811],[-122.10978804424654,37.720927230401415],[-122.10978777663487,37.720914873618902],[-122.10978923748091,37.72090249321711],[-122.10978896247451,37.720889794992416],[-122.10979042328083,37.720877412788752],[-122.10979188412566,37.720865032386833],[-122.1097933386705,37.720852308725426],[-122.10979479838022,37.720839928338926],[-122.10979625922354,37.720827547936899],[-122.10979772006642,37.720815167534823],[-122.10980090936413,37.72080276351322],[-122.10980409864119,37.720790358590598],[-122.10980729539001,37.720778298713682],[-122.10981048468442,37.720765894691766],[-122.1098136813921,37.720753833012814],[-122.10981687813778,37.720741773135543],[-122.10986233098755,37.720605187163009],[-122.10986712977197,37.720587267615251],[-122.1098736633037,37.720569667706272],[-122.10987846208309,37.720551748157959],[-122.1098815335063,37.720533850412792],[-122.10988633230089,37.720515931764986],[-122.10988940262561,37.720498035836812],[-122.10989247294886,37.720480139908503],[-122.10989553585598,37.720461901636988],[-122.10989859872257,37.720443661563543],[-122.10989994059487,37.720425789255742],[-122.10990127616657,37.720407573688476],[-122.10990260946924,37.720389358152083],[-122.10990394390548,37.720371142600115],[-122.10990527834102,37.720352927048076],[-122.10990488433161,37.720334735117],[-122.10990449032236,37.720316543185909],[-122.10990409631329,37.720298351254698],[-122.1099019738614,37.720280182944393],[-122.10990157985313,37.720261991013103],[-122.10989945740283,37.720243822702642],[-122.10989733608774,37.720225654376648],[-122.10989348406397,37.720207509702369],[-122.10989136905135,37.720189684635606],[-122.10988751816508,37.720171539945518],[-122.10988367471468,37.720153738499278],[-122.10987809539238,37.720135617429449],[-122.10987425194618,37.720117815982768],[-122.10987046053947,37.720102417243893],[-122.10968402146766,37.719476984039417],[-122.1096840177219,37.719476811066066],[-122.10967850170887,37.719461608910549],[-122.1096747103762,37.719446210163753],[-122.10966919062166,37.719430835034373],[-122.1096636782828,37.719415802247852],[-122.10965643756249,37.719400794880166],[-122.10965092524803,37.719385762993902],[-122.10964368451371,37.719370754724466],[-122.10963645121508,37.719356089698593],[-122.10962921791942,37.719341424672265],[-122.1096219857607,37.719326759629951],[-122.10961303034858,37.719312461478964],[-122.10960579706169,37.71929779645108],[-122.10959685022294,37.71928384152735],[-122.10958789595493,37.71926954335887],[-122.10957894912293,37.719255588433725],[-122.10956827387528,37.719241657123916],[-122.10955933448275,37.719228045441277],[-122.10954866667505,37.719214457373695],[-122.10953799887128,37.719200869305133],[-122.10952733623544,37.719187624510624],[-122.10951667927402,37.719174379637636],[-122.10950429679492,37.71916150168488],[-122.10949364271745,37.719148599214932],[-122.1094812699469,37.719136064472785],[-122.10946889604644,37.719123529744785],[-122.10945652958202,37.719111338259566],[-122.10944416312172,37.71909914677299],[-122.10943179666549,37.719086955285128],[-122.10941770696158,37.719075130684828],[-122.1094036292304,37.719063649264967],[-122.10938954923532,37.719052167874416],[-122.1093772050905,37.719041006112946],[-122.10936140298696,37.719029891591795],[-122.10934733786765,37.719019096684292],[-122.10933328016424,37.719008644118276],[-122.1087082026617,37.718566025812649],[-122.10868712754321,37.71855086306504],[-122.10866433145857,37.718536067160613],[-122.10864153542201,37.718521273053547],[-122.10861875417261,37.718507161826729],[-122.1085959803987,37.718493395641481],[-122.10857320663332,37.718479629451778],[-122.10854871190266,37.718466230102933],[-122.10852423203602,37.718453517237293],[-122.1085014805785,37.718440780766201],[-122.10847700813616,37.718428410233976],[-122.10845082219521,37.718416751586538],[-122.10842636350883,37.718405068448483],[-122.10840191452539,37.718393728518571],[-122.10837574344275,37.718382755441837],[-122.10834958722135,37.718372468847619],[-122.10832343100714,37.718362182247589],[-122.10831297149414,37.718358204903652],[-122.10810379743486,37.718279343400809],[-122.10809158502281,37.718274360830947],[-122.10806543630432,37.718264417417728],[-122.10804100856404,37.718254107160774],[-122.10801484498948,37.718243476346899],[-122.10799040354708,37.718232479575526],[-122.10796595241862,37.718221139585786],[-122.10794149500694,37.718209456331266],[-122.10791875857346,37.718197406235561],[-122.10789428632768,37.718185036482708],[-122.10787153506023,37.718172299889396],[-122.10784704796231,37.718159242737336],[-122.10782428188173,37.718145820547257],[-122.10780150836563,37.718132054207615],[-122.10778046325154,37.718118264273727],[-122.10775767490401,37.718103811437075],[-122.10773661495817,37.71808933500683],[-122.1077155475968,37.718074515328482],[-122.10769447168596,37.718059352417605],[-122.10767338949421,37.718043846243191],[-122.10765402831812,37.718027975034538],[-122.10763293981547,37.718012123791262],[-122.1076135626366,37.717995564301049],[-122.10759418773455,37.717979004776616],[-122.10757653896287,37.717962421693123],[-122.10755714809748,37.717945175689529],[-122.10753948563024,37.717927906096328],[-122.10752181574829,37.71791029325621],[-122.10750413845197,37.717892337169118],[-122.10748646116416,37.717874381079312],[-122.1074705048692,37.717856059058185],[-122.10745454110106,37.717837391087862],[-122.10675390184622,37.717017425992928],[-122.10643639286359,37.716645448730659],[-122.10616154815283,37.716247481341817],[-122.10591510648669,37.716043803048457],[-122.10584658133705,37.71599289204984],[-122.10577807856416,37.715943012546241],[-122.10570959804829,37.715894159132262],[-122.10563767580666,37.715846041085754],[-122.10556577589914,37.715798952728512],[-122.10549389832258,37.715752894060543],[-122.10547286913648,37.715739790198263],[-122.10539756465036,37.715695151561057],[-122.10532227394575,37.715651199379963],[-122.10528200333374,37.715627713992937],[-122.10523982020334,37.71559566921399],[-122.10522750578923,37.715585880906069],[-122.10520814573654,37.715570007487457],[-122.10518877086838,37.715553447576482],[-122.10516939600882,37.715536887662317],[-122.1051517420801,37.715519960949081],[-122.10513235241429,37.715502714539653],[-122.1051146836791,37.71548510133168],[-122.10509701495224,37.715467488121],[-122.10507933882239,37.71544953166309],[-122.10506339103294,37.715431551652514],[-122.10505980096617,37.715425420350364],[-122.10504732467176,37.715408079726728],[-122.10503484210602,37.715390395841709],[-122.1050240781975,37.715372345192272],[-122.10501331542831,37.715354294526342],[-122.10500255266429,37.715336243859383],[-122.10499178249462,37.7153178499468],[-122.10498101233026,37.7152994560332],[-122.10497196308877,37.715280695325355],[-122.10496291385189,37.715261934616784],[-122.10495386461949,37.715243173907446],[-122.10494653630808,37.715224046404487],[-122.10493920573229,37.71520491893196],[-122.10493187969661,37.715185791397076],[-122.10492454396636,37.715166319747105],[-122.10491721567007,37.715147192242128],[-122.10491160829191,37.715127697944283],[-122.10489836138986,37.715074659867142],[-122.10489660342431,37.715073310436388],[-122.10489657378233,37.715071937458021],[-122.10489654414035,37.715070564479667],[-122.10489651449842,37.715069191501307],[-122.10489648485645,37.715067818522947],[-122.10489472689103,37.715066469092129],[-122.10489469724914,37.715065096113769],[-122.1048946676072,37.715063723135394],[-122.10489463798474,37.715062351057966],[-122.10489460832336,37.715060977178723],[-122.10489457868147,37.715059604200363],[-122.10489454903956,37.71505823122201],[-122.10489451939763,37.715056858243649],[-122.10489448977519,37.715055486166207],[-122.1048944601138,37.715054112286943],[-122.10489443047192,37.715052739308554],[-122.10489439341953,37.715051023085643],[-122.10489436377759,37.715049650107289],[-122.10489433413569,37.715048277128922],[-122.10489430449381,37.715046904150547],[-122.1048942748519,37.715045531172237],[-122.10489424521001,37.715044158193876],[-122.10489594389099,37.715042761668023],[-122.10489591424904,37.715041388689635],[-122.10489588460715,37.715040015711288],[-122.10489585496521,37.715038642732921],[-122.10489582532328,37.715037269754546],[-122.1048975240041,37.715035873228643],[-122.10489750177264,37.715034843494891],[-122.10489747213069,37.715033470516545],[-122.10489744248872,37.715032097538177],[-122.10489914114989,37.715030700111356],[-122.10489911152735,37.715029328033886],[-122.10489908188534,37.715027955055533],[-122.10490078054646,37.715026557628683],[-122.10490075833438,37.715025528795842],[-122.10490072869237,37.715024155817474],[-122.10490242737279,37.715022759291493],[-122.10490239773074,37.71502138631314],[-122.10490410382158,37.715020333031703],[-122.10490407417953,37.715018960053342],[-122.1049057802703,37.715017906771955],[-122.10490575062818,37.715016533793566],[-122.10490745671888,37.715015480512101],[-122.10490742707677,37.715014107533754],[-122.10490913316737,37.715013054252275],[-122.1049091035252,37.715011681273943],[-122.1049108096157,37.715010627992399],[-122.10491077997354,37.715009255014031],[-122.1049124860445,37.715008200831605],[-122.10491419215433,37.715007148450965],[-122.10491416992261,37.715006118717191],[-122.10491586860239,37.715004722191019],[-122.10491584637067,37.71500369245728],[-122.10491755246093,37.715002639175658],[-122.10491925968519,37.715001585878561],[-122.10491923745342,37.715000556144815],[-122.10492094240949,37.714999502878605],[-122.10492264849958,37.714998449596919],[-122.10492436313427,37.714997739544366],[-122.10492434090246,37.714996709810585],[-122.10492604589726,37.714995658346133],[-122.10492775194827,37.714994603262568],[-122.10492946318062,37.714993893256278],[-122.10492944094872,37.714992863522546],[-122.1049311567173,37.714992153454389],[-122.10493286280708,37.714991100172604],[-122.10493457403933,37.7149903901662],[-122.10493627492809,37.714988990906093],[-122.10493626757581,37.714988650364248],[-122.10493798107608,37.714987940326949],[-122.10493969457632,37.71498723028958],[-122.10494140807657,37.714986520252253],[-122.10494311414661,37.714985466069365],[-122.10494482766622,37.714984756932871],[-122.1045921417376,37.715025534602319],[-122.10459648464919,37.715025553845166],[-122.10461382714847,37.715028064369442],[-122.10462948578171,37.715032657902391],[-122.10464519628222,37.715039654145514],[-122.10465922291898,37.715048733398241],[-122.10466982995969,37.715059575960709],[-122.10467873831779,37.715071815045022],[-122.104685933174,37.715084764162249],[-122.10471015746731,37.715165807051697],[-122.1047669366632,37.715313359713015],[-122.1048889760292,37.715520794494054],[-122.10490668177235,37.715540123958611],[-122.10492613809159,37.715560459606138],[-122.10494559442152,37.715580795250403],[-122.10496503594037,37.715600444402256],[-122.10498620580582,37.715620070001989],[-122.10500736087974,37.715639010009696],[-122.10502851594499,37.715657949112632],[-122.10504966360979,37.715676544967138],[-122.10507253962312,37.715695117267735],[-122.10509540082501,37.715713003074718],[-122.10509540823647,37.715713346319262],[-122.10530292608753,37.715876011033949],[-122.10562826691395,37.716130803694938],[-122.10570919560756,37.716195622911911],[-122.10626550755347,37.716738078896647],[-122.10658301607673,37.717110056613983],[-122.10728365433913,37.717930023613945],[-122.10730139838812,37.717951068932514],[-122.10731912760323,37.717971427759814],[-122.10733859264084,37.717992106245262],[-122.10735804284489,37.718012098238894],[-122.10737922145111,37.718032066645343],[-122.10739865683185,37.718051372143613],[-122.10741982061521,37.718070654054124],[-122.10744097698705,37.718089592716446],[-122.10746213450378,37.718108531359498],[-122.10748500444541,37.718126759940134],[-122.10750787439832,37.718144988516279],[-122.10753072951657,37.718162530599407],[-122.10755358464552,37.718180072678088],[-122.10757643236212,37.718197271508032],[-122.10760099363844,37.718213760257797],[-122.10762555492576,37.718230249002417],[-122.10765010880037,37.718246394497619],[-122.10767465526204,37.718262196743446],[-122.10770092270759,37.718277632151221],[-122.10772545434261,37.718292747897891],[-122.10775170698105,37.718307497706697],[-122.10777795218627,37.718321903364455],[-122.10780591095168,37.718335598937735],[-122.1078321413286,37.718349318094972],[-122.10786008526534,37.71836232716683],[-122.10788802921182,37.718375336232114],[-122.10791595831864,37.718387658802243],[-122.1079438874347,37.718399981365756],[-122.10797180170991,37.718411617434221],[-122.10799970856874,37.718422910251846],[-122.10801538297675,37.718428189820671],[-122.10822456703599,37.718507393790908],[-122.1082332833103,37.718510708250747],[-122.1082559530535,37.718519669087463],[-122.10827862280212,37.71852862991981],[-122.10830130740938,37.718538277236114],[-122.10832399944913,37.718548267792258],[-122.1083449630915,37.718558281942144],[-122.10836766257015,37.718568615734007],[-122.10838864107799,37.718579316364441],[-122.108409627019,37.718590360235282],[-122.10843062039338,37.718601747346561],[-122.10845162120141,37.718613477698234],[-122.10847262201614,37.718625208046113],[-122.10849190928704,37.718637648478882],[-122.10851119656441,37.718650088908426],[-122.10853221225408,37.718662505733967],[-122.10855151440009,37.71867563264523],[-122.1085708165529,37.718688759553217],[-122.10919416700651,37.719131403075075],[-122.1092064591232,37.7191401621469],[-122.10921875124284,37.719148921217425],[-122.10923105079632,37.719158023530724],[-122.10924162193534,37.719167149454009],[-122.10925392892558,37.719176595008967],[-122.10926450752073,37.719186065075213],[-122.10927509353003,37.719195877483592],[-122.10928567954218,37.719205689891076],[-122.10929626555718,37.719215502297551],[-122.10930685900618,37.719225657947156],[-122.10931572403911,37.719235837208146],[-122.10932632492508,37.719246336100078],[-122.10933519739451,37.7192568586036],[-122.10934406986652,37.719267381106498],[-122.10935467819242,37.719278223239868],[-122.10936355810128,37.719289088985377],[-122.10937070959223,37.719299978343315],[-122.1093795969376,37.719311187331613],[-122.10938848428565,37.719322396319164],[-122.10939564321517,37.719333628919642],[-122.10940280957853,37.719345204763691],[-122.10940997594416,37.719356780607342],[-122.10941714231201,37.719368356450445],[-122.10942430868209,37.719379932293137],[-122.10943148248623,37.719391851379456],[-122.10943692786988,37.71940379407944],[-122.10944410167842,37.719415713164906],[-122.10944955449771,37.719427999108312],[-122.10945500731891,37.719440285051448],[-122.10946045270985,37.71945222775026],[-122.1094641845423,37.719464880551484],[-122.10946963736863,37.719477166493881],[-122.10947336177188,37.719489476050668],[-122.10947882203359,37.719502105236629],[-122.10948255387169,37.719514758037121],[-122.10966726290334,37.720140215174155],[-122.10967100223858,37.720153211211432],[-122.10967478617354,37.720168266712548],[-122.10967857011003,37.720183322213543],[-122.10968235404805,37.720198377714389],[-122.10968614542072,37.720213776459033],[-122.10968820091979,37.72022885557741],[-122.10969025641975,37.720243934695695],[-122.10969231935373,37.720259357057884],[-122.10969437485541,37.720274436175963],[-122.10969470934771,37.720289882155946],[-122.10969677228387,37.720305304517993],[-122.10969709934359,37.720320407253865],[-122.10969743383667,37.720335853233699],[-122.10969776832988,37.720351299213519],[-122.10969636694487,37.720366425567228],[-122.10969670143801,37.720381871546977],[-122.10969530005221,37.720396997900615],[-122.10969390609903,37.7204124674982],[-122.10969250471209,37.720427593851745],[-122.10968938231086,37.720443087067054],[-122.10968798092242,37.72045821342045],[-122.10968485108576,37.720473363391541],[-122.10968172124787,37.720488513362575],[-122.10967859140868,37.720503663333439],[-122.10967546156824,37.720518813304238],[-122.10967059586388,37.72053364454937],[-122.10966573013806,37.72054847489332],[-122.10966087184339,37.720563648481097],[-122.10961714710177,37.72070021076005],[-122.10961228135439,37.72071504110145],[-122.10960742303786,37.720730214686597],[-122.10960428574057,37.720745021410913],[-122.10959942742049,37.720760194995655],[-122.1095962975531,37.720775344963727],[-122.10959316768442,37.72079049493162],[-122.10959003781447,37.72080564489945],[-122.10958864383173,37.720821114494747],[-122.10958551395957,37.720836264462314],[-122.10958411997532,37.72085173405749],[-122.10958271855777,37.720866860408684],[-122.10958132457233,37.720882330003761],[-122.10958165904387,37.720897775982522],[-122.10958026505766,37.720913245577528],[-122.10958059952911,37.720928691556225],[-122.109580926568,37.720943794290932],[-122.10958126103971,37.720959240269565],[-122.10958332397094,37.720974662631889],[-122.1095836584628,37.720990109511334],[-122.10958571396262,37.721005188629576],[-122.10958777689603,37.721020610991722],[-122.10958983983029,37.721036033353791],[-122.10959179870672,37.721046650300288],[-122.10959194241346,37.721046633016897],[-122.10965751976124,37.721446780778429],[-122.10965952325682,37.721459457186711],[-122.10966153418626,37.721472476838883],[-122.10966526615437,37.721485129629613],[-122.10966899812375,37.721497782420172],[-122.10967100162273,37.721510458828163],[-122.10967473359435,37.721523111618488],[-122.10967846556731,37.721535764408678],[-122.10968391858088,37.721548050337098],[-122.10968765055665,37.721560703126926],[-122.10969310357359,37.721572989054799],[-122.10969682811889,37.721585298600388],[-122.10970228113908,37.721597584527842],[-122.1097077341612,37.721609870454984],[-122.10971490822598,37.721621789519752],[-122.10972035381849,37.72163373220237],[-122.10972752788767,37.721645651266279],[-122.10973297348397,37.721657593948287],[-122.10974014012392,37.721669169767509],[-122.10974731419965,37.721681088830202],[-122.10975448084407,37.721692664648472],[-122.10975624648799,37.721694357249262],[-122.10982599986714,37.721801557912691],[-122.10982958320106,37.721807345819386],[-122.10983315910151,37.721812790482076],[-122.10983846348135,37.721818211524635],[-122.10984203194903,37.721823312943172],[-122.10984560785123,37.721828757605429],[-122.1098509047991,37.721833835403544],[-122.10985447326834,37.721838936821626],[-122.10985977021754,37.721844014619286],[-122.10986333868793,37.72184911603717],[-122.10986863563845,37.721854193834439],[-122.10987392515554,37.721858928387562],[-122.10987922210754,37.72186400618434],[-122.10988278314602,37.721868764357701],[-122.10988807268453,37.721873499811061],[-122.10989335477005,37.721877891119419],[-122.10989864429042,37.721882625671419],[-122.10990392637714,37.721887016979288],[-122.10991093694508,37.721891384665838],[-122.10991621903321,37.721895775973174],[-122.10992149368751,37.721899824036306],[-122.10992677577687,37.721904215343145],[-122.10993377891336,37.721908239784455],[-122.10993905356949,37.721912287846862],[-122.1099460567074,37.721916312287377],[-122.1099513239303,37.721920017105319],[-122.10995831963506,37.721923698301254],[-122.10996358685912,37.721927403118649],[-122.10997058256513,37.721931084313816],[-122.10997757083724,37.721934422264717],[-122.10998455910993,37.721937760215198],[-122.10998981890161,37.72194112178753],[-122.10999680717553,37.72194445973728],[-122.11000378801526,37.721947454442713],[-122.1100107688556,37.721950449147727],[-122.11001774969645,37.721953443852357],[-122.11002472310311,37.721956095312692],[-122.11003169651016,37.721958746772586],[-122.11003866991777,37.721961398232018],[-122.11004564332589,37.721964049691117],[-122.11005260929946,37.721966357905913],[-122.1100613037558,37.721968642496961],[-122.11006826973032,37.721970950710826],[-122.11007523570527,37.721973258924237],[-122.11008219424551,37.721975223893409],[-122.11009088126863,37.721977165238414],[-122.11009783237445,37.721978786962758],[-122.11010479091586,37.721980751930552],[-122.11011347050493,37.721982350030054],[-122.11012041417646,37.72198362850915],[-122.11012736528356,37.721985250231775],[-122.11013603743825,37.721986505085646],[-122.11014297367515,37.721987440319602],[-122.1101516458304,37.721988695172378],[-122.11015858206768,37.721989630405396],[-122.11016724678795,37.72199054201311],[-122.11017417559003,37.721991134001335],[-122.11018284031069,37.721992045607927],[-122.11018976167747,37.721992294351352],[-122.11019841896271,37.721992862712931],[-122.11020534032964,37.721993111455433],[-122.11021399017937,37.721993336572048],[-122.11022091154641,37.721993585313619],[-122.11022955396039,37.721993467185186],[-122.11023646789165,37.721993372681972],[-122.11024511030561,37.72199325455238],[-122.11025201680093,37.721992816804416],[-122.11026065177886,37.721992355429798],[-122.11026928675673,37.72199189405459],[-122.11027618581569,37.721991113061335],[-122.11028481335731,37.721990308441079],[-122.11029171241594,37.721989527446937],[-122.11030033252104,37.721988379581688],[-122.11030723157934,37.721987598586566],[-122.11031411576519,37.72198613110335],[-122.1103227358695,37.721984983236496],[-122.11032962005477,37.721983515752356],[-122.11033823272223,37.721982024640475],[-122.11034511690696,37.721980557155433],[-122.11035372213736,37.721978722798561],[-122.11036059888505,37.721976912068769],[-122.11036746933011,37.72197475807917],[-122.11037607455933,37.721972923720699],[-122.11038294386941,37.721970769745688],[-122.11038981317905,37.721968615770336],[-122.11039667505179,37.721966118550704],[-122.11040526540604,37.72196359770232],[-122.1104121272778,37.721961100481757],[-122.11041898914901,37.721958603260816],[-122.11042584358312,37.721955762795631],[-122.11042927823668,37.721954685806708],[-122.1105012571976,37.72192520413963],[-122.1105029708046,37.721924494022147],[-122.11050639801853,37.721923073787181],[-122.11050982523236,37.721921653552059],[-122.11051498092701,37.721920209686921],[-122.11051841557766,37.721919132695426],[-122.11052184279104,37.721917712459963],[-122.11052700592238,37.721916611838203],[-122.11053044057267,37.721915534846318],[-122.11053387522288,37.721914457854361],[-122.11053903835383,37.721913357232054],[-122.11054247300382,37.721912280239856],[-122.1105459150909,37.721911546491377],[-122.11055107822149,37.721910445868559],[-122.11055452030845,37.721909712119825],[-122.11055796239536,37.721908978371069],[-122.11056313296285,37.721908220991487],[-122.11056657504962,37.721907487242476],[-122.11057175305436,37.721907073106436],[-122.11057519514091,37.721906339357091],[-122.11057864466483,37.72190594885155],[-122.11058382266943,37.721905534714999],[-122.11058727219326,37.721905144209209],[-122.11059245763516,37.721905073316073],[-122.11059590715895,37.721904682810006],[-122.11060109260085,37.721904611916514],[-122.1106045495621,37.721904564654039],[-122.11060800652332,37.721904517391508],[-122.11061319196517,37.721904446497476],[-122.11061664892641,37.721904399234667],[-122.11062184180582,37.721904671584142],[-122.11062529876708,37.721904624321084],[-122.11063049164656,37.721904896670125],[-122.11063395604549,37.721905192650638],[-122.11063914892502,37.721905464999338],[-122.11064262076168,37.721906104223478],[-122.1106460851607,37.72190640020365],[-122.11065128547813,37.721907015795637],[-122.11065475731493,37.721907655019415],[-122.11065995763256,37.721908270611024],[-122.11066342946953,37.721908909834553],[-122.11066690130657,37.721909549057976],[-122.11067210906221,37.721910507892886],[-122.11067558833726,37.721911490359922],[-122.11067906017452,37.721912129582954],[-122.11068426793052,37.721913088417359],[-122.11068775464375,37.721914414127859],[-122.11069123391916,37.721915396594362],[-122.11069644167557,37.721916355428242],[-122.11069992838918,37.721917681138365],[-122.11070341510286,37.721919006848402],[-122.11070690181674,37.721920332558319],[-122.11071211701169,37.721921634635294],[-122.11071560372585,37.721922960344955],[-122.11071909787813,37.721924629298364],[-122.11072258459251,37.721925955007833],[-122.11072607874515,37.721927623961015],[-122.11072957289791,37.721929292914176],[-122.11073306705083,37.721930961867137],[-122.11073656120388,37.721932630820007],[-122.11074178383838,37.721934276139528],[-122.11074528543003,37.721936288336011],[-122.11074877958363,37.721937957288503],[-122.11075228117556,37.721939969484801],[-122.1107540542863,37.721942005314411],[-122.11075755587862,37.721944017510474],[-122.11076105747111,37.721946029706501],[-122.11076456650208,37.721948385146199],[-122.11076806809493,37.721950397342034],[-122.11077156968804,37.721952409537685],[-122.11077507871961,37.721954764977113],[-122.11077685926965,37.721957144050215],[-122.11078036830163,37.721959499489486],[-122.1107838773338,37.721961854928615],[-122.11078565788426,37.721964234001589],[-122.11078916691686,37.721966589440555],[-122.11079268338808,37.721969288123297],[-122.11079446393903,37.721971667196151],[-122.11079798041064,37.721974365878694],[-122.11079976096187,37.721976744951455],[-122.11080327743396,37.721979443633856],[-122.11080506542395,37.721982165950358],[-122.11080858189648,37.721984864632581],[-122.11081036988679,37.721987586949005],[-122.11081215787723,37.721990309265387],[-122.11081568178886,37.721993351191273],[-122.11081746977965,37.72199607350759],[-122.11081925777054,37.721998795823886],[-122.1108210532001,37.722001861383966],[-122.11082284862982,37.722004926944024],[-122.11082636510409,37.722007625625686],[-122.11082816053415,37.722010691185645],[-122.11082995596436,37.722013756745596],[-122.11083175139468,37.722016822305527],[-122.11083354682521,37.722019887865386],[-122.11083534225585,37.72202295342526],[-122.1108354092033,37.722026042619731],[-122.11083720463418,37.722029108179576],[-122.11083900750384,37.722032516983248],[-122.11084080293504,37.722035582543008],[-122.1108425983664,37.722038648102718],[-122.11084267275277,37.722042080541037],[-122.11084446818438,37.72204514610074],[-122.11087028117011,37.722119299121601],[-122.11087394642733,37.722128862678311],[-122.11087761168551,37.722138426234906],[-122.11088127694457,37.722147989791317],[-122.11088494220463,37.722157553347614],[-122.11089033595226,37.722167093268368],[-122.11089399377553,37.722176313580555],[-122.11089938752568,37.722185853500889],[-122.11090477383829,37.722195050177135],[-122.11090843166471,37.722204270488795],[-122.11091381797979,37.7222134671646],[-122.11092092534504,37.722222296960403],[-122.11092631166294,37.722231493635583],[-122.11093169054308,37.72224034706673],[-122.11093706942454,37.722249200497586],[-122.11094417049104,37.722257687032645],[-122.11095127786417,37.722266516826565],[-122.11095837779978,37.722275003376275],[-122.11096374924767,37.722283513562076],[-122.11097084174706,37.722291656867164],[-122.11097793424803,37.722299800171825],[-122.11098675524036,37.722307919839245],[-122.11099384776418,37.722316064043795],[-122.11100094026992,37.72232420734705],[-122.11100975382833,37.72233198376891],[-122.111018559949,37.722339416946241],[-122.11102564502025,37.722347217004199],[-122.11103445114433,37.722354650180328],[-122.1110432572702,37.722362083355847],[-122.1110520559582,37.722369173286808],[-122.11106085464787,37.722376263217193],[-122.11106965333917,37.722383353146888],[-122.11108017308423,37.722390076193882],[-122.11108896433923,37.722396822878316],[-122.11109775559585,37.722403569562069],[-122.11110826790637,37.722409949362778],[-122.11111878021866,37.722416329162499],[-122.11112755660031,37.722422389356446],[-122.11113806147601,37.72242842591065],[-122.11114856635341,37.72243446246393],[-122.11115906379243,37.722440155772496],[-122.11116956123297,37.722445849080096],[-122.11118005123488,37.722451199142981],[-122.11119054123839,37.722456549204907],[-122.11120103124335,37.722461899265923],[-122.11121324230292,37.722466882442014],[-122.11122372487056,37.722471889257207],[-122.1112341999991,37.722476552827672],[-122.11124640362277,37.722481192756604],[-122.11125687131347,37.722485513081232],[-122.11126906749935,37.722489809763978],[-122.11128125624597,37.722493763201705],[-122.11129171649968,37.722497740279515],[-122.11130389780801,37.72250135047107],[-122.11131607911749,37.722504960661411],[-122.11132826042814,37.722508570850465],[-122.11134043429901,37.722511837794485],[-122.11135087223535,37.722514785135694],[-122.11136303866711,37.722517708833628],[-122.11137520509983,37.722520632530262],[-122.11138736409234,37.722523212981898],[-122.11140125158053,37.722525769789371],[-122.11141340313343,37.72252800699453],[-122.1114255472457,37.722529900954704],[-122.11143769135859,37.722531794913614],[-122.11144983547211,37.722533688871231],[-122.11146197214472,37.72253523958392],[-122.11147583731284,37.722536766651267],[-122.11148796654476,37.722537974117472],[-122.11150008833539,37.722538838338629],[-122.11151221012634,37.722539702558599],[-122.1115260615468,37.722540543117027],[-122.11153817589636,37.722541064090507],[-122.11155028280422,37.722541241819009],[-122.11156411820718,37.722541395900926],[-122.11157622511509,37.722541573626827],[-122.11158832458091,37.722541408107666],[-122.11160214509961,37.722540875697611],[-122.11161423712301,37.722540366932051],[-122.11162632914629,37.722539858165213],[-122.11164014222204,37.722538982507018],[-122.11165221936007,37.722537787250012],[-122.11166429649766,37.722536591991791],[-122.11167809468725,37.72253502984158],[-122.11169016438143,37.722533491336975],[-122.11170223407505,37.722531952831162],[-122.11171428888275,37.722529727836537],[-122.11172635113252,37.722527846084482],[-122.11174013443359,37.722525597439535],[-122.11175218179622,37.722523029197319],[-122.11176422915804,37.722520460953888],[-122.11177626907606,37.722517549465451],[-122.11178830899308,37.722514637975799],[-122.11178829410699,37.722513951488345],[-122.11228181934425,37.722389430680721],[-122.11228871097359,37.722388306325961],[-122.112295587712,37.722386495483299],[-122.11230246445007,37.722384684640289],[-122.11231107712449,37.722383193384275],[-122.11231796130734,37.722381725784111],[-122.11232658142664,37.722380577770672],[-122.11233347305448,37.72237945341324],[-122.1123420931733,37.722378305398713],[-122.1123489848007,37.722377181040393],[-122.11235761236465,37.722376376268407],[-122.11236451143733,37.722375595152918],[-122.11237313900095,37.72237479037986],[-122.11238004551912,37.722374352507096],[-122.11238867308238,37.722373547732872],[-122.11239558704619,37.722373453102975],[-122.1124042220551,37.722372991571305],[-122.11241113601882,37.722372896940499],[-122.11241977847354,37.722372778651398],[-122.1124266998832,37.72237302726338],[-122.11243534978389,37.722373252216826],[-122.11244227119366,37.722373500827914],[-122.11245092109449,37.722373725780287],[-122.11245784995047,37.722374317634113],[-122.11246650729763,37.722374885828998],[-122.11247344360004,37.722375820925649],[-122.11248210094747,37.722376389119432],[-122.11248903725023,37.722377324215124],[-122.11249770949057,37.722378578895167],[-122.11250464579373,37.722379513989992],[-122.11251331803457,37.722380768668877],[-122.11252026923108,37.722382390250161],[-122.11252894147249,37.722383644927909],[-122.11253589266956,37.722385266508255],[-122.11254284386686,37.722386888088259],[-122.11255153100235,37.722388829251685],[-122.11255848964696,37.722390794074471],[-122.11256544829196,37.72239275889681],[-122.11257240693729,37.722394723718715],[-122.11258110152116,37.722397008123707],[-122.11258806761406,37.72239931618838],[-122.11259503370741,37.722401624252683],[-122.11260200724794,37.72240427556028],[-122.11260898078903,37.72240692686745],[-122.11261595433062,37.722409578174158],[-122.11262292787265,37.722412229480511],[-122.11262990886212,37.722415224030108],[-122.11263688985215,37.722418218579321],[-122.1126438708428,37.722421213128086],[-122.11265086041519,37.722424550904613],[-122.11265784140691,37.722427545452589],[-122.11266483729347,37.722431226487544],[-122.11267009724122,37.722434587939908],[-122.11267708568187,37.722437925730397],[-122.11268408157032,37.722441606764185],[-122.11268934896691,37.722445311459381],[-122.11269635230391,37.722449335736101],[-122.11270161970164,37.722453040430757],[-122.11270862304004,37.722457064706795],[-122.11271389788631,37.722461112644588],[-122.11271917273309,37.722465160582111],[-122.11272618352098,37.722469528100746],[-122.11273146581648,37.722473919281441],[-122.11273674811252,37.722478310461874],[-122.11274203040929,37.722482701642086],[-122.11274731270667,37.722487092822057],[-122.11275260245215,37.722491827245442],[-122.11275789219833,37.722496561668606],[-122.11276318194518,37.722501296091536],[-122.11276847169263,37.722506030514211],[-122.11277376144083,37.722510764936644],[-122.1127773301432,37.722515866265695],[-122.11278262734025,37.722520943931386],[-122.11278792453807,37.722526021596842],[-122.11279149324216,37.722531122925474],[-122.11279506194668,37.722536224253908],[-122.11280036659416,37.722541645162508],[-122.11280394274758,37.722547089734334],[-122.11280751145371,37.722552191062455],[-122.11281108760818,37.722557635634082],[-122.11281639225832,37.722563056541944],[-122.11281997586177,37.72256884435695],[-122.11282355201791,37.722574288928207],[-122.11282540712681,37.722580100406873],[-122.11282898328392,37.722585544977917],[-122.11283256688934,37.722591332792568],[-122.1128361504954,37.722597120607084],[-122.11283800560588,37.722602932085536],[-122.11284158921292,37.722608719899888],[-122.1128434443241,37.722614531378191],[-122.11284530688349,37.722620686100171],[-122.11309376101246,37.723233934922135],[-122.11311379517717,37.72328069895098],[-122.11313382936707,37.72332746297603],[-122.1131555771973,37.723373516841441],[-122.11317905356948,37.723419547033508],[-122.11320252252104,37.723465233976931],[-122.11322053775847,37.723498635154833],[-122.11360219304642,37.724194178508185],[-122.11360936798509,37.72420609733085],[-122.11361653547441,37.724217672909518],[-122.11362370296592,37.724229248487674],[-122.11363087045974,37.724240824065447],[-122.1136380379557,37.724252399642687],[-122.1136469265367,37.724263608300113],[-122.11365408658551,37.724274840632823],[-122.11366296771968,37.724285706045485],[-122.11367185630834,37.724296914700936],[-122.11368073744777,37.724307780112234],[-122.11368961113772,37.7243183022793],[-122.11369848483022,37.724328824445621],[-122.11370908706147,37.724339322934533],[-122.11371796075919,37.724349845099411],[-122.11372855554404,37.724360000343005],[-122.11373914287945,37.724369812342097],[-122.11374973766999,37.724379967583758],[-122.1137603250111,37.724389779580981],[-122.11377090490257,37.724399248333654],[-122.11378148479673,37.724408717085375],[-122.11379378577918,37.724417818914603],[-122.11380436567892,37.724427287664227],[-122.11381665921462,37.724436046247561],[-122.11382895388743,37.724444804814041],[-122.11383951889005,37.724453587073469],[-122.11385180498144,37.724462002409552],[-122.11386057437463,37.724467719154411],[-122.11414124041191,37.72465271500382],[-122.11415703583702,37.724663485645834],[-122.11420092032459,37.724693785466322],[-122.11424481975708,37.724724771757266],[-122.11428872668104,37.724756101275105],[-122.11433092000557,37.724788140949258],[-122.11437312827691,37.724820867095097],[-122.11441361662709,37.724853960140656],[-122.11445411879025,37.724887739674536],[-122.11449290735229,37.724922229369511],[-122.1145317034063,37.724957062294941],[-122.11457051442845,37.724992582595142],[-122.11460760437257,37.725028468914907],[-122.11464297325614,37.725064722156674],[-122.11467835708756,37.725101661874461],[-122.11476330378031,37.725191484180478],[-122.11477921872415,37.725207746632655],[-122.11479513367496,37.725224009082645],[-122.11481104117544,37.725239928287003],[-122.11482867723998,37.725255823796012],[-122.11484629839711,37.725271032815535],[-122.11486391956146,37.725286241832379],[-122.11488154073305,37.725301450846544],[-122.11489914699642,37.725315973371238],[-122.11491848182558,37.725330472198785],[-122.11493608064519,37.725344651474508],[-122.11495540803102,37.725358807052572],[-122.11497472050816,37.725372276140561],[-122.11499403412652,37.725385745209877],[-122.11501506771991,37.725398847352245],[-122.11503437277952,37.725411974087947],[-122.11505539147056,37.725424389736304],[-122.11506588963096,37.72543008269399],[-122.11573150379645,37.725824043764987],[-122.11609231348173,37.72603643359566],[-122.1161116039508,37.72604887276605],[-122.1161343377847,37.726060578006475],[-122.11615534191569,37.726072306970764],[-122.11617633112594,37.726083349444714],[-122.11619904891876,37.726094368201608],[-122.11622175925446,37.726105043710881],[-122.11624273355584,37.726115399686435],[-122.11626542897606,37.726125388700673],[-122.11628985297946,37.726135353995929],[-122.11629160394929,37.726136360011083],[-122.11680457789983,37.726348720104532],[-122.11681330294277,37.726352377168617],[-122.1168220354533,37.726356377475192],[-122.11683076796474,37.726360377781141],[-122.1168395004771,37.726364378086487],[-122.11684824045727,37.726368721634337],[-122.11685698790524,37.726373408424784],[-122.11686572788753,37.726377751971313],[-122.11687447533765,37.726382438760439],[-122.11688322278896,37.726387125548932],[-122.11689024912535,37.726392179303382],[-122.11689900404583,37.726397209333918],[-122.11690775896746,37.726402239363715],[-122.11691479277408,37.726407636359944],[-122.11692355516516,37.726413009631784],[-122.116930588974,37.726418406627076],[-122.11693762278377,37.72642380362187],[-122.11694466406186,37.726429543859503],[-122.11695170534104,37.726435284096688],[-122.1169604752054,37.726441000608951],[-122.11696579537005,37.72644710781293],[-122.1169728441199,37.726453191292059],[-122.11697989287093,37.726459274770704],[-122.11698694162308,37.726465358249001],[-122.11699399784389,37.726471784970009],[-122.11699932548099,37.726478235415655],[-122.11700638170407,37.726484662135896],[-122.11701171681077,37.726491455824174],[-122.11701704445079,37.726497906269003],[-122.11702410814493,37.726504676231343],[-122.11702944325469,37.726511469918812],[-122.11703478583298,37.72651860684914],[-122.11704012094472,37.726525400536097],[-122.11704546352514,37.726532537466028],[-122.11705080610652,37.726539674395617],[-122.11705442010249,37.726546835050875],[-122.1170597626858,37.726553971980088],[-122.11706338415114,37.726561475878277],[-122.11706872673633,37.726568612807],[-122.11707234820327,37.726576116704862],[-122.11707596967095,37.726583620602597],[-122.11707959113933,37.726591124500217],[-122.11708322007635,37.726598971640904],[-122.11708684154624,37.726606475538262],[-122.11709047048483,37.726614322678685],[-122.11709409195615,37.726621826575816],[-122.11709772089627,37.726629673715998],[-122.11709962124844,37.726637544582594],[-122.11722308450987,37.726987436746541],[-122.1172305142323,37.727011025610324],[-122.11723966508852,37.727034247501862],[-122.11725055201752,37.72705778890704],[-122.11725969541699,37.727080667553665],[-122.11727056742151,37.727103522470529],[-122.1172814394327,37.727126377386284],[-122.11729231258478,37.727149232285406],[-122.11730490574138,37.72717172022633],[-122.11731749145606,37.727193865823629],[-122.11733007715868,37.727216010518561],[-122.11734439147124,37.727238131481997],[-122.11735869832312,37.727259909200477],[-122.11737299771406,37.727281343674015],[-122.11738729711328,37.727302778145742],[-122.1174033176557,37.727323845641585],[-122.11741933820724,37.727344913135163],[-122.11743535129821,37.727365637383372],[-122.11745135692847,37.727386018386241],[-122.11746909117383,37.727406375654922],[-122.11748681795905,37.72742638967776],[-122.11750453728386,37.727446060454746],[-122.11751162352245,37.727453860116171],[-122.11880535073185,37.728819090262682],[-122.11881229709476,37.728826342056173],[-122.11829804972011,37.729207969777455],[-122.11855052608334,37.729499895969624],[-122.11936025225482,37.729549964214854],[-122.1198978388427,37.729856519101517],[-122.12024636771601,37.729905038030147],[-122.12124091945297,37.729451774076871],[-122.12124024043327,37.72969949523651],[-122.121246795305,37.729714220272854],[-122.12020189736943,37.730605571009185],[-122.11909674397664,37.730299808252937],[-122.11893358557113,37.730125750894416],[-122.11797349309838,37.729515210369883],[-122.11795268171174,37.729597297123973],[-122.11793616983701,37.729667989920166],[-122.11792121483901,37.729738900143147],[-122.11790781855916,37.729810007942511],[-122.11789598843195,37.72988128978642],[-122.1178857262794,37.729952724923443],[-122.11787703388421,37.730024290800266],[-122.1178699164909,37.730095967519674],[-122.11786437584315,37.730167730726414],[-122.11786041151403,37.730239560600914],[-122.11785802755502,37.730311434558487],[-122.1178572223461,37.730383330092408],[-122.11785799657514,37.730455226466368],[-122.11786035200539,37.730527100225785],[-122.11786428592177,37.730598930680969],[-122.11786979672394,37.730670696225872],[-122.11787688506037,37.730742374322062],[-122.11788554590814,37.730813942509066],[-122.11789577884026,37.730885380966832],[-122.11790758106309,37.730956665401806],[-122.11792094647801,37.7310277760715],[-122.11793587233053,37.731098690484146],[-122.11795235590529,37.731169387949571],[-122.1179703887564,37.731239845152786],[-122.11798996818801,37.731310042304386],[-122.11801108690808,37.731379956974628],[-122.11803373879793,37.731449568519942],[-122.11805791658503,37.731518855411231],[-122.11808361299666,37.731587796119449],[-122.11811082193344,37.731656370901732],[-122.11813953270008,37.731724557374754],[-122.11816973692835,37.731792335826718],[-122.1182014262304,37.7318596856448],[-122.11823459106438,37.731926585330882],[-122.11826922192746,37.731993015188586],[-122.11830530591371,37.732058955568142],[-122.11834283348094,37.732124384971385],[-122.1183817940112,37.732189284618279],[-122.11842217457851,37.732253633958031],[-122.1184639634304,37.732317414226245],[-122.11850714652593,37.732380605788549],[-122.11855171209264,37.732443188979445],[-122.11859764722358,37.732505144149101],[-122.11864493564796,37.732566453496048],[-122.11869356447806,37.732627098271195],[-122.11874351855751,37.7326870597566],[-122.11879478274916,37.73274632013527],[-122.11884734187669,37.732804859788317],[-122.11890117970759,37.732862662715981],[-122.11895627881607,37.732919710231542],[-122.1190126229496,37.732975985434301],[-122.1190701958556,37.733031471423622],[-122.11912897899295,37.733086150429209],[-122.11918895499404,37.733140006466854],[-122.11925010649084,37.733193023552431],[-122.11931241267311,37.733245183946742],[-122.11937585507748,37.733296473483115],[-122.1194404163159,37.733346875276418],[-122.11950607452158,37.733396375206702],[-122.11957281117172,37.733444956404597],[-122.11964060441896,37.733492605651058],[-122.11971260197012,37.733540263750022],[-122.11977928227046,37.733585049883459],[-122.11980881740264,37.733603909043566],[-122.12186245739154,37.732225495419364],[-122.12205094011154,37.733399311982886],[-122.12216182391214,37.733478322952976],[-122.1221797544419,37.733553500381753],[-122.12244283647667,37.733451559521249],[-122.1231530166279,37.733176114218345],[-122.12294191975172,37.732747591581294],[-122.1232016665012,37.732361942625239],[-122.12303122362461,37.731949904760341],[-122.12312476669543,37.731164988398262],[-122.12324214460897,37.730740774773473],[-122.12309424579027,37.730085837614958],[-122.12254432315997,37.729872889519918],[-122.12558861835107,37.727542258691656]]],[[[-122.10388847730458,37.715063350491604],[-122.10394383550485,37.715065000143241],[-122.10399918002898,37.715065963264124],[-122.10405450860726,37.715066239885189],[-122.10410809404858,37.715065853526973],[-122.10412709820208,37.715065251385148],[-122.10417892569002,37.715063515552359],[-122.10423074576804,37.715061436452167],[-122.10428081529673,37.715058351133798],[-122.10433259832897,37.715054555765676],[-122.10438263821636,37.715050097425539],[-122.10443439160416,37.7150449290342],[-122.10448440184467,37.715039097672374],[-122.10452684960418,37.71503308363004],[-122.10449954006229,37.715036241134563],[-122.10428757219425,37.71504380885942],[-122.10409317326132,37.715046456282117],[-122.10390446615594,37.715039664537294],[-122.10375110347893,37.715032389487085],[-122.10360921757083,37.715010915078359],[-122.10297018568701,37.714888548617878],[-122.10021393041681,37.713969618070287],[-122.10021286127422,37.71397075184619],[-122.10133580300685,37.714354968797274],[-122.10190306296232,37.714548910467734],[-122.10191883967418,37.714558996278178],[-122.10192946843556,37.714570868822669],[-122.10193839847436,37.71458413784957],[-122.1019456223933,37.714598460114345],[-122.10194767616717,37.714613539381226],[-122.10194772794497,37.714615942094795],[-122.10194653220232,37.714640679224487],[-122.10194012932334,37.714664457132272],[-122.10193844538907,37.714666540105192],[-122.10193407601703,37.714700351008545],[-122.10203525586252,37.714746596353784],[-122.10204153296452,37.714716983279764],[-122.10205301720015,37.714688329422295],[-122.10206643686844,37.714669262911642],[-122.10207828356131,37.714657428046138],[-122.10209362386703,37.714647262390535],[-122.10210901595163,37.714639499446477],[-122.1021279164451,37.714634092200107],[-122.10214341948935,37.714631477923263],[-122.10274949185204,37.714837481504738],[-122.10275342952677,37.714859745380338],[-122.1027521896449,37.714882423048856],[-122.10274748572095,37.71490480450457],[-122.10273583890859,37.714925907044673],[-122.1027257872028,37.714940807662671],[-122.10269865583741,37.714976118741262],[-122.10274590141752,37.714991692453175],[-122.10276445412426,37.714970152602731],[-122.10280689248459,37.714933867236915],[-122.10281542307666,37.714928600981295],[-122.10283759520959,37.714914565469066],[-122.10286329911949,37.714903915349105],[-122.10289253994149,37.714896993894619],[-122.10292186957429,37.714894191369616],[-122.10295320138029,37.714904065372899],[-122.10302627195078,37.7149253884578],[-122.10310104867791,37.714945658242002],[-122.10317581064069,37.714965241489274],[-122.10318450406687,37.714967526590428],[-122.10366513108434,37.715048194037763],[-122.10367033086419,37.715048809938565],[-122.10372402737104,37.71505357242502],[-122.10377943739766,37.715057624866581],[-122.10383483261923,37.715060990792693],[-122.10388847730458,37.715063350491604]]],[[[-122.13066324385123,37.730127150835564],[-122.13036931321189,37.730084476637273],[-122.130367890344,37.730084268330458],[-122.13036314037275,37.730083578878499],[-122.13032155564677,37.730077672190241],[-122.13030673075531,37.730075564923567],[-122.12985114657073,37.73001085584918],[-122.12967157240752,37.729994417067921],[-122.12938611255512,37.729968285019318],[-122.12935441868112,37.729965383588748],[-122.12813600417309,37.729889924730628],[-122.1280958978731,37.729887267180239],[-122.12724934191402,37.729831133998857],[-122.13066324385123,37.730127150835564]]],[[[-122.12615954840201,37.728551548619201],[-122.12615778264222,37.728470845190877],[-122.12614015991937,37.728405975216617],[-122.12611545657612,37.728342578154624],[-122.12608386371971,37.728281142501281],[-122.12604562196871,37.728222138045133],[-122.12590288705142,37.727969816389688],[-122.12587458201833,37.727906745641853],[-122.12583943941637,37.727845882491522],[-122.12579772706268,37.727787695450616],[-122.12576033513817,37.727743711610927],[-122.12571916064348,37.727701913027005],[-122.12558861835107,37.727542258691656],[-122.12615954840201,37.728551548619201]]],[[[-122.13142985105753,37.73330417161992],[-122.13127046189233,37.733082060744366],[-122.1310079484681,37.732787164889366],[-122.13142985105753,37.73330417161992]]],[[[-122.13066414365656,37.733694837563391],[-122.13040681152231,37.733430717579573],[-122.13063678875116,37.733699712088196],[-122.13066414365656,37.733694837563391]]],[[[-122.08294401908768,37.723117486755335],[-122.0829328002857,37.72268237495048],[-122.08292485353695,37.722389609493383],[-122.08291694740741,37.722095125856832],[-122.08290926547397,37.721809568836726],[-122.08290354930158,37.721541148075936],[-122.08289761780678,37.721343804173088],[-122.08289587262024,37.721343042707716],[-122.08294401908768,37.723117486755335]]],[[[-122.07511922050254,37.720040980559617],[-122.07511901710834,37.720040697610216],[-122.07483827655908,37.719846685182944],[-122.07398657316875,37.718676665747232],[-122.07398533216445,37.718676294828292],[-122.0748383056478,37.719848058167756],[-122.07511922050254,37.720040980559617]]],[[[-122.08725920785552,37.725102791230164],[-122.08725905723152,37.725102644567293],[-122.08698789309271,37.724805335527741],[-122.08680022688027,37.724598055015228],[-122.08612175101574,37.72385397346001],[-122.08611858880045,37.723850505095236],[-122.08611754340606,37.723850269547107],[-122.08725882967688,37.725102773796252],[-122.08725920785552,37.725102791230164]]],[[[-122.12504713505153,37.733399087009282],[-122.12485263234359,37.734273729840631],[-122.12485274923816,37.734273834566679],[-122.12504713505153,37.733399087009282]]]]},"properties":{"ACRES_1":13487.87525017,"SHAPE_LENG":285594.45385300001,"FWEBW.WatershedBoundary.AREA":"South Watershed","GLOBALID":"{73476C82-DBD4-4507-9A7D-B367EA9DF749}","SHAPE.AREA":533633084.84979302,"SHAPE.LEN":264260.685563609,"OBJECTID_1":1,"OBJECTID":23,"ORIG_FID":1,"COUNTY":"Contra Costa"}},{"type":"Feature","id":2,"geometry":{"type":"Polygon","coordinates":[[[-122.20095299487632,37.866737629527719],[-122.20318208919592,37.86647866612639],[-122.2040290697196,37.86536120593879],[-122.20536899343398,37.865806804323327],[-122.20585332344332,37.865637783187935],[-122.20634410598041,37.864139499426422],[-122.20692830777952,37.864017232971641],[-122.2072979242937,37.863620731310249],[-122.20609461300963,37.862698280433698],[-122.2067500627986,37.862332007895681],[-122.20673778134069,37.861423955803993],[-122.20338011459565,37.86142312419171],[-122.19987842220465,37.861329761218549],[-122.19771820855601,37.861272114179002],[-122.19768919007318,37.857760329882716],[-122.19419824085571,37.857681212762422],[-122.19419519091241,37.857681143898553],[-122.19332540629206,37.858798888618686],[-122.1922376294998,37.861016458026825],[-122.19141596658686,37.862691420458034],[-122.19141722654935,37.862691842168481],[-122.19144552366468,37.862701341308991],[-122.19215454493953,37.86293935171819],[-122.19258531596846,37.864209324968591],[-122.19332801284452,37.864535008788771],[-122.19372546556346,37.864407369364116],[-122.19414814732716,37.865124265285402],[-122.19394992942975,37.865557236444424],[-122.19419310223854,37.865820449150945],[-122.194622381572,37.865942842719001],[-122.19519939764277,37.866204614131121],[-122.19588828270795,37.866228934760507],[-122.19601070468316,37.866008930146982],[-122.1962603745729,37.866094356389887],[-122.19659105196551,37.866098857897313],[-122.19669902552823,37.865966648475819],[-122.20095299487632,37.866737629527719]]]},"properties":{"ACRES_1":200.13289463000001,"SHAPE_LENG":14306.932556199999,"FWEBW.WatershedBoundary.AREA":"Gateway","GLOBALID":"{1B5A5071-7C9C-456D-9591-B5A44F6C0858}","SHAPE.AREA":8717754.0188059099,"SHAPE.LEN":14306.932556149301,"OBJECTID_1":2,"OBJECTID":29,"ORIG_FID":1,"COUNTY":"Contra Costa"}},{"type":"Feature","id":3,"geometry":{"type":"Polygon","coordinates":[[[-122.19206196915965,37.883200331925622],[-122.19230747848999,37.883225914143217],[-122.19270232141396,37.883374715689449],[-122.19292236499784,37.883622548953234],[-122.19297803782784,37.884046655740931],[-122.19297989311741,37.884060788103866],[-122.19327235347885,37.884660902207273],[-122.19332760930774,37.884915882176735],[-122.19339008123686,37.884855654062825],[-122.19345219605469,37.884807825537571],[-122.19349693900108,37.88476585404846],[-122.19352526017509,37.88472259784249],[-122.19354506206537,37.88465137659319],[-122.19354229713902,37.884602692539453],[-122.19353555177027,37.884536492132973],[-122.19354726389682,37.884439883295684],[-122.19358405517589,37.884347312355374],[-122.19361139975113,37.884303820510368],[-122.19363091467469,37.88426420510288],[-122.19363653717575,37.884231143931153],[-122.19363335806089,37.884197882798126],[-122.19362152303113,37.884165872277279],[-122.19360155300461,37.884136513401046],[-122.19357431173793,37.884111084231357],[-122.19354099584763,37.884090701253562],[-122.19350306389049,37.884076251005858],[-122.19343749310845,37.884049630553577],[-122.19339630270196,37.884021045511936],[-122.19336351169407,37.883986298635769],[-122.19334055436697,37.883946906733392],[-122.19343780094016,37.883920148900927],[-122.19404597953812,37.883752797133191],[-122.19401186775764,37.883678751926873],[-122.19466656738231,37.883499728087003],[-122.19476445849448,37.883472959892536],[-122.19515863359435,37.883365175644002],[-122.19547975640708,37.883277370663293],[-122.19561951530287,37.883239147862731],[-122.1961070945047,37.88310581744318],[-122.19613983528363,37.883180437789434],[-122.19712089675754,37.882914550826222],[-122.19714143938849,37.882908913472399],[-122.19761408085678,37.882779120351401],[-122.19763527191164,37.882773302366978],[-122.19786913334933,37.882709079782018],[-122.19870364443968,37.882479911194579],[-122.19880258985124,37.882455708055566],[-122.19911727024494,37.882378713126506],[-122.19917445050528,37.882364728788339],[-122.19920734791187,37.882064286972557],[-122.19931994623782,37.882065674416516],[-122.19961335799789,37.882069283718536],[-122.19986336403481,37.882161421593352],[-122.20014123112267,37.882085112533261],[-122.20043411908681,37.882004673639514],[-122.20074508872332,37.881919268588618],[-122.20118718215033,37.88179785103015],[-122.20164560052413,37.881671948439241],[-122.20182553625398,37.881622527068039],[-122.20207040988345,37.881555270719133],[-122.20240168819835,37.881464284962902],[-122.20282972994782,37.881345875398615],[-122.20341301571109,37.881184520030047],[-122.20343154869393,37.881179390879268],[-122.20621660943682,37.880408893529903],[-122.20630441573783,37.880384598084852],[-122.20691902585443,37.880214553838542],[-122.20709102552784,37.880594441454399],[-122.20723292997472,37.880639028097647],[-122.20729292057192,37.880524791119917],[-122.20745361102624,37.880218782798096],[-122.20719227104631,37.880138950812004],[-122.20755117588273,37.88003964953527],[-122.20833065320299,37.879823977320108],[-122.20884278640261,37.879682271102233],[-122.20890141100541,37.879666052340113],[-122.20895330102702,37.879654995553473],[-122.2089633278117,37.879653568059787],[-122.20918299651247,37.879588140401985],[-122.21142979438881,37.878966421448553],[-122.21144335650823,37.878793165993983],[-122.21192755713908,37.878828678629347],[-122.21500283524192,37.878914538785317],[-122.21671899095975,37.878962421426785],[-122.21733658438262,37.879413491028309],[-122.21737562912151,37.879359768951637],[-122.21740024651739,37.87933562648918],[-122.21745832508513,37.879294098666485],[-122.21749114868344,37.879277165948714],[-122.21756257829581,37.879251891840724],[-122.21763907077552,37.879238945812148],[-122.21774068155413,37.879235864249154],[-122.21782138752179,37.87924098455975],[-122.21790097669336,37.879252766231204],[-122.21797857510715,37.879271075995746],[-122.21805333680541,37.879295713494365],[-122.21812443709732,37.879326414979097],[-122.21820621069176,37.879364855258402],[-122.2183231228897,37.879408996654711],[-122.21844521806396,37.879443204687512],[-122.21866698772598,37.87951424834386],[-122.21882349673524,37.879583064250077],[-122.21897007086731,37.879664464242843],[-122.21904308668913,37.879699293449249],[-122.21912387237614,37.879721413933346],[-122.21920869857617,37.879729740918847],[-122.21929385366292,37.879723905804454],[-122.21948879132421,37.879695664801311],[-122.21958587863293,37.879691203880689],[-122.21967213851831,37.879702471769676],[-122.21971368588233,37.879713403243194],[-122.21979132853369,37.879745249336551],[-122.21985892498293,37.879789197444744],[-122.21997921743878,37.879878130688148],[-122.22016086823372,37.879990065017445],[-122.2202183006297,37.880015280777748],[-122.22028437630132,37.880031580634011],[-122.22035328261917,37.880036638665686],[-122.22042201619647,37.88003023008838],[-122.22055588909073,37.880017202956971],[-122.22063716146728,37.880018315548632],[-122.22071784962495,37.880026149354087],[-122.22079705811127,37.880040625508208],[-122.22087392602408,37.880061586243507],[-122.22094760549867,37.880088798808011],[-122.22097965219746,37.880100974057846],[-122.22102037896349,37.880109351430931],[-122.22108334339661,37.880108958016919],[-122.2211430749649,37.880093158575846],[-122.22119372026677,37.880063506442383],[-122.22133713855209,37.879944401363005],[-122.2215035008747,37.879777672157822],[-122.22164696922556,37.879598074543118],[-122.22158029236498,37.879531233528397],[-122.22152514803648,37.879461862363577],[-122.22147945133068,37.8793883071938],[-122.22144371186992,37.879311364435139],[-122.22141828247503,37.879231785927701],[-122.22126515309819,37.878641664928892],[-122.22123383939193,37.878560813217447],[-122.22120750108307,37.878516564458536],[-122.22117547083641,37.878474743502494],[-122.22109580404799,37.878400173991494],[-122.22051827093188,37.877964881598345],[-122.22042966711754,37.877885909949256],[-122.22038152390334,37.877829329159475],[-122.22034110377002,37.877769069007179],[-122.22030885638468,37.87770579251093],[-122.2202851330952,37.877640188452119],[-122.2202701837105,37.877572979532104],[-122.22026419003275,37.877504897551873],[-122.22026720014914,37.877436693381007],[-122.2202791824017,37.877369110938631],[-122.22029968622978,37.87730395010022],[-122.22031686728165,37.877248072788625],[-122.22032194867748,37.877174472006956],[-122.22030761015358,37.877101638140715],[-122.22027448971707,37.877032763716478],[-122.22014646364643,37.876840584654346],[-122.22011858747179,37.876791982919883],[-122.22009727278343,37.876741339064239],[-122.22008275069138,37.876689206641686],[-122.22007518213273,37.876636152844192],[-122.22007465464988,37.87658276665875],[-122.22008117025393,37.876529625700996],[-122.22009465731246,37.876477318571162],[-122.22011496870385,37.876426414241493],[-122.22014188099456,37.876377475585819],[-122.22017510284283,37.876331029519001],[-122.22021426192505,37.876287591518917],[-122.22025893724728,37.876247637220033],[-122.22031471669197,37.876207688705769],[-122.22082919622295,37.875880400185125],[-122.22138795739832,37.875528225065743],[-122.22140481293566,37.875517060793811],[-122.22142142438835,37.875505666677462],[-122.22143778047507,37.875494046485876],[-122.22145387888079,37.875482198450626],[-122.22146971526874,37.875470131646743],[-122.22148528054687,37.875457846206849],[-122.22150057378779,37.875445351156223],[-122.22151559141471,37.875432639337838],[-122.22153032694325,37.875419725264955],[-122.22154477469091,37.875406609020537],[-122.22155892914249,37.875393297894433],[-122.2215861693026,37.875366281193557],[-122.22159328500143,37.875358883409952],[-122.22160023120846,37.875351383562794],[-122.2216070240856,37.875343792230325],[-122.22161363860904,37.875336108876397],[-122.22162008612288,37.875328332434421],[-122.22162635542951,37.875320470277003],[-122.22163245785194,37.875312520436736],[-122.22163837989881,37.875304489418539],[-122.22164412838909,37.875296377122972],[-122.22164969662919,37.875288189054771],[-122.22165507998966,37.87527992167665],[-122.22166028202638,37.87527158124503],[-122.2216653016865,37.875263171379892],[-122.22167013671799,37.875254693015293],[-122.22167477922825,37.875246148969836],[-122.22167923721454,37.875237540929277],[-122.22168350282602,37.875228873513912],[-122.22168757949315,37.875220147574865],[-122.22169146048063,37.875211366815094],[-122.22169514816611,37.875202535705718],[-122.22169893924971,37.875192869512539],[-122.22170104171241,37.875187155214753],[-122.22170301840779,37.87518141030931],[-122.22170487059786,37.875175640184793],[-122.22170659264187,37.875169846725768],[-122.22170818677114,37.875164028097402],[-122.22170965649971,37.875158188754234],[-122.22171099279836,37.875152331531467],[-122.22171220019219,37.87514645546193],[-122.22171327985956,37.875140562330778],[-122.22171422855826,37.875134659394639],[-122.22171505413931,37.875128742033105],[-122.22171573734505,37.875122813230625],[-122.22171629638027,37.875116873622815],[-122.22171672349869,37.875110932334266],[-122.2217170253311,37.875104981157875],[-122.22171718503925,37.875099029350785],[-122.22171721967061,37.875093076664363],[-122.22171712354265,37.87508712318153],[-122.22171689562349,37.875081173423148],[-122.22171653250375,37.875075227438877],[-122.22171604782129,37.875069285029923],[-122.22171542808466,37.875063352701098],[-122.22171467661968,37.875057426799266],[-122.22171379475115,37.875051515415585],[-122.22171278468923,37.875045615814379],[-122.22171164315004,37.875039733450386],[-122.22171037007092,37.875033865621162],[-122.22170897351172,37.875028016714843],[-122.22170744555901,37.875022188649289],[-122.22170578962219,37.875016381374714],[-122.22170400570138,37.875010594891066],[-122.22170209400564,37.875004838207055],[-122.2217000590182,37.874999108553645],[-122.22169789627692,37.874993409600634],[-122.22169560567714,37.874987736843728],[-122.22169319424694,37.874982099192053],[-122.22169065628303,37.874976495827596],[-122.22168640909717,37.874967736285612],[-122.22165506528496,37.874914095695146],[-122.2216345722839,37.874873797172405],[-122.2216203870578,37.874844144012016],[-122.2216068557084,37.874814301982575],[-122.22159398513742,37.874784274588244],[-122.22158177683623,37.874754077127257],[-122.22157023311873,37.874723711368425],[-122.22155936115871,37.874693192527005],[-122.22154916562674,37.874662525942128],[-122.22154064238224,37.874634697963955],[-122.22153440079644,37.874612403195414],[-122.22152864938836,37.874590018371187],[-122.22152338741844,37.87456756062425],[-122.22151862631378,37.87454503249154],[-122.22151435944318,37.874522442180208],[-122.22151059040392,37.874499797748321],[-122.22150732380399,37.874477101832269],[-122.2215066154797,37.874472445939467],[-122.22150581194192,37.874467802249157],[-122.22150489605967,37.874463167406404],[-122.22150388492219,37.874458542964412],[-122.22150277316065,37.874453942518826],[-122.22150155816753,37.87444935168913],[-122.22150024244588,37.874444780351581],[-122.22149882711116,37.874440227588742],[-122.22149731102705,37.87443569341719],[-122.22149569659197,37.874431183208976],[-122.22149398025006,37.874426690707715],[-122.22149216572443,37.874422229376613],[-122.22149025284783,37.874417792008813],[-122.22148824511329,37.874413382157947],[-122.22148614020618,37.874408998055522],[-122.22148393943014,37.87440464689179],[-122.22148164265984,37.874400323261611],[-122.22147924892599,37.874396034388361],[-122.22147676279545,37.874391781106709],[-122.22147418304817,37.874387559829692],[-122.22147151094603,37.874383375945939],[-122.22146874650996,37.874379230356269],[-122.22146589310766,37.874375121209241],[-122.22146294406652,37.874371054910327],[-122.2214599152346,37.874367028524894],[-122.22145679408973,37.874363041334348],[-122.221453584334,37.87435910590105],[-122.22145028914699,37.874355212265812],[-122.22144690743393,37.874351362246898],[-122.22144344378265,37.874347557579696],[-122.22143989503452,37.874343809124277],[-122.22143626428543,37.874340103318076],[-122.22143255637401,37.874336452706657],[-122.22142876441866,37.874332854687033],[-122.22142489405991,37.874329307374538],[-122.22142094533967,37.874325812570881],[-122.22141692292921,37.874322375614923],[-122.22141282449292,37.874318993837242],[-122.22140865116728,37.874315667221246],[-122.22140440760272,37.874312400204971],[-122.22140009156806,37.874309194623173],[-122.22139570411626,37.874306046855928],[-122.22139124991853,37.874302962242034],[-122.22138673002779,37.874299937161538],[-122.22138214231751,37.874296977953527],[-122.22137510089497,37.874292631588503],[-122.22102405910222,37.874072788967801],[-122.22100279662976,37.874061725370538],[-122.22099166012718,37.874055608421926],[-122.22098065764953,37.874049339024133],[-122.22096979490001,37.874042917995261],[-122.22095907646647,37.874036347070771],[-122.2209485046845,37.874029628920191],[-122.22093808184796,37.87402276441118],[-122.22092781496391,37.874015761552229],[-122.22091770043477,37.874008612285245],[-122.22090774642497,37.874001325502988],[-122.22089795070325,37.873993903040223],[-122.22088832242416,37.873986347467152],[-122.22087886152508,37.873978656081114],[-122.22086957278175,37.873970838725448],[-122.22086045615232,37.873962893598339],[-122.22085151961305,37.87395482148483],[-122.22084275649136,37.873946628790328],[-122.22083417811021,37.873938313547463],[-122.22082578347943,37.873929882078947],[-122.22081758063777,37.873921337872176],[-122.2208095593153,37.873912679274589],[-122.22080173220118,37.873903914211745],[-122.22079409685533,37.873895035509953],[-122.22078666388212,37.873886059235602],[-122.22077942631634,37.873876979182086],[-122.22077238651453,37.873867798919811],[-122.22076555714501,37.873858525473374],[-122.22075892909515,37.873849158074499],[-122.22075251036183,37.873839698408993],[-122.22074629768198,37.87383015283266],[-122.22074030128374,37.873820521196258],[-122.22073451451548,37.873810810806276],[-122.22072893965003,37.873801021629497],[-122.22072359038765,37.87379115616978],[-122.22035994289487,37.873890898156048],[-122.22013956821556,37.873915240904068],[-122.21974299575888,37.87393691357213],[-122.21954277336685,37.87356268820561],[-122.21954524919751,37.873322971652648],[-122.21952225647924,37.872506646552608],[-122.21951562495178,37.872506336725841],[-122.21950651531252,37.872505789943339],[-122.21949742539522,37.872505113105404],[-122.21948834515995,37.872504314468721],[-122.21947928702407,37.872503390247793],[-122.21947025326061,37.872502340409476],[-122.21946124155484,37.872501163185156],[-122.21945225428422,37.872499863046109],[-122.21944330165601,37.872498438942443],[-122.21943437798788,37.87249689095696],[-122.21942549243421,37.872495221659769],[-122.21941664377512,37.872493427464065],[-122.21940783550342,37.872491511923556],[-122.21939906989202,37.872489475005203],[-122.21939035375982,37.872487316609615],[-122.21938168369748,37.872485036786593],[-122.21937306551247,37.872482640858458],[-122.21936450364632,37.872480124254693],[-122.21935599468966,37.872477487025066],[-122.21934754901689,37.872474735326485],[-122.21933916319763,37.87247186830789],[-122.21933083601201,37.87246888238235],[-122.21932258690511,37.872465782673657],[-122.21931440453316,37.872462570248189],[-122.21930628887542,37.872459244205125],[-122.2192982525164,37.872455807965849],[-122.2192902942779,37.872452259745174],[-122.21928240967675,37.872448602311927],[-122.2192746089828,37.872444837318895],[-122.21926689219615,37.872440964766021],[-122.21925926382083,37.872436982785452],[-122.21925171949889,37.872432899551143],[-122.2192442693959,37.87242871221158],[-122.21923691464825,37.872424420750178],[-122.21922965308742,37.872420029704422],[-122.21922249149046,37.872415537173246],[-122.21921542657324,37.872410948611474],[-122.21920846397626,37.872406262134682],[-122.21920161051831,37.872401477643564],[-122.21919485841124,37.872396602460853],[-122.21918821441103,37.872391633784758],[-122.21918168422094,37.872386572433307],[-122.21917526455691,37.872381423861398],[-122.21916896213311,37.872376183465391],[-122.21916277141354,37.872370857634102],[-122.21915669934209,37.872365451673367],[-122.21915075025588,37.872359956508461],[-122.21914492101691,37.872354383900216],[-122.21913921497192,37.872348731096395],[-122.2191336355302,37.872342998047358],[-122.21912818511082,37.872337191026055],[-122.21912286142,37.872331309164736],[-122.21911766786701,37.87232535241376],[-122.21911260455633,37.872319325277466],[-122.2191076783692,37.872313230359111],[-122.21910288137138,37.872307068675447],[-122.21879631729674,37.871987681813728],[-122.21854809953491,37.871725442711039],[-122.21850386617238,37.871670161392608],[-122.21849671214987,37.871661280044201],[-122.21849250698934,37.87165578198789],[-122.2184884244909,37.871650229878362],[-122.21848446227723,37.871644619244279],[-122.21848062386206,37.871638954540423],[-122.21847691505272,37.871633241089128],[-122.21847332997916,37.871627470865498],[-122.21846987240555,37.871621659134448],[-122.2184665455115,37.871615795936961],[-122.21846334611739,37.871609891232112],[-122.21846027637065,37.87160393958164],[-122.21845734098417,37.871597948126286],[-122.21845453652756,37.871591916014843],[-122.21845186424177,37.871585847734998],[-122.21844932747332,37.871579740534656],[-122.21844692638921,37.871573601620618],[-122.21844465526547,37.871567429273938],[-122.21844252670721,37.871561227816898],[-122.21844053162296,37.871554997381907],[-122.21843867571562,37.871548738787062],[-122.21843695679594,37.871542455668944],[-122.21843537608368,37.871536151614372],[-122.21843393696726,37.871529825672965],[-122.21843263607914,37.871523479695995],[-122.2184314735444,37.871517119088701],[-122.21843045266813,37.871510739297037],[-122.21842957027033,37.871504350280233],[-122.2184288319916,37.87149795015376],[-122.21842823328605,37.87149153898379],[-122.21842777655178,37.871485122142452],[-122.21842745827507,37.871478695175057],[-122.21842728443023,37.871472270610923],[-122.21842725030461,37.871465841309345],[-122.21842735720148,37.871459414460645],[-122.21842761078211,37.871452989081234],[-122.2184279997239,37.871446567138328],[-122.21842853326434,37.871440154805512],[-122.21842920561689,37.871433747661257],[-122.21843002031603,37.871427351061044],[-122.21843097858167,37.871420968591814],[-122.21843207130138,37.871414599485043],[-122.21843330638845,37.871408241823147],[-122.21843468417674,37.871401910019962],[-122.21843619877535,37.871395595149508],[-122.21843785030951,37.871389302617033],[-122.21843964225103,37.87138303507539],[-122.21844157337999,37.871376788937745],[-122.21844363935934,37.871370573278817],[-122.21844584248277,37.871364388966391],[-122.21844818159288,37.871358235116155],[-122.21845065549076,37.871352109042043],[-122.21845326558392,37.871346022438672],[-122.21845600840061,37.871339972653125],[-122.2184588828668,37.871333962404449],[-122.21846189123457,37.871327990758758],[-122.21846502912511,37.87132206498908],[-122.21846829529758,37.871316180607579],[-122.21847169444379,37.871310343854184],[-122.21847521860872,37.871304554844627],[-122.21847887008599,37.871298814446646],[-122.21848264670714,37.871293127197681],[-122.21848654845125,37.871287492196863],[-122.21849057424453,37.871281912163241],[-122.21849472183487,37.8712763880308],[-122.21849899014849,37.87127092251859],[-122.21850338261552,37.871265516477905],[-122.21866639015808,37.871068541611024],[-122.21867150369202,37.871062660064958],[-122.21867648722214,37.871056711922996],[-122.21868134062323,37.871050691780063],[-122.21868605734812,37.871044611446642],[-122.21869064171298,37.871038460947048],[-122.21869508942245,37.871032251157835],[-122.21869940043499,37.871025980277309],[-122.21870357371839,37.871019652826284],[-122.21870760462267,37.871013264366773],[-122.21871149558768,37.871006822072403],[-122.2187152432668,37.87100032869553],[-122.21871884761833,37.870993782434418],[-122.21872230880928,37.870987190495946],[-122.21872562107393,37.870980549359381],[-122.21872878569505,37.870973865314269],[-122.21873180601919,37.870967135608403],[-122.21873467764685,37.870960366613943],[-122.21873740285089,37.870953558297842],[-122.21873997495889,37.870946717065401],[-122.21874239378306,37.870939834808894],[-122.21874466188854,37.870932924107287],[-122.21874677805533,37.870925981373624],[-122.21874874013598,37.870919012046251],[-122.21875055036158,37.87091201429034],[-122.21875220660547,37.870904994444992],[-122.21875370659481,37.870897952543274],[-122.218755050434,37.870890893089573],[-122.21875624146976,37.870883813331602],[-122.21875731680055,37.870876400926733],[-122.21875787542676,37.870871808575636],[-122.21875833733127,37.870867212225896],[-122.21875869902132,37.870862608323634],[-122.21875895599307,37.870857998736831],[-122.21875911180182,37.870853389721788],[-122.21875916861615,37.870848776741184],[-122.21875911972194,37.870844164398534],[-122.21875897197937,37.870839554396341],[-122.21875872307392,37.870834944965914],[-122.21875837081635,37.870830339743804],[-122.21875791754191,37.870825741399536],[-122.2187573632509,37.870821149933093],[-122.21875671025781,37.870816567113103],[-122.21875595288041,37.870811993022194],[-122.21875509795841,37.870807428462115],[-122.21875414113377,37.870802881606608],[-122.21875308672269,37.870798342480192],[-122.21875192821972,37.870793824694914],[-122.21875067341284,37.870789320928189],[-122.2187493189555,37.870784833932085],[-122.2187478672457,37.870780369078766],[-122.21874631592718,37.87077592279789],[-122.21874466737717,37.870771499560597],[-122.21874292050101,37.87076710118518],[-122.21874107969825,37.870762721299414],[-122.21873913846349,37.870758373515486],[-122.21873710464747,37.870754053213261],[-122.21873497827085,37.870749761293546],[-122.2187327558828,37.870745496004382],[-122.21873043657637,37.870741267271654],[-122.21872802811886,37.870737066871811],[-122.21872552617319,37.870732903879656],[-122.21872293635893,37.870728775509853],[-122.21872025293132,37.870724679142548],[-122.21871747727731,37.870720625571501],[-122.21871461611109,37.870716610193178],[-122.21871166831707,37.870712633924917],[-122.21870863166417,37.870708698601547],[-122.2187055063194,37.870704811429952],[-122.21870229880911,37.870700959698794],[-122.21869900603713,37.870697156970593],[-122.21869563017194,37.870693398707949],[-122.21869217243339,37.87068968849777],[-122.21868863397896,37.870686027224359],[-122.21868501596578,37.870682415772002],[-122.21867945219759,37.870677106921541],[-122.21860305213046,37.87060606942638],[-122.21817837207436,37.870220569129891],[-122.21811189107673,37.870166002593848],[-122.2180442175578,37.870112363552515],[-122.21797537462149,37.87005966788854],[-122.21783991831892,37.869961149610219],[-122.21779081331998,37.869927084718185],[-122.21775514022056,37.869901293477554],[-122.2177200377871,37.869875009997564],[-122.21768552110575,37.869848247576627],[-122.21765159935148,37.869821009686341],[-122.21761827961383,37.86979330793929],[-122.2175855803048,37.869765151980751],[-122.21726601604428,37.869573096404629],[-122.21711753592331,37.869422949899729],[-122.21710311429837,37.869406631451831],[-122.21709128735787,37.869392693079519],[-122.21707976583309,37.869378590757492],[-122.21706856693676,37.869364331444693],[-122.21705767606244,37.86934992256306],[-122.21704710682596,37.869335363013384],[-122.21703685369104,37.869320659184496],[-122.21702693273427,37.869305818051878],[-122.21701733827322,37.869290839698216],[-122.21700807609416,37.86927572854534],[-122.21699914415355,37.869260494535816],[-122.21699055272045,37.869245139322643],[-122.21698229848974,37.869229667459805],[-122.21697438724765,37.869214083368995],[-122.21696682021364,37.869198390637237],[-122.21695959755446,37.86918259647144],[-122.21695272627599,37.86916670888025],[-122.21694620627369,37.869150723359368],[-122.21694003777678,37.869134649818413],[-122.21693422328717,37.869118498133794],[-122.216928768445,37.869102266421152],[-122.21692366880866,37.869085959251038],[-122.21691893026853,37.869069585549369],[-122.21691455181298,37.869053150737898],[-122.21691053461997,37.869036656601871],[-122.21690688449625,37.869020108463836],[-122.21690360047211,37.869003513547291],[-122.21690067581225,37.868986875554761],[-122.21689993440684,37.868979989736182],[-122.21689903994212,37.86897312146359],[-122.21689799448245,37.868966261695363],[-122.21689679937285,37.868959419423511],[-122.21689545347681,37.868952594664599],[-122.21689395915075,37.868945790989017],[-122.21689231174474,37.868939003958509],[-122.21689051609634,37.86893224611908],[-122.21688857321688,37.868925512048996],[-122.2168864809796,37.868918808087308],[-122.21688424039581,37.868912128812333],[-122.21688185518751,37.868905487687371],[-122.21687932518788,37.868898877505579],[-122.21687664707122,37.868892301919914],[-122.21687382782272,37.868885768038091],[-122.21687086388727,37.868879269603674],[-122.21686775551515,37.868872817426961],[-122.21686450601128,37.868866406954098],[-122.21685572780665,37.868841849064758],[-122.21685027710775,37.868833309617514],[-122.2168445191454,37.868824657487714],[-122.21683857208367,37.868816086509234],[-122.21683243716316,37.868807601169813],[-122.21682611326855,37.868799202386725],[-122.21681961180549,37.868790891796458],[-122.21681292147258,37.868782672266775],[-122.21680605598999,37.86877454720279],[-122.21679900967582,37.868766516687117],[-122.2167917894735,37.868758586025727],[-122.21678439428837,37.868750757036771],[-122.21677683098062,37.868743031422888],[-122.21676909506714,37.868735411952599],[-122.21676119452358,37.868727899411127],[-122.21675312939178,37.868720495600179],[-122.21674490103727,37.868713210412537],[-122.21673651716475,37.868706032922297],[-122.21672797583503,37.86869897757613],[-122.21671927694388,37.868692039869757],[-122.21671042962409,37.868685221472639],[-122.21670143176969,37.868678529624702],[-122.21669228895841,37.868671959738997],[-122.21668300259763,37.868665523509996],[-122.2166735781192,37.868659210044861],[-122.21666401358384,37.868653033790352],[-122.21665431448589,37.868646986556044],[-122.2166444822327,37.868641080036483],[-122.21663452568615,37.868635304190128],[-122.21662444048816,37.868629667190618],[-122.2166064378895,37.868620110821773],[-122.21621525113891,37.868416915698589],[-122.21620780224474,37.868412902980388],[-122.21620110854779,37.868409152334209],[-122.21619449456665,37.868405309511253],[-122.21618797286409,37.868401377032228],[-122.2161815320971,37.868397355963324],[-122.21617518356703,37.868393243436728],[-122.21616892518874,37.868389047593233],[-122.21616276592825,37.868384762895509],[-122.21615669564143,37.868380393095748],[-122.21615072240806,37.868375943483443],[-122.216144851785,37.868371408570802],[-122.21613908050911,37.868366794713538],[-122.21613341083223,37.868362100977656],[-122.21612784618434,37.868357328214501],[-122.21612238445944,37.868352483664005],[-122.21611703571831,37.86834755997063],[-122.21611179217291,37.868342564456903],[-122.21610666059993,37.868337495222008],[-122.21610163891411,37.868332360406697],[-122.21609673374621,37.868327151804181],[-122.21609194418912,37.8683218793404],[-122.21608727142086,37.868316544800628],[-122.21608271521221,37.868311138275317],[-122.2160782815368,37.868305672294049],[-122.21607396814272,37.86830014779067],[-122.21606977498826,37.868294562963463],[-122.21606570447125,37.868288923184586],[-122.21606176107467,37.868283225685325],[-122.21605794490279,37.868277474970107],[-122.21605425256708,37.868271671989277],[-122.21605069101106,37.868265822048897],[-122.21604725895232,37.868259918859486],[-122.21604395771489,37.868253970512299],[-122.21604078395207,37.868247979759488],[-122.21603774789126,37.868241946452336],[-122.21603484267251,37.868235868888306],[-122.21603207069354,37.86822975243949],[-122.21602943431047,37.868223600676309],[-122.21602693461804,37.868217411780542],[-122.21602456942675,37.868211189388646],[-122.21602234559656,37.868204935203288],[-122.21602025637165,37.868198652026138],[-122.21601830516116,37.868192339807621],[-122.21601649884587,37.868186001151265],[-122.21601482728165,37.868179639809121],[-122.21601329728682,37.868173255682144],[-122.21601190892376,37.8681668514729],[-122.21601066221335,37.868160428082206],[-122.21600955382974,37.868153989163126],[-122.21600858953818,37.868147538236542],[-122.21600776466808,37.868141069963244],[-122.21600708856047,37.868134595021544],[-122.2160065498099,37.868128111774794],[-122.21600615405656,37.868121618338755],[-122.21600590266593,37.868115124606341],[-122.21600579439749,37.868108626089807],[-122.21600583171153,37.868102130863804],[-122.21600600642397,37.868095629134558],[-122.21600632806364,37.868089139687982],[-122.21600679412833,37.868082652647573],[-122.21600739670518,37.868076169930752],[-122.21600814738703,37.86806970128179],[-122.21600903689534,37.86806323872505],[-122.21601007004652,37.868056793905694],[-122.21601124789356,37.868050363203722],[-122.21601256140778,37.868043949453835],[-122.21601402538306,37.868037553342184],[-122.21601561713335,37.868031177000923],[-122.21601736190914,37.868024830876799],[-122.21601923561711,37.868018505407399],[-122.21602125201875,37.868012205799545],[-122.21602340780925,37.868005936607148],[-122.21602569957929,37.867999697879689],[-122.21602812964343,37.867993491385931],[-122.21603069351845,37.867987319894489],[-122.21603339581249,37.867981186041867],[-122.21603623071853,37.867975084505481],[-122.21603920315715,37.867969031434683],[-122.21604230719639,37.867963016101797],[-122.21604553959379,37.867957045763291],[-122.21604890598952,37.867951118534734],[-122.21605240088921,37.867945242606545],[-122.21605602532506,37.867939413457869],[-122.21605977946369,37.86793363829549],[-122.2160636563618,37.867927911813503],[-122.21606766190966,37.86792224293783],[-122.21607179032111,37.867916627246707],[-122.21607604178382,37.867911072847953],[-122.21608041505704,37.867905575253715],[-122.21608490803474,37.867900141703934],[-122.21608952065442,37.867894769495983],[-122.21609425186304,37.867889462249899],[-122.21609909599944,37.86788422094903],[-122.2161040588082,37.867879048213361],[-122.21610913119815,37.867873944175074],[-122.21611431548368,37.867868910602823],[-122.21611961286381,37.867863950182631],[-122.2161250165618,37.867859064815377],[-122.21613052885046,37.867854254467971],[-122.21613614295326,37.867849521041279],[-122.21614186341557,37.867844864469134],[-122.21614768236616,37.867840288470695],[-122.216153603235,37.867835793897207],[-122.21615962040275,37.867831383533819],[-122.2161657361213,37.867827056446622],[-122.21617194462537,37.867822809114791],[-122.21617824744739,37.867818658638178],[-122.21618463972914,37.867814591569861],[-122.21619112037595,37.867810609728139],[-122.21619768610374,37.86780671856765],[-122.21620433819487,37.867802924377948],[-122.21621107420972,37.867799219985152],[-122.21621788964454,37.867795607257058],[-122.21622478355057,37.867792094317949],[-122.21623175115293,37.867788671324412],[-122.21623879497467,37.867785349053698],[-122.21624591263868,37.867782123034523],[-122.21625309974544,37.867778999639079],[-122.21626035038375,37.867775969040373],[-122.21626767056907,37.867773045569663],[-122.21627505443182,37.867770221201724],[-122.2162824964153,37.867767501424389],[-122.21628999980358,37.867764880782865],[-122.21629756023874,37.867762367450979],[-122.21630517309191,37.867759957891423],[-122.21631283962458,37.867757657492731],[-122.21632055283087,37.867755458246371],[-122.21632831405562,37.867753369144403],[-122.21633611984811,37.867751388434662],[-122.21634396562108,37.867749514381458],[-122.21635185937086,37.867747748670929],[-122.21635978070532,37.867746094302994],[-122.21636774885948,37.86774454739335],[-122.21637574348277,37.867743112743689],[-122.21638376794272,37.867741788502748],[-122.21639182002906,37.867740577406117],[-122.21639989961675,37.867739474048648],[-122.21640800119077,37.867738485719855],[-122.21641612355216,37.867737609733652],[-122.21642426209299,37.867736843453521],[-122.2164324169174,37.867736191383798],[-122.21644058573196,37.86773565265667],[-122.21644876624298,37.867735226404321],[-122.21645695392588,37.867734913593686],[-122.2164651465496,37.867734716059566],[-122.21647334289449,37.867734630215018],[-122.2164815406669,37.867734655192251],[-122.21648973889721,37.867734798214656],[-122.21649792832778,37.867735052207593],[-122.21650611129387,37.867735419840471],[-122.21651428548113,37.867735899344794],[-122.21652244863756,37.867736491654341],[-122.21653059628034,37.867737199537849],[-122.21653873057794,37.86773801845797],[-122.21654683907201,37.867738950398191],[-122.21655493196904,37.867739994308941],[-122.21656299784283,37.867741147652893],[-122.2165710345665,37.867742416769133],[-122.21657904879166,37.867743794351625],[-122.21658702805979,37.867745282383893],[-122.21659497235011,37.867746879965047],[-122.21660288056805,37.867748588913379],[-122.21661075380815,37.867750407410618],[-122.21661857948703,37.867752332035124],[-122.2166263679155,37.867754366241599],[-122.21663410543606,37.867756509327592],[-122.21664179762654,37.867758756706102],[-122.21664943663647,37.867761112997044],[-122.21665702227835,37.86776357009289],[-122.21666455583441,37.867766134282974],[-122.21667202932922,37.86776880478223],[-122.2166794460468,37.867771576135809],[-122.21668679464426,37.867774449410028],[-122.21669408417105,37.867777422670791],[-122.21670130785046,37.867780497819112],[-122.21670845995904,37.867783673135847],[-122.21671554157049,37.867786945901926],[-122.21672254927586,37.867790316166953],[-122.21672947966593,37.867793783980545],[-122.21673633947562,37.867797345640057],[-122.21674311393197,37.867801001360355],[-122.21674980865443,37.867804748356292],[-122.21675641806532,37.867808591214732],[-122.21676294658495,37.867812524464505],[-122.21676938396527,37.867816547353499],[-122.21677573355272,37.867820657129478],[-122.21678198741361,37.867824854809172],[-122.21678815350252,37.867829140276754],[-122.2167942248344,37.867833506424603],[-122.21680019364224,37.867837961476127],[-122.21680606415889,37.867842491852301],[-122.21681183663443,37.867847108363556],[-122.2168175062732,37.867851800265612],[-122.21682306977029,37.867856572112458],[-122.21716218065988,37.868156294851055],[-122.21716865993388,37.868161977953491],[-122.21717525869612,37.868167568299867],[-122.21718198269086,37.868173068509989],[-122.21718882724764,37.868178473244861],[-122.21719578893642,37.868183781653237],[-122.21720286775711,37.868188993735025],[-122.21721005800694,37.868194108672007],[-122.21721735947743,37.868199117455617],[-122.2172247770269,37.868204033532542],[-122.21723229323413,37.868208840935331],[-122.21723991388534,37.868213544085584],[-122.21724764344269,37.868218139313655],[-122.21725546719561,37.868222629537073],[-122.21726339187902,37.868227011053158],[-122.21727141172754,37.868231280341192],[-122.21727952221647,37.868235438368039],[-122.21728772336664,37.868239486034568],[-122.21729601275933,37.868243417067823],[-122.21730438932056,37.868247234186974],[-122.21731284959955,37.86825093563975],[-122.21732138663191,37.868254515219355],[-122.21733000058441,37.868257980132718],[-122.21733869135284,37.868261325875437],[-122.21734745658088,37.868264548877107],[-122.21735628724002,37.868267651972651],[-122.21736518770889,37.868270627889004],[-122.21737415245154,37.868273483014811],[-122.21738317570252,37.868276213829326],[-122.21739226200738,37.868278820266369],[-122.21740140107596,37.868281299772107],[-122.21741059518108,37.868283652313558],[-122.21741983634713,37.868285877105542],[-122.21742913254955,37.868287974933182],[-122.21743846438635,37.868289942474043],[-122.21744784439939,37.868291781348034],[-122.2174572600467,37.868293489935276],[-122.21746671364272,37.8682950700044],[-122.2174761994011,37.868296517133821],[-122.21748571732198,37.868297831323424],[-122.21749525951293,37.868299015391635],[-122.21750482929974,37.868300065685354],[-122.21751441986407,37.868300982303758],[-122.21752402912074,37.868301773387714],[-122.21753365566221,37.868302427242497],[-122.21754329725735,37.868302945702979],[-122.21755293803837,37.868303330802362],[-122.21756429640251,37.868303614309902],[-122.21757154712425,37.868303434911084],[-122.21757873279577,37.868302655382259],[-122.21758577635113,37.868301285856518],[-122.21759259857664,37.868299341905121],[-122.2175991271188,37.868296840801854],[-122.21760529441993,37.868293810564722],[-122.21761102633354,37.868290289220361],[-122.21761626001448,37.868286311927569],[-122.21762094301195,37.868281920903065],[-122.2176250219684,37.868277168289765],[-122.21762844569466,37.868272101693044],[-122.21763119161992,37.868266777313522],[-122.21763321913723,37.868261257922441],[-122.21763450567589,37.868255599720385],[-122.21763503794398,37.868249866883374],[-122.21786662885928,37.868255758859299],[-122.21818014385751,37.868178821515833],[-122.21846371560179,37.868115912411099],[-122.21866381953964,37.868069433193689],[-122.21931300680419,37.868001134990187],[-122.21956997580774,37.86791984935271],[-122.21982238334708,37.867736715169535],[-122.22013060784467,37.867165065506427],[-122.22018787174589,37.867014956762226],[-122.22035970836077,37.86682930701609],[-122.22115554327354,37.866294436931135],[-122.22139929841251,37.866193779167808],[-122.2216044011823,37.866164815380401],[-122.22181197100404,37.86617892155612],[-122.22197027512853,37.866220670186053],[-122.2223504735958,37.866424623125802],[-122.22250068274214,37.866441799062684],[-122.22261149432791,37.866395076848939],[-122.22268504730198,37.866290322595987],[-122.22269359651465,37.866120700443453],[-122.2214485405683,37.865472796184307],[-122.21985633094984,37.864802719981348],[-122.21707445595204,37.861980354008359],[-122.21547251410826,37.86375334635698],[-122.21369896408596,37.865679526394594],[-122.21233007106822,37.865028963402821],[-122.21239976151911,37.864816294378315],[-122.21026402858935,37.864806960408217],[-122.21008471616301,37.86444131895761],[-122.20987342038441,37.864439172223889],[-122.20963800804704,37.864330775877292],[-122.20966235430409,37.864578536785856],[-122.20979246060904,37.864585263701187],[-122.20996856467873,37.864953987164931],[-122.21018702745285,37.865411381144071],[-122.20921672709727,37.866035801088493],[-122.20837820215814,37.865900502952421],[-122.20803617464863,37.866144613087691],[-122.20766382678883,37.866359039498583],[-122.20726524709453,37.866541437422697],[-122.2068447981937,37.866689807822361],[-122.20666411329941,37.86674122104295],[-122.20604223711335,37.86737145554946],[-122.20262549292649,37.867680519116988],[-122.20174141653446,37.867729478392903],[-122.20117861939481,37.867890916042306],[-122.20115936697276,37.867905776989033],[-122.20113879671007,37.867933165034692],[-122.20112991201155,37.867964256056325],[-122.20113262894128,37.867992811629982],[-122.20113390888676,37.868179045965661],[-122.20112923500044,37.868341014936348],[-122.19956188382129,37.868312577638648],[-122.19949053086519,37.868311620614215],[-122.19935076341022,37.868300968837339],[-122.19921316803664,37.868278789526492],[-122.1990792533481,37.868245333125373],[-122.19895048051859,37.868200963411859],[-122.19825843081703,37.869327258353188],[-122.19685027266411,37.868744361022152],[-122.1958873424104,37.868977959699343],[-122.19547383024648,37.869750787423712],[-122.19444045572517,37.869653066227855],[-122.1944192133042,37.869725160193198],[-122.19437789035497,37.869824367193758],[-122.1943237160767,37.869919601591121],[-122.19425727396433,37.870009833979204],[-122.19417930372826,37.870094055236372],[-122.19409065089278,37.870171359255622],[-122.1939922883938,37.870240893071838],[-122.19388530039718,37.870301894944092],[-122.1937708472129,37.870353701168455],[-122.19365019692921,37.870395737514748],[-122.19352466348334,37.870427545348633],[-122.19351428268926,37.870370800512774],[-122.19331006619369,37.870416372969096],[-122.19317462368215,37.870462051725411],[-122.19304594202404,37.870518708597338],[-122.19292544139098,37.870585711351815],[-122.19281442951642,37.870662332047523],[-122.19239310615012,37.870944072860674],[-122.19189265850802,37.87133714885659],[-122.1925661444874,37.873446971691131],[-122.19106200633419,37.874097489560953],[-122.19077697928782,37.875946843682911],[-122.19048356795102,37.876076533580779],[-122.19098927586299,37.87770741089507],[-122.18954861771927,37.87810497529987],[-122.18709783269733,37.877982042310578],[-122.18672820968933,37.878348592922222],[-122.18671046499365,37.878542785171689],[-122.18676924810548,37.87884312791293],[-122.18689753631719,37.87948067234926],[-122.18694866159728,37.879807068663808],[-122.18696927704615,37.879928155289448],[-122.18706872898872,37.880110901598954],[-122.18721569960826,37.880197362398128],[-122.18746534851883,37.88037787617742],[-122.18776203504797,37.880548176470697],[-122.18789522033929,37.880646613422115],[-122.18846442853432,37.880952213417046],[-122.18891208393622,37.880910896860577],[-122.18952412472566,37.880987367495422],[-122.18968639384622,37.881084084080321],[-122.18990586036631,37.88132949257345],[-122.18998718948809,37.881471588822109],[-122.19100033127911,37.882008183134616],[-122.19126959093089,37.88218189097423],[-122.19191608707305,37.88301273009251],[-122.1919336314111,37.883035282430434],[-122.19194208836944,37.883046148133197],[-122.19206196915965,37.883200331925622]]]},"properties":{"ACRES_1":1000.04318381,"SHAPE_LENG":37461.983757900001,"FWEBW.WatershedBoundary.AREA":"Siesta Valley","GLOBALID":"{795D5C40-2D50-4D0F-913B-66B729F7312D}","SHAPE.AREA":43561706.839613497,"SHAPE.LEN":37461.983757823604,"OBJECTID_1":3,"OBJECTID":31,"ORIG_FID":1,"COUNTY":"Contra Costa"}},{"type":"Feature","id":4,"geometry":{"type":"Polygon","coordinates":[[[-122.13814920636595,37.887704379763171],[-122.13833202642039,37.887725190050695],[-122.1390245407889,37.887841398771734],[-122.13940231925142,37.887932865958149],[-122.14007940403005,37.888145475641394],[-122.14013893439071,37.888167362121649],[-122.14036416157192,37.888255149063049],[-122.14076359833091,37.888439547257953],[-122.1418210745078,37.887509570132984],[-122.14366186563069,37.887908559780797],[-122.14509485757929,37.888219140831552],[-122.14998372938565,37.885858261901824],[-122.15054766895689,37.885768896903656],[-122.15291074333702,37.885392821651642],[-122.15291628938981,37.885376073652395],[-122.15317151566596,37.884605932336392],[-122.15336366880696,37.884026087944484],[-122.15337827811427,37.88403174984181],[-122.15367244253902,37.883136168769859],[-122.15369777132807,37.883056374054952],[-122.15376230990958,37.882853075452012],[-122.15414490899111,37.882676053828568],[-122.15415842269265,37.882668490384276],[-122.15438213976915,37.882543289587865],[-122.15472759068255,37.882515725016496],[-122.15505973314809,37.882547317248502],[-122.15546285125697,37.882585665060432],[-122.15575884794542,37.881705648600615],[-122.15589174992319,37.881310527161546],[-122.15570537884226,37.881180200587899],[-122.1556948176725,37.881172815982481],[-122.15549806924591,37.881175538971462],[-122.15549912653073,37.881038464589416],[-122.1555018627417,37.880683926283908],[-122.15550438401016,37.880357197765498],[-122.15550866872285,37.879801615338515],[-122.15551045335665,37.879569991908554],[-122.15551512375725,37.87896460999589],[-122.15551703543389,37.878716777546607],[-122.15551956853427,37.878388241918152],[-122.15552231863614,37.878032042396832],[-122.15552244858058,37.878015044868583],[-122.15552539211716,37.877579954047441],[-122.15552805617573,37.877186335374013],[-122.15553179420097,37.876633882728193],[-122.15553271883505,37.876497084925269],[-122.15553540840679,37.876099671957093],[-122.15553554733889,37.87607905347005],[-122.15553848573563,37.875644808724026],[-122.15554234560611,37.875074086047192],[-122.15554367395917,37.874877752469949],[-122.15554775589332,37.874274757248678],[-122.15555034373516,37.873892046909489],[-122.15555320441703,37.873469200820644],[-122.15555552403688,37.873126480087251],[-122.15555885753635,37.872633749276488],[-122.15613503174849,37.872642702702137],[-122.15669635852123,37.872639866453689],[-122.15669574958582,37.872553354483316],[-122.15668910162256,37.871609061887291],[-122.15631336309386,37.871507674119542],[-122.15592903529927,37.871403967139607],[-122.15539136824165,37.871258882796731],[-122.15487853383891,37.871120495814154],[-122.1540406078531,37.870894377064864],[-122.15354106336044,37.870759566731302],[-122.15288508266386,37.870582538802914],[-122.1521960028403,37.870396571527849],[-122.1517665623268,37.870280674474124],[-122.15133013422114,37.870162887486536],[-122.15071426964352,37.869996671573475],[-122.15007520892178,37.869824189313874],[-122.14963976684268,37.869707503390465],[-122.14935482254582,37.869631142957083],[-122.1490033242985,37.869536946913691],[-122.14861662862153,37.869433320641477],[-122.14822103567852,37.869327302234474],[-122.14777231561736,37.869207048806125],[-122.14729814561471,37.86907997208246],[-122.14683484457768,37.868955805752059],[-122.14634072143679,37.868823377705368],[-122.14591416166967,37.868709053188752],[-122.14550419857574,37.86859917636712],[-122.14530936252821,37.868546955368011],[-122.14527614719007,37.868528026465683],[-122.14519864515728,37.868486762493475],[-122.14474328367238,37.868244310367416],[-122.14517650025689,37.867736484446382],[-122.14477303327695,37.867520835731824],[-122.14434820796494,37.868044051185926],[-122.14427257465115,37.868137204180869],[-122.14426499499598,37.868526516794851],[-122.14424190789258,37.868526332840531],[-122.14341307305939,37.868519041034851],[-122.14298680323164,37.868515287576791],[-122.14184279353718,37.868505221440202],[-122.14182263321241,37.870259770934119],[-122.14181698301081,37.870751537678494],[-122.1418152182972,37.870905397526499],[-122.14180925928811,37.871424048896337],[-122.14180382474542,37.871897061396417],[-122.14180109960378,37.872134343177393],[-122.14152307354331,37.87213089680958],[-122.14087841779906,37.872122901576653],[-122.14063816495707,37.872119926538637],[-122.14002446644125,37.87211230832844],[-122.13984804369572,37.872111760205669],[-122.13947954891253,37.872110614674078],[-122.13840859650621,37.872107276751848],[-122.13828793259943,37.872106900401782],[-122.1377330422869,37.872105164972162],[-122.13715284484024,37.872103348965958],[-122.13670155834484,37.872101935348759],[-122.13611797644212,37.872100104409846],[-122.13611557017637,37.87230019998271],[-122.13611081467971,37.87269679382819],[-122.13610715745271,37.873001497620699],[-122.13610675521836,37.873034956533282],[-122.13610614464903,37.873085668118435],[-122.1361037504057,37.873333728913771],[-122.13610075370443,37.873644157517973],[-122.13609767645141,37.873962738105249],[-122.13609440950459,37.874300809533374],[-122.13609143798958,37.874608827153303],[-122.13608845705299,37.874917449554111],[-122.13608223452987,37.875562103622627],[-122.13608068216369,37.875722784515965],[-122.13522586120119,37.875714783184407],[-122.13456384057571,37.875708583210233],[-122.13380326410567,37.87570145732527],[-122.13380406393425,37.87555103299362],[-122.1338069473924,37.87500921675624],[-122.13380805873757,37.874800264847977],[-122.13364076474144,37.874802000603403],[-122.13351291381794,37.874803321911052],[-122.13316136541076,37.874806962101971],[-122.13282044298357,37.874810491220892],[-122.13247119954262,37.874814106486347],[-122.13212442477889,37.874817696500152],[-122.1317867096346,37.874821185499435],[-122.13175143663724,37.874821553207859],[-122.1313540480368,37.874825660319736],[-122.13098823067411,37.874829444358816],[-122.1306369593471,37.874833074102597],[-122.13029018885302,37.874836654161726],[-122.12994723625101,37.874840198511009],[-122.1295931380895,37.874843853364155],[-122.12952699962685,37.874844535631262],[-122.12929090912489,37.874846538972434],[-122.12928020571495,37.87484845654788],[-122.12927195444016,37.875714189688878],[-122.12926396369397,37.876893379352758],[-122.12925928656938,37.877584543150654],[-122.1283395284939,37.877592402739346],[-122.12715805149037,37.877602484845937],[-122.12696745609958,37.877604109576275],[-122.1269671561431,37.877623450504295],[-122.126966933117,37.877637643025231],[-122.12693934435788,37.878439944109509],[-122.12693906852515,37.878564306056766],[-122.12693818511005,37.878956456391315],[-122.126949397624,37.879379456540576],[-122.1274719886646,37.879368701340802],[-122.12787133301588,37.879360547141445],[-122.12870069718396,37.879342598560285],[-122.12924662831421,37.879330782674984],[-122.12922921363881,37.881223187265896],[-122.12926459445002,37.881224069656348],[-122.12964400900761,37.881219594566744],[-122.12965446998412,37.881222539298662],[-122.13048076955798,37.881213971095598],[-122.13163148985939,37.881192324291177],[-122.13120640788277,37.88259382564587],[-122.13083432845194,37.883629164659112],[-122.13060311748649,37.883575691389005],[-122.13053026008198,37.883777417869567],[-122.13051200605408,37.883827961094624],[-122.13072938458106,37.883921175983659],[-122.13113175331883,37.88404978936866],[-122.13237251178371,37.884446368183163],[-122.13261562106806,37.884524069325572],[-122.13334003058708,37.884755601343393],[-122.13408367488411,37.884993270805879],[-122.13440959623451,37.885097436851154],[-122.13493338133377,37.88526483248507],[-122.13534599945859,37.885396704190455],[-122.13579006529982,37.885538615506249],[-122.13611056716056,37.885641044296008],[-122.13622229484045,37.885859490118449],[-122.13628795213134,37.885987858639226],[-122.1364904712579,37.886383811688091],[-122.13679988205551,37.886482814827325],[-122.13708559081235,37.886574233740426],[-122.13747845310893,37.886699937846466],[-122.13789105874723,37.886831955962222],[-122.13782762238864,37.887003153476677],[-122.13764662905386,37.887491589917254],[-122.13814920636595,37.887704379763171]]]},"properties":{"ACRES_1":921.15987667000002,"SHAPE_LENG":30702.744721700001,"FWEBW.WatershedBoundary.AREA":"Lafayette","GLOBALID":"{5D37F8A2-7163-469F-AADD-AAAF6FF01662}","SHAPE.AREA":40125563.724984199,"SHAPE.LEN":30702.744721708201,"OBJECTID_1":4,"OBJECTID":32,"ORIG_FID":1,"COUNTY":"Contra Costa"}},{"type":"Feature","id":5,"geometry":{"type":"Polygon","coordinates":[[[-122.22229105326279,37.995098785764995],[-122.22289139822553,37.99631149543422],[-122.22291245399171,37.996311713107012],[-122.22411379536123,37.995137489492855],[-122.22528702172227,37.99450288765167],[-122.22620565179436,37.994335114372738],[-122.22725511546835,37.993805553554964],[-122.22795561005343,37.993222953543139],[-122.22824636261068,37.992633856161866],[-122.22915086484231,37.990845271816113],[-122.22923049304713,37.990687804415657],[-122.22930979656266,37.990530977904818],[-122.22939015150534,37.990372088559248],[-122.22947295989967,37.99020832413408],[-122.22955981903223,37.990036555926267],[-122.22965264862836,37.989852982764326],[-122.22975385817324,37.989652836588377],[-122.22988957695686,37.989384450236081],[-122.23008649444742,37.988995023554416],[-122.23021190088433,37.988747020978096],[-122.23076314944467,37.987656855738109],[-122.23163590974042,37.987131341197305],[-122.23214335275108,37.986825784115318],[-122.23389861970723,37.985768814232365],[-122.23441730854914,37.984851997250743],[-122.23442611531004,37.984842904385317],[-122.2348515226375,37.984403702318026],[-122.23561857131931,37.984120618009101],[-122.23601315919126,37.983411864229872],[-122.23665752603124,37.983237588707908],[-122.2371874633902,37.982806381713488],[-122.23779667868861,37.982658233172238],[-122.23833869425791,37.983125355177819],[-122.23882715723758,37.983454120339793],[-122.23944434749279,37.983528753998776],[-122.24002218472286,37.983557812444481],[-122.24121214575717,37.983009894554591],[-122.2425152078726,37.983107280686923],[-122.24316763489838,37.982955327869789],[-122.24354746034426,37.982005293486679],[-122.24457797095999,37.981895278029391],[-122.24607866225126,37.981584606233447],[-122.24643032495392,37.981661717123885],[-122.24788799407712,37.981977461302257],[-122.24804013918623,37.981552366113171],[-122.24959466522449,37.98196908146393],[-122.25016095732985,37.981491071534549],[-122.25163890768836,37.981411425601401],[-122.25170481318844,37.981407875421517],[-122.25172001689792,37.981407056291118],[-122.25415297824978,37.981669043360384],[-122.25416207245387,37.981666771803091],[-122.25623390372679,37.981149075375136],[-122.25625257117974,37.98114328303739],[-122.25629774623448,37.981030743448784],[-122.25641220754432,37.980745569799616],[-122.25656466776212,37.980361842389371],[-122.25659579923662,37.980297050475208],[-122.25711828501032,37.978968400893564],[-122.25723507428708,37.978664290022664],[-122.25729731055831,37.978507685199645],[-122.25730156393816,37.978496986619106],[-122.25695731330543,37.978382006439041],[-122.25671483357637,37.97794594232105],[-122.25666274198697,37.977947714868918],[-122.25599584491978,37.977968059958151],[-122.25582142800737,37.977907218791593],[-122.2561255071481,37.977286807626911],[-122.25612969453891,37.977278267416693],[-122.25612922942049,37.977278096799921],[-122.25618276143933,37.977152811486313],[-122.25630280679066,37.977197043408893],[-122.25666161998016,37.97728429246159],[-122.25740641766444,37.977502287370505],[-122.25767513054188,37.977564160030362],[-122.25791790945057,37.976950192035204],[-122.2579211861115,37.976941902302734],[-122.25649487291408,37.976947610269377],[-122.25609485300106,37.97695936477735],[-122.25610942750127,37.975148524082442],[-122.25661404421081,37.974934506697402],[-122.2602954903938,37.972884011638371],[-122.26070287269256,37.972951854970013],[-122.26014351977854,37.972094751955829],[-122.25825805227336,37.970639481081733],[-122.25739499962302,37.969973312349588],[-122.2569842019148,37.969645791706036],[-122.25648497859012,37.969487961822438],[-122.25635046851748,37.969438409350502],[-122.25522624837417,37.969399440881865],[-122.25343784721829,37.96989515744491],[-122.25257504741138,37.969218436716119],[-122.25231001176164,37.969010552657785],[-122.25207439454125,37.968825740249756],[-122.25187292743672,37.968667711660849],[-122.25168304670508,37.968518769443307],[-122.25148557219384,37.968363869306565],[-122.25131235039446,37.968227994140577],[-122.25113653356378,37.968090082724629],[-122.25096436261236,37.967955027757448],[-122.2507878442414,37.967816564809297],[-122.25060328794505,37.967671796353294],[-122.25042044272712,37.967528354901127],[-122.25037879906682,37.967495690337344],[-122.25012578058276,37.967297211752644],[-122.25007726887473,37.967259158072103],[-122.24986899441652,37.967191201303677],[-122.24967820834809,37.967128947302733],[-122.2495211815344,37.967077705501495],[-122.2493612251608,37.967025507477331],[-122.24919453532912,37.966971110954937],[-122.24902465554493,37.96691567191337],[-122.24886205333561,37.966862604915811],[-122.24869933098739,37.966809501626507],[-122.24853419069886,37.966755607531034],[-122.24836684705204,37.9667009951418],[-122.24818322485926,37.966641070400648],[-122.24795552022286,37.966566755305919],[-122.24776482556157,37.966504521234654],[-122.24756535119494,37.966439421247856],[-122.24733446230616,37.96636406706714],[-122.24710864296975,37.966290366812579],[-122.24675104550535,37.96617365891808],[-122.24635242984859,37.966043560252274],[-122.24648624769017,37.965679303023478],[-122.2465945785176,37.965384426829182],[-122.24660926242866,37.965344462848833],[-122.24668517656205,37.965137824896601],[-122.2467452451026,37.964974320273527],[-122.24680914802234,37.964800382204913],[-122.2468771194617,37.964615371010424],[-122.24697345748854,37.964353151734365],[-122.24706795147713,37.964095929451489],[-122.24708373772546,37.964052968095245],[-122.24709285287994,37.964016530542942],[-122.24708235057487,37.963803062826727],[-122.2470593545271,37.963764154964004],[-122.24703472729172,37.963722491160475],[-122.24697255423825,37.963617313260194],[-122.24692267641932,37.963532931468244],[-122.24687279869282,37.963448548752766],[-122.2467704863749,37.963275455876712],[-122.24667785807375,37.963118754097572],[-122.24657347319493,37.962942152864301],[-122.24647589486067,37.962777067684904],[-122.24644712732707,37.962728399022048],[-122.246448137372,37.962719243733986],[-122.24638375376517,37.962610319666275],[-122.24628230574919,37.962438690581514],[-122.24618527629217,37.962274526138046],[-122.24608677043153,37.962107874624941],[-122.24599709180028,37.961956143635184],[-122.24591328909163,37.961814366391586],[-122.24581772337854,37.96165269243027],[-122.24571481362851,37.961478572945147],[-122.24561778099714,37.961314408082934],[-122.2455148687734,37.961140288460349],[-122.24538858359938,37.960926627211215],[-122.24538440256961,37.960919555451426],[-122.24496542943406,37.960210684796415],[-122.24346232851113,37.957667432660749],[-122.24758365818506,37.954822379382215],[-122.25189725476484,37.951859125890977],[-122.25447344176416,37.950089207189293],[-122.25655395048707,37.94865548529669],[-122.25591284206899,37.948128915687704],[-122.25609579185978,37.947995840486946],[-122.25944588669569,37.94555887767666],[-122.25952452403534,37.945740820714605],[-122.25956005141494,37.945793968134161],[-122.25959458913616,37.945823407353906],[-122.2596361013406,37.945846513915342],[-122.2596827740922,37.945862281198188],[-122.25975795868931,37.945870763356787],[-122.25980833130949,37.945865938149311],[-122.25985633935724,37.945852925089405],[-122.25990210562652,37.94583095366491],[-122.2601015513266,37.945709524277454],[-122.26016950316857,37.945676482305664],[-122.26024464523834,37.945655346494007],[-122.26032369717474,37.945647042522552],[-122.26038065353066,37.945649195766187],[-122.26096320443851,37.945705999048279],[-122.26106846458273,37.945716259821857],[-122.26395071350179,37.945997245535821],[-122.26430832111166,37.946032109068732],[-122.26594509356326,37.946191636723576],[-122.26625838380154,37.946222167879753],[-122.26642887560146,37.946238779751724],[-122.26666530047166,37.946261821265431],[-122.26630196287744,37.944974656645925],[-122.26610445998575,37.943667936139612],[-122.26590792026998,37.943277871611507],[-122.26671191585301,37.943007036173455],[-122.26829430528988,37.943477310368664],[-122.26964583894888,37.943140754878598],[-122.26971882579629,37.94224743124898],[-122.26973777194578,37.941954005157804],[-122.27180608413144,37.940812358935212],[-122.27196064187699,37.940147577456216],[-122.27203876667153,37.939811562054317],[-122.27210476629985,37.939527682962584],[-122.27203717959372,37.939136890542883],[-122.27196959360025,37.938746098049798],[-122.27189030888725,37.938287680393437],[-122.2717988111024,37.937758619154501],[-122.2710004727176,37.936987849222923],[-122.2708189240046,37.936812562519393],[-122.27062558899347,37.936625116201554],[-122.27009479291115,37.935446052194607],[-122.26974044849803,37.935398601171812],[-122.26968582830942,37.935391283648357],[-122.26895042380188,37.935292792279938],[-122.26634671624507,37.933946591563675],[-122.2660142569439,37.933379113546302],[-122.26484967051135,37.931435022464811],[-122.26399712864512,37.928048976487446],[-122.26269412892375,37.92588752420108],[-122.26184392902766,37.925166227498288],[-122.26182575498983,37.924539801814809],[-122.26280220578894,37.923759915792822],[-122.26313364419249,37.922795415803179],[-122.26313455722631,37.922035089762751],[-122.26345799140908,37.921487633753735],[-122.26320586019206,37.921494240647583],[-122.26374809629141,37.920936400166262],[-122.25770416657944,37.920642099148033],[-122.25770020200434,37.920641903113115],[-122.25763611396061,37.92063878348953],[-122.25762994453389,37.920638482381989],[-122.25609710011581,37.920563792950652],[-122.25598142471655,37.920558156421258],[-122.25590853648386,37.920554603457205],[-122.25532567522833,37.920528426494407],[-122.2545786998286,37.920494876259419],[-122.25449786536137,37.920431901715766],[-122.25320221024201,37.919422498379085],[-122.25313722512205,37.91937186877685],[-122.25222399632854,37.918660370241909],[-122.25118548788132,37.916864764867945],[-122.25081633427395,37.915348146990446],[-122.2510378504001,37.915259026831116],[-122.25070060062401,37.912118332663475],[-122.2489639400054,37.910570737627673],[-122.2477670680645,37.909889279539925],[-122.24660794424638,37.90581889429987],[-122.24622119703747,37.90536513544896],[-122.24616174046629,37.905295373410631],[-122.24538199595402,37.904380499479352],[-122.2453484332914,37.904341121805771],[-122.24524971856236,37.90422587843036],[-122.24273863974429,37.901534915245591],[-122.23876161858711,37.898053325464353],[-122.23467866354574,37.894880797635373],[-122.23414618263884,37.894312121472716],[-122.2339176061143,37.894318636696781],[-122.23270082703253,37.893444631824437],[-122.2313265202947,37.892732214699109],[-122.22869753502094,37.892971731245005],[-122.22558221240659,37.890633543726963],[-122.22526826001385,37.890347885642264],[-122.22457425218784,37.889800561691914],[-122.22371861928023,37.888075916287285],[-122.22372235388137,37.888067618847693],[-122.22320472777318,37.887014736166194],[-122.22248600013219,37.88524349586622],[-122.21793645793737,37.888151871113827],[-122.21577712269809,37.889448458427928],[-122.21592241846409,37.889637758612047],[-122.21680067844473,37.890500787198178],[-122.21719511195975,37.890381221612529],[-122.21757440784064,37.890786770440364],[-122.21794737087139,37.891417725250605],[-122.21776548264579,37.891381282787947],[-122.21740436233235,37.891515767371814],[-122.21730032673166,37.891340327098305],[-122.21709752060421,37.891765027045125],[-122.21471518319437,37.892837114845015],[-122.21269784556601,37.893744886553542],[-122.21251244371039,37.893518165109541],[-122.21135632436044,37.893594269566314],[-122.21055330926785,37.893647123050449],[-122.20960818653703,37.894485156757291],[-122.20936770447739,37.894629650396368],[-122.2093224811168,37.894656821589372],[-122.2094736005901,37.894739516626579],[-122.2089347190129,37.895059240499691],[-122.2087872048243,37.894974295585044],[-122.20839018456228,37.895216970564874],[-122.2079480385692,37.895482619411894],[-122.20747796647439,37.895765041662536],[-122.20752006927438,37.895857417789664],[-122.207399104855,37.896052146844028],[-122.20707367644791,37.896141865083763],[-122.20793059103518,37.896988904336283],[-122.20835707865167,37.897439225782392],[-122.20873103643626,37.897858412113841],[-122.20882405030723,37.897797339324818],[-122.2092767627682,37.898305548593264],[-122.20985107288027,37.898845874545479],[-122.21046735778609,37.899276396675823],[-122.21083560697207,37.899051057489054],[-122.21217118967478,37.899352007669087],[-122.21213283150784,37.89947119747724],[-122.2121100514095,37.899549957213722],[-122.2120885276901,37.899602257893505],[-122.21201727790279,37.899853166248356],[-122.21099753427673,37.899975883328146],[-122.21061503564333,37.899822779695626],[-122.21037647217663,37.900129259772577],[-122.21031365349617,37.900109835001281],[-122.21022369486938,37.900220312901737],[-122.21015048087575,37.900307758002391],[-122.21008516695798,37.900368315306032],[-122.21001223385588,37.900423128089024],[-122.20992620375507,37.90047961016321],[-122.20982983960299,37.900530141872188],[-122.20977474109382,37.900550298252028],[-122.20965809930792,37.900576414606157],[-122.20955882637544,37.900593432757262],[-122.20941789735812,37.900630120472023],[-122.20932985041368,37.900663770771089],[-122.20924683921241,37.900704476259762],[-122.2088506553935,37.900918982447422],[-122.2087430728064,37.900967134321718],[-122.20866558065201,37.900991971283624],[-122.20858524220479,37.901010259222993],[-122.2085029238181,37.901021789148317],[-122.20841953935776,37.901026439696615],[-122.20834847887636,37.901024498381339],[-122.20782710311558,37.90099489119175],[-122.20775400542419,37.900994808326757],[-122.2077042365172,37.900999858983667],[-122.20761501820421,37.901020524853422],[-122.20753041573731,37.900899543371203],[-122.20737597538188,37.900858978683367],[-122.20710716112605,37.900737097818187],[-122.20655474095626,37.900165594133462],[-122.20620694293018,37.899898823095597],[-122.20627102761166,37.899530755589524],[-122.20656347924599,37.899418855058094],[-122.20711051426068,37.899576444746657],[-122.20714896247974,37.899460814953358],[-122.2068450969722,37.899316702279577],[-122.20672422414957,37.899273238302001],[-122.20613077711901,37.899074784955324],[-122.20640394009007,37.898651677180055],[-122.20608000508658,37.898146409822161],[-122.20573424355459,37.898211353190092],[-122.20508701334104,37.89778049484314],[-122.2047972201743,37.897748846205822],[-122.20461034604021,37.897483523094309],[-122.20369573238168,37.898031593077704],[-122.20352771704837,37.898132741244673],[-122.20327317332428,37.898285983140887],[-122.20318609793554,37.898338409357393],[-122.2027914147037,37.898576012575596],[-122.20242401298739,37.898798434976278],[-122.20210298514664,37.898992792674044],[-122.20164411629203,37.899270601094614],[-122.20144568999699,37.899390728362903],[-122.2013673883405,37.899437809090671],[-122.20091545989737,37.899709548938169],[-122.20050576552813,37.899955888974326],[-122.20031208021727,37.900072345885597],[-122.20022201516454,37.900126498040827],[-122.20012771642146,37.900183199163159],[-122.19977473155015,37.900395435990909],[-122.19974266942923,37.900414712677254],[-122.19971061070223,37.900433989305697],[-122.19864391466474,37.901075339490419],[-122.19812893410401,37.901384962165544],[-122.19806025357092,37.901426255642946],[-122.19798893000876,37.901469141571518],[-122.19725365025772,37.901911205321404],[-122.19702891514866,37.902045757392763],[-122.19699494148816,37.902066099804635],[-122.1969735825198,37.902078886800446],[-122.19648941747468,37.902368761052699],[-122.19598235787974,37.90267233605443],[-122.19548747054196,37.902968619442333],[-122.19498390098258,37.903270096079922],[-122.19487807879688,37.903333449250844],[-122.19412715679665,37.903783001332201],[-122.19446203975471,37.903892620770108],[-122.19447138900222,37.903874131949735],[-122.19494790259941,37.904030022304852],[-122.19494021826877,37.904049148714975],[-122.19547088864147,37.904222850498016],[-122.19564182867833,37.904278802698727],[-122.19624779266702,37.904477145161792],[-122.19706704609393,37.904734181222636],[-122.19713940603677,37.904756883173739],[-122.19721508505137,37.904781834421243],[-122.19765337220771,37.904926491584369],[-122.19905667945595,37.905378010631203],[-122.19896593473416,37.906253339954418],[-122.1989266240942,37.906632528466893],[-122.1988853345558,37.907030799370396],[-122.19884719898033,37.907398664114069],[-122.19880527504981,37.907803039432714],[-122.19880349030406,37.907817127591485],[-122.19913925025583,37.907954970752719],[-122.20007269791137,37.907773889082009],[-122.20057042640235,37.907814424100152],[-122.20091015401673,37.907786307382707],[-122.20108415665767,37.907845566331119],[-122.20136515669257,37.907835671094489],[-122.20153888501675,37.907932514118876],[-122.20183264866598,37.908048511519063],[-122.20191373618127,37.908139303028804],[-122.20204813292463,37.908150825886466],[-122.20228031740855,37.908147058721902],[-122.20233318176571,37.908054482763667],[-122.20278301965035,37.908033705738291],[-122.20290127880364,37.908058579279199],[-122.20279027904535,37.909514191199641],[-122.20278973426208,37.909523651247916],[-122.20159916256885,37.909514064859664],[-122.20157960185333,37.910459280079301],[-122.2015817143855,37.911162014353856],[-122.20043102148806,37.911159983195326],[-122.20001973591384,37.911159255091697],[-122.19946034886433,37.912137766767273],[-122.19958051107264,37.912658267860181],[-122.19960670374209,37.91276258677393],[-122.19952139085602,37.91282119972346],[-122.19957918739067,37.912874108258656],[-122.20000835391173,37.913266989933454],[-122.20032073386584,37.913245571577875],[-122.20032848076802,37.913327734316304],[-122.2003596284829,37.913658051880837],[-122.20025668609513,37.914208278400693],[-122.20089316372867,37.914210796214249],[-122.20068395901113,37.914736832576828],[-122.20063728472843,37.914854195628415],[-122.20074010408129,37.91535780070739],[-122.20085667152608,37.915713863126022],[-122.20094612119847,37.916034341065156],[-122.20096160593937,37.916089813738139],[-122.20062121524512,37.91629998202766],[-122.20079194759334,37.916718233435532],[-122.20079609221132,37.916959716524644],[-122.20050847864493,37.917139174678844],[-122.20059239853086,37.917245023242238],[-122.20062006706699,37.917279911261488],[-122.20054462300348,37.917460192230962],[-122.20044580945599,37.917633240800448],[-122.20032470206093,37.917797158021109],[-122.20016691735377,37.917965167076531],[-122.20028151456953,37.917949506471004],[-122.20019031971604,37.918319589889286],[-122.19951404850012,37.918346624046492],[-122.19822541299574,37.919068611987633],[-122.1986698480124,37.919867371445683],[-122.1975764993018,37.919608280818274],[-122.19745409118259,37.919798820935775],[-122.19811896978091,37.920198991465028],[-122.19860250363902,37.920278331661066],[-122.19859585622893,37.920352075546091],[-122.19737700305264,37.92048279037666],[-122.19724390999949,37.920752622723185],[-122.19721907381101,37.920961016307295],[-122.19716687138073,37.921166206572927],[-122.19706449901078,37.921413877758162],[-122.19695121986227,37.921607033669758],[-122.19680691687159,37.921888296216935],[-122.19651867072037,37.922117211818765],[-122.19612573834036,37.922203363060881],[-122.19575630566518,37.922271022887834],[-122.19517575200776,37.922488224732874],[-122.19426546956707,37.922187166996814],[-122.19364169135453,37.921852888721041],[-122.19312436863837,37.92148053441398],[-122.19292839604138,37.921187537418554],[-122.19289432729295,37.92113660431022],[-122.19270266403218,37.921018642937781],[-122.19258327831643,37.92095887725786],[-122.19251487016805,37.920924791029115],[-122.19231344283516,37.920846030138449],[-122.19179804625639,37.920786994536783],[-122.19165695013213,37.920782365666192],[-122.19070155313207,37.920751017144347],[-122.19000911189475,37.920595876028258],[-122.18907743331665,37.920466434712345],[-122.18744257074812,37.920002647869509],[-122.18684137866879,37.919832091736545],[-122.18681799836017,37.919831935387542],[-122.18643151924229,37.919829359605103],[-122.18588201984613,37.919519135124958],[-122.18544746968749,37.919513110454837],[-122.18482998319405,37.919375942535133],[-122.18414294079479,37.919223318088171],[-122.18394043116778,37.919232661033114],[-122.1838436126811,37.919237128556126],[-122.18359689316922,37.919248513214654],[-122.18292796678379,37.91908442227674],[-122.18232926120049,37.919058008707765],[-122.18218143373355,37.919012671296571],[-122.1821641306439,37.919008763418553],[-122.18206605945846,37.918986589581223],[-122.18203192880196,37.918978874254442],[-122.18100496480356,37.918928945210702],[-122.18032781054518,37.918842742882177],[-122.18032341112298,37.918832079109684],[-122.17966429464211,37.918854533554651],[-122.1795649328854,37.918812357022048],[-122.17914121318486,37.918632494269993],[-122.17877471611284,37.918713545013809],[-122.17810576948879,37.91857523430491],[-122.17756248447027,37.91861338030094],[-122.17731906552243,37.918498390345256],[-122.17707564846685,37.918383399868951],[-122.17670536963509,37.918558257682896],[-122.17633509019389,37.91873311431339],[-122.17622213662818,37.918786452971005],[-122.17598767634038,37.918769933016669],[-122.17589807252786,37.91864745889697],[-122.1756185489638,37.918266016662884],[-122.17553357863029,37.917907468053436],[-122.17571760781325,37.917388381463738],[-122.17606320549631,37.917396741184753],[-122.17576688765595,37.91622308248327],[-122.1756763959342,37.915825310445378],[-122.17554844136168,37.915769526093165],[-122.17568114674576,37.915666419482406],[-122.17529277600465,37.915352718796939],[-122.17504105655077,37.915548296156345],[-122.17497275449021,37.915518518508954],[-122.17406958974752,37.915399147699738],[-122.17321756793362,37.915525907483691],[-122.17320633430826,37.91552757874036],[-122.17275722325776,37.915514781474442],[-122.17199504545894,37.915716011265815],[-122.1713467579483,37.915888817295453],[-122.17089052701964,37.916010424987583],[-122.17054444050662,37.916030169298978],[-122.16988355082897,37.916067861791618],[-122.16679848023051,37.917040137080733],[-122.16648679722753,37.916709553043198],[-122.16626318048762,37.916472370493004],[-122.16566976126748,37.915842954634961],[-122.16536300803962,37.9155175869899],[-122.16282170351795,37.91435739682084],[-122.16272263241774,37.91431220409924],[-122.16262294352512,37.914268622228036],[-122.1625832007341,37.914248495867092],[-122.16155929756701,37.913781572589329],[-122.16151944287164,37.913763381307518],[-122.16100281898284,37.91352942546883],[-122.16103446295459,37.91339936337161],[-122.16107821852486,37.913219507576208],[-122.16092236848056,37.913047279030756],[-122.16062402782737,37.913047117827212],[-122.16040496688341,37.913046997570646],[-122.16017147459776,37.913223153557034],[-122.16015957005094,37.913443037126676],[-122.16039574057886,37.913637212281913],[-122.16091308979156,37.913642079602383],[-122.16091310148448,37.913650318606237],[-122.16091421364955,37.914462885115292],[-122.16091428927733,37.914518249485795],[-122.16074595703799,37.914509028598005],[-122.16054901129142,37.91431666458427],[-122.16033148036556,37.914331953830668],[-122.16000581254104,37.914472598691816],[-122.16000486079814,37.914472358846062],[-122.16000390793826,37.91447211991715],[-122.16000295505822,37.914471880087383],[-122.16000200225895,37.914471643861056],[-122.16000104830231,37.914471406749826],[-122.16000009436591,37.91447117053945],[-122.15999914044963,37.914470935229907],[-122.15999818657376,37.914470701722088],[-122.15999723156081,37.914470468230256],[-122.15999627656797,37.914470235639278],[-122.15999532043804,37.914470003064253],[-122.15999436436863,37.914469773191811],[-122.15999340829929,37.91446954331937],[-122.15999245222984,37.914469313446929],[-122.15999149508389,37.91446908629301],[-122.15999053791774,37.914468858238244],[-122.15998958079194,37.914468631985216],[-122.15998862254926,37.914468406648957],[-122.15998766430654,37.914468181312763],[-122.15998670610418,37.914467957778243],[-122.15998574676469,37.914467734259688],[-122.15998478748577,37.914467513443725],[-122.15998382818664,37.914467291726908],[-122.15998286890776,37.914467070910959],[-122.1599819085522,37.914466852813518],[-122.15998094817654,37.914466633815266],[-122.15997998784118,37.914466416618666],[-122.15997902636873,37.91446619943806],[-122.15997806491647,37.914465983158323],[-122.15997710350453,37.914465768680287],[-122.15997614093533,37.914465553317378],[-122.1599751795638,37.914465340641051],[-122.15997421591797,37.914465127996642],[-122.15997325344971,37.914464917138041],[-122.15997228984422,37.914464706295355],[-122.15997132739614,37.91446449633758],[-122.15997036267377,37.914464286411693],[-122.15996939914906,37.914464079172475],[-122.15996843448724,37.914463871949195],[-122.1599674698254,37.914463664725915],[-122.15996650522413,37.914463460205198],[-122.15996553948575,37.91446325570049],[-122.15996457376748,37.914463052096615],[-122.15996360802909,37.914462847591814],[-122.15996264123432,37.914462646706554],[-122.15996167557664,37.914462445805171],[-122.15996070880198,37.914462245820701],[-122.1599597420072,37.914462044935355],[-122.15995877413583,37.914461846768596],[-122.15995780628462,37.914461649502599],[-122.15995683843342,37.914461452236651],[-122.15995587064276,37.914461257673274],[-122.159954901715,37.914461063125891],[-122.1599539327872,37.914460868578452],[-122.15995296387956,37.91446067493191],[-122.15995199501232,37.914460483087055],[-122.15995102502818,37.914460292159035],[-122.15995005502378,37.914460100330167],[-122.15994908510015,37.914459912104725],[-122.1599481151361,37.914459722077567],[-122.15994714407536,37.914459533868069],[-122.15994617307513,37.914459348361135],[-122.15994520203458,37.914459161052541],[-122.15994422989719,37.914458975561573],[-122.15994325891718,37.914458790955493],[-122.15994228686054,37.914458609067992],[-122.15994131362643,37.914458425394749],[-122.15994034156979,37.914458243507241],[-122.15993936839624,37.914458062536511],[-122.159938395263,37.914457883367547],[-122.1599374221298,37.914457704198583],[-122.15993644903691,37.914457526831271],[-122.15993547478679,37.914457348579091],[-122.15993450059715,37.914457173029511],[-122.15993352640751,37.914456997479903],[-122.15993255110097,37.914456822847178],[-122.15993157693151,37.914456648198424],[-122.15993060168549,37.914456476268221],[-122.15992962641928,37.914456303437149],[-122.15992865005634,37.914456132423808],[-122.15992767485068,37.914455962295278],[-122.15992669850789,37.914455792182757],[-122.15992572220541,37.91445562387198],[-122.15992474594336,37.914455457362891],[-122.15992376854415,37.914455290869732],[-122.15992279112484,37.914455123475754],[-122.15992181376599,37.914454958784319],[-122.15992083642728,37.914454794993773],[-122.15991985912898,37.914454633004922],[-122.15991888067339,37.914454470131155],[-122.15991790223798,37.914454308158255],[-122.15991692386305,37.91445414888797],[-122.15991594544779,37.914453987815932],[-122.15991496597616,37.914453830363328],[-122.15991398762144,37.914453671993847],[-122.15991300816998,37.914453515442062],[-122.15991202760155,37.914453359807126],[-122.15991104817024,37.914453204156182],[-122.15991006762198,37.914453049422036],[-122.15990908711413,37.914452896489699],[-122.15990810660621,37.914452743557284],[-122.15990712615886,37.914452593327489],[-122.15990614567116,37.914452441295907],[-122.15990516410682,37.914452291982904],[-122.15990418254258,37.914452142669909],[-122.15990320099847,37.914451994257782],[-122.15990221949465,37.914451847647335],[-122.1599012368538,37.914451701052862],[-122.15990025541049,37.914451557145014],[-122.15989927278983,37.914451411451388],[-122.15989829022962,37.914451268460347],[-122.15989730653233,37.91445112548525],[-122.15989632399231,37.914450983395021],[-122.15989534035556,37.914450843122523],[-122.15989435671877,37.914450702850047],[-122.15989337310221,37.91445056347839],[-122.15989238954616,37.914450426809303],[-122.15989140483276,37.914450289255328],[-122.15989042127669,37.914450152586198],[-122.15988943660372,37.91445001683396],[-122.15988845197104,37.914449882883389],[-122.1598874662013,37.914449748948797],[-122.15988648158879,37.914449615899109],[-122.15988549583918,37.914449482865365],[-122.15988451130738,37.914449353419059],[-122.15988352561831,37.914449223087878],[-122.15988253992926,37.914449092756719],[-122.15988155316359,37.914448965144096],[-122.15988056751489,37.914448836614639],[-122.15987958080979,37.914448711704509],[-122.15987859406427,37.914448584992783],[-122.15987760737931,37.914448460983557],[-122.15987662069436,37.914448336974338],[-122.15987563289247,37.91444821388194],[-122.15987464622769,37.914448090773575],[-122.15987365846613,37.914447969482893],[-122.15987267074495,37.914447849993884],[-122.15987168304392,37.914447731405787],[-122.1598706953227,37.914447611916827],[-122.15986970650472,37.914447494245501],[-122.15986871884411,37.914447377459119],[-122.15986773008662,37.914447262490391],[-122.1598667413292,37.914447147521642],[-122.15986575259191,37.914447033453747],[-122.15986476387481,37.914446920286721],[-122.15986377404077,37.914446808036523],[-122.15986278534388,37.914446695770351],[-122.15986179557038,37.914446586222724],[-122.15986080579682,37.914446476675081],[-122.15985981604349,37.914446368028287],[-122.15985882631033,37.914446260282375],[-122.15985783546022,37.914446153453298],[-122.15985684574724,37.914446046608219],[-122.15985585493752,37.914445941580802],[-122.15985486414792,37.914445837454274],[-122.15985387453578,37.914445735113453],[-122.15985288262928,37.91444563190371],[-122.15985189190026,37.914445530479767],[-122.15985090121148,37.914445430857519],[-122.15984990936549,37.914445330350347],[-122.15984891869701,37.91444523162891],[-122.15984792691151,37.91444513382433],[-122.15984693514616,37.914445036920583],[-122.15984594340105,37.914444940917711],[-122.159844950539,37.914444845831618],[-122.15984395883419,37.914444751630462],[-122.15984296603264,37.914444659247003],[-122.15984197436818,37.914444566847507],[-122.15984098158681,37.914444475364888],[-122.1598399888256,37.914444384783096],[-122.15983899608459,37.914444295102129],[-122.15983800334355,37.914444205421205],[-122.15983700952596,37.914444118458796],[-122.15983601682521,37.914444030579567],[-122.15983502304798,37.914443945418881],[-122.15983403040777,37.914443860242216],[-122.15983303663049,37.914443775081565],[-122.15983204291373,37.914443692623401],[-122.15983104919697,37.914443610165257],[-122.15983005550039,37.914443528608018],[-122.15982906066665,37.914443447066681],[-122.15982806701044,37.914443367311122],[-122.15982707223725,37.914443288472377],[-122.15982607862134,37.914443210518471],[-122.15982508386833,37.914443132580608],[-122.15982408915563,37.914443056444419],[-122.15982309446321,37.914442981209085],[-122.15982209981104,37.914442907775459],[-122.15982110402176,37.914442834357814],[-122.15982010938977,37.914442761825043],[-122.15981911477793,37.914442690193106],[-122.159818119029,37.914442618577176],[-122.15981712332044,37.914442548762935],[-122.15981612876918,37.914442479833582],[-122.15981513312114,37.914442412721918],[-122.1598141374529,37.914442344709336],[-122.15981314068787,37.914442278514549],[-122.15981214508017,37.914442213204531],[-122.15981114951276,37.914442149696278],[-122.1598101539454,37.914442086188032],[-122.15980915726109,37.914442023596578],[-122.15980816057683,37.914441961005167],[-122.15980716509011,37.914441901100297],[-122.15980616842594,37.914441839409697],[-122.15980517184252,37.914441781322537],[-122.15980417523892,37.914441722334509],[-122.15980317869577,37.914441666049022],[-122.15980218215265,37.914441609763593],[-122.15980118560955,37.914441553478134],[-122.15980018798982,37.914441499911199],[-122.15979919150723,37.914441446328304],[-122.15979819390768,37.914441393662202],[-122.15979719744529,37.914441340980147],[-122.15979619990625,37.914441291016658],[-122.15979520236725,37.914441241053133],[-122.15979420482819,37.914441191089587],[-122.15979320848679,37.914441143812674],[-122.15979221100825,37.914441096551712],[-122.1597912124128,37.91444105020755],[-122.15979021495443,37.914441003847458],[-122.15978921755665,37.914440960189928],[-122.15978822015882,37.914440916532385],[-122.15978722164404,37.914440873791648],[-122.15978622430676,37.914440832836682],[-122.15978522583234,37.914440791897697],[-122.15978422851514,37.914440751843564],[-122.15978323006088,37.914440711805398],[-122.15978223280428,37.914440674453772],[-122.15978123441053,37.914440637118176],[-122.15978023601677,37.914440599782573],[-122.15977923768351,37.914440565149548],[-122.15977823933009,37.914440529615668],[-122.15977724103723,37.91444049678433],[-122.1597762427443,37.914440463952957],[-122.15977524447162,37.914440432022495],[-122.15977424619885,37.914440400092026],[-122.15977324686975,37.914440371780934],[-122.15977224863731,37.91444034165216],[-122.15977125044526,37.91444031332508],[-122.15977025113631,37.914440285914822],[-122.15976925300474,37.914440260290348],[-122.15976825371595,37.914440233780944],[-122.15976725560459,37.914440209057297],[-122.15976625637632,37.914440185250456],[-122.15976525720845,37.914440164146164],[-122.1597642580205,37.914440142141054],[-122.15976325998982,37.914440121020824],[-122.15976226082203,37.914440099916519],[-122.15976126171475,37.914440081514833],[-122.15976026258731,37.91444006221225],[-122.15975926354051,37.914440046513128],[-122.15975826445339,37.914440029012276],[-122.15975726540664,37.914440013313104],[-122.15975626638004,37.914439998514794],[-122.15975526737357,37.914439984617353],[-122.15975426840747,37.914439972521606],[-122.15975326946155,37.914439961326728],[-122.15975227049546,37.914439949230982],[-122.15975127043255,37.914439938952903],[-122.15975027154714,37.914439930460603],[-122.15974927266173,37.914439921968246],[-122.15974827267952,37.914439915293599],[-122.15974727381426,37.914439907702111],[-122.15974627500952,37.914439902813228],[-122.15974527506766,37.914439897940241],[-122.15974427630327,37.914439894853061],[-122.15974327751867,37.914439890864976],[-122.15974227767767,37.914439890496318],[-122.15974127895358,37.914439889210804],[-122.15974027909242,37.914439887941263],[-122.15973928042884,37.914439889358292],[-122.15973828062819,37.914439890791328],[-122.15973728200495,37.914439894010115],[-122.15973628226477,37.914439898145666],[-122.15973528252464,37.914439902281259],[-122.1597342839417,37.91443990730172],[-122.1597332842419,37.914439913238986],[-122.15973228569935,37.91443992006117],[-122.15973128603981,37.914439927800174],[-122.15973028644089,37.914439938241749],[-122.15972928793862,37.914439946865613],[-122.15972828838001,37.914439959108876],[-122.15972728993829,37.914439970435303],[-122.15972629035944,37.914439981777711],[-122.15972529084115,37.914439995822704],[-122.1597242924599,37.914440009851695],[-122.15972329300214,37.914440026599173],[-122.15972229350393,37.914440041545021],[-122.15972129520344,37.914440059177423],[-122.15972029578599,37.914440077726603],[-122.15971929750559,37.914440096259916],[-122.1597182981285,37.914440116610841],[-122.15971729875129,37.914440136961794],[-122.15971630053146,37.914440158197564],[-122.15971530121482,37.914440181251038],[-122.15971430303529,37.91444020428856],[-122.15971330373884,37.914440228242931],[-122.15971230563997,37.914440254883871],[-122.15971130638384,37.91444028063993],[-122.15971030830516,37.914440308181696],[-122.15970930908934,37.914440335739464],[-122.15970831105102,37.914440365082946],[-122.15970731187554,37.914440394442408],[-122.15970631387748,37.914440425587614],[-122.15970531472223,37.914440455847895],[-122.15970431676455,37.914440488794774],[-122.15970331768992,37.914440522658538],[-122.15970231977259,37.914440557407147],[-122.15970132185524,37.914440592155742],[-122.15970032395801,37.914440627805206],[-122.15969932496408,37.914440665272352],[-122.15969832712743,37.914440703624358],[-122.1596973293109,37.914440742877211],[-122.15969633151455,37.91444078303094],[-122.15969533371822,37.914440823184677],[-122.15969433482513,37.91444086515606],[-122.15969333708925,37.914440908012345],[-122.15969233935341,37.914440950868624],[-122.15969134163777,37.91444099462575],[-122.15969034396241,37.914441040184599],[-122.15968934744436,37.914441086628294],[-122.15968834978914,37.914441133087969],[-122.15968735217432,37.914441181349396],[-122.15968635457965,37.914441230511613],[-122.15968535698498,37.914441279673881],[-122.15968436054759,37.914441329721008],[-122.15968336301343,37.914441381585817],[-122.15968236549936,37.914441434351467],[-122.15968136912252,37.914441487101129],[-122.15968037166897,37.914441542569371],[-122.15967937535258,37.914441598021604],[-122.15967837903618,37.914441653473851],[-122.15967738160282,37.914441709842905],[-122.15967638534691,37.914441767997687],[-122.15967538911119,37.914441827053331],[-122.15967439291579,37.914441887910719],[-122.15967339554298,37.914441946982329],[-122.1596723993879,37.914442009641405],[-122.15967140321268,37.914442071399627],[-122.15967040705756,37.914442134058653],[-122.15966941207999,37.914442198503437],[-122.15966841598539,37.914442263865077],[-122.15966741991102,37.914442330127578],[-122.15966642385676,37.914442397290891],[-122.15966542895981,37.914442465339071],[-122.15966443294593,37.914442534304122],[-122.15966343806915,37.914442603253171],[-122.15966244209554,37.914442674019917],[-122.15966144727923,37.914442745671529],[-122.15966045246297,37.914442817323135],[-122.15965945770715,37.914442891677318],[-122.15965846295137,37.91444296603148],[-122.15965746821571,37.914443041286546],[-122.15965647348008,37.914443116541534],[-122.15965547878479,37.914443193598267],[-122.15965448410967,37.914443271555825],[-122.15965348945466,37.914443350414281],[-122.1596524959368,37.914443429256714],[-122.15965150132216,37.914443509916886],[-122.15965050784463,37.914443590561028],[-122.15964951327035,37.914443673022888],[-122.15964851985328,37.914443756369607],[-122.15964752645644,37.914443840617182],[-122.15964653307975,37.914443925765624],[-122.15964553974337,37.914444012715762],[-122.15964454640698,37.914444099665872],[-122.15964355307064,37.914444186616031],[-122.15964256091169,37.914444275351897],[-122.15964156763577,37.914444365004591],[-122.15964057435991,37.914444454657257],[-122.15963958228166,37.914444546996542],[-122.15963859018319,37.914444638434965],[-122.15963759700817,37.914444732591889],[-122.15963660495007,37.914444825832049],[-122.15963561291206,37.914444919972979],[-122.15963462093464,37.914445016816536],[-122.15963363009432,37.914445113644113],[-122.15963263813703,37.914445211388511],[-122.15963164617973,37.914445309132859],[-122.15963065539989,37.914445408663006],[-122.15962966350311,37.914445509109974],[-122.15962867276356,37.914445610441781],[-122.15962768204426,37.914445712674457],[-122.15962669134504,37.914445815807987],[-122.15962570066601,37.914445919842386],[-122.159624709987,37.914446023876749],[-122.15962371936848,37.914446130613726],[-122.15962272988709,37.914446237334701],[-122.15962173926852,37.914446344071578],[-122.15962074984763,37.914446453495117],[-122.15961976038638,37.914446561116925],[-122.15961877098559,37.914446671441297],[-122.15961778162514,37.914446783567392],[-122.15961679226471,37.914446895693501],[-122.15961580290427,37.914447007819547],[-122.15961481360439,37.914447122648212],[-122.15961382542132,37.914447236559994],[-122.15961283727866,37.914447352273541],[-122.15961184801908,37.914447468903859],[-122.15961085989659,37.914447585518268],[-122.15960987183455,37.914447704835197],[-122.15960888490966,37.914447824136154],[-122.15960789684765,37.914447943453055],[-122.15960690884614,37.914448065472534],[-122.15960592196156,37.914448186575179],[-122.15960493511729,37.914448309479575],[-122.15960394715611,37.914448433300734],[-122.15960296033204,37.914448557105956],[-122.15960197468534,37.914448682696893],[-122.15960098792181,37.9144488092047],[-122.15960000119854,37.914448937514187],[-122.15959901561234,37.914449065807695],[-122.15959803000604,37.914449193200319],[-122.15959704334327,37.914449324212327],[-122.15959605893457,37.914449454291578],[-122.15959507342902,37.914449586188489],[-122.15959408794372,37.914449718986276],[-122.15959310249869,37.914449853585751],[-122.15959211815048,37.914449986367536],[-122.15959113386275,37.914450121851871],[-122.15959014959512,37.914450258237068],[-122.15958916534771,37.914450395523147],[-122.15958818114066,37.914450534610928],[-122.15958719691338,37.914450672797798],[-122.15958621384343,37.914450811869621],[-122.15958523083397,37.914450953643936],[-122.15958424782444,37.9144510954183],[-122.15958326481496,37.914451237192615],[-122.15958228182561,37.914451379867813],[-122.1595812988766,37.914451524344727],[-122.15958031708492,37.914451669706537],[-122.15957933529317,37.914451815068254],[-122.15957835240469,37.914451962247753],[-122.1595773706734,37.914452110312048],[-122.15957639009949,37.914452259261289],[-122.15957540840854,37.914452409127357],[-122.15957442785474,37.914452558977409],[-122.15957344620413,37.914452710645179],[-122.15957246571082,37.914452863197774],[-122.15957148521753,37.914453015750404],[-122.15957050590164,37.914453170088741],[-122.15956952544863,37.91445332444308],[-122.15956854619326,37.914453481483982],[-122.15956756691769,37.914453637624064],[-122.15956658652519,37.914453794680931],[-122.15956560844722,37.914453953507604],[-122.15956462925233,37.914454113251061],[-122.15956365121471,37.9144542738794],[-122.15956267206015,37.91445443542456],[-122.15956169404262,37.914454596953775],[-122.15956071606547,37.914454760284698],[-122.15955973920528,37.914454922698766],[-122.15955876128862,37.91445508873224],[-122.15955778446879,37.914455252947995],[-122.1595568077295,37.914455420767226],[-122.15955583097016,37.914455587685566],[-122.15955485423088,37.914455755504747],[-122.15955387753201,37.914455925125665],[-122.15955290199037,37.914456095631458],[-122.15955192644873,37.914456266137194],[-122.15955095092725,37.914456437543819],[-122.1595499754461,37.914456610752183],[-122.15954900112226,37.914456784845399],[-122.15954802564104,37.914456958053719],[-122.15954705133736,37.914457133047797],[-122.15954607707397,37.91445730984357],[-122.15954510394766,37.914457486623355],[-122.15954412972461,37.91445766522083],[-122.15954315663866,37.914457843802339],[-122.15954218357284,37.914458023284688],[-122.15954121052722,37.914458203667877],[-122.15954023754203,37.914458386753694],[-122.15953926567386,37.914458568922612],[-122.15953829382582,37.914458751992385],[-122.15953732199795,37.914458935963054],[-122.15953635017004,37.914459119933689],[-122.15953537840265,37.914459306606872],[-122.15953440777233,37.91445949326414],[-122.15953343718238,37.914459681723052],[-122.15953246657224,37.914459869281124],[-122.1595314960024,37.914460058640898],[-122.15953052658992,37.914460248885561],[-122.1595295560806,37.914460440947913],[-122.15952858670838,37.914460632994306],[-122.15952761849343,37.914460825925509],[-122.15952664916153,37.914461019773597],[-122.1595256810071,37.914461215407442],[-122.15952471285262,37.914461411041202],[-122.15952374471831,37.914461607575888],[-122.15952277656385,37.914461803209676],[-122.15952180962714,37.914462002430916],[-122.15952084269043,37.914462201652121],[-122.15951987575373,37.914462400873404],[-122.1595189088775,37.914462602797222],[-122.15951794313838,37.914462804705011],[-122.1595169762823,37.914463007529655],[-122.15951601056337,37.91446321033834],[-122.15951504600169,37.914463414031921],[-122.15951408034317,37.91446361954312],[-122.15951311586215,37.914463826840098],[-122.15951215136093,37.914464033236214],[-122.15951118690009,37.914464241434047],[-122.15951022359646,37.914464450516746],[-122.15950925913553,37.914464658714557],[-122.15950829589242,37.914464870499827],[-122.15950733378644,37.914465082269125],[-122.15950637054326,37.914465294054366],[-122.15950540845742,37.914465506724476],[-122.1595044464119,37.914465721196329],[-122.15950348438649,37.91446593656903],[-122.15950252349818,37.914466151925744],[-122.15950156149303,37.914466368199257],[-122.15950060064502,37.91446658535768],[-122.1594996409745,37.914466804301831],[-122.15949868016685,37.914467023261992],[-122.15949772053668,37.914467244007859],[-122.15949676090646,37.914467464753727],[-122.15949580245369,37.914467687285281],[-122.15949484284364,37.914467908932011],[-122.15949388443117,37.914468133265302],[-122.15949292601871,37.914468357598572],[-122.15949196876353,37.91446858281676],[-122.15949101037121,37.914468808050913],[-122.15949005315638,37.914469035070766],[-122.15948909709874,37.914469262975516],[-122.15948813996455,37.914469493598808],[-122.15948718392707,37.914469722404426],[-122.15948622792999,37.914469953011753],[-122.15948527193285,37.914470183619059],[-122.15948431711314,37.914470416012087],[-122.15948336231362,37.914470649306011],[-122.15948240753426,37.914470883500748],[-122.15948145277505,37.914471118596374],[-122.15948049919326,37.914471355477687],[-122.1594795455913,37.914471591458174],[-122.15947859202963,37.91447182924037],[-122.15947763960514,37.914472067006564],[-122.15947668720082,37.914472305673634],[-122.15947573483675,37.914472546142427],[-122.1594747824727,37.914472786611213],[-122.15947383130627,37.914473029766548],[-122.15947288009943,37.914473271120201],[-122.15947193009026,37.914473515160452],[-122.15947097896412,37.914473760117517],[-122.15947002897514,37.914474005058608],[-122.15946907902642,37.91447425180138],[-122.15946813021478,37.914474498528207],[-122.15946718142338,37.914474746155868],[-122.15946623267224,37.914474995585252],[-122.15946528392112,37.914475245014629],[-122.15946433632725,37.914475495328901],[-122.15946338875357,37.914475746543999],[-122.15946244120002,37.914475998659931],[-122.15946149478359,37.91447625075994],[-122.1594605484276,37.914476505562483],[-122.15945960205153,37.914476759464144],[-122.15945865573588,37.914477016068425],[-122.15945771055739,37.91447727265669],[-122.15945676537882,37.914477529244955],[-122.15945582135757,37.914477786718116],[-122.15945487737658,37.914478045992986],[-122.15945393341583,37.914478306168697],[-122.15945298949539,37.91447856814613],[-122.15945204667172,37.91447882830586],[-122.15945110390854,37.914479091168175],[-122.15945016114532,37.914479354030448],[-122.15944921957968,37.914479619579353],[-122.15944827797372,37.914479883326543],[-122.15944733640812,37.91448014887542],[-122.15944639604008,37.914480417110873],[-122.15944545563175,37.914480683544646],[-122.15944451528388,37.914480952680968],[-122.1594435760731,37.914481221801296],[-122.15944263574542,37.914481491838458],[-122.15944169773221,37.914481763645398],[-122.15944075858192,37.914482035468303],[-122.15943982058889,37.914482308176098],[-122.15943888259584,37.91448258088387],[-122.15943794580039,37.914482856278248],[-122.15943700896466,37.914483129870916],[-122.15943607220952,37.914483407066989],[-122.15943513657133,37.914483683346198],[-122.15943420099366,37.914483962328042],[-122.15943326539579,37.914484240408974],[-122.15943232981807,37.914484519390761],[-122.15943139543795,37.914484801059196],[-122.15943046215463,37.914485080909856],[-122.15942952777452,37.914485362578255],[-122.15942859459193,37.914485646933237],[-122.15942766136912,37.914485929486531],[-122.15942672934381,37.914486214726367],[-122.15942579731858,37.914486499966237],[-122.15942486533363,37.914486787007789],[-122.15942393446561,37.914487073132513],[-122.15942300363795,37.914487361058931],[-122.15942207396752,37.914487649870253],[-122.15942114320029,37.914487940499242],[-122.15942021355001,37.914488230211418],[-122.15941928507719,37.914488521709309],[-122.15941835660432,37.91448881320725],[-122.15941742819196,37.914489107407675],[-122.15941649977955,37.914489401608172],[-122.1594155725043,37.914489695792625],[-122.15941464524919,37.914489990877975],[-122.15941371915133,37.914490286848185],[-122.15941279309382,37.914490584620111],[-122.15941186703633,37.91449088239203],[-122.15941094217639,37.914491182850547],[-122.15941001727604,37.914491481507348],[-122.15940909241614,37.914491781965857],[-122.15940816871347,37.914492083309248],[-122.15940724505109,37.91449238645432],[-122.1594063225057,37.9144926886826],[-122.15940539886344,37.914492992728512],[-122.15940447753583,37.914493298544265],[-122.15940355505087,37.914493603475066],[-122.15940263374334,37.914493910191645],[-122.1594017135931,37.914494217793106],[-122.15940079230569,37.914494525410497],[-122.1593998721756,37.914494833912755],[-122.15939895322298,37.914495144200785],[-122.1593980342703,37.914495454488829],[-122.15939711535792,37.914495766578575],[-122.15939619758265,37.914496078652306],[-122.15939527982755,37.914496391626898],[-122.1593943620926,37.914496705502359],[-122.15939344551489,37.914497020262729],[-122.15939252895741,37.914497335923883],[-122.15939161244017,37.914497653386817],[-122.15939069703994,37.914497969932896],[-122.15938978283727,37.914498289165543],[-122.15938886745717,37.914498606612447],[-122.15938795327463,37.914498926745949],[-122.15938704024941,37.914499247764361],[-122.15938612724429,37.914499569683549],[-122.15938521423921,37.914499891602844],[-122.15938430239133,37.914500214406921],[-122.15938339056365,37.91450053811193],[-122.15938247877631,37.914500863618606],[-122.15938156812605,37.914501189109338],[-122.1593806575161,37.914501516401756],[-122.1593797480231,37.914501842777312],[-122.15937883855028,37.914502170053765],[-122.15937792911774,37.914502499131899],[-122.1593770208425,37.914502829094914],[-122.15937611374466,37.914503160843665],[-122.15937520546936,37.914503490806709],[-122.15937429839168,37.914503823456293],[-122.15937339245116,37.914504156089954],[-122.15937248657104,37.914504491426115],[-122.1593715806506,37.914504824960623],[-122.15937067592778,37.914505161181701],[-122.15936977118477,37.914505496501924],[-122.1593688664821,37.914505833623863],[-122.15936796293664,37.914506171630656],[-122.15936706056867,37.914506511423212],[-122.15936615704339,37.914506850330852],[-122.15936525467538,37.914507190123388],[-122.15936435348478,37.914507531701702],[-122.15936345231439,37.914507874180792],[-122.15936255228107,37.914508216643945],[-122.15936165115095,37.914508560924766],[-122.15936075231522,37.914508906074516],[-122.15935985232218,37.914509250339364],[-122.15935895352678,37.914509597290852],[-122.15935805584824,37.914509943325392],[-122.15935715823026,37.914510292062616],[-122.15935626061227,37.914510640799811],[-122.15935536413137,37.914510989520998],[-122.15935446767057,37.914511339143047],[-122.15935357238722,37.914511690550832],[-122.1593526771039,37.914512041958595],[-122.1593517830182,37.914512396053013],[-122.15935088889212,37.914512748345665],[-122.15934999482651,37.914513103340916],[-122.15934910189803,37.914513458320187],[-122.15934820896952,37.914513813299415],[-122.1593473172386,37.914514170965262],[-122.15934642548754,37.914514527730233],[-122.15934553493405,37.914514887181845],[-122.15934464436036,37.914515245732538],[-122.15934375380684,37.9145156051841],[-122.15934286441065,37.914515965520565],[-122.15934197619187,37.914516327642758],[-122.15934108685606,37.914516690681779],[-122.15934019977432,37.914517052787978],[-122.15933931161598,37.914517417612707],[-122.15933842571171,37.914517781504642],[-122.15933753871057,37.914518147214295],[-122.15933665286681,37.914518513808801],[-122.15933576818021,37.91451888128821],[-122.15933488351384,37.91451924966843],[-122.15933399884742,37.914519618048693],[-122.15933311535845,37.91451998821465],[-122.15933223186944,37.914520358380621],[-122.15933134953772,37.914520729431466],[-122.15933046722613,37.914521101383173],[-122.15932958607185,37.914521474219761],[-122.15932870493765,37.914521847957197],[-122.15932782496078,37.914522222579485],[-122.15932694498387,37.914522597201817],[-122.15932606504732,37.914522973625843],[-122.15932518626798,37.914523350934751],[-122.15932430862577,37.914523728227707],[-122.15932343098356,37.914524105520606],[-122.15932255340181,37.914524485516104],[-122.15932167695716,37.914524865495636],[-122.1593208005327,37.914525246375973],[-122.1593199252453,37.914525627240351],[-122.15931904999823,37.914526009906496],[-122.15931817590842,37.914526393457479],[-122.15931730181863,37.91452677700844],[-122.15931642888607,37.914527161444319],[-122.15931555599383,37.914527547681892],[-122.15931468423872,37.914527933903507],[-122.15931381250377,37.914528321025955],[-122.1593129408091,37.914528709950098],[-122.15931207021121,37.914529097056587],[-122.15931120081096,37.914529486849645],[-122.1593103314308,37.914529877543572],[-122.15930946207082,37.914530269138318],[-122.15930859382777,37.914530659816243],[-122.15930772678233,37.914531053180788],[-122.15930685973687,37.914531446545347],[-122.1593059927317,37.914531841711572],[-122.15930512684353,37.914532235960976],[-122.15930426211254,37.914532631095263],[-122.15930339628486,37.914533028047252],[-122.15930253277163,37.914533426769012],[-122.15930166921811,37.91453382368902],[-122.15930080570489,37.914534222410751],[-122.15929994334894,37.914534622017356],[-122.15929908103331,37.914535023425707],[-122.1592982198346,37.914535423917165],[-122.15929735867621,37.91453582621039],[-122.15929649867515,37.914536229388453],[-122.15929563983126,37.914536633451419],[-122.1592947798503,37.914537037530359],[-122.15929392216373,37.914537442478164],[-122.15929306449726,37.91453784832688],[-122.15929220685099,37.914538255076451],[-122.15929135036197,37.914538662710839],[-122.15929049391319,37.914539072146994],[-122.15928963858148,37.914539480666285],[-122.15928878326987,37.914539890086481],[-122.15928792913569,37.914540301292341],[-122.15928707611845,37.914540711581424],[-122.15928622200435,37.914541123688167],[-122.15928537020484,37.914541537564688],[-122.15928451838522,37.914541950540332],[-122.15928366660586,37.914542365317708],[-122.15928281598376,37.914542780979929],[-122.15928196538177,37.914543197543047],[-122.15928111591693,37.914543614090185],[-122.15928026762954,37.914544032423017],[-122.15927941934213,37.914544450755891],[-122.15927857105467,37.914544869088743],[-122.1592777239245,37.914545288306492],[-122.15927687797178,37.914545709309976],[-122.15927603201899,37.914546130313433],[-122.15927518726383,37.9145465540035],[-122.1592743424885,37.914546976792714],[-122.15927349773332,37.914547400482789],[-122.15927265413542,37.914547825057696],[-122.15927181169474,37.914548250517541],[-122.15927096923393,37.914548675076503],[-122.15927012799087,37.914549103222875],[-122.15926928672758,37.914549530468477],[-122.15926844662157,37.914549958598869],[-122.15926760653576,37.914550387630165],[-122.15926676760721,37.914550817546356],[-122.15926592983587,37.914551248347372],[-122.15926509094763,37.914551680065266],[-122.15926425433361,37.91455211175122],[-122.15926341775987,37.914552545238841],[-122.15926258118613,37.914552978726462],[-122.15926174576965,37.914553413099014],[-122.15926091149024,37.914553847455572],[-122.15926007727136,37.914554284514665],[-122.15925924414923,37.914554719756062],[-122.15925841110776,37.914555158600912],[-122.1592575791832,37.914555596528963],[-122.15925674725862,37.914556034456972],[-122.15925591653162,37.914556475071521],[-122.15925508580469,37.914556915686163],[-122.15925425621484,37.914557356284817],[-122.15925342780237,37.914557798669158],[-122.1592525993899,37.914558241053555],[-122.1592517709976,37.914558684338743],[-122.15925094378269,37.914559129409696],[-122.15925011770491,37.914559574464711],[-122.15924929164726,37.914560020420524],[-122.15924846670656,37.914560465459516],[-122.15924764184655,37.914560914101976],[-122.15924681810347,37.914561361827559],[-122.15924599551758,37.914561810438038],[-122.15924517293175,37.914562259048516],[-122.15924435038619,37.914562709460682],[-122.15924352901807,37.91456316165862],[-122.1592427087467,37.914563612038819],[-122.15924188851569,37.914564064220805],[-122.1592410694621,37.914564518188484],[-122.15924025040852,37.91456497215615],[-122.15923943251214,37.914565427008718],[-122.15923861577306,37.914565882746153],[-122.15923779905413,37.914566339384479],[-122.15923698233517,37.914566796022768],[-122.15923616789046,37.914567252629119],[-122.15923535236908,37.914567711954014],[-122.15923453912194,37.914568171246955],[-122.15923372587477,37.914568630539897],[-122.15923291264777,37.914569090733664],[-122.15923210059817,37.914569552713203],[-122.15923128966556,37.914570013775915],[-122.15923047879336,37.914570477541155],[-122.15922966905832,37.914570941290485],[-122.15922885934341,37.914571405940599],[-122.1592280507454,37.914571869673935],[-122.15922724218774,37.914572335208959],[-122.15922643478734,37.914572801628843],[-122.15922562856437,37.914573269834477],[-122.15922482234139,37.914573738040133],[-122.15922401727568,37.914574207130684],[-122.15922321220992,37.9145746762212],[-122.1592224083015,37.914575146196569],[-122.15922160555026,37.914575617056869],[-122.15922080279906,37.914576087917148],[-122.15922000124546,37.914576561464031],[-122.15921919967164,37.914577034110081],[-122.15921839925507,37.914577507640978],[-122.15921759885869,37.914577982072721],[-122.15921679961957,37.914578457389375],[-122.15921600151759,37.914578932690013],[-122.15921520347604,37.914579410693264],[-122.15921440653128,37.914579886878798],[-122.1592136107639,37.914580364850089],[-122.15921281501674,37.91458084372222],[-122.15921201930983,37.914581324396046],[-122.15921122471993,37.914581804153073],[-122.15921043128722,37.914582284794967],[-122.15920963901179,37.914582766321757],[-122.15920884679684,37.914583250551104],[-122.15920805454158,37.914583732978734],[-122.15920726460085,37.914584217176163],[-122.15920647354314,37.914584702290348],[-122.15920568473955,37.91458518647179],[-122.15920489597619,37.91458567245494],[-122.15920410723298,37.914586159338917],[-122.15920332078419,37.914586647091788],[-122.15920253433541,37.91458713484468],[-122.15920174790672,37.914587623498434],[-122.15920096265548,37.914588113937931],[-122.15920017854135,37.914588604361455],[-122.15919939444737,37.914589095685841],[-122.15919861149045,37.914589586994239],[-122.15919782855372,37.914590079203485],[-122.15919704677424,37.914590572297598],[-122.15919626617223,37.914591067177469],[-122.15919548668708,37.914591561140504],[-122.15919470608507,37.914592056020382],[-122.15919392779749,37.914592552669994],[-122.15919314950993,37.914593049319613],[-122.15919237237972,37.914593546854157],[-122.15919159526958,37.914594045289505],[-122.15919081927636,37.914594542808054],[-122.15919004448075,37.914595043013179],[-122.15918926968514,37.914595543218283],[-122.15918849604677,37.914596044308311],[-122.15918772354556,37.914596545382373],[-122.15918695108462,37.914597048258074],[-122.15918617978095,37.914597552018719],[-122.15918540847726,37.914598055779351],[-122.15918463831069,37.914598559523988],[-122.15918386932151,37.914599065054411],[-122.15918310033234,37.914599570584762],[-122.15918233250044,37.914600077000038],[-122.15916916052379,37.914607442346515],[-122.15899259234367,37.914706149370801],[-122.15890478272566,37.914733227487517],[-122.15857828972925,37.914816441890139],[-122.1584531899705,37.914866039317538],[-122.15838215458233,37.914898927290132],[-122.15831612763753,37.914938892778004],[-122.15826496571964,37.914992410908013],[-122.15822484986056,37.915058952272915],[-122.15820939077659,37.915111956525422],[-122.15821800992828,37.915187444223427],[-122.15825975667995,37.915286664363769],[-122.15829562459903,37.915340048322804],[-122.15834218813779,37.91539108601841],[-122.15843722540383,37.915470033704857],[-122.15856093539252,37.91556809748969],[-122.15871840320004,37.915689765664212],[-122.15887436238707,37.915785878546501],[-122.15931352697979,37.916158753766538],[-122.15957938544767,37.916433300145691],[-122.15966225867305,37.916428310381129],[-122.15967266209987,37.916428254318419],[-122.16090649511412,37.916421777396643],[-122.16091689512764,37.91642172127235],[-122.16091691269253,37.916433826999153],[-122.16089757109093,37.917483530149028],[-122.1608856906863,37.918128161226242],[-122.16088495982498,37.918190076493929],[-122.16088403355553,37.918268808053547],[-122.16084759475346,37.920432193486896],[-122.16167313205541,37.92150954254555],[-122.16156208382975,37.921918115043944],[-122.16139805839734,37.922687014781715],[-122.16102329428394,37.923277280053384],[-122.16088263103546,37.925921495802797],[-122.16084885685906,37.925985221830381],[-122.16180362820857,37.925870920007078],[-122.16223181026361,37.925822664784683],[-122.16286651423002,37.925778858079752],[-122.16309718336812,37.927200733940829],[-122.16314131989326,37.92747279112448],[-122.16319080935735,37.927686283361822],[-122.16336467977955,37.928139715280643],[-122.16358111596628,37.928475170133687],[-122.16383659458899,37.92876894659431],[-122.16414171483763,37.929037582470251],[-122.16471929365154,37.929420034493603],[-122.16481444919272,37.929346931126126],[-122.16517777605058,37.929633006672418],[-122.16508888300264,37.929706845707173],[-122.16542486344341,37.929977531433181],[-122.16560828298995,37.930093608065803],[-122.16585362901954,37.930220888346959],[-122.1661144268336,37.930327150044107],[-122.16616465121147,37.930234943324642],[-122.16661802325471,37.930330533463163],[-122.16660909069006,37.930402413853088],[-122.16708386036844,37.93040387699979],[-122.16728077640842,37.930376648357992],[-122.16768615212403,37.93025265175563],[-122.16798100514717,37.930034025327835],[-122.16822362426782,37.929666830748474],[-122.16840807270086,37.929631235207623],[-122.16896775061278,37.929837808296867],[-122.16964418203851,37.929964731238513],[-122.16987498468791,37.930008037520921],[-122.17007032093136,37.930044688747039],[-122.17044175018246,37.930114379301529],[-122.17106419230991,37.930231163620043],[-122.17248994615716,37.930433162411532],[-122.17303532156591,37.930816651200523],[-122.17341206980934,37.93095654097187],[-122.17367356065353,37.931053633336205],[-122.17399592932279,37.93117333013052],[-122.17426947705839,37.931293186263964],[-122.17441720123972,37.931368394590535],[-122.17467381933176,37.931535057245434],[-122.17477888867384,37.931621147296482],[-122.17503447681608,37.931863335121136],[-122.17525600542488,37.932012171073659],[-122.17570486133542,37.932186870535922],[-122.1758205734793,37.932502082221667],[-122.17612563005386,37.932918715029558],[-122.17656502000537,37.932970614262736],[-122.17660582601577,37.932887547191299],[-122.17678468208567,37.932927082396006],[-122.17674153357375,37.932998631014158],[-122.17793097713789,37.933237922285798],[-122.17856618921904,37.933520714805844],[-122.17903739497794,37.933816373730693],[-122.17923454446886,37.934012942682692],[-122.17937668537405,37.934200097689789],[-122.17949599119396,37.934414839445722],[-122.17980388100621,37.934633982066906],[-122.18021598214214,37.9349272947698],[-122.18098587549336,37.935528395046141],[-122.18106963370413,37.936310889461325],[-122.18156837843321,37.936419697292912],[-122.18224814853082,37.93642927981594],[-122.18438490514944,37.936408185454837],[-122.18470889451677,37.936446102855079],[-122.18517559841298,37.936587843177392],[-122.18538040401103,37.936429216710252],[-122.18547576724477,37.936462588259928],[-122.18534680943851,37.936666395053095],[-122.1857141394361,37.936859618329677],[-122.18612855308312,37.937214022239942],[-122.18640101165521,37.937639613790658],[-122.18647965404823,37.937865477877871],[-122.18689419088433,37.937786536824213],[-122.18692964088991,37.937941136591903],[-122.18707323444531,37.937941695160518],[-122.18725071907774,37.937891308193549],[-122.18750115639268,37.939425963635685],[-122.18757704364494,37.939890975945552],[-122.18854862678513,37.939875524518023],[-122.18858107557068,37.939875090531224],[-122.19070679509129,37.939846671431738],[-122.19195348685631,37.93981916823585],[-122.19195061787909,37.939834499947331],[-122.19127069995446,37.941727616688262],[-122.19079244305232,37.943059179406973],[-122.1905415970033,37.943759142921259],[-122.19038771075722,37.944115652616965],[-122.19176220849005,37.944184621787926],[-122.19317309860695,37.94435327701057],[-122.19310439438986,37.944549041991415],[-122.19754085027037,37.944371133021626],[-122.19810351754114,37.945194909802062],[-122.19872917751869,37.945620813201771],[-122.19940019328241,37.945726800697152],[-122.19992522946035,37.94638757217372],[-122.19957560598755,37.947091033661401],[-122.19920586386044,37.947102047128354],[-122.1991839676256,37.947311253649268],[-122.1996762349076,37.947457071358073],[-122.19997316611941,37.947642982175289],[-122.20032574826845,37.948538553139677],[-122.20019328829581,37.948728493650535],[-122.20038376527204,37.94928062195148],[-122.20299383995155,37.949145921730548],[-122.20355437328324,37.9491169853939],[-122.20511786957034,37.949108600740516],[-122.20515361107915,37.949108357157336],[-122.20525240997898,37.94910768394702],[-122.20742068019933,37.949099235294767],[-122.21447022207174,37.949058832367783],[-122.21714598759503,37.949043388191917],[-122.2172303733708,37.949042899984569],[-122.21979545718698,37.949028032722254],[-122.21977105519962,37.954046132928227],[-122.21976149789734,37.956024717167161],[-122.21975628153577,37.957104552130893],[-122.20441007596158,37.957035958535492],[-122.20320793136391,37.957017901490872],[-122.20175211359276,37.957363951457857],[-122.20180020753268,37.957493367777346],[-122.20203454190305,37.958125147696691],[-122.20213980005957,37.958407186334227],[-122.20243033765293,37.959470173736328],[-122.20210294260389,37.960712312088269],[-122.20109793967418,37.962341110697459],[-122.20081089173441,37.963181309357488],[-122.2007892271161,37.963272549910627],[-122.20078804559698,37.963288215237654],[-122.20068985857853,37.964179644156772],[-122.20034479370744,37.967312704587037],[-122.20198257156723,37.967313957991792],[-122.2019946684601,37.968355146757403],[-122.20202288101562,37.970782866445568],[-122.20203511056485,37.97198088507114],[-122.20205383515395,37.973815385751912],[-122.20235799916458,37.975116862533461],[-122.20262658007626,37.976266058124878],[-122.20298528477176,37.977769277369255],[-122.20317951710975,37.978591511507943],[-122.20337479051942,37.979418134092107],[-122.20427681046415,37.983261449411096],[-122.20497847565586,37.98317237393028],[-122.20577607973256,37.982928319165865],[-122.20615877786567,37.982755394243675],[-122.20670652477257,37.982577924578422],[-122.20717801467129,37.982787366115986],[-122.20746925133457,37.984154475038778],[-122.20772458225505,37.985373137139334],[-122.2085343248916,37.985702486722346],[-122.20903802936699,37.986047495848979],[-122.21112008329713,37.986100123730218],[-122.21208918159229,37.986364258676822],[-122.21226080132901,37.987115134271136],[-122.21245086509786,37.987963051827975],[-122.21355696747511,37.988937571264209],[-122.21487393400859,37.98859099193136],[-122.21617864098533,37.989483413635945],[-122.21640340475557,37.990208460321149],[-122.2159855673943,37.99134551154733],[-122.21532351344823,37.991927076638717],[-122.21568932872513,37.99418839852575],[-122.21771636709082,37.994729248131463],[-122.21865095314952,37.995526318065757],[-122.21966146412458,37.995340864375045],[-122.22036915722875,37.994803227683988],[-122.22229105326279,37.995098785764995]],[[-122.2106944927399,37.905787477741157],[-122.20780253882397,37.908225733549706],[-122.20670315042572,37.905901551786307],[-122.20555265666363,37.9048712039694],[-122.20775931882248,37.903294191502987],[-122.2106944927399,37.905787477741157]],[[-122.19252698231243,37.937044247137734],[-122.19258646238457,37.934353336454393],[-122.19653868357851,37.934408067315964],[-122.19660027995641,37.937100652509727],[-122.19252698231243,37.937044247137734]],[[-122.20367047518134,37.944419183969273],[-122.20364087390561,37.94561685079313],[-122.20085489776591,37.943643715448005],[-122.20140870336837,37.943148044147243],[-122.20367047518134,37.944419183969273]],[[-122.21929150563008,37.893430292500582],[-122.21902814071716,37.894138566429888],[-122.21883117694287,37.894247893857795],[-122.21855896548564,37.894411762944749],[-122.21851177977585,37.893936189971001],[-122.21858448565261,37.893430609008497],[-122.21818801596434,37.892824444044891],[-122.21846340834236,37.89244734940025],[-122.219105199661,37.891953191762937],[-122.21926921347912,37.892630063366987],[-122.21920675877503,37.892947883349663],[-122.21929150563008,37.893430292500582]]]},"properties":{"ACRES_1":13304.823800489999,"SHAPE_LENG":181163.52122299999,"FWEBW.WatershedBoundary.AREA":"North Watershed","GLOBALID":"{AD0115DA-93CE-4B6C-8F5E-CE4BF503BC5A}","SHAPE.AREA":579555806.51925004,"SHAPE.LEN":181163.521223013,"OBJECTID_1":5,"OBJECTID":37,"ORIG_FID":1,"COUNTY":"Contra Costa"}}]}