satellite_name,norad_id,satellite_id,operation_id,operation_name,scopes,current_status,catalog_status,evidence_at,status_source,modulation,protocols,uplink_availability,uplink_low_hz,uplink_high_hz,downlink_low_hz,downlink_high_hz,downlink_band,occupied_bandwidth_hz,necessary_bandwidth_hz,passband_width_hz,symbol_rate_baud,data_rate_bps,review_required,source_url,source_updated_at,superseded_by
2025-313F,67253,VTPK-3681-1506-2539-6582,satnogs:JmjjqznJAsafPfGPgxsUb2,Telemetry,telemetry,unknown,active,,,FM,,unknown,,,436090000.0,436090000.0,UHF,,,,,,True,https://db.satnogs.org/api/transmitters/?format=json,2026-03-25T16:01:07.156625Z,
2025-313F,67253,VTPK-3681-1506-2539-6582,satnogs:T3yogGEczRqUgcnajnyE7b,Telemetry,telemetry,unknown,active,,,FM,,unknown,,,435792000.0,435792000.0,UHF,,,,,,True,https://db.satnogs.org/api/transmitters/?format=json,2026-03-17T18:34:11.486134Z,
239Alferov,64881,RNAT-4607-0106-2995-6819,satnogs:hBwj8ryoewn4XDny9bkN7a,Mode U - GFSK9k6 - AX.25 Beacon and Telemetry (Geoscan framing),beacon; telemetry,unknown,active,,,GFSK,AX.25,unknown,,,436270000.0,436270000.0,UHF,,,,9600.0,,False,https://db.satnogs.org/api/transmitters/?format=json,2025-08-07T09:03:51.642131Z,
239Alferov,64881,RNAT-4607-0106-2995-6819,satnogs:5RKLNov6xbd4jdYwNYW2LW,Mode X - DVB-S2,digital_television,unknown,active,,,,DVB-S2,unknown,,,10473350000.0,10473350000.0,SHF,,,,,,False,https://db.satnogs.org/api/transmitters/?format=json,2025-06-28T09:04:04.483360Z,
3CAT-4,98878,MEGR-8410-6900-4102-7890,satnogs:5UKoQdKjrS7fqY67KNvD79,Mode U - GMSK14k4,data_downlink,unknown,active,,,GMSK,,unknown,,,437350000.0,437350000.0,UHF,,,,14400.0,,False,https://db.satnogs.org/api/transmitters/?format=json,2024-07-11T15:50:25.172007Z,
3UCUBED-A,98517,IVHU-2604-2538-1455-1131,satnogs:GYL4uUTXeqePKnwGXQE79t,Mode U - GFSK9k6,data_downlink,unknown,active,,,GFSK,,unknown,,,437010000.0,437010000.0,UHF,,,,9600.0,,False,https://db.satnogs.org/api/transmitters/?format=json,2025-11-04T10:25:37.892812Z,
AAUSAT 3,39087,SPZX-9367-0355-8865-6645,satnogs:j7hToyExdmZhuhWRhsutgV,Mode 4800bps FSK CW,beacon,unknown,active,,,CW,,unknown,,,437425000.0,437425000.0,UHF,,,,,,True,https://db.satnogs.org/api/transmitters/?format=json,2019-04-18T05:39:53.343316Z,
AENEAS,38760,EIWX-7695-6296-0911-6539,satnogs:V5w2y4795oxP4wjhhHbZHb,TLM AFSK,telemetry,unknown,active,,,AFSK,,unknown,,,437600000.0,437600000.0,UHF,,,,1200.0,,True,https://db.satnogs.org/api/transmitters/?format=json,2019-04-18T05:39:53.343316Z,
AEPEX,68506,ROGL-5396-9562-5275-1160,satnogs:PDLsqZbYT95ueujmjMUVAW,Mode S - OQPSK 10Mbps - CCSDS,data_downlink,unknown,active,,,OQPSK,,unknown,,,2405000000.0,2405000000.0,UHF,,,,10000000.0,,False,https://db.satnogs.org/api/transmitters/?format=json,2024-08-12T23:51:28.096722Z,
AEPEX,68506,ROGL-5396-9562-5275-1160,satnogs:LLZudYz9zzEG7LKN5t5gCL,Mode S - OQPSK 5Mbps - CCSDS,data_downlink,unknown,active,,,OQPSK,,unknown,,,2405000000.0,2405000000.0,UHF,,,,5000000.0,,False,https://db.satnogs.org/api/transmitters/?format=json,2024-08-12T23:51:28.092133Z,
AEPEX,68506,ROGL-5396-9562-5275-1160,satnogs:nrzuKfid2H4jPrfuthHCvG,Mode U - GFSK19k2 - AX.25 G3RUH,data_downlink,unknown,active,,,GFSK,AX.25,unknown,,,437325000.0,437325000.0,UHF,,,,19200.0,,False,https://db.satnogs.org/api/transmitters/?format=json,2024-08-12T23:51:28.101819Z,
AEPEX,68506,ROGL-5396-9562-5275-1160,satnogs:jybvWJ3aXS2hrijWRAbkRS,Mode U - GFSK9k6 - AX.25 G3RUH,data_downlink,unknown,active,,,GFSK,AX.25,unknown,,,437325000.0,437325000.0,UHF,,,,9600.0,,False,https://db.satnogs.org/api/transmitters/?format=json,2024-08-12T23:51:28.099510Z,
AHMAT-1,57206,ULWR-5929-7873-9279-5662,satnogs:grpEZ7G95jQhdv7dqJYpdh,Mode U - AFSK 1145 TLM,telemetry,unknown,active,,,AFSK,,unknown,,,437050000.0,437050000.0,UHF,,,,1145.0,,True,https://db.satnogs.org/api/transmitters/?format=json,2023-06-01T14:49:39.072954Z,
AHMAT-1,57206,ULWR-5929-7873-9279-5662,satnogs:jaMfqwVTSrgK3kmXqsz5c9,Mode U - SSTV,image_downlink,unknown,active,,,,SSTV,unknown,,,437050000.0,437050000.0,UHF,,,,,,False,https://db.satnogs.org/api/transmitters/?format=json,2023-06-28T14:01:58.868793Z,
AHMAT-1,57206,ULWR-5929-7873-9279-5662,satnogs:H4QABAZMMq4v93cA9WA9tR,Possible Mode U,data_downlink,unknown,active,,,AFSK,,unknown,,,435800000.0,435800000.0,UHF,,,,1145.0,,True,https://db.satnogs.org/api/transmitters/?format=json,2023-07-09T20:53:21.060420Z,
AIST-1,39492,FVRJ-8983-9120-1903-4578,satnogs:f5ZSbAccAwz7NBPF9LWPp9,PSK,data_downlink,unknown,active,,,PSK,,unknown,,,435265000.0,435265000.0,UHF,,,,4800.0,,True,https://db.satnogs.org/api/transmitters/?format=json,2020-02-18T11:27:27.965383Z,
AIST-1,39492,FVRJ-8983-9120-1903-4578,satnogs:jzrNsDQNgzxxZvHBWPvo74,Telemetry Beacon,beacon; telemetry,unknown,active,,,CW,,unknown,,,435265000.0,435265000.0,UHF,,,,,,True,https://db.satnogs.org/api/transmitters/?format=json,2019-04-18T05:39:53.343316Z,
AIST-2T-2,67254,YYJY-0635-5567-8703-7935,satnogs:9eiRiYw6c8NyThmFTTarDA,Telemetry,telemetry,unknown,active,,,FM,,unknown,,,435852000.0,435852000.0,UHF,,,,,,True,https://db.satnogs.org/api/transmitters/?format=json,2026-03-17T09:26:26.224506Z,
AIST-2T-2,67254,YYJY-0635-5567-8703-7935,satnogs:SQTxYdQL6hDoemUFgzYJQB,Telemetry,telemetry,unknown,active,,,FM,,unknown,,,436030000.0,436030000.0,UHF,,,,,,True,https://db.satnogs.org/api/transmitters/?format=json,2026-03-17T09:27:37.642908Z,
AISTECHSAT-2,43768,MSIH-7029-5546-1995-2723,satnogs:86Q32FyhEEeBzDYBbipKG4,GFSK4k8,data_downlink,unknown,active,,,FSK,,unknown,,,436730000.0,436730000.0,UHF,,,,4800.0,,True,https://db.satnogs.org/api/transmitters/?format=json,2024-08-09T08:06:09.646353Z,
AISTECHSAT-2,43768,MSIH-7029-5546-1995-2723,satnogs:XJsHG6GRFqrBrmP3uvF93E,GFSK9K6,data_downlink,unknown,inactive,,,FSK,,unknown,,,436730000.0,436730000.0,UHF,,,,9600.0,,True,https://db.satnogs.org/api/transmitters/?format=json,2024-08-09T08:07:24.545960Z,
AISTECHSAT-2,43768,MSIH-7029-5546-1995-2723,satnogs:TpEnXmkpuzhptwevTEkh7x,Telemetry,telemetry,unknown,inactive,,,GFSK,,unknown,,,436600000.0,436600000.0,UHF,,,,4800.0,,False,https://db.satnogs.org/api/transmitters/?format=json,2024-08-09T08:06:13.747989Z,
AISat,40054,ZRIM-9073-8711-5268-6171,satnogs:J9oQxM9AS9NddRQKE4u9Jg,CW Beacon,beacon,unknown,active,,,CW,,unknown,,,437505000.0,437505000.0,UHF,,,,,,True,https://db.satnogs.org/api/transmitters/?format=json,2025-02-14T13:43:43.950508Z,
AISat,40054,ZRIM-9073-8711-5268-6171,satnogs:ecmM575wCsfnP4UyZPLnoP,CW Beacon,beacon,unknown,active,,,CW,,unknown,,,437250000.0,437250000.0,UHF,,,,,,True,https://db.satnogs.org/api/transmitters/?format=json,2019-04-18T05:39:53.343316Z,
ALPHA,99380,ICJG-2750-1513-8309-9653,satnogs:kNAobdebX7rg2tT3NDNTS5,Mode U - LoRa,data_downlink,unknown,active,,,LoRa,LoRa,unknown,,,436500000.0,436500000.0,UHF,,,,300000.0,,False,https://db.satnogs.org/api/transmitters/?format=json,2022-08-08T15:26:43.647666Z,
ALSAT 1N,41789,UPOC-3374-7750-1640-6748,satnogs:LAx8UQA9zvxdCnUnYmGffC,Mode 9600bps FSK,data_downlink,unknown,active,,,FSK,,unknown,,,437650000.0,437650000.0,UHF,,,,9600.0,,True,https://db.satnogs.org/api/transmitters/?format=json,2025-02-01T23:13:32.459076Z,
ARICA-2,98329,IFKU-9201-2588-0809-6295,satnogs:GGSckbx3jzGCzyLs6AjBTq,Mode U - CW,beacon,unknown,active,,,CW,,unknown,,,436830000.0,436830000.0,UHF,,,,20.0,,False,https://db.satnogs.org/api/transmitters/?format=json,2026-04-22T19:59:59.293819Z,
ARICA-2,98329,IFKU-9201-2588-0809-6295,satnogs:hTkJ3oYhNwwkUuCG4UrwwG,Mode U - GMSK4k8 - AX.25,data_downlink,unknown,active,,,GMSK,AX.25,unknown,,,436830000.0,436830000.0,UHF,,,,4800.0,,False,https://db.satnogs.org/api/transmitters/?format=json,2026-04-22T19:59:59.286688Z,
ARICA-2,98329,IFKU-9201-2588-0809-6295,satnogs:hKFwwL2VpXWYuTQ6HnHUn6,Mode U/U - Message Exchange + Camera Downlink,two_way_data,unknown,active,,,GMSK,,documented_uplink_access_unknown,436830000.0,,436830000.0,,UHF,,,,4800.0,,False,https://db.satnogs.org/api/transmitters/?format=json,2026-09-21T09:08:24.889312Z,
ASRTU-1,61781,REOO-2119-3738-4964-1579,satnogs:4LR3o9PC3z9cberkA7pftG,Image download,image_downlink,unknown,active,,,QPSK,,unknown,,,10460000000.0,10460000000.0,SHF,,,,1000000.0,,False,https://db.satnogs.org/api/transmitters/?format=json,2024-11-01T18:27:44.530665Z,
ASRTU-1,61781,REOO-2119-3738-4964-1579,satnogs:GoQruJ8i7g5kSoHpvkxAGh,Mode U - SSDV,image_downlink,unknown,active,,,BPSK,SSDV,unknown,,,436210000.0,436210000.0,UHF,,,,9600.0,,False,https://db.satnogs.org/api/transmitters/?format=json,2024-12-31T11:29:59.322883Z,
ASRTU-1,61781,REOO-2119-3738-4964-1579,satnogs:8d93PPUBXTaMgcyM6mbuFa,Mode U - Telemetry,telemetry,unknown,active,,,BPSK,,unknown,,,435400000.0,435400000.0,UHF,,,,9600.0,,False,https://db.satnogs.org/api/transmitters/?format=json,2024-11-01T21:31:18.232559Z,
ASRTU-1,61781,REOO-2119-3738-4964-1579,satnogs:f7MZKobjSKakAWQsEoLmkq,Mode V/U - FM Transceiver,two_way_voice,active,active,2026-09-24T20:46:00+00:00,https://www.amsat.org/status/,FM,,documented_uplink_access_unknown,145850000.0,,435400000.0,,UHF,,,,,,False,https://db.satnogs.org/api/transmitters/?format=json,2024-11-01T21:29:36.303074Z,
ASTROBIO,53107,EGHR-0762-2641-1740-1019,satnogs:kEVEeJmnXP45cuG98gpVoP,Mode U - FSK9k6 AX25 G3RUH,data_downlink,unknown,active,,,FSK,,unknown,,,435600000.0,435600000.0,UHF,,,,9600.0,,False,https://db.satnogs.org/api/transmitters/?format=json,2022-10-17T21:26:50.648769Z,
ASTROBIO,53107,EGHR-0762-2641-1740-1019,satnogs:ChyJXQ4cqB32Rqzsi7cjRa,Mode U - Factory Reset Frequency,data_downlink,unknown,active,,,FSK,,unknown,,,437425000.0,437425000.0,UHF,,,,9600.0,,True,https://db.satnogs.org/api/transmitters/?format=json,2022-10-25T18:29:19.959012Z,
Al-Munther,63240,ARXR-0292-1551-2619-9743,satnogs:E3ckWrkbAGu8v37LHr9Ld7,Mode U - Transmitter AX.25 G3RUH,data_downlink,unknown,active,,,BPSK,AX.25,unknown,,,436500000.0,436500000.0,UHF,,,,1200.0,,True,https://db.satnogs.org/api/transmitters/?format=json,2025-12-29T12:02:02.229767Z,
Altair,61779,OVJV-1933-3688-6136-9655,satnogs:7GtTVa6ceznWvPtQ6i5Lic,Mode U - BPSK (DOKA) - 4k8,data_downlink,unknown,active,,,BPSK,,unknown,,,435615000.0,435615000.0,UHF,,,,4800.0,,True,https://db.satnogs.org/api/transmitters/?format=json,2024-10-31T11:49:33.207896Z,
Altair,61779,OVJV-1933-3688-6136-9655,satnogs:SebBfd3FgcHKyauZMezp4i,Mode U - BPSK (DOKA) - 4k8,data_downlink,unknown,active,,,BPSK,,unknown,,,435715000.0,435715000.0,UHF,,,,4800.0,,True,https://db.satnogs.org/api/transmitters/?format=json,2024-10-31T11:49:37.459228Z,
Altair,61779,OVJV-1933-3688-6136-9655,satnogs:Bv36U7yktTwkwnTxdDWWsH,Mode U - Transmitter,data_downlink,unknown,active,,,AFSK,,unknown,,,435215000.0,435215000.0,UHF,,,,1200.0,,True,https://db.satnogs.org/api/transmitters/?format=json,2024-11-12T16:01:14.468729Z,
Ariane 6 - Upper Stage,60239,LRPR-7984-5193-0374-6707,satnogs:6ffnbdATbWj5Fsf7jRrYz9,Mode S - YPSAT (Payload) - DATV,digital_television,unknown,active,,,,DATV,unknown,,,2440000000.0,2440000000.0,UHF,,,,,,False,https://db.satnogs.org/api/transmitters/?format=json,2024-07-09T07:17:37.490876Z,
Ariane 6 - Upper Stage,60239,LRPR-7984-5193-0374-6707,satnogs:W38ScamJJy9py8Kdrpo4Wq,Mode V - GENESIS-A (YPSAT) (Payload) - FT8,data_downlink,unknown,active,,,,,unknown,,,144175000.0,144175000.0,VHF,,,,,,False,https://db.satnogs.org/api/transmitters/?format=json,2024-07-09T07:17:30.161063Z,
Ariane 6 - Upper Stage,60239,LRPR-7984-5193-0374-6707,satnogs:7bUNwqQg2rgUi43L8wSuek,Mode V - GENESIS-A (YPSAT) (Payload) - SSTV (Robot 36),image_downlink,unknown,active,,,,SSTV,unknown,,,144550000.0,144550000.0,VHF,,,,,,False,https://db.satnogs.org/api/transmitters/?format=json,2024-07-09T07:17:34.051979Z,
Astrocast 0.1,43798,QSPU-9204-4923-5881-5072,satnogs:2yvPAe5mNcVFdvPvHMpgDq,Mode U - AFSK1k2,data_downlink,unknown,inactive,,,AFSK,,unknown,,,437300000.0,437300000.0,UHF,,,,1200.0,,True,https://db.satnogs.org/api/transmitters/?format=json,2023-12-13T22:45:21.947471Z,
Astrocast 0.1,43798,QSPU-9204-4923-5881-5072,satnogs:J38rm6Dj47YkTdpYC6UrvS,Mode U - FSK1k2,data_downlink,unknown,active,,,FSK,,unknown,,,437150000.0,437150000.0,UHF,,,,1200.0,,True,https://db.satnogs.org/api/transmitters/?format=json,2023-04-02T16:58:19.473110Z,
Astrocast 0.1,43798,QSPU-9204-4923-5881-5072,satnogs:PQPkkmsTGfK4bjsuHF6HmJ,Transmitter,downlink_audio,unknown,active,,,FM,,unknown,,,2406000000.0,2406000000.0,UHF,,,,,,True,https://db.satnogs.org/api/transmitters/?format=json,2019-09-13T17:54:20.433877Z,
Avion Kaluga 650,57195,RPCA-9898-4095-5229-9696,satnogs:h9rBBEAbc7WiRZmYnBZMkR,Mode U - AFSK 1k2,data_downlink,unknown,active,,,AFSK,,unknown,,,435715000.0,435715000.0,UHF,,,,1200.0,,True,https://db.satnogs.org/api/transmitters/?format=json,2023-12-27T14:44:16.689754Z,
Avion Kaluga 650,57195,RPCA-9898-4095-5229-9696,satnogs:2pKHMvrVL3nuidgND8h3SR,Mode U - AFSk 1k2,data_downlink,unknown,active,,,AFSK,,unknown,,,435615000.0,435615000.0,UHF,,,,1200.0,,True,https://db.satnogs.org/api/transmitters/?format=json,2023-12-27T14:44:12.646201Z,
Avion Kaluga 650,57195,RPCA-9898-4095-5229-9696,satnogs:9wnfGXbNMyEgVoLJu5siG2,Mode U - DOKA 9k6,data_downlink,unknown,active,,,,,unknown,,,435615000.0,435615000.0,UHF,,,,9600.0,,True,https://db.satnogs.org/api/transmitters/?format=json,2023-07-04T22:45:42.958738Z,
Avion Kaluga 650,57195,RPCA-9898-4095-5229-9696,satnogs:ZHaYsuDGrpeJsXJMUvfoRv,Mode U - DOKA 9k6,data_downlink,unknown,active,,,,,unknown,,,435715000.0,435715000.0,UHF,,,,9600.0,,True,https://db.satnogs.org/api/transmitters/?format=json,2023-07-04T22:45:48.275775Z,
Avion Kaluga 650,57195,RPCA-9898-4095-5229-9696,satnogs:TajSXVHg9JQHCwVVGZb5V4,Mode U - Transmitter,data_downlink,unknown,active,,,GFSK,,unknown,,,435140000.0,435140000.0,UHF,,,,38400.0,,True,https://db.satnogs.org/api/transmitters/?format=json,2023-08-07T00:03:19.084926Z,
BEESAT,35933,XFUT-4878-1223-5887-3249,satnogs:tqyx9wEiZwkdUBXuCeud5C,CW Beacon (F2A),beacon,unknown,inactive,,,FM,,unknown,,,435950000.0,435950000.0,UHF,,,,,,True,https://db.satnogs.org/api/transmitters/?format=json,2019-04-18T05:39:53.343316Z,
BEESAT,35933,XFUT-4878-1223-5887-3249,satnogs:dKekeLctU9VrDaYg7QRQ9J,"Digipeater (Mobitex, idle mode: 10 sec interval)",two_way_data,unknown,active,,,GMSK,,documented_uplink_access_unknown,435950000.0,,435950000.0,,UHF,,,,4800.0,,False,https://db.satnogs.org/api/transmitters/?format=json,2025-10-03T06:42:25.643535Z,
BEESAT,35933,XFUT-4878-1223-5887-3249,satnogs:ZwdQUwqRbFETGnLAxoH9JF,TLM Mobitex GMSK,telemetry,unknown,active,,,GMSK,,unknown,,,435950000.0,435950000.0,UHF,,,,4800.0,,False,https://db.satnogs.org/api/transmitters/?format=json,2024-09-27T13:55:47.166643Z,
BISONSAT,40974,IGGV-1318-5974-9239-7350,satnogs:9KeB2ZXuBaUMjcK6TtvUdh,Telemetry,telemetry,unknown,active,,,FSK,,unknown,,,437375500.0,437375500.0,UHF,,,,9600.0,,False,https://db.satnogs.org/api/transmitters/?format=json,2024-08-10T23:42:12.250829Z,
BLUEWALKER-3,53807,MMZL-7798-8557-0116-9958,satnogs:YT4thHBcgY73CfCMH3sGKB,Mode U 2k4 TLM,telemetry,unknown,active,,,GFSK,,unknown,,,437500000.0,437500000.0,UHF,,,,2400.0,,True,https://db.satnogs.org/api/transmitters/?format=json,2022-09-23T20:32:30.836781Z,
BLUEWALKER-3,53807,MMZL-7798-8557-0116-9958,satnogs:fPWtsKeLDARXZad9cJsaoS,Mode U 9k6 TLM,telemetry,unknown,inactive,,,GFSK,,unknown,,,437500000.0,437500000.0,UHF,,,,9600.0,,True,https://db.satnogs.org/api/transmitters/?format=json,2022-09-23T20:32:53.201361Z,
BRITE-PL,39431,LSAZ-0698-4857-0580-9788,satnogs:JdxVZqW2QKBFHA9RNoMTGe,Downlink U,downlink_audio,unknown,active,,,FM,,unknown,,,437365000.0,437365000.0,UHF,,,,,,True,https://db.satnogs.org/api/transmitters/?format=json,2022-08-02T19:22:09.373294Z,
BUGSAT-1,40014,GPLA-1467-3987-8284-6460,satnogs:A7dmxuqNtDNmciAFLCFktm,437.445 AFSK 1200bps,data_downlink,unknown,active,,,AFSK,,unknown,,,437445000.0,437445000.0,UHF,,,,1200.0,,False,https://db.satnogs.org/api/transmitters/?format=json,2022-07-03T08:24:24.231511Z,
BUGSAT-1,40014,GPLA-1467-3987-8284-6460,satnogs:VqUvcE3MLq2sfsgvwJBuyC,437.445 GMSK 9600bps,data_downlink,unknown,active,,,GMSK,,unknown,,,437445000.0,437445000.0,UHF,,,,9600.0,,False,https://db.satnogs.org/api/transmitters/?format=json,2022-07-03T09:08:30.365275Z,
BUGSAT-1,40014,GPLA-1467-3987-8284-6460,satnogs:NSXo8tGxmxpTUMsmSH34FF,AX.25 beacon,beacon,unknown,active,,,FSK,AX.25,unknown,,,437445000.0,437445000.0,UHF,,,,9600.0,,False,https://db.satnogs.org/api/transmitters/?format=json,2022-12-21T17:48:22.068350Z,
Bluebird 02,61048,GBZQ-8100-0439-9888-4769,satnogs:AxPXoqDSfyZkM6DQ9MSdXs,Mode U - Transmitter,data_downlink,unknown,active,,,GFSK,,unknown,,,435900000.0,435900000.0,UHF,,,,2400.0,,True,https://db.satnogs.org/api/transmitters/?format=json,2024-09-13T04:45:55.923678Z,
Bluebird 06,67232,CKNU-3750-3657-8602-8162,satnogs:mVEKWTonBxbj7mxWiBYKLL,Mode U - Transmitter,data_downlink,unknown,active,,,GFSK,,unknown,,,435000000.0,435000000.0,UHF,,,,19200.0,,True,https://db.satnogs.org/api/transmitters/?format=json,2025-12-23T13:23:34.074422Z,
Bluebird 06,67232,CKNU-3750-3657-8602-8162,satnogs:eMLXVZdufDidFPoX7bAqdP,Mode U - Unconfirmed Transmitter 4,data_downlink,unknown,active,,,GFSK,,unknown,,,435900000.0,435900000.0,UHF,,,,19200.0,,True,https://db.satnogs.org/api/transmitters/?format=json,2025-12-26T11:32:15.527032Z,
Bluebird 06,67232,CKNU-3750-3657-8602-8162,satnogs:VN2b7dryX4MVxeenonovec,Mode U - Unconfirmed Transmitter 5,data_downlink,unknown,active,,,GFSK,,unknown,,,437500000.0,437500000.0,UHF,,,,19200.0,,True,https://db.satnogs.org/api/transmitters/?format=json,2025-12-26T11:32:15.521648Z,
Bluebird 08,69589,WTTI-1401-2311-7017-8218,satnogs:ZjnzjCdADWeD4sewwmh7xo,Mode U - Unconfirmed Transmitter,downlink_audio,unknown,active,,,FM,,unknown,,,435900000.0,435900000.0,UHF,,,,2400.0,,True,https://db.satnogs.org/api/transmitters/?format=json,2026-06-17T17:19:24.559808Z,
Bluebird 10,69591,LDPM-8730-8720-5707-6861,satnogs:3HdNWbDFjG2ngfbhgsgRrr,Mode U - FSK 2400,data_downlink,unknown,active,,,FSK,,unknown,,,435900000.0,435900000.0,UHF,,,,2400.0,,True,https://db.satnogs.org/api/transmitters/?format=json,2026-06-18T14:49:52.416602Z,
Buccaneer MM,63245,BDVO-4886-9138-3275-1637,satnogs:UEf3ZhdsrQnJJvRkCkP9c8,Apogee TT&C Beacon,beacon,unknown,active,,,FSK,,unknown,,,400800000.0,400800000.0,UHF,,,,9600.0,,True,https://db.satnogs.org/api/transmitters/?format=json,2025-03-07T07:59:04.864271Z,
CANVAS,68635,GLFY-8231-7125-4883-6529,satnogs:GCmN6RULea8dAT7Qoat8z2,AstroDev Li-2,two_way_data,unknown,active,,,GMSK,,documented_uplink_access_unknown,437250000.0,,437250000.0,,UHF,,,,9600.0,,False,https://db.satnogs.org/api/transmitters/?format=json,2026-04-05T07:29:14.417527Z,
CANVAS,68635,GLFY-8231-7125-4883-6529,satnogs:72jW44aKDV4PGCpXFQ7Uqu,Clyde Space Pulsar HSTX,data_downlink,unknown,active,,,OQPSK,,unknown,,,2405300000.0,2405300000.0,UHF,,,,5000000.0,,False,https://db.satnogs.org/api/transmitters/?format=json,2026-04-05T07:29:06.866373Z,
CANVAS,68635,GLFY-8231-7125-4883-6529,satnogs:CeS6GYyFwzkmB3t8Y7SqHe,Mode U/U - AFSK1k2 - Digipeater - AX.25,two_way_data,unknown,inactive,,,AFSK,AX.25,documented_uplink_access_unknown,437250000.0,,437250000.0,,UHF,,,,1200.0,,False,https://db.satnogs.org/api/transmitters/?format=json,2026-04-07T22:21:06.447680Z,
CANX-4,40055,GAVG-9414-7749-2985-8023,satnogs:sjVybmqJVwcqCuGnKV727T,Telem,data_downlink,unknown,active,,,BPSK,,unknown,,,145890000.0,145890000.0,VHF,,,,,,False,https://db.satnogs.org/api/transmitters/?format=json,2019-10-22T15:38:11.793385Z,
CANX-4,40055,GAVG-9414-7749-2985-8023,satnogs:uxgAC2VPFUkXEHDhqX6TfK,Telem,data_downlink,unknown,active,,,BPSK,,unknown,,,2234400000.0,2234400000.0,UHF,,,,,,False,https://db.satnogs.org/api/transmitters/?format=json,2019-10-22T15:38:11.790395Z,
CANX-5,40056,NNNU-2927-1621-5351-4273,satnogs:E6m7ov6W37ttWcVhQwidfJ,Beacon,beacon,unknown,active,,,BPSK,,unknown,,,437365000.0,437365000.0,UHF,,,,,,False,https://db.satnogs.org/api/transmitters/?format=json,2019-10-22T15:38:11.788065Z,
CANX-5,40056,NNNU-2927-1621-5351-4273,satnogs:g6GLEgvyLTaEwshbd2CbJK,Telem,data_downlink,unknown,active,,,BPSK,,unknown,,,145890000.0,145890000.0,VHF,,,,,,False,https://db.satnogs.org/api/transmitters/?format=json,2019-10-22T15:38:11.794696Z,
CANX-5,40056,NNNU-2927-1621-5351-4273,satnogs:jMPyqHgCJXQFp8w49Pwzec,Telem,data_downlink,unknown,active,,,BPSK,,unknown,,,2234400000.0,2234400000.0,UHF,,,,,,False,https://db.satnogs.org/api/transmitters/?format=json,2019-10-22T15:38:11.791922Z,
CAPE-1,31130,CICP-0434-9716-2826-6897,satnogs:MsQKkRMNUg8h7UajVNrcKn,CW,beacon,unknown,active,,,CW,,unknown,,,435247000.0,435247000.0,UHF,,,,,,False,https://db.satnogs.org/api/transmitters/?format=json,2020-07-01T23:25:30.316732Z,
CAPE-1,31130,CICP-0434-9716-2826-6897,satnogs:jTkx9r5fDz33vPvYFPnGaZ,CW,beacon,unknown,active,,,CW,,unknown,,,435245000.0,435245000.0,UHF,,,,,,False,https://db.satnogs.org/api/transmitters/?format=json,2020-07-01T23:05:58.198116Z,
CAPE-1,31130,CICP-0434-9716-2826-6897,satnogs:dd2cM9QNcWHT2zbei5uV42,FSK  9600 AX.25,downlink_audio,unknown,active,,,FM,AX.25,unknown,,,435247000.0,435247000.0,UHF,,,,9600.0,,False,https://db.satnogs.org/api/transmitters/?format=json,2020-07-01T23:25:30.314579Z,
CAPE-1,31130,CICP-0434-9716-2826-6897,satnogs:s8nLrUuTpZgLZPhnLJfDqa,Telem,downlink_audio,unknown,active,,,FM,,unknown,,,435245000.0,435245000.0,UHF,,,,,,False,https://db.satnogs.org/api/transmitters/?format=json,2020-07-01T09:56:03.921213Z,
CARTOSAT 2D,41948,GTOO-9256-7621-8163-6435,satnogs:ZZeCVjEr7Z649tYmtpQ7VF,Beacon,beacon,unknown,active,,,CW,,unknown,,,2245687000.0,2245687000.0,UHF,,,,,,True,https://db.satnogs.org/api/transmitters/?format=json,2020-08-18T06:58:22.153028Z,
CARTOSAT-2A,32783,DHND-4474-1527-7198-0174,satnogs:RXsEEgPhb6akMMYKeBXQyj,Beacon,beacon,unknown,active,,,CW,,unknown,,,2245678000.0,2245678000.0,UHF,,,,,,True,https://db.satnogs.org/api/transmitters/?format=json,2020-08-18T06:58:22.148331Z,
CARTOSAT-2B,36795,DOVD-6076-5561-0818-8216,satnogs:9Jji7MGQewv39wiVuv3xrQ,Beacon,beacon,unknown,active,,,CW,,unknown,,,2245687000.0,2245687000.0,UHF,,,,,,True,https://db.satnogs.org/api/transmitters/?format=json,2021-07-13T05:44:27.919418Z,
CARTOSAT-2C,41599,DGSA-9341-1205-9804-9517,satnogs:aJBMEZvaRnddNg4TjcC352,Beacon,beacon,unknown,active,,,CW,,unknown,,,2245687000.0,2245687000.0,UHF,,,,,,True,https://db.satnogs.org/api/transmitters/?format=json,2020-08-18T06:58:22.154689Z,
CARTOSAT-2E,42767,XGDS-0339-8787-8774-6048,satnogs:qWqWcqFvvbMBH9dvrrBRCF,Beacon,beacon,unknown,active,,,CW,,unknown,,,2245687000.0,2245687000.0,UHF,,,,,,True,https://db.satnogs.org/api/transmitters/?format=json,2020-08-18T06:58:22.151370Z,
CARTOSAT-2F,43111,CPRM-2766-1516-4979-3667,satnogs:WWXTV7rBBiByTnWhyfu2JT,Beacon,beacon,unknown,active,,,CW,,unknown,,,2245687000.0,2245687000.0,UHF,,,,,,True,https://db.satnogs.org/api/transmitters/?format=json,2020-09-19T13:16:09.055461Z,
CARTOSAT-3,44804,KYHE-4616-0361-3811-0011,satnogs:Wgeg6xaVuQvA4Co96ew7fn,Beacon,beacon,unknown,active,,,CW,,unknown,,,2224800000.0,2224800000.0,UHF,,,,,,True,https://db.satnogs.org/api/transmitters/?format=json,2021-05-19T12:20:25.213612Z,
CARTOSAT-3,44804,KYHE-4616-0361-3811-0011,satnogs:Ehf7xP9QUR2uCx7ZzhbAvg,Beacon sideband,beacon,unknown,active,,,BPSK,,unknown,,,2224800000.0,2224800000.0,UHF,,,,32000.0,,True,https://db.satnogs.org/api/transmitters/?format=json,2023-07-28T19:06:25.412056Z,
CAS-2T,41847,WMGA-3000-1529-8035-2634,satnogs:M5SqudRyz3bQgGGjt5xoWm,CW Telemetry,beacon; telemetry,unknown,active,,,CW,,unknown,,,435710000.0,435710000.0,UHF,,,,14.0,,True,https://db.satnogs.org/api/transmitters/?format=json,2026-06-27T19:35:19.114946Z,
CAS-2T,41847,WMGA-3000-1529-8035-2634,satnogs:2PSD297bXgq2bDGDyZBZkU,FM Transponder,two_way_voice,unknown,inactive,,,FMN,,documented_uplink_access_unknown,145925000.0,,435615000.0,,UHF,,,,,,False,https://db.satnogs.org/api/transmitters/?format=json,2026-06-27T10:12:59.216263Z,
CAS-6 (TO-108),44881,VMQF-4924-7475-1891-3199,satnogs:YesbsWuP5etTXXb7UAnwaB,Mode U/V Linear Transponder,two_way_voice,unknown,active,,,USB,,documented_uplink_access_unknown,435270000.0,435290000.0,145915000.0,145935000.0,VHF,,,20000.0,,,False,https://db.satnogs.org/api/transmitters/?format=json,2019-12-20T00:51:49.006314Z,
CAS-6 (TO-108),44881,VMQF-4924-7475-1891-3199,satnogs:yRQzWTsHUnr8QEqG4ZafTH,Mode V CW TLM,beacon; telemetry,unknown,active,,,CW,,unknown,,,145910000.0,145910000.0,VHF,,,,,,False,https://db.satnogs.org/api/transmitters/?format=json,2019-12-20T00:51:49.008370Z,
CAS-6 (TO-108),44881,VMQF-4924-7475-1891-3199,satnogs:ULirb3NLEoeEYkRWVgxLs6,Mode V GMSK4k8 AX.25 TLM,telemetry,unknown,active,,,GMSK,AX.25,unknown,,,145890000.0,145890000.0,VHF,,,,4800.0,,False,https://db.satnogs.org/api/transmitters/?format=json,2019-12-20T00:51:49.007677Z,
CELESTA,53111,XKZZ-2829-5729-9508-2566,satnogs:QgWX3RPZjKmSZZCjasvYNk,Mode U TLM 1k2 AFSK AX25,telemetry,unknown,inactive,,,AFSK,,unknown,,,436500000.0,436500000.0,UHF,,,,1200.0,,False,https://db.satnogs.org/api/transmitters/?format=json,2022-07-12T16:30:36.897600Z,
CELESTA,53111,XKZZ-2829-5729-9508-2566,satnogs:ZqMpTLKkyfZQ2567gzYbNs,Mode U TLM 2k4 GMSK AX25,telemetry,unknown,inactive,,,GMSK,,unknown,,,436500000.0,436500000.0,UHF,,,,2400.0,,False,https://db.satnogs.org/api/transmitters/?format=json,2023-08-18T20:01:57.403231Z,
CELESTA,53111,XKZZ-2829-5729-9508-2566,satnogs:iTUZfHkNJi4a6eiptkqw7u,Mode U TLM 9k6 GMSK AX25,telemetry,unknown,inactive,,,GMSK,,unknown,,,436500000.0,436500000.0,UHF,,,,9600.0,,False,https://db.satnogs.org/api/transmitters/?format=json,2022-07-12T16:29:32.558185Z,
CEVROSAT-1,98526,OKGA-8851-7796-3537-9901,satnogs:mPaxawyaX78XyeHTodNX6N,Mode U - GFSK9k6 - Digipeater,two_way_data,unknown,active,,,GFSK,,documented_uplink_access_unknown,436025000.0,,436025000.0,,UHF,,,,9600.0,,False,https://db.satnogs.org/api/transmitters/?format=json,2025-11-02T17:13:26.091441Z,
CEVROSAT-1,98526,OKGA-8851-7796-3537-9901,satnogs:VVQcXPtsD8v8aDjgimmGZJ,Mode U 9k6 G3RUH GFSK radio,data_downlink,unknown,active,,,GFSK,,unknown,,,436025000.0,436025000.0,UHF,,,,9600.0,,False,https://db.satnogs.org/api/transmitters/?format=json,2025-10-30T14:57:16.253274Z,
CHAMRAN-1,61072,YZJO-4477-2768-8369-0049,satnogs:mDg2ip8Fq9wsaKpyZ5GMDk,Mode U - 38k4 2FSK,data_downlink,unknown,active,,,FSK,,unknown,,,436740000.0,436740000.0,UHF,,,,38400.0,,True,https://db.satnogs.org/api/transmitters/?format=json,2024-09-20T18:01:07.193626Z,
CHUBUSAT-2,41338,VUBS-5290-2027-7355-7261,satnogs:f6CupQE36AJzHTKeLZrToC,9k6 GMSK TLM,telemetry,unknown,active,,,GMSK,,unknown,,,437100000.0,437100000.0,UHF,,,,9600.0,,True,https://db.satnogs.org/api/transmitters/?format=json,2019-04-18T05:39:53.343316Z,
CHUBUSAT-2,41338,VUBS-5290-2027-7355-7261,satnogs:bGY3GV449zGjSezkRjDVFD,CW Beacon,beacon,unknown,active,,,CW,,unknown,,,437094000.0,437094000.0,UHF,,,,,,True,https://db.satnogs.org/api/transmitters/?format=json,2019-04-18T05:39:53.343316Z,
CHUBUSAT-3,41339,SNUE-9194-2671-9117-0557,satnogs:mLxt93FKx9r5gqKbxtuybR,9k6 GMSK TLM,telemetry,unknown,active,,,GMSK,,unknown,,,437425000.0,437425000.0,UHF,,,,9600.0,,True,https://db.satnogs.org/api/transmitters/?format=json,2019-04-18T05:39:53.343316Z,
CHUBUSAT-3,41339,SNUE-9194-2671-9117-0557,satnogs:C3zhr7czgjTcyyDwKsZiQ5,CW Beacon,beacon,unknown,active,,,CW,,unknown,,,437423000.0,437423000.0,UHF,,,,,,True,https://db.satnogs.org/api/transmitters/?format=json,2019-04-18T05:39:53.343316Z,
COSMOS 2491,39497,DMPH-9932-0330-2610-2988,satnogs:3fhyMDkgonEnzJjWJiiBhv,Mode U - CW,beacon,unknown,active,,,CW,,unknown,,,435565000.0,435565000.0,UHF,,,,,,True,https://db.satnogs.org/api/transmitters/?format=json,2025-07-31T08:11:32.294519Z,
COSMOS 2491,39497,DMPH-9932-0330-2610-2988,satnogs:GmoWYd9WRPBawmDbWApYoR,Mode U - CW,beacon,unknown,active,,,CW,,unknown,,,435465000.0,435465000.0,UHF,,,,,,True,https://db.satnogs.org/api/transmitters/?format=json,2025-07-31T08:11:32.307323Z,
COSMOS 2491,39497,DMPH-9932-0330-2610-2988,satnogs:Yvq9HPLvXFywPFz3HjxQD8,Mode U - FM,downlink_audio,unknown,active,,,FM,,unknown,,,435565000.0,435565000.0,UHF,,,,,,True,https://db.satnogs.org/api/transmitters/?format=json,2025-07-31T08:11:32.288543Z,
COSMOS 2491,39497,DMPH-9932-0330-2610-2988,satnogs:dUWpPkYyoiBwFKjQfL4BLF,Mode U - FM,downlink_audio,unknown,active,,,FM,,unknown,,,435465000.0,435465000.0,UHF,,,,,,True,https://db.satnogs.org/api/transmitters/?format=json,2025-07-31T08:11:32.300708Z,
COSMOS 2499,39765,GAUY-7904-6906-4815-9917,satnogs:TYHFEpqq8vfSHrFv2AyBfK,Mode U - TLM,telemetry,unknown,active,,,FM,,unknown,,,435565000.0,435565000.0,UHF,,,,,,True,https://db.satnogs.org/api/transmitters/?format=json,2022-08-01T17:13:30.069095Z,
COSMOS 2499,39765,GAUY-7904-6906-4815-9917,satnogs:aUqHeUTYvnbahVyZMLbM3G,Mode U TLM,telemetry,unknown,active,,,FM,,unknown,,,435465000.0,435465000.0,UHF,,,,,,True,https://db.satnogs.org/api/transmitters/?format=json,2022-08-01T17:12:34.694585Z,
CP5,38763,UNZB-2386-5150-4677-7350,satnogs:Vjhcn2x7HgsD4FpYa94GAy,Mode U - AFSK 1k2 AX25,data_downlink,unknown,active,,,AFSK,,unknown,,,437405000.0,437405000.0,UHF,,,,1200.0,,False,https://db.satnogs.org/api/transmitters/?format=json,2021-02-13T10:35:29.970602Z,
CP8,39471,IMUE-5672-2044-2610-5888,satnogs:n2y5vW2xJ6zi6ibfcHAdKG,Mode U - FSK9k6 AX25,data_downlink,unknown,active,,,FSK,AX.25,unknown,,,437270000.0,437270000.0,UHF,,,,9600.0,,True,https://db.satnogs.org/api/transmitters/?format=json,2021-02-13T10:36:27.848886Z,
CSS (Tianhe),48274,AYDR-6527-9294-8555-4924,satnogs:A9LvMKMFVu7JMsaiVaDeoU,1A V/V crew voice NFM,two_way_voice,unknown,active,,,FMN,,documented_uplink_access_unknown,145850000.0,,145985000.0,,VHF,,,,12500.0,,False,https://db.satnogs.org/api/transmitters/?format=json,2022-08-16T03:44:52.747675Z,
CSS (Tianhe),48274,AYDR-6527-9294-8555-4924,satnogs:SYNaLxjDbU2XNih337XsEs,1B U/U crew voice NFM,two_way_voice,unknown,active,,,FMN,,documented_uplink_access_unknown,435050000.0,,436510000.0,,UHF,,,,12500.0,,False,https://db.satnogs.org/api/transmitters/?format=json,2022-08-16T03:45:43.372198Z,
CSS (Tianhe),48274,AYDR-6527-9294-8555-4924,satnogs:RNrAffSNjueKCWqqMQuLXJ,2A V/U FM repeater NFM,two_way_voice,unknown,active,,,FMN,,documented_uplink_access_unknown,145875000.0,,436510000.0,,UHF,,,,12500.0,,False,https://db.satnogs.org/api/transmitters/?format=json,2022-08-16T03:46:00.952596Z,
CSS (Tianhe),48274,AYDR-6527-9294-8555-4924,satnogs:TaCsx7ApXaJoZkZGcL6zJF,2B U/V FM repeater NFM,two_way_voice,unknown,active,,,FMN,,documented_uplink_access_unknown,435075000.0,,145985000.0,,VHF,,,,12500.0,,False,https://db.satnogs.org/api/transmitters/?format=json,2022-08-16T03:46:21.656641Z,
CSS (Tianhe),48274,AYDR-6527-9294-8555-4924,satnogs:jef9qEB6JhKDSPneswKWev,3A V/V digipeater AFSK-FM 1200,two_way_data,unknown,active,,,AFSK,,documented_uplink_access_unknown,145825000.0,,145825000.0,,VHF,,,,1200.0,,False,https://db.satnogs.org/api/transmitters/?format=json,2022-08-16T03:46:37.713323Z,
CSS (Tianhe),48274,AYDR-6527-9294-8555-4924,satnogs:ZtXKby29eGjMsBFj4sYLCG,3B U/U digipeater AFSK-FM 1200,two_way_data,unknown,active,,,AFSK,,documented_uplink_access_unknown,437550000.0,,437550000.0,,UHF,,,,1200.0,,False,https://db.satnogs.org/api/transmitters/?format=json,2022-08-16T03:46:49.623783Z,
CSS (Tianhe),48274,AYDR-6527-9294-8555-4924,satnogs:63EenHAYSzVfqrqshAroCP,4A V/V imaging SSTV-FM,image_downlink,unknown,active,,,,SSTV,documented_uplink_access_unknown,145850000.0,,145985000.0,,VHF,,,,,,False,https://db.satnogs.org/api/transmitters/?format=json,2022-08-16T03:47:06.262267Z,
CSS (Tianhe),48274,AYDR-6527-9294-8555-4924,satnogs:KzFnXqsrPpuFwiDxgWNU2L,4B U/U imaging SSTV-FM,image_downlink,unknown,active,,,,SSTV,documented_uplink_access_unknown,435050000.0,,436510000.0,,UHF,,,,,,False,https://db.satnogs.org/api/transmitters/?format=json,2022-08-16T03:47:14.915333Z,
CSSWE,38761,MQNS-3492-8312-7376-9692,satnogs:SS8KEnn5kybpucSo4qhPdA,Mode U - FSK9k6 AX25,data_downlink,unknown,active,,,FSK,AX.25,unknown,,,437349000.0,437349000.0,UHF,,,,9600.0,,False,https://db.satnogs.org/api/transmitters/?format=json,2021-02-13T10:44:02.942078Z,
CSTP-1.1,57202,CGZW-4770-7854-7332-3001,satnogs:UQqRdNYy7do7xJCTS77qeE,Mode U - LoRa,data_downlink,unknown,active,,,LoRa,LoRa,unknown,,,436075000.0,436075000.0,UHF,,,,,,False,https://db.satnogs.org/api/transmitters/?format=json,2023-07-01T23:35:24.024022Z,
CSTP-1.2,57186,OEVP-0911-2494-4510-3616,satnogs:2KjsNMMVAzcjfWJTSRFRSa,Mode U - LoRa,data_downlink,unknown,active,,,LoRa,LoRa,unknown,,,436270000.0,436270000.0,UHF,,,,,,True,https://db.satnogs.org/api/transmitters/?format=json,2023-07-07T17:35:09.560816Z,
CSTP-4.1,64895,WGSR-4301-7876-3301-8338,satnogs:TqXh4MLpzEH8S2vbno9UBX,LoRa telemetry,telemetry,unknown,active,,,LoRa,LoRa,unknown,,,436725000.0,436725000.0,UHF,,,,,,True,https://db.satnogs.org/api/transmitters/?format=json,2026-03-18T20:06:56.020605Z,
CSTP-4.2,64883,GHHQ-7851-2351-6199-5019,satnogs:RRYukUnToYhzpsUMrVJZkD,LoRa telemetry,telemetry,unknown,active,,,LoRa,LoRa,unknown,,,437162000.0,437162000.0,UHF,,,,,,True,https://db.satnogs.org/api/transmitters/?format=json,2026-03-18T20:11:57.470201Z,
CSTP-4.3,64882,EVPS-3932-6760-8444-4986,satnogs:XX2Kkbg55AaFZVtKsRqxWw,LoRa telemetry,telemetry,unknown,active,,,LoRa,LoRa,unknown,,,435575000.0,435575000.0,UHF,,,,62500.0,,True,https://db.satnogs.org/api/transmitters/?format=json,2026-03-25T20:35:58.794733Z,
CUBEBEL-2,57175,PIHV-8715-3112-5892-6258,satnogs:FB54zpX7nAe22ZmiBz82QX,Mode S - Transmitter,downlink_audio,unknown,active,,,FM,,unknown,,,2425000000.0,2425000000.0,UHF,,,,,,True,https://db.satnogs.org/api/transmitters/?format=json,2023-06-22T18:11:22.814201Z,
CUBEBEL-2,57175,PIHV-8715-3112-5892-6258,satnogs:URhhV9R4FTpwpUJNGNuQWu,Mode U 9k6 FSK AX.25,data_downlink,unknown,active,,,FSK,AX.25,unknown,,,436990000.0,436990000.0,UHF,,,,9600.0,,False,https://db.satnogs.org/api/transmitters/?format=json,2023-06-21T23:55:45.755238Z,
CUBEBUG-1,39153,HXCH-9043-9893-2952-4877,satnogs:MTMEfksHRarmn9mxBJuEF4,AFSK 1200,data_downlink,unknown,active,,,AFSK,,unknown,,,437445000.0,437445000.0,UHF,,,,1200.0,,True,https://db.satnogs.org/api/transmitters/?format=json,2019-06-16T05:42:23.053632Z,
CUBEBUG-2,39440,MRQX-2618-0103-4345-3937,satnogs:WvVrtfb4nKtEr3sJGqZdT7,Mode U - FSK9k6 - AX.25 TLM,telemetry,unknown,active,,,FSK,AX.25,unknown,,,437445000.0,437445000.0,UHF,,,,9600.0,,False,https://db.satnogs.org/api/transmitters/?format=json,2025-04-27T13:26:51.538884Z,
CUBEBUG-2,39440,MRQX-2618-0103-4345-3937,satnogs:2KinLbk46zccaYCdUY4Lqr,UHF 1K2 AFSK Telemetry,telemetry,unknown,active,,,AFSK,,unknown,,,437445000.0,437445000.0,UHF,,,,1200.0,,False,https://db.satnogs.org/api/transmitters/?format=json,2024-08-13T19:46:42.775549Z,
CUBESAT XI-IV,27848,KZUI-4275-4790-4963-1514,satnogs:2uGo77ULzByLLyshanpctH,Mode U AFSK TLM,telemetry,unknown,active,,,AFSK,,unknown,,,437490000.0,437490000.0,UHF,,,,1200.0,,True,https://db.satnogs.org/api/transmitters/?format=json,2020-02-17T20:25:03.994899Z,
CUBESAT XI-IV,27848,KZUI-4275-4790-4963-1514,satnogs:gmmMUrZydhneJJZRJAYoG7,Mode U CW Beacon,beacon,unknown,active,,,CW,,unknown,,,436847500.0,436847500.0,UHF,,,,,,True,https://db.satnogs.org/api/transmitters/?format=json,2019-04-18T05:39:53.343316Z,
CUBESAT XI-IV,27848,KZUI-4275-4790-4963-1514,satnogs:aBHGFxMopeCscUYRyiYdXC,PE0SAT - CW Beacon,beacon,unknown,active,,,CW,,unknown,,,436848700.0,436848700.0,UHF,,,,15.0,,True,https://db.satnogs.org/api/transmitters/?format=json,2023-04-21T18:06:21.916519Z,
CUBESAT XI-V,28895,IYDL-1832-4040-0556-1587,satnogs:ShK6dsshtuNqssrY4xP7LA,Mode U CW BEACON,beacon,unknown,active,,,CW,,unknown,,,437463100.0,437463100.0,UHF,,,,,,True,https://db.satnogs.org/api/transmitters/?format=json,2025-03-10T17:20:34.638922Z,
CUBESAT XI-V,28895,IYDL-1832-4040-0556-1587,satnogs:BykbvfhDt8p3ieh8Nr8SYm,Mode U TLM,telemetry,unknown,inactive,,,AFSK,,unknown,,,437345000.0,437345000.0,UHF,,,,1200.0,,True,https://db.satnogs.org/api/transmitters/?format=json,2025-03-10T17:20:39.950513Z,
CUBY-4,98281,KSSZ-8157-4899-1955-7335,satnogs:W9aTWLcwqBgXqEypbZFDgW,UHF 9k6 Telemetry,telemetry,unknown,active,,,GMSK,,unknown,,,435750000.0,435750000.0,UHF,,,,9600.0,,False,https://db.satnogs.org/api/transmitters/?format=json,2026-07-13T23:05:24.734343Z,
CUTE-1,27844,JOVH-8612-8312-2052-1559,satnogs:fpLBtCB3kRcf5uFWvSonsC,Mode U TLM,telemetry,unknown,active,,,AFSK,,unknown,,,437470000.0,437470000.0,UHF,,,,1200.0,,True,https://db.satnogs.org/api/transmitters/?format=json,2019-04-18T05:39:53.343316Z,
CUTE-1,27844,JOVH-8612-8312-2052-1559,satnogs:ufVXbFsznnzKWsXqyf8gwE,Mode U TLM,beacon; telemetry,unknown,active,,,CW,,unknown,,,436837500.0,436837500.0,UHF,,,,,,True,https://db.satnogs.org/api/transmitters/?format=json,2019-04-18T05:39:53.343316Z,
CUTE-1,27844,JOVH-8612-8312-2052-1559,satnogs:mqQF9JxmD4KB6MqTVXqQBQ,PE0SAT - CW Beacon,beacon,unknown,active,,,CW,,unknown,,,436835820.0,436835820.0,UHF,,,,,,True,https://db.satnogs.org/api/transmitters/?format=json,2019-04-18T05:39:53.343316Z,
CUTE-1.7+APD II,32785,SRMQ-6676-8759-6509-8693,satnogs:qFB67RqFJauwWgZCimDUPJ,Mode L/U - GMSK9k6 - Digipeater - AX.25 + SRLL,two_way_data,unknown,inactive,,,GMSK,AX.25,documented_uplink_access_unknown,1267600000.0,,437475000.0,,UHF,,,,9600.0,,False,https://db.satnogs.org/api/transmitters/?format=json,2026-09-20T14:15:09.525830Z,
CUTE-1.7+APD II,32785,SRMQ-6676-8759-6509-8693,satnogs:w3YLCLgdTqDpqhZ24uaJzM,Mode U - CW - Beacon,beacon,unknown,active,,,CW,,unknown,,,437275000.0,437275000.0,UHF,,,,19.0,,False,https://db.satnogs.org/api/transmitters/?format=json,2026-09-20T14:14:57.530292Z,
CUTE-1.7+APD II,32785,SRMQ-6676-8759-6509-8693,satnogs:ie2oBdY3zydrkWxEHvXtL7,Mode U TLM 2,telemetry,unknown,active,,,AFSK,,unknown,,,437475000.0,437475000.0,UHF,,,,1200.0,,True,https://db.satnogs.org/api/transmitters/?format=json,2019-04-18T05:39:53.343316Z,
CatSat,60246,EIOW-0233-5270-5407-2865,satnogs:TaCjt3HdXwAbkfPU8LHbLv,Mode U - GMSK4k8 - Transmitter Frequency after Reset,data_downlink,unknown,inactive,,,FSK,,unknown,,,437250000.0,437250000.0,UHF,,,,4800.0,,True,https://db.satnogs.org/api/transmitters/?format=json,2024-07-30T16:35:58.063253Z,
Coconut,98292,KHLC-7600-9830-3399-2236,satnogs:J4QsLFUjU8rFkDJsnTGs73,Mode U - LoRa 62.5KHz,data_downlink,unknown,active,,,LoRa,LoRa,unknown,,,437400000.0,437400000.0,UHF,,,,62500.0,,False,https://db.satnogs.org/api/transmitters/?format=json,2026-07-04T09:44:37.446243Z,
Colibri-S,61746,OVBN-0332-6282-0409-5232,satnogs:SU77c3WngXuMRvjMdXeNiv,Mode U - CW Beacon,beacon,unknown,active,,,CW,,unknown,,,436835000.0,436835000.0,UHF,,,,,,False,https://db.satnogs.org/api/transmitters/?format=json,2024-11-04T19:33:09.387436Z,
Colibri-S,61746,OVBN-0332-6282-0409-5232,satnogs:nCK2oKK7cT2HE7zTPBjCXL,Mode U - GFSK9k6 - AX.25 Beacon and Telemetry (Geoscan framing),beacon; telemetry,unknown,active,,,GFSK,AX.25,unknown,,,436835000.0,436835000.0,UHF,,,,9600.0,,False,https://db.satnogs.org/api/transmitters/?format=json,2025-05-12T05:04:15.026273Z,
Colibri-S,61746,OVBN-0332-6282-0409-5232,satnogs:NhzMDYipV9uhvV28x4EoWh,Mode X - DVB-S2,digital_television,unknown,active,,,,DVB-S2,unknown,,,10475000000.0,10475000000.0,SHF,,,,1000000.0,,False,https://db.satnogs.org/api/transmitters/?format=json,2024-10-31T11:49:19.983307Z,
ContentCube,98468,OTRZ-8981-5796-9802-9606,satnogs:XpivdTjpa8gnYHQRcEuLFN,Mode U - GMSK9k6 - Transmitter,data_downlink,unknown,active,,,GMSK,,unknown,,,437020000.0,437020000.0,UHF,,,,9600.0,,False,https://db.satnogs.org/api/transmitters/?format=json,2025-12-02T07:00:42.208849Z,
Cosmos 2407,28380,RWCR-9372-3145-3963-4708,satnogs:8VByvHAC8uRpe2zQWe5nS3,Mode U Tracking Beacon,beacon,unknown,active,,,CW,,unknown,,,399920000.0,399920000.0,UHF,,,,,,True,https://db.satnogs.org/api/transmitters/?format=json,2022-11-20T04:18:03.733223Z,
Cosmos 2414,28521,PYCC-5269-8901-4139-7220,satnogs:4AhTw6cJZGe4io96nt3tQZ,Mode U Tracking Beacon,beacon,unknown,active,,,CW,,unknown,,,399920000.0,399920000.0,UHF,,,,,,True,https://db.satnogs.org/api/transmitters/?format=json,2022-11-20T04:16:54.800546Z,
Cosmos 2463,36519,OWVC-4645-6706-6384-7144,satnogs:MYjbdKabkXFKMLyznrfUmA,Mode U Tracking Beacon,beacon,unknown,active,,,CW,,unknown,,,399840000.0,399840000.0,UHF,,,,,,True,https://db.satnogs.org/api/transmitters/?format=json,2022-11-20T04:15:34.788603Z,
CroCube,62394,HADL-0708-3181-3728-3212,satnogs:T8cvyUr2XXWCZzozDhtmdV,CroCube UHF CW Beacon,beacon,unknown,active,,,CW,,unknown,,,436775000.0,436775000.0,UHF,,,,20.0,,False,https://db.satnogs.org/api/transmitters/?format=json,2024-09-23T15:27:17.001560Z,
CroCube,62394,HADL-0708-3181-3728-3212,satnogs:igqU9YdqUMDPj7Sq7EUq7S,Mode U - GFSK9k6 - AX.25 G3RUH,data_downlink,unknown,active,,,GFSK,AX.25,unknown,,,436775000.0,436775000.0,UHF,,,,9600.0,,False,https://db.satnogs.org/api/transmitters/?format=json,2026-04-11T15:30:26.531602Z,
CroCube,62394,HADL-0708-3181-3728-3212,satnogs:Uuo2RJjpxDmrpshXqrtXnK,Mode U/U - GFSK9k6 - Digipeater - AX.25,two_way_data,active,active,2026-09-23T09:46:00+00:00,https://www.amsat.org/status/,GFSK,AX.25,documented_uplink_access_unknown,436775000.0,,436775000.0,,UHF,,,,9600.0,,False,https://db.satnogs.org/api/transmitters/?format=json,2026-04-11T15:30:21.776160Z,
CubeSX-HSE-3,57178,UMPN-9044-0154-0093-6402,satnogs:K6pMj8h9wdzEE9cm3WXauo,Mode U - GMSK 4k8 (USP FEC) TLM,telemetry,unknown,active,,,GMSK,,unknown,,,436570000.0,436570000.0,UHF,,,,4800.0,,True,https://db.satnogs.org/api/transmitters/?format=json,2023-06-01T14:48:58.579669Z,
Curium One,60242,FOLU-4370-1786-3583-3279,satnogs:ibn3SDmoDTf2aVTvcDs4n9,UHF 50k GMSK TLM,telemetry,unknown,active,,,GMSK,,unknown,,,436240000.0,436240000.0,UHF,,,,50000.0,,False,https://db.satnogs.org/api/transmitters/?format=json,2024-07-07T13:06:46.013673Z,
D-SAT,42794,XTNS-4103-2413-3501-2578,satnogs:yvJXkz5kQDCFHc7fDEBjS6,FM Beacon,beacon,unknown,active,,,FM,,unknown,,,437509000.0,437509000.0,UHF,,,,,,True,https://db.satnogs.org/api/transmitters/?format=json,2019-04-18T05:39:53.343316Z,
D-SAT,42794,XTNS-4103-2413-3501-2578,satnogs:YYq5vXXePXcokeedNnnu54,TLM 4k8 FSK,telemetry,unknown,active,,,FSK,,unknown,,,437505000.0,437505000.0,UHF,,,,4800.0,,True,https://db.satnogs.org/api/transmitters/?format=json,2019-04-18T05:39:53.343316Z,
D-SAT,42794,XTNS-4103-2413-3501-2578,satnogs:yFxouh6mrokgXSEduoepfk,TLM CW,beacon; telemetry,unknown,active,,,CW,,unknown,,,437505000.0,437505000.0,UHF,,,,,,True,https://db.satnogs.org/api/transmitters/?format=json,2019-04-18T05:39:53.343316Z,
D-Star ONE iSat,43879,VLTM-4130-8711-4931-9078,satnogs:yX2PAJWyj38qPmnxA6on8E,GMSK4k8 Mobitex TLM,telemetry,unknown,active,,,GMSK,,unknown,,,435700000.0,435700000.0,UHF,,,,4800.0,,True,https://db.satnogs.org/api/transmitters/?format=json,2025-09-16T09:01:26.386389Z,
D-Star ONE iSat,43879,VLTM-4130-8711-4931-9078,satnogs:5wz9DRuveTEVMig4NvXE9j,MODE U/U DSTAR VOICE,two_way_voice,unknown,active,,,,DSTAR,documented_uplink_access_unknown,437325000.0,,435525000.0,,UHF,,,,,,False,https://db.satnogs.org/api/transmitters/?format=json,2025-09-16T09:02:58.429332Z,
DEKART,46493,LBLF-9256-3450-0417-4224,satnogs:kFVFhBsSUHDC6SvuTkCcYn,Mode U - GMSK4k8 MOBITEX,data_downlink,unknown,active,,,GMSK,,unknown,,,437000000.0,437000000.0,UHF,,,,4800.0,,True,https://db.satnogs.org/api/transmitters/?format=json,2024-12-31T08:23:32.940005Z,
DELFI-N3XT,39428,LDFA-5547-3453-6167-7352,satnogs:xhcgD5AANWnK8r2jq6QVA7,Beacon,beacon,unknown,active,,,BPSK,,unknown,,,145930000.0,145930000.0,VHF,,,,2400.0,,False,https://db.satnogs.org/api/transmitters/?format=json,2021-09-22T18:41:15.859859Z,
DELFI-N3XT,39428,LDFA-5547-3453-6167-7352,satnogs:V8f2B99kwCMfuwX5pkT6h2,High Speed Data Downlink,data_downlink,unknown,active,,,MSK,,unknown,,,2405000000.0,2405000000.0,UHF,,,,50000.0,,False,https://db.satnogs.org/api/transmitters/?format=json,2023-05-07T18:53:18.302100Z,
DELFI-N3XT,39428,LDFA-5547-3453-6167-7352,satnogs:aRboijNaKGSDZu3ZVyTFX2,Telem,data_downlink,unknown,active,,,BPSK,,unknown,,,145870000.0,145870000.0,VHF,,,,2400.0,,False,https://db.satnogs.org/api/transmitters/?format=json,2021-02-27T17:46:26.554210Z,
DELFI-N3XT,39428,LDFA-5547-3453-6167-7352,satnogs:N2Jc9jGVmQhLqVapkSqj4U,U/V Transponder,two_way_voice,unknown,inactive,,,USB,,documented_uplink_access_unknown,435530000.0,435570000.0,145880000.0,145920000.0,VHF,,,40000.0,,,False,https://db.satnogs.org/api/transmitters/?format=json,2021-02-27T19:03:02.957707Z,
DEORBITSAIL,40719,LXTN-3112-4423-0306-4983,satnogs:yzLZeFypEj65qUKis3XrTd,1k2 BPSK TLM,telemetry,unknown,active,,,BPSK,,unknown,,,145975000.0,145975000.0,VHF,,,,1200.0,,True,https://db.satnogs.org/api/transmitters/?format=json,2019-04-18T05:39:53.343316Z,
DEORBITSAIL,40719,LXTN-3112-4423-0306-4983,satnogs:nHWtq7t2BfC8pNYYpi4ZwS,PE0SAT - 1k2 BPSK TLM,telemetry,unknown,active,,,BPSK,,unknown,,,145973700.0,145973700.0,VHF,,,,1200.0,,True,https://db.satnogs.org/api/transmitters/?format=json,2019-04-18T05:39:53.343316Z,
DISCO-2,98381,HWUY-3165-6126-0472-2513,satnogs:g4adkPT5Fuk6nV2CpZcLzd,Mode S - GMSK 2Mbps - Transmitter,data_downlink,unknown,active,,,GMSK,,unknown,,,2432500000.0,2432500000.0,UHF,,,,2000000.0,,False,https://db.satnogs.org/api/transmitters/?format=json,2026-03-30T03:30:59.032124Z,
DISCO-2,98381,HWUY-3165-6126-0472-2513,satnogs:BWfqUcgEqyNG8snzutk5ET,Mode U - FSK9k6 - Transmitter,data_downlink,unknown,inactive,,,FSK,,unknown,,,437075000.0,437075000.0,UHF,,,,9600.0,,False,https://db.satnogs.org/api/transmitters/?format=json,2026-04-20T10:05:11.447842Z,
DIWATA-2,43678,HIEK-3729-5596-2727-4744,satnogs:nc9CoLLaPDMyqj9m2RfxAU,AFSK1k2,two_way_data,unknown,inactive,,,AFSK,,documented_uplink_access_unknown,437500000.0,,145900000.0,,VHF,,,,1200.0,,False,https://db.satnogs.org/api/transmitters/?format=json,2026-02-27T04:54:23.822143Z,
DIWATA-2,43678,HIEK-3729-5596-2727-4744,satnogs:JmHHyS3anLiFQg7GUv6F5A,CW Beacon,beacon,unknown,active,,,CW,,unknown,,,145900000.0,145900000.0,VHF,,,,,,False,https://db.satnogs.org/api/transmitters/?format=json,2024-06-28T18:36:39.747534Z,
DIWATA-2,43678,HIEK-3729-5596-2727-4744,satnogs:HYB3Frb2cf4LUhzfbTCCw4,FM VOICE,two_way_voice,unknown,active,2026-09-24T19:31:00+00:00,https://www.amsat.org/status/,FM,,documented_uplink_access_unknown,437500000.0,,145900000.0,,VHF,,,,,,False,https://db.satnogs.org/api/transmitters/?format=json,2024-06-28T18:36:34.576257Z,
DMSP 5D-2 F15,25991,QIZS-8994-7945-5173-4607,satnogs:Y47yydnyXZgLxdnKjbHwQk,CW,beacon,unknown,active,,,CW,,unknown,,,400032000.0,400032000.0,UHF,,,,,,True,https://db.satnogs.org/api/transmitters/?format=json,2021-10-09T14:52:11.991059Z,
DOSAAF-85,44909,UFYD-5782-6372-2920-6054,satnogs:cZZmCb4cySQGjea5kgotQG,Doka-B,data_downlink,unknown,active,,,,,unknown,,,435215000.0,435215000.0,UHF,,,,4800.0,,True,https://db.satnogs.org/api/transmitters/?format=json,2026-04-06T15:21:53.397905Z,
DOSAAF-85,44909,UFYD-5782-6372-2920-6054,satnogs:6khJGrSmppmokPfTMaq6Ms,Mode U,data_downlink,unknown,active,,,FSK,,unknown,,,435315000.0,435315000.0,UHF,,,,,,True,https://db.satnogs.org/api/transmitters/?format=json,2026-04-06T15:21:45.370265Z,
DOSAAF-85,44909,UFYD-5782-6372-2920-6054,satnogs:YAiZ4rWyaGKZq93BXHYUEw,Mode U - Beacon,beacon,unknown,active,,,CW,,unknown,,,435605000.0,435605000.0,UHF,,,,,,True,https://db.satnogs.org/api/transmitters/?format=json,2026-04-06T15:21:41.279049Z,
DOSAAF-85,44909,UFYD-5782-6372-2920-6054,satnogs:ZiJbdMEwj92mqojjtjTN87,Mode U Audio,downlink_audio,unknown,active,,,BPSK,,unknown,,,435660000.0,435660000.0,UHF,,,,19200.0,,False,https://db.satnogs.org/api/transmitters/?format=json,2026-04-06T15:21:38.109689Z,
DOSAAF-85,44909,UFYD-5782-6372-2920-6054,satnogs:89NTmbqJEuTGW36fd386Fy,Mode V/U - Transponder,two_way_voice,active,active,2026-09-24T22:46:00+00:00,https://www.amsat.org/status/,USB,,documented_uplink_access_unknown,145935000.0,145995000.0,435610000.0,435670000.0,UHF,,,60000.0,,,False,https://db.satnogs.org/api/transmitters/?format=json,2026-04-06T15:21:49.455920Z,
DTUSAT-2,40030,VLOV-4213-3168-9454-2191,satnogs:MjcioVaW5TEKRuBzth3Yuc,S-Band downlink,data_downlink,unknown,active,,,MSK,,unknown,,,2401835000.0,2401835000.0,UHF,,,,1200.0,,True,https://db.satnogs.org/api/transmitters/?format=json,2020-02-18T11:42:31.682177Z,
DUCHIFAT-1,40021,KVVP-7917-6314-8782-3778,satnogs:D5hpsmx8LgSCS3u9rpLMVC,BPSK TLM 1k2 callsign 4X4HSL,telemetry,unknown,active,,,BPSK,,unknown,,,145980000.0,145980000.0,VHF,,,,1200.0,,True,https://db.satnogs.org/api/transmitters/?format=json,2019-04-18T05:39:53.343316Z,
DUCHIFAT-1,40021,KVVP-7917-6314-8782-3778,satnogs:ZJBvFCm6u4wBLVs6JSAad7,CW TLM beacon callsign 4X4HSL,beacon; telemetry,unknown,active,,,CW,,unknown,,,145980000.0,145980000.0,VHF,,,,15.0,,True,https://db.satnogs.org/api/transmitters/?format=json,2019-04-18T05:39:53.343316Z,
DUCHIFAT-1,40021,KVVP-7917-6314-8782-3778,satnogs:LyLQ3K5KTts6gJGQTVuSDP,PE0SAT - 1k2 BPSK TLM,telemetry,unknown,active,,,BPSK,,unknown,,,145981400.0,145981400.0,VHF,,,,1200.0,,True,https://db.satnogs.org/api/transmitters/?format=json,2019-04-18T05:39:53.343316Z,
DecimalSat-1,98376,DMZB-3276-8444-3538-4773,satnogs:o7TVC8RUJeqYMsXYMzrXp8,Mode U - CW Morse Beacon,beacon,unknown,active,,,CW,,unknown,,,436600000.0,436600000.0,UHF,,,,20.0,,False,https://db.satnogs.org/api/transmitters/?format=json,2026-03-30T02:08:09.698506Z,
DecimalSat-1,98376,DMZB-3276-8444-3538-4773,satnogs:Byby5Lp28VKZ5GhdbqjBsA,Mode U - GFSK1000 IMG,data_downlink,unknown,inactive,,,GFSK,,unknown,,,436600000.0,436600000.0,UHF,,,,1000.0,,False,https://db.satnogs.org/api/transmitters/?format=json,2026-03-19T12:23:44.740271Z,
DecimalSat-1,98376,DMZB-3276-8444-3538-4773,satnogs:YYJUwCQ3yx8jUxcyiw7CLw,Mode U - GFSK500 TLM,telemetry,unknown,active,,,GFSK,,unknown,,,436600000.0,436600000.0,UHF,,,,500.0,,False,https://db.satnogs.org/api/transmitters/?format=json,2026-03-30T02:08:09.707364Z,
EMISAR,98362,DOFN-8999-9141-5844-0576,satnogs:WLwxM553zmtNGx5DqeCT7J,Mode U - CW - Transmitter,beacon,unknown,inactive,,,CW,,unknown,,,401334000.0,401334000.0,UHF,,,,,,True,https://db.satnogs.org/api/transmitters/?format=json,2026-03-31T15:37:26.028168Z,
ERS-15,2412,FERZ-6681-3950-9303-3194,satnogs:BvWvsP5U9GgFTsR6xEYPsB,carrier wave,beacon,unknown,active,,,CW,,unknown,,,136439000.0,136439000.0,VHF,,,,,,True,https://db.satnogs.org/api/transmitters/?format=json,2020-11-21T16:31:38.672435Z,
ESEO,43792,SEXU-2964-9908-3979-4793,satnogs:y5GTUBzux5RccNkkSvcsfJ,BPSK1k2 AX25 FUNcube-4 Beacon,beacon,unknown,active,,,BPSK,,unknown,,,145895000.0,145895000.0,VHF,,,,1200.0,,True,https://db.satnogs.org/api/transmitters/?format=json,2019-04-18T05:39:53.343316Z,
ESEO,43792,SEXU-2964-9908-3979-4793,satnogs:xTVXwsEVTjzmE7zGKTmGhg,BPSK4k8 AX25 FUNcube-4 Beacon,beacon,unknown,active,,,BPSK,,unknown,,,145895000.0,145895000.0,VHF,,,,4800.0,,True,https://db.satnogs.org/api/transmitters/?format=json,2019-04-18T05:39:53.343316Z,
ESEO,43792,SEXU-2964-9908-3979-4793,satnogs:aj32dry5ZZkoA84yLYz8y8,FM,two_way_voice,unknown,active,,,FM,,documented_uplink_access_unknown,1263500000.0,,145895000.0,,VHF,,,,,,True,https://db.satnogs.org/api/transmitters/?format=json,2019-04-18T05:39:53.343316Z,
ESEO,43792,SEXU-2964-9908-3979-4793,satnogs:MJ9pU2M5qNQRRKzBHHniMb,GMSK4k8 AX25 ESEO TLM,telemetry,unknown,active,,,GMSK,,unknown,,,437000000.0,437000000.0,UHF,,,,4800.0,,True,https://db.satnogs.org/api/transmitters/?format=json,2019-04-18T05:39:53.343316Z,
ESEO,43792,SEXU-2964-9908-3979-4793,satnogs:cmw2kqKrADT2JYGhwSfui3,GMSK9k6 AX25 ESEO TLM,telemetry,unknown,active,,,GMSK,,unknown,,,437000000.0,437000000.0,UHF,,,,9600.0,,True,https://db.satnogs.org/api/transmitters/?format=json,2019-10-22T16:05:14.436072Z,
ESTCUBE 1,39161,PPAK-3897-6161-8267-9600,satnogs:Mu29Q8EX5CyCenGm3ZKAx5,Beacon,beacon,unknown,active,,,CW,,unknown,,,437250000.0,437250000.0,UHF,,,,,,False,https://db.satnogs.org/api/transmitters/?format=json,2019-10-22T15:50:59.450009Z,
ESTCUBE 1,39161,PPAK-3897-6161-8267-9600,satnogs:4nefL2udHRTXxwY9RHRpbB,Mode U FSK9k6 TLM,telemetry,unknown,active,,,FSK,,unknown,,,437505000.0,437505000.0,UHF,,,,9600.0,,False,https://db.satnogs.org/api/transmitters/?format=json,2019-10-22T15:53:02.784443Z,
EYESAT-1,22825,XTDR-0995-4168-5549-5936,satnogs:L9JHEH4e8vagsDdJot8P3e,Mode U - GMSK9k6,data_downlink,unknown,active,,,GMSK,,unknown,,,436797000.0,436797000.0,UHF,,,,9600.0,,True,https://db.satnogs.org/api/transmitters/?format=json,2024-08-02T07:49:23.920718Z,
EYESAT-1,22825,XTDR-0995-4168-5549-5936,satnogs:fPpLQQAPMEHEcgK59hfaRA,Mode U AFSK Beacon,beacon,unknown,active,,,AFSK,,unknown,,,436795000.0,436795000.0,UHF,,,,1200.0,,False,https://db.satnogs.org/api/transmitters/?format=json,2020-06-07T05:22:14.891734Z,
EYESAT-1,22825,XTDR-0995-4168-5549-5936,satnogs:jYtki5mG7PidNmWJVU3D4E,Mode V/U FM,two_way_voice,unknown,active,,,FM,,documented_uplink_access_unknown,145850000.0,,436795000.0,,UHF,,,,,,False,https://db.satnogs.org/api/transmitters/?format=json,2020-06-07T05:22:14.894036Z,
Eaglet 1,43790,NMSF-0466-6077-1186-9611,satnogs:NwAjXMKwWFyQkeSz9Qn9RS,BPSK1k2 AX.25 TLM,telemetry,unknown,active,,,BPSK,AX.25,unknown,,,435200000.0,435200000.0,UHF,,,,1200.0,,True,https://db.satnogs.org/api/transmitters/?format=json,2022-11-11T10:04:55.865456Z,
Elektro-L 3,44903,BTEP-5467-6423-3488-4155,satnogs:a5sfwvZCyn2jSoM22RbSv8,LRIT Bandwidth 200 kHz Rate 64/128 kbps,weather_data,unknown,active,,,BPSK,LRIT,unknown,,,1691000000.0,1691000000.0,UHF,,,,64000.0,,False,https://db.satnogs.org/api/transmitters/?format=json,2021-07-27T12:49:23.191229Z,
Elektro-L 5,67756,KLUM-1517-7093-9462-6781,satnogs:eDWjGHSTyjMeAdm9sXVdrW,LRIT Bandwidth 200 kHz Rate 64/128 kbps,weather_data,unknown,active,,,BPSK,LRIT,unknown,,,1691000000.0,1691000000.0,UHF,,,,64000.0,,True,https://db.satnogs.org/api/transmitters/?format=json,2026-04-07T05:08:51.953312Z,
Es'hail 2,43700,LBQI-9987-6865-3928-8294,satnogs:BLtdtxoAo4fnpsfQe4HUpL,BPSK400 Lower Beacon,beacon,unknown,inactive,,,BPSK,,unknown,,,10489550000.0,10489555000.0,SHF,,,5000.0,400.0,,True,https://db.satnogs.org/api/transmitters/?format=json,2020-03-18T21:14:02.487140Z,
Es'hail 2,43700,LBQI-9987-6865-3928-8294,satnogs:7bEmAYDAdnDU5EsWN2zFom,BPSK400 Middle Beacon,beacon,unknown,active,,,BPSK,,unknown,,,10489745000.0,10489755000.0,SHF,,,10000.0,400.0,,True,https://db.satnogs.org/api/transmitters/?format=json,2020-03-18T21:13:52.208930Z,
Es'hail 2,43700,LBQI-9987-6865-3928-8294,satnogs:dJZdDmyUZWXipWgEAGZe9k,BPSK400 Middle Beacon,beacon,unknown,active,,,BPSK,,unknown,,,10489745000.0,10489755000.0,SHF,,,10000.0,400.0,,True,https://db.satnogs.org/api/transmitters/?format=json,2020-03-18T21:13:52.211487Z,
Es'hail 2,43700,LBQI-9987-6865-3928-8294,satnogs:5C9tRDH6MkxgxD3kQzAeqV,BPSK400 Upper Beacon,beacon,unknown,active,,,BPSK,,unknown,,,10489795000.0,10489800000.0,SHF,,,5000.0,400.0,,True,https://db.satnogs.org/api/transmitters/?format=json,2019-04-18T05:39:53.343316Z,
Es'hail 2,43700,LBQI-9987-6865-3928-8294,satnogs:rro4MFD9eMAC8yNBctnXdj,CW Experimental Beacon,beacon,unknown,active,,,CW,,unknown,,,10489995000.0,10490000000.0,SHF,,,5000.0,,,True,https://db.satnogs.org/api/transmitters/?format=json,2020-03-18T21:13:52.220330Z,
Es'hail 2,43700,LBQI-9987-6865-3928-8294,satnogs:Nk2KUEwZuHAVYzZUKaj9zi,CW Lower Beacon,beacon,unknown,active,,,CW,,unknown,,,10489503000.0,10489503000.0,SHF,,,,11.0,,False,https://db.satnogs.org/api/transmitters/?format=json,2026-04-12T19:32:34.632610Z,
Es'hail 2,43700,LBQI-9987-6865-3928-8294,satnogs:PfK9sy4BRVuPvF6c6HrZzU,CW Lower Beacon,beacon,unknown,inactive,,,CW,,unknown,,,10489550000.0,10489555000.0,SHF,,,5000.0,,,True,https://db.satnogs.org/api/transmitters/?format=json,2020-03-18T21:14:02.489627Z,
Es'hail 2,43700,LBQI-9987-6865-3928-8294,satnogs:EP3KJJ5KdEQcMHsF6jaoAT,CW Only Transpoder,beacon,unknown,active,,,CW,,documented_uplink_access_unknown,2400005000.0,2400040000.0,10489505000.0,10489540000.0,SHF,,,35000.0,,,True,https://db.satnogs.org/api/transmitters/?format=json,2020-03-18T21:13:52.214447Z,
Es'hail 2,43700,LBQI-9987-6865-3928-8294,satnogs:wcipbRY48BBcG5Y6xdHxB7,CW Only Transpoder,beacon,unknown,inactive,,,CW,,documented_uplink_access_unknown,2400055000.0,2400100000.0,10489555000.0,10489600000.0,SHF,,,45000.0,,,True,https://db.satnogs.org/api/transmitters/?format=json,2020-03-18T21:14:02.491103Z,
Es'hail 2,43700,LBQI-9987-6865-3928-8294,satnogs:zXZacRxuzTLq6ao7rwLWz2,CW Upper Beacon,beacon,unknown,inactive,,,CW,,unknown,,,10489795000.0,10489800000.0,SHF,,,5000.0,,,True,https://db.satnogs.org/api/transmitters/?format=json,2020-03-18T21:14:02.492330Z,
Es'hail 2,43700,LBQI-9987-6865-3928-8294,satnogs:RNNoHdKN73KSQWTim9J8Co,Experimental Beacon,beacon,unknown,active,,,FM,,unknown,,,10489995000.0,10490000000.0,SHF,,,5000.0,,,True,https://db.satnogs.org/api/transmitters/?format=json,2020-03-18T21:13:52.218988Z,
Es'hail 2,43700,LBQI-9987-6865-3928-8294,satnogs:5oFDpp8KCtR2JXJ9cYpana,IS0GRB Winlink Server,data_downlink,unknown,active,,,OFDM,,unknown,,,10489635000.0,10489635000.0,SHF,,,,,,False,https://db.satnogs.org/api/transmitters/?format=json,2021-09-16T07:54:01.305540Z,
Es'hail 2,43700,LBQI-9987-6865-3928-8294,satnogs:RaJoBSJU2rsuQunMcSR5vZ,IS0GRB Winlink Server,data_downlink,unknown,active,,,OFDM,,unknown,,,10489635000.0,10489635000.0,SHF,,,,,,False,https://db.satnogs.org/api/transmitters/?format=json,2021-09-16T07:54:01.303431Z,
Eutelsat I F-4,18351,XWJC-7674-8051-0421-7789,satnogs:FAt5PzTt5rgHpoEuLK6uqp,carrier wave,beacon,unknown,active,,,CW,,unknown,,,137141000.0,137141000.0,VHF,,,,,,True,https://db.satnogs.org/api/transmitters/?format=json,2020-10-24T11:40:07.475653Z,
ExseedSat 1,99914,FNPJ-5961-0820-4470-5491,satnogs:iDUm3a8ocV68ZwFjcQ4bmB,U/V APRS Digipeater,two_way_data,unknown,active,,,AFSK,APRS,documented_uplink_access_unknown,435340000.0,,145900000.0,,VHF,,,,1200.0,,False,https://db.satnogs.org/api/transmitters/?format=json,2022-08-01T15:57:42.062198Z,
FENGYUN 2H,43491,IIKC-1876-0296-0221-8907,satnogs:bNPVhmQwAEHfLXg4D2Kmp2,Mode L - CW TLM,beacon; telemetry,unknown,active,,,CW,,unknown,,,1702500000.0,1702500000.0,UHF,,,,5.0,,True,https://db.satnogs.org/api/transmitters/?format=json,2024-01-10T17:19:39.088364Z,
FENGYUN 3A,32958,SHEZ-1778-3591-0474-2098,satnogs:AejfEaMmHWhcJXjMrkmNZR,AHRPT 1704.5 GHz,weather_data,unknown,active,,,,AHRPT,unknown,,,1704500000.0,1704500000.0,UHF,,,,6800000.0,,False,https://db.satnogs.org/api/transmitters/?format=json,2022-08-20T08:04:46.953525Z,
FENGYUN 3C,39260,YVMN-3096-6332-4393-7492,satnogs:7tYUxvgMhUt8stWPWrNXrz,AHRPT,weather_data,unknown,active,,,,AHRPT,unknown,,,1701300000.0,1701300000.0,UHF,,,,,,False,https://db.satnogs.org/api/transmitters/?format=json,2023-10-09T23:24:49.925481Z,
FENGYUN 3F,57490,KKUJ-0038-2439-0353-0160,satnogs:YXRQia9F2Mg5onKVGwiuVY,AHRPT,weather_data,unknown,active,,,,AHRPT,unknown,,,7790000000.0,7790000000.0,SHF,,,,,,False,https://db.satnogs.org/api/transmitters/?format=json,2023-10-09T23:23:39.132406Z,
FIREBIRD-B,39464,FAPD-5101-4024-2322-5857,satnogs:McBbSKoN6uRrjWTvgG93xV,Mode U - FSK19k2 AX25,data_downlink,unknown,active,,,FSK,AX.25,unknown,,,437230000.0,437230000.0,UHF,,,,19200.0,,False,https://db.satnogs.org/api/transmitters/?format=json,2021-02-13T10:35:29.965397Z,
FLYING LAPTOP,42831,QPRY-7597-6127-8837-9927,satnogs:HYEptnddemghSLTTsKm3N5,Data Downlink System (DDS),data_downlink,unknown,active,,,QPSK,,unknown,,,2408000000.0,2408000000.0,UHF,,,,5000000.0,,False,https://db.satnogs.org/api/transmitters/?format=json,2020-02-12T15:01:42.839436Z,
FORMOSAT 7-1,44349,RPDQ-1197-8043-4841-1250,satnogs:USqn6NpxTGkzs9iMgHCD94,Downlink,beacon,unknown,active,,,CW,,unknown,,,400900000.0,400900000.0,UHF,,,,,,True,https://db.satnogs.org/api/transmitters/?format=json,2021-11-07T15:15:16.138442Z,
FORMOSAT 7-2,44351,IGQU-0723-5760-5778-6376,satnogs:ksm8Hiav6JT9He62AzSy38,Downlink,beacon,unknown,active,,,CW,,unknown,,,400900000.0,400900000.0,UHF,,,,,,True,https://db.satnogs.org/api/transmitters/?format=json,2021-11-07T15:15:16.137211Z,
FORMOSAT 7-3,44343,MLXO-9148-9336-0001-6454,satnogs:L7uAYkLKs2p8QjejGHN5CV,Downlink,beacon,unknown,active,,,CW,,unknown,,,400900000.0,400900000.0,UHF,,,,,,True,https://db.satnogs.org/api/transmitters/?format=json,2021-11-07T15:15:16.136024Z,
FORMOSAT 7-4,44350,AGXN-0655-5227-5580-8313,satnogs:ErbU8q8cKGRXfczDHKW5nv,CW,beacon,unknown,active,,,CW,,unknown,,,400900000.0,400900000.0,UHF,,,,,,True,https://db.satnogs.org/api/transmitters/?format=json,2021-10-18T06:47:23.613853Z,
FORMOSAT 7-5,44358,BQVP-8383-3071-1992-4107,satnogs:6pn67Ni5JwGozAtHt4VJxn,Downlink,beacon,unknown,active,,,CW,,unknown,,,400900000.0,400900000.0,UHF,,,,,,True,https://db.satnogs.org/api/transmitters/?format=json,2021-11-07T15:15:16.133323Z,
FORMOSAT 7-6,44353,UMBF-6004-4615-9338-8690,satnogs:GCRzsmgJitX68ki8TFWah8,Downlink,beacon,unknown,active,,,CW,,unknown,,,400900000.0,400900000.0,UHF,,,,,,True,https://db.satnogs.org/api/transmitters/?format=json,2021-11-07T15:15:16.134710Z,
FORTE,24920,JSVB-5618-9837-5426-1381,satnogs:jRg52isrEDD3K5diRFuDTJ,CW,beacon,unknown,active,,,CW,,unknown,,,401568000.0,401568000.0,UHF,,,,,,True,https://db.satnogs.org/api/transmitters/?format=json,2021-10-09T14:52:11.987998Z,
FOX-1B,43017,PMAW-9203-2442-8666-3249,satnogs:KgazZMKEa74VnquqXLwAvD,DUV TLM,telemetry,unknown,active,,,,,unknown,,,145960000.0,145960000.0,VHF,,,,200.0,,False,https://db.satnogs.org/api/transmitters/?format=json,2026-06-26T07:29:18.549045Z,
FOX-1B,43017,PMAW-9203-2442-8666-3249,satnogs:LoK6HANoyLWRnwhJKs8gHd,Mode U/V FM Voice (no CTCSS any longer),two_way_voice,unknown,active,2026-09-24T20:16:00+00:00,https://www.amsat.org/status/,FM,,documented_uplink_access_unknown,435250000.0,,145960000.0,,VHF,,,,,,False,https://db.satnogs.org/api/transmitters/?format=json,2026-06-26T09:17:33.053273Z,
FOX-1C,43770,KHIK-6754-7801-4022-8938,satnogs:aQiKaeWH7YPEMNgGo5Qg58,AFSK9k6 digital data,data_downlink,unknown,active,,,AFSK,,unknown,,,145920000.0,145920000.0,VHF,,,,9600.0,,True,https://db.satnogs.org/api/transmitters/?format=json,2019-04-18T05:39:53.343316Z,
FOX-1C,43770,KHIK-6754-7801-4022-8938,satnogs:bxfwWfvm9UaXRvVfyhcjt6,DUV TLM,telemetry,unknown,active,,,,,unknown,,,145920000.0,145920000.0,VHF,,,,200.0,,True,https://db.satnogs.org/api/transmitters/?format=json,2019-04-18T05:39:53.343316Z,
FOX-1C,43770,KHIK-6754-7801-4022-8938,satnogs:pUjViMSiFpt9rYRfh8jwGa,L/V FM,two_way_voice,unknown,inactive,,,FM,,documented_uplink_access_unknown,1267300000.0,,145920000.0,,VHF,,,,,,True,https://db.satnogs.org/api/transmitters/?format=json,2023-11-14T11:41:23.641809Z,
FOX-1C,43770,KHIK-6754-7801-4022-8938,satnogs:5AqszaBQhFwfRF74XHUXY5,U/V FM,two_way_voice,unknown,inactive,,,FM,,documented_uplink_access_unknown,435300000.0,,145920000.0,,VHF,,,,,,True,https://db.satnogs.org/api/transmitters/?format=json,2023-11-14T11:41:17.967161Z,
FRAMSAT-1,98914,BXJV-0815-0756-1233-1493,satnogs:XZcPJzYjQciqXjy6HRaG6a,Mode U - FSK9k6 - AX.25 G3RUH,data_downlink,unknown,active,,,FSK,AX.25,unknown,,,435141000.0,435141000.0,UHF,,,,9600.0,,False,https://db.satnogs.org/api/transmitters/?format=json,2026-03-22T12:29:02.117846Z,
FSI-SAT2,98326,YZDO-1863-9002-1980-6647,satnogs:f3ooXqk4G4CdFBVgNAnhbz,Mode U - CW,beacon,unknown,active,,,CW,,unknown,,,437175000.0,437175000.0,UHF,,,,,,True,https://db.satnogs.org/api/transmitters/?format=json,2026-04-23T15:04:29.150110Z,
FSI-SAT2,98326,YZDO-1863-9002-1980-6647,satnogs:6bzzuF8pPScFw5Wid66hE6,Mode U/U SSTV by DTMF uplink,image_downlink,unknown,inactive,,,,SSTV,documented_uplink_access_unknown,437175000.0,,437175000.0,,UHF,,,,,,False,https://db.satnogs.org/api/transmitters/?format=json,2026-04-24T17:32:31.741615Z,
FUNCUBE-1,39444,OTOF-8025-8953-4756-4779,satnogs:Pt4MFHSC8UFHu3aTQTLz9K,BPSK Telemetry,telemetry,unknown,active,,,BPSK,,unknown,,,145935000.0,145935000.0,VHF,,,,1200.0,,False,https://db.satnogs.org/api/transmitters/?format=json,2026-06-27T19:35:44.729055Z,
FUNCUBE-1,39444,OTOF-8025-8953-4756-4779,satnogs:QsYRjdzExRFdZyJvcEw2GC,CW Beacon,beacon,unknown,active,,,CW,,unknown,,,145815000.0,145815000.0,VHF,,,,,,True,https://db.satnogs.org/api/transmitters/?format=json,2019-04-18T05:39:53.343316Z,
FUNCUBE-1,39444,OTOF-8025-8953-4756-4779,satnogs:kjb3TFADq77qj2AFSzxHCV,Mode U/V Linear,two_way_voice,active,active,2026-09-24T22:00:00+00:00,https://www.amsat.org/status/,USB,,documented_uplink_access_unknown,435130000.0,435150000.0,145950000.0,145970000.0,VHF,,,20000.0,,,False,https://db.satnogs.org/api/transmitters/?format=json,2026-06-27T19:35:33.835585Z,
FengYun 3D,43010,BLAS-7456-1209-3590-8960,satnogs:6mZWjMfFF37UEH3oZxmbiV,AHRPT,weather_data,unknown,active,,,,AHRPT,unknown,,,7820000000.0,7820000000.0,SHF,,,,,,False,https://db.satnogs.org/api/transmitters/?format=json,2023-10-09T23:24:21.573594Z,
FengYun 3E,49008,BAUI-5116-6841-5434-9415,satnogs:5K74YfbzABQbZPCAe24mq4,Mode X - AHRPT,weather_data,unknown,active,,,,AHRPT,unknown,,,7860000000.0,7860000000.0,SHF,,,,100000.0,,False,https://db.satnogs.org/api/transmitters/?format=json,2023-10-09T23:24:00.043111Z,
FengYun 4C,67246,OCIS-1942-3329-8695-1163,satnogs:i89JH7rda2K2Dq5byC94QU,HRIT,weather_alerts; weather_data,unknown,active,,,BPSK,HRIT,unknown,,,1681000000.0,1681000000.0,UHF,,,,1000000.0,,True,https://db.satnogs.org/api/transmitters/?format=json,2026-06-18T08:00:32.281904Z,
FengYun-1D,27431,HXCQ-2150-9044-4954-9390,satnogs:GfpNdt39VFkoGKFgPBVeiA,HRPT,weather_data,unknown,active,,,,HRPT,unknown,,,1700500000.0,1700500000.0,UHF,,,,3000000.0,,True,https://db.satnogs.org/api/transmitters/?format=json,2022-09-10T05:25:11.450708Z,
FengYun-1D,27431,HXCQ-2150-9044-4954-9390,satnogs:YhMUc9eU4oYYS5NXpy3xXj,Mode U,beacon,unknown,active,,,CW,,unknown,,,480019000.0,480019000.0,UHF,,,,,,True,https://db.satnogs.org/api/transmitters/?format=json,2022-09-10T05:24:58.107644Z,
FloripaSat-1,44885,ZAOV-7296-2730-4478-2104,satnogs:BHaYnEhzEEZ4upTvGdzQ4e,Mode U/U GFSK2k4 Repeater,two_way_data,unknown,active,,,GFSK,,documented_uplink_access_unknown,436100000.0,,436100000.0,,UHF,,,,2400.0,,False,https://db.satnogs.org/api/transmitters/?format=json,2019-12-18T17:40:26.855172Z,
FloripaSat-1,44885,ZAOV-7296-2730-4478-2104,satnogs:37STiZxCY6Yft8sZ68LWfE,Mode V GFSK1k2 AX.25 Beacon,beacon,unknown,active,,,GFSK,AX.25,unknown,,,145900000.0,145900000.0,VHF,,,,1200.0,,False,https://db.satnogs.org/api/transmitters/?format=json,2019-12-18T17:40:26.856467Z,
Foras Promineo,98465,ILJU-3352-7058-1614-3713,satnogs:8kcYPbPkvSNEButDjGvENq,"Mode U - LoRa (SF 6, BW 125, 15.625 bps)",data_downlink,unknown,active,,,LoRa,LoRa,unknown,,,437400000.0,437400000.0,UHF,,,,15.625,,False,https://db.satnogs.org/api/transmitters/?format=json,2025-12-01T07:46:22.790856Z,
Foresail-1p,66778,VVCO-9182-2144-7766-7316,satnogs:fTRbNFaMPdfJVRJkogUbth,MODE U - GMSK 9k6 TLM Skylink,telemetry,unknown,active,,,GMSK,,unknown,,,437125000.0,437125000.0,UHF,,,,9600.0,,False,https://db.satnogs.org/api/transmitters/?format=json,2026-03-13T15:55:42.608919Z,
Foresail-1p,66778,VVCO-9182-2144-7766-7316,satnogs:GHzspbyrPdBtZH2BLi37n9,Mode U/U - GMSK9k6 - Digipeater - Skylink,two_way_data,active,active,2026-09-23T10:16:00+00:00,https://www.amsat.org/status/,GMSK,,documented_uplink_access_unknown,437125000.0,,437125000.0,,UHF,,,,9600.0,,False,https://db.satnogs.org/api/transmitters/?format=json,2026-03-13T15:55:27.894611Z,
FrontierSat,69015,GGCH-4346-1583-9419-5634,satnogs:JqdpyL9Ft5jMvQ8VXy57wx,Mode U - GFSK9k6 - Downlink,data_downlink,unknown,active,,,FSK,,unknown,,,436150000.0,436150000.0,UHF,,,,9600.0,,False,https://db.satnogs.org/api/transmitters/?format=json,2026-05-05T05:00:58.909369Z,
GALAPAGOS-UTE-SWSU,67279,XHOE-9718-5112-5196-7058,satnogs:4Qhn53gBfoXBKDanf6SYmG,Mode U - AFSK 1143 Beacon TLM,beacon; telemetry,unknown,active,,,AFSK,,unknown,,,437050000.0,437050000.0,UHF,,,,1143.0,,False,https://db.satnogs.org/api/transmitters/?format=json,2026-08-23T08:16:37.585153Z,
GALAPAGOS-UTE-SWSU,67279,XHOE-9718-5112-5196-7058,satnogs:ELmEGxaU8aiLrDps6gouPE,Mode U - FSK2k4,data_downlink,unknown,active,,,FSK,,unknown,,,435750000.0,435750000.0,UHF,,,,2400.0,,False,https://db.satnogs.org/api/transmitters/?format=json,2026-08-23T08:16:51.663466Z,
GALAPAGOS-UTE-SWSU,67279,XHOE-9718-5112-5196-7058,satnogs:KBkJKKjq4VDwdZWUSKZCMp,Mode U - SSTV,image_downlink,unknown,active,2026-09-23T16:31:00+00:00,https://www.amsat.org/status/,,SSTV,unknown,,,437050000.0,437050000.0,UHF,,,,,,False,https://db.satnogs.org/api/transmitters/?format=json,2026-08-23T08:16:44.571582Z,
GALASSIA-2,57486,BYRQ-8084-9850-7997-7193,satnogs:2b4VCf9vx2mAqhVbdGWx7A,Mode U - Transmitter,data_downlink,unknown,active,,,FSK,,unknown,,,436400000.0,436400000.0,UHF,,,,1200.0,,True,https://db.satnogs.org/api/transmitters/?format=json,2023-07-30T10:20:16.047358Z,
GEOSAT,15595,QHZO-5950-9827-8337-2626,satnogs:ExKqwsAq6ujzMB5Karm2b4,CW,beacon,unknown,active,,,CW,,unknown,,,400032000.0,400032000.0,UHF,,,,,,True,https://db.satnogs.org/api/transmitters/?format=json,2021-10-09T14:52:11.989678Z,
GEOSAT,15595,QHZO-5950-9827-8337-2626,satnogs:AoRCX2C4GwADpir3qU8HTb,Mode V - CW Beacon,beacon,unknown,active,,,CW,,unknown,,,150012500.0,150012500.0,VHF,,,,,,True,https://db.satnogs.org/api/transmitters/?format=json,2022-06-05T08:48:50.914547Z,
GOES-16,41866,BPLU-8827-2133-6928-3140,satnogs:VxYGgqiytx3ghxJ3ZRN8i3,GRB (1686.6MHz),weather_data,unknown,active,,,FM,GRB,unknown,,,1686600000.0,1686600000.0,UHF,,,,,,False,https://db.satnogs.org/api/transmitters/?format=json,2024-08-08T08:50:17.745870Z,
GOES-16,41866,BPLU-8827-2133-6928-3140,satnogs:3sWrMT6JRkpR8Qx6Ku3X8P,HRIT (1694.1MHz),weather_alerts; weather_data,unknown,active,,,FM,HRIT,unknown,,,1694100000.0,1694100000.0,UHF,,,,,,True,https://db.satnogs.org/api/transmitters/?format=json,2024-08-08T08:50:10.829289Z,
GOES-17,43226,HQQK-4977-1513-0996-6919,satnogs:bPQQNN4fL9a3MwpCYMwHkE,EMWIN,weather_alerts; weather_data,unknown,active,,,OQPSK,EMWIN,unknown,,,1692700000.0,1692700000.0,UHF,,,,19200.0,,True,https://db.satnogs.org/api/transmitters/?format=json,2024-08-10T23:53:40.811922Z,
GOES-18,51850,FATA-2352-0047-2594-0636,satnogs:dgMvcWeSQ9v4D3aMz97Uui,Mode L - GRB,weather_data,unknown,active,,,FM,GRB,unknown,,,1686600000.0,1686600000.0,UHF,,,,,,False,https://db.satnogs.org/api/transmitters/?format=json,2023-11-21T12:36:01.421030Z,
GOES-18,51850,FATA-2352-0047-2594-0636,satnogs:ffSvTKKdgVAbrdU5PgfLrv,Mode L - HRIT,weather_data; weather_alerts,unknown,active,,,BPSK,HRIT; EMWIN,downlink_only,,,1694100000,,UHF,,1205000,,927000,400000,False,https://db.satnogs.org/api/transmitters/?format=json,2023-11-21T12:36:07.934692Z,
GOES-19,60133,LOLB-6503-6398-1581-9126,satnogs:dE32sFmDyt8dQ5nX9RiawV,GRB,weather_data,unknown,active,,,FM,GRB,unknown,,,1681600000.0,1681600000.0,UHF,,,,,,False,https://db.satnogs.org/api/transmitters/?format=json,2026-02-06T09:40:45.271338Z,
GOES-19,60133,LOLB-6503-6398-1581-9126,satnogs:TA2gJcbYU3rW53W4rhoU2o,HRIT,weather_data; weather_alerts,unknown,active,,,BPSK,HRIT; EMWIN,downlink_only,,,1694100000,,UHF,,1205000,,927000,400000,False,https://db.satnogs.org/api/transmitters/?format=json,2026-02-06T09:40:31.964734Z,
GOMX 1,39430,ZFJP-4482-3637-6524-3782,satnogs:xAU7UCMqYdVNPDtbej2aeJ,4k8 GMSK,data_downlink,unknown,active,,,GMSK,,unknown,,,437250000.0,437250000.0,UHF,,,,4800.0,,True,https://db.satnogs.org/api/transmitters/?format=json,2025-08-20T08:44:06.505140Z,
GOMX 1,39430,ZFJP-4482-3637-6524-3782,satnogs:ULXxBCypZh4f2qPnJeg6WH,PE0SAT - CW Beacon,beacon,unknown,inactive,,,CW,,unknown,,,437252500.0,437252500.0,UHF,,,,,,True,https://db.satnogs.org/api/transmitters/?format=json,2020-08-20T06:15:59.985952Z,
GRBBeta,60237,FVZM-4350-0869-7957-1010,satnogs:TJuh8g9A2CtVuvDYfcwD9E,Mode S -  FSK100k -  MRC-100,data_downlink,unknown,active,,,FSK,,unknown,,,2405000000.0,2405000000.0,UHF,,,,100000.0,,False,https://db.satnogs.org/api/transmitters/?format=json,2024-07-05T14:00:28.284666Z,
GRBBeta,60237,FVZM-4350-0869-7957-1010,satnogs:gHvA9rpALpnmTFXr2TNzFR,Mode U - CW,beacon,unknown,active,,,CW,,unknown,,,436785000.0,436785000.0,UHF,,,,,,False,https://db.satnogs.org/api/transmitters/?format=json,2024-07-10T12:03:16.656480Z,
GRBBeta,60237,FVZM-4350-0869-7957-1010,satnogs:BbUpxL9PvWSfgGnmkBPmAq,Mode U - GFSK9k6 - AX.25,data_downlink,unknown,active,,,GFSK,AX.25,unknown,,,436785000.0,436785000.0,UHF,,,,9600.0,,False,https://db.satnogs.org/api/transmitters/?format=json,2024-07-05T14:00:22.710786Z,
GRBBeta,60237,FVZM-4350-0869-7957-1010,satnogs:Vyh4sA2BYQSUm6Lo2yigpV,Mode U/U - GFSK9k6 - Digipeater - AX.25,two_way_data,unknown,active,2026-09-24T15:00:00+00:00,https://www.amsat.org/status/,GFSK,AX.25,documented_uplink_access_unknown,436785000.0,,436785000.0,,UHF,,,,9600.0,,False,https://db.satnogs.org/api/transmitters/?format=json,2026-04-11T15:29:15.378288Z,
GRBBeta,60237,FVZM-4350-0869-7957-1010,satnogs:UyJWovKjRxbB7frxkJEBdu,Mode V - GFSK9k6 - AX.25,data_downlink,unknown,active,,,GFSK,AX.25,unknown,,,145935000.0,145935000.0,VHF,,,,9600.0,,False,https://db.satnogs.org/api/transmitters/?format=json,2024-07-05T14:00:18.507550Z,
GRBBeta,60237,FVZM-4350-0869-7957-1010,satnogs:hpiPBMQVdd4K6ssBPe5M85,Mode V/V - GFSK9k6 - Digipeater - AX.25,two_way_data,active,active,2026-09-24T16:31:00+00:00,https://www.amsat.org/status/,GFSK,AX.25,documented_uplink_access_unknown,145935000.0,,145935000.0,,VHF,,,,9600.0,,False,https://db.satnogs.org/api/transmitters/?format=json,2026-04-11T15:29:07.849599Z,
GREENCUBE,53106,KGEF-8685-2681-9687-2264,satnogs:UFpJ9FAqoEDsomaDeg5BSf,Mode U - FSK 300 AX.100,data_downlink,unknown,active,,,FSK,,unknown,,,435310000.0,435310000.0,UHF,,,,300.0,,False,https://db.satnogs.org/api/transmitters/?format=json,2022-09-10T19:01:13.540637Z,
GREENCUBE,53106,KGEF-8685-2681-9687-2264,satnogs:8gBayPrVywGH7Y5QpBwk2s,Mode U PKT 1k2 GMSK,two_way_data,unknown,active,,,FSK,,documented_uplink_access_unknown,435310000.0,,435310000.0,,UHF,,,,1200.0,,False,https://db.satnogs.org/api/transmitters/?format=json,2023-03-30T16:50:53.044935Z,
GREENCUBE,53106,KGEF-8685-2681-9687-2264,satnogs:b6RKUFf8YvJGGrFv4AoJUy,Mode U TLM 1k2 GMSK,telemetry,unknown,active,,,FSK,,unknown,,,435310000.0,435310000.0,UHF,,,,1200.0,,False,https://db.satnogs.org/api/transmitters/?format=json,2022-07-15T17:59:19.555364Z,
GREENCUBE,53106,KGEF-8685-2681-9687-2264,satnogs:SC8KPQ3mpeUPLyVDSsuaHF,Mode U TLM 4k8 GMSK,telemetry,unknown,inactive,,,FSK,,unknown,,,435310000.0,435310000.0,UHF,,,,4800.0,,True,https://db.satnogs.org/api/transmitters/?format=json,2022-07-14T13:05:19.286047Z,
Gemini-Pollux,98320,ZXKF-7497-4419-0567-7683,satnogs:UkX44t3VpYo68a6kNy9ibf,Mode U - BPSK1k2 TLM - 436.5MHz,telemetry,unknown,active,,,BPSK,,unknown,,,436500000.0,436500000.0,UHF,,,,1200.0,,False,https://db.satnogs.org/api/transmitters/?format=json,2026-06-30T11:25:36.302469Z,
Gemini-Pollux,98320,ZXKF-7497-4419-0567-7683,satnogs:ZJH6mszaSDk39CzdaQBq6h,Mode U - BPSK9k6 TLM,telemetry,unknown,inactive,,,BPSK,,unknown,,,437200000.0,437200000.0,UHF,,,,9600.0,,False,https://db.satnogs.org/api/transmitters/?format=json,2026-06-30T11:25:36.312331Z,
Gemini-Pollux,98320,ZXKF-7497-4419-0567-7683,satnogs:TUi9Ji5uppKuXvhXWDQYEM,Mode U - BPSK9k6 TLM - 436.5MHz,telemetry,unknown,active,,,BPSK,,unknown,,,436500000.0,436500000.0,UHF,,,,9600.0,,False,https://db.satnogs.org/api/transmitters/?format=json,2026-05-18T12:44:40.518836Z,
Gemini-Pollux,98320,ZXKF-7497-4419-0567-7683,satnogs:4fjsrQ5zokKgbwhrTcSckD,Mode V/U - FM Transponder,two_way_voice,unknown,inactive,,,FM,,documented_uplink_access_unknown,145900000.0,145900000.0,437200000.0,437200000.0,UHF,,,,,,False,https://db.satnogs.org/api/transmitters/?format=json,2026-05-04T10:08:29.931556Z,
Geoscan-1,64880,YHKV-6117-6256-9430-5472,satnogs:34KpBL6uMxZ3rPnLxrbh2S,Mode U - GFSK9k6 - AX.25 Beacon and Ham Payload (Geoscan framing),beacon,unknown,active,,,GFSK,AX.25,unknown,,,435970000.0,435970000.0,UHF,,,,9600.0,,True,https://db.satnogs.org/api/transmitters/?format=json,2025-08-07T09:03:58.603417Z,
Geoscan-2,64890,WEMP-5992-7749-9773-6718,satnogs:kDh7FGiGCRthz3d9aRvmzd,Mode U - GFSK9k6 - AX.25 Beacon and Ham Payload (Geoscan framing),beacon,unknown,active,,,GFSK,AX.25,unknown,,,436160000.0,436160000.0,UHF,,,,9600.0,,True,https://db.satnogs.org/api/transmitters/?format=json,2025-08-07T09:04:05.428078Z,
Geoscan-3,64893,NAYK-9396-4687-3348-2272,satnogs:UEs6jEhdfuMMKUTnt5Bzmc,Mode U - GFSK9k6 - AX.25 Beacon and Ham Payload (Geoscan framing),beacon,unknown,active,,,GFSK,AX.25,unknown,,,435740000.0,435740000.0,UHF,,,,9600.0,,True,https://db.satnogs.org/api/transmitters/?format=json,2025-08-07T09:04:11.414653Z,
Geoscan-4,64892,WVBC-1896-0549-3910-3643,satnogs:dornxtScfja7eJvXWkVDu5,Mode U - GFSK9k6 - AX.25 Beacon and Ham Payload (Geoscan framing),beacon,unknown,active,,,GFSK,AX.25,unknown,,,435335000.0,435335000.0,UHF,,,,9600.0,,True,https://db.satnogs.org/api/transmitters/?format=json,2025-08-07T09:04:17.204883Z,
Geoscan-5,64891,NHQC-9171-5329-3956-5220,satnogs:2PaEUBRtkAhf2baamE3yEw,Mode U - GFSK9k6 - AX.25 Beacon and Ham Payload (Geoscan framing),beacon,unknown,active,,,GFSK,AX.25,unknown,,,436660000.0,436660000.0,UHF,,,,9600.0,,True,https://db.satnogs.org/api/transmitters/?format=json,2025-08-07T09:04:23.544716Z,
Geoscan-6,64879,UURX-8785-0574-4809-0080,satnogs:RZBcE9ZWuRSF9JsbtQRnfD,Mode U - GFSK9k6 - AX.25 Beacon and Ham Payload (Geoscan framing),beacon,unknown,active,,,GFSK,AX.25,unknown,,,436940000.0,436940000.0,UHF,,,,9600.0,,True,https://db.satnogs.org/api/transmitters/?format=json,2025-08-07T09:04:29.819749Z,
HADES-SA,68446,MIAF-5680-8845-1005-1215,satnogs:VBQcjiP9kmyGV4YvzweJSS,FSK 200 bps 1125 Hz separation,data_downlink,unknown,active,,,FSK,,unknown,,,436875000.0,436875000.0,UHF,,,,200.0,,True,https://db.satnogs.org/api/transmitters/?format=json,2026-05-29T07:59:07.968788Z,
HADES-SA,68446,MIAF-5680-8845-1005-1215,satnogs:i465qXQxgdFDaJD38cPCiH,FSK 800 bps 1600 Hz separation,data_downlink,unknown,active,,,FSK,,unknown,,,436875000.0,436875000.0,UHF,,,,800.0,,True,https://db.satnogs.org/api/transmitters/?format=json,2026-05-28T18:03:10.017710Z,
HADES-SA,68446,MIAF-5680-8845-1005-1215,satnogs:74VK2cxu9rJQ4wcxLToNgB,Mode U - FSK200,data_downlink,unknown,inactive,,,FSK,,unknown,,,436875000.0,436875000.0,UHF,,,,200.0,,False,https://db.satnogs.org/api/transmitters/?format=json,2026-03-30T02:32:23.589652Z,
HADES-SA,68446,MIAF-5680-8845-1005-1215,satnogs:ks3KCobshLHvwdSgFhJUpb,"Mode V/U - 200 bps UP, 800 bps DOWN - TLM, SSDV, Codec 2, BBS",image_downlink; telemetry,unknown,active,,,FSK,SSDV,documented_uplink_access_unknown,145875000.0,,436875000.0,,UHF,,,,800.0,,False,https://db.satnogs.org/api/transmitters/?format=json,2026-04-05T10:35:51.210770Z,
HADES-SA,68446,MIAF-5680-8845-1005-1215,satnogs:mjS4ZR6Mt2KdiSpES6vy94,SSDV,image_downlink,unknown,active,,,,SSDV,unknown,,,436875000.0,436875000.0,UHF,,,,800.0,,False,https://db.satnogs.org/api/transmitters/?format=json,2026-04-05T10:34:37.489501Z,
HERON Mk. II,99060,CZCF-6793-2190-7987-5778,satnogs:oTwFZPc2rFVxP4ZUkm5viB,Mode U - GFSK9k6 - EnduroSat UHF Transceiver Type II,two_way_data,unknown,active,,,GFSK,,documented_uplink_access_unknown,437120000.0,,437120000.0,,UHF,,,,9600.0,,False,https://db.satnogs.org/api/transmitters/?format=json,2023-07-31T09:47:23.437615Z,
HILAT,14154,SZOR-8059-6781-4760-4698,satnogs:ZstAVMR4788W7r8iW2yKHY,390 Beacon,beacon,unknown,active,,,FM,,unknown,,,390082000.0,390082000.0,UHF,,,,,,True,https://db.satnogs.org/api/transmitters/?format=json,2023-02-19T11:50:28.507496Z,
HILAT,14154,SZOR-8059-6781-4760-4698,satnogs:m2q5QVuqxSbqjL7rwwZemu,Mode L Beacon,beacon,unknown,active,,,FM,,unknown,,,1239084000.0,1239084000.0,UHF,,,,,,True,https://db.satnogs.org/api/transmitters/?format=json,2022-08-04T13:47:41.106069Z,
HILAT,14154,SZOR-8059-6781-4760-4698,satnogs:mMdUycJTZCQD4iTpontKxa,Mode U Beacon,beacon,unknown,active,,,FM,,unknown,,,413028000.0,413028000.0,UHF,,,,,,True,https://db.satnogs.org/api/transmitters/?format=json,2023-02-19T11:50:24.254291Z,
HILAT,14154,SZOR-8059-6781-4760-4698,satnogs:QBocfZQ6aYb5EZyjrkqFR3,UHF Unknown,beacon,unknown,active,,,CW,,unknown,,,401993000.0,401993000.0,UHF,,,,,,True,https://db.satnogs.org/api/transmitters/?format=json,2022-06-15T22:13:26.848177Z,
HINCUBE,39445,JPSK-5862-0649-3000-0292,satnogs:xTtxXVXXBQrJ4ivDHwpomn,Telem,downlink_audio,unknown,active,,,FM,,unknown,,,437305000.0,437305000.0,UHF,,,,,,False,https://db.satnogs.org/api/transmitters/?format=json,2019-11-07T08:26:27.771442Z,
HORYU 2,38340,TPCO-2105-7722-5722-6250,satnogs:fZHi59dXRTTtGPZC6EVL6i,CW TLM,beacon; telemetry,unknown,active,,,CW,,unknown,,,437375000.0,437375000.0,UHF,,,,,,True,https://db.satnogs.org/api/transmitters/?format=json,2025-03-11T21:48:05.814254Z,
HORYU-IV,41340,VJOC-8812-6508-8111-4056,satnogs:vsY59x3TnTeSArEiFKwPqE,1k2 AFSK TLM,telemetry,unknown,active,,,AFSK,,unknown,,,437375000.0,437375000.0,UHF,,,,1200.0,,True,https://db.satnogs.org/api/transmitters/?format=json,2019-04-18T05:39:53.343316Z,
HORYU-IV,41340,VJOC-8812-6508-8111-4056,satnogs:c2yGXJPJH5jXjQ3dcyhWXH,CW Beacon,beacon,unknown,active,,,CW,,unknown,,,437375000.0,437375000.0,UHF,,,,,,True,https://db.satnogs.org/api/transmitters/?format=json,2019-04-18T05:39:53.343316Z,
HORYU-IV,41340,VJOC-8812-6508-8111-4056,satnogs:BRs3oJkUeAmQbLsJFaUuBP,CW Beacon (current),beacon,unknown,active,,,CW,,unknown,,,437373000.0,437373000.0,UHF,,,,,,True,https://db.satnogs.org/api/transmitters/?format=json,2019-04-18T05:39:53.343316Z,
HORYU-IV,41340,VJOC-8812-6508-8111-4056,satnogs:qJQUey2riSEzVAfTzNpc5d,S-Band TLM,telemetry,unknown,active,,,BPSK,,unknown,,,2400300000.0,2400300000.0,UHF,,,,100000.0,,True,https://db.satnogs.org/api/transmitters/?format=json,2019-04-18T05:39:53.343316Z,
HUCSat,98291,RIXQ-1376-3394-8953-1631,satnogs:2Ujq9ZTNb3jN7af5Qcs2Fu,Mode U - LoRa 125KHz,data_downlink,unknown,active,,,LoRa,LoRa,unknown,,,437400000.0,437400000.0,UHF,,,,125000.0,,False,https://db.satnogs.org/api/transmitters/?format=json,2026-07-04T09:44:37.456818Z,
HUNITY,66670,LLEW-4775-7241-6889-7282,satnogs:XXUXRV3uAvBUxs6rCaEjyb,12k5 GMSK TLM,telemetry,unknown,active,,,GMSK,,unknown,,,437390000.0,437390000.0,UHF,,,,12500.0,,False,https://db.satnogs.org/api/transmitters/?format=json,2025-12-08T13:09:35.979072Z,
HelloSpace SKYLINK-1,98657,ZEIN-6816-4405-8064-1024,satnogs:5PuPXydXeGswDyLtyZjKUj,Beacon,beacon,unknown,active,,,FSK,,unknown,,,401075000.0,401075000.0,UHF,,,,9600.0,,True,https://db.satnogs.org/api/transmitters/?format=json,2025-01-23T07:59:16.227219Z,
HelloSpace SKYLINK-2,98656,IYUX-2728-3934-6611-1475,satnogs:L3jwZrZjjEy3HBNXFSCBNB,Beacon,beacon,unknown,active,,,FSK,,unknown,,,401075000.0,401075000.0,UHF,,,,9600.0,,True,https://db.satnogs.org/api/transmitters/?format=json,2025-01-23T07:59:20.064754Z,
Hors 1,57188,EDLR-2585-4091-5222-0195,satnogs:LgmR2ZtoW7kRaX2vnns2x5,Mode U - FSK 9K6,data_downlink,unknown,active,,,FSK,,unknown,,,435300000.0,435300000.0,UHF,,,,9600.0,,False,https://db.satnogs.org/api/transmitters/?format=json,2023-07-08T09:45:13.871770Z,
Hors 1,57188,EDLR-2585-4091-5222-0195,satnogs:LvtQrvBycUgM9WMJuPiVLc,Mode U - Transmitter,data_downlink,unknown,active,,,FSK,,unknown,,,435300000.0,435300000.0,UHF,,,,38400.0,,True,https://db.satnogs.org/api/transmitters/?format=json,2023-12-25T07:38:15.415373Z,
Hors 2,57196,QRAQ-3104-7805-7099-5968,satnogs:fnTrUGb9SiBLpJmiD8A7x5,Mode U - FSK38k4,data_downlink,unknown,active,,,FSK,,unknown,,,435500000.0,435500000.0,UHF,,,,38400.0,,True,https://db.satnogs.org/api/transmitters/?format=json,2023-12-25T07:38:07.806612Z,
Hors 2,57196,QRAQ-3104-7805-7099-5968,satnogs:QnDeR3vDN5P3LcwNEpzZLp,Mode U - Transmitter,data_downlink,unknown,active,,,FSK,,unknown,,,435500000.0,435500000.0,UHF,,,,9600.0,,True,https://db.satnogs.org/api/transmitters/?format=json,2023-07-10T09:17:47.678475Z,
Hors 3,61753,YPXG-5912-9779-4324-1114,satnogs:YAdwNDAYpZbqbT5KGUGJSk,Mode U - FSK38k4,data_downlink,unknown,active,,,FSK,,unknown,,,435650000.0,435650000.0,UHF,,,,38400.0,,True,https://db.satnogs.org/api/transmitters/?format=json,2024-11-11T11:29:43.612060Z,
Hors 3,61753,YPXG-5912-9779-4324-1114,satnogs:Pfa3MC9SGCnUEfs9MYiyfk,Mode U - Telemetry,telemetry,unknown,active,,,FSK,,unknown,,,435200000.0,435200000.0,UHF,,,,38400.0,,True,https://db.satnogs.org/api/transmitters/?format=json,2024-12-15T13:46:32.915062Z,
Hors 4,61754,WNQV-7170-2922-7065-7055,satnogs:dJwHobY762iwLGe8Ksc6oA,Mode U - FSK38k4,data_downlink,unknown,active,,,FSK,,unknown,,,435700000.0,435700000.0,UHF,,,,38400.0,,True,https://db.satnogs.org/api/transmitters/?format=json,2024-11-11T11:29:34.491585Z,
HyperView-1G,61772,DQTX-7069-3845-7154-3428,satnogs:GRSo2nKULWLUFTWm8mV7ym,Mode U - GMSK2k4 USP,data_downlink,unknown,active,,,GMSK,,unknown,,,436600000.0,436600000.0,UHF,,,,2400.0,,False,https://db.satnogs.org/api/transmitters/?format=json,2024-10-31T11:26:55.983183Z,
HyperView-1G,61772,DQTX-7069-3845-7154-3428,satnogs:hFHR6LwsyKmzG7nPdKMMny,Mode U - GMSK2k4 USP,data_downlink,unknown,active,,,GMSK,,unknown,,,436540000.0,436540000.0,UHF,,,,2400.0,,False,https://db.satnogs.org/api/transmitters/?format=json,2024-10-31T11:26:52.459184Z,
ICUBE-1,39432,EAJC-4988-4301-3837-9744,satnogs:gHNdPTyE4v4yEkGBJzRFWV,FM to DSB,two_way_voice,unknown,active,,,FM,,documented_uplink_access_unknown,435060000.0,,145947000.0,,VHF,,,,,,False,https://db.satnogs.org/api/transmitters/?format=json,2019-10-22T15:50:59.452705Z,
INHA-RoSAT,66653,QLDP-3783-5419-7098-2257,satnogs:VpKenkKpUiwoLKCca2i9SS,Mode S - QPSK 1 Msps - Transmitter,data_downlink,unknown,active,,,QPSK,,unknown,,,2417000000.0,2417000000.0,UHF,,,,1000000.0,,True,https://db.satnogs.org/api/transmitters/?format=json,2026-09-20T14:11:31.016041Z,
INHA-RoSAT,66653,QLDP-3783-5419-7098-2257,satnogs:Mv2uuoQhfCrdfn4qZveeJU,Mode U - GFSK9k6 - Transmitter,data_downlink,unknown,active,,,GFSK,,unknown,,,437665000.0,437665000.0,UHF,,,,9600.0,,True,https://db.satnogs.org/api/transmitters/?format=json,2026-09-20T14:11:39.147694Z,
INNOCUBE,62616,IMIN-5614-5566-5816-9152,satnogs:VurPJASXxskesvc5D8AQwG,Mode U - CW,beacon,unknown,active,,,CW,,unknown,,,437020000.0,437020000.0,UHF,,,,18.0,,False,https://db.satnogs.org/api/transmitters/?format=json,2025-04-24T09:15:17.431747Z,
INNOCUBE,62616,IMIN-5614-5566-5816-9152,satnogs:YHqXnByjQR26WrhY3cFho9,Mode U - GMSK9k6 - TLM,telemetry,unknown,active,,,MSK,,unknown,,,435950000.0,435950000.0,UHF,,,,9600.0,,False,https://db.satnogs.org/api/transmitters/?format=json,2025-01-14T01:43:46.154542Z,
INNOCUBE,62616,IMIN-5614-5566-5816-9152,satnogs:DRVUgC6CEaAhnpMEQSExRA,Mode U SSTV (Scottie DX),image_downlink,unknown,inactive,,,,SSTV,unknown,,,437020000.0,437020000.0,UHF,,,,,,False,https://db.satnogs.org/api/transmitters/?format=json,2025-10-17T15:20:51.240246Z,
ION SCV-004,50993,EAHI-9090-2555-3685-8378,satnogs:jTTswDjGdQUiFSxA4twJMC,Mode U - FSK 1k2 AX.100,data_downlink,unknown,active,,,FSK,,unknown,,,437515000.0,437515000.0,UHF,,,,1200.0,,True,https://db.satnogs.org/api/transmitters/?format=json,2022-05-11T09:37:58.056237Z,
ISS,25544,XSKZ-5603-1870-9019-3066,satnogs:S8bCq8J44SJffrw5p4eZuz,CW Soyuz-TM and Progress M1 beacon,beacon,unknown,active,,,FM,,unknown,,,922750000.0,922750000.0,UHF,,,,,,True,https://db.satnogs.org/api/transmitters/?format=json,2023-08-23T10:47:21.861252Z,
ISS,25544,XSKZ-5603-1870-9019-3066,satnogs:dPuSJJPpqqMuFTGNBLw77u,IORS Telemetry,telemetry,unknown,active,,,FSK,,unknown,,,437800000.0,437800000.0,UHF,,,,9600.0,,False,https://db.satnogs.org/api/transmitters/?format=json,2020-09-15T19:59:24.746266Z,
ISS,25544,XSKZ-5603-1870-9019-3066,satnogs:UF4uKmHyfQPYUWfuCzsuUp,Mode PD120 FRAM2 Ham ISS simulation,image_downlink,unknown,inactive,,,,SSTV,unknown,,,437550000.0,437550000.0,UHF,,,,,,False,https://db.satnogs.org/api/transmitters/?format=json,2025-02-17T23:02:09.569094Z,
ISS,25544,XSKZ-5603-1870-9019-3066,satnogs:iyfxHeiEWTiCatrAXcLifM,Mode S - HamTV DVB-S,digital_television,unknown,active,2026-09-20T16:00:00+00:00,https://www.amsat.org/status/,QPSK,DVB-S,downlink_only,,,2395000000.0,2395000000.0,UHF,,,,,,False,https://db.satnogs.org/api/transmitters/?format=json,2024-04-05T08:02:18.684858Z,
ISS,25544,XSKZ-5603-1870-9019-3066,satnogs:T9RW3kVtzUxiyS4dBSGQh7,Mode S1,downlink_audio,unknown,active,,,FM,,unknown,,,2425000000.0,2425000000.0,UHF,,,,,,True,https://db.satnogs.org/api/transmitters/?format=json,2023-01-01T16:24:22.743834Z,
ISS,25544,XSKZ-5603-1870-9019-3066,satnogs:gBKr42hu58SybTLaF98kjn,Mode U - Imaging,image_downlink,unknown,inactive,,,,SSTV,unknown,,,437800000.0,437800000.0,UHF,,,,,,True,https://db.satnogs.org/api/transmitters/?format=json,2025-02-24T22:30:43.778606Z,
ISS,25544,XSKZ-5603-1870-9019-3066,satnogs:kGUAAw2FAT8MJ7cxCEUZJ5,Mode U - Possibly Voice,downlink_audio,unknown,active,,,FM,,unknown,,,435400000.0,435400000.0,UHF,,,,,,True,https://db.satnogs.org/api/transmitters/?format=json,2022-06-06T19:52:07.352453Z,
ISS,25544,XSKZ-5603-1870-9019-3066,satnogs:8qgr8X9wKAwb9BwA6uZYqX,Mode U - SSTV,image_downlink,unknown,active,,,,SSTV,unknown,,,437800000.0,437800000.0,UHF,,,,,,False,https://db.satnogs.org/api/transmitters/?format=json,2023-12-26T16:24:47.540875Z,
ISS,25544,XSKZ-5603-1870-9019-3066,satnogs:bSPmbvvAavnj9XHMim8yEc,Mode U - SSTV - Robot-36,image_downlink,unknown,active,,,,SSTV,unknown,,,437550000.0,437550000.0,UHF,,,,,,False,https://db.satnogs.org/api/transmitters/?format=json,2026-05-07T23:47:31.052011Z,
ISS,25544,XSKZ-5603-1870-9019-3066,satnogs:yPvKr7jdJZLHsHukp8dDQF,Mode U APRS Digi,two_way_data,unknown,inactive,,,AFSK,APRS,documented_uplink_access_unknown,437550000.0,,437550000.0,,UHF,,,,1200.0,,True,https://db.satnogs.org/api/transmitters/?format=json,2022-08-16T13:28:28.122540Z,
ISS,25544,XSKZ-5603-1870-9019-3066,satnogs:cjQ8LkcsshNpAvTEAGkU3X,Mode U APRS test,two_way_data,active,active,2026-09-24T19:16:00+00:00,https://www.amsat.org/status/,AFSK,APRS,documented_uplink_access_unknown,437825000.0,,437825000.0,,UHF,,,,1200.0,,False,https://db.satnogs.org/api/transmitters/?format=json,2026-02-24T15:14:14.178342Z,
ISS,25544,XSKZ-5603-1870-9019-3066,satnogs:yMufCB474YJ4YRdDepfMUk,Mode U/V FM Voice,two_way_voice,unknown,inactive,,,FM,,documented_uplink_access_unknown,437800000.0,,145800000.0,,VHF,,,,,,True,https://db.satnogs.org/api/transmitters/?format=json,2022-08-16T13:28:17.879999Z,
ISS,25544,XSKZ-5603-1870-9019-3066,satnogs:ZJxCeQmih9zDfYNVrB4wRN,Mode V APRS,two_way_data,unknown,active,2026-09-22T16:00:00+00:00,https://www.amsat.org/status/,AFSK,APRS,documented_uplink_access_unknown,145825000.0,,145825000.0,,VHF,,,,1200.0,,True,https://db.satnogs.org/api/transmitters/?format=json,2019-06-16T08:49:33.586159Z,
ISS,25544,XSKZ-5603-1870-9019-3066,satnogs:qW5N27QuSrN2JMasbNiUhR,Mode V Imaging,image_downlink,unknown,active,,,,SSTV,unknown,,,145800000.0,145800000.0,VHF,,,,,,False,https://db.satnogs.org/api/transmitters/?format=json,2025-10-02T07:54:48.115415Z,
ISS,25544,XSKZ-5603-1870-9019-3066,satnogs:eozSf5mKyzNxoascs8V4bV,Mode V/U FM - Voice Repeater CTCSS 67.0 Hz,two_way_voice,active,active,2026-09-24T22:16:00+00:00,https://www.amsat.org/status/,FM,,documented_uplink_access_unknown,145990000.0,,437800000.0,,UHF,,,,,,False,https://db.satnogs.org/api/transmitters/?format=json,2025-07-02T07:57:46.303644Z,
ISS,25544,XSKZ-5603-1870-9019-3066,satnogs:4Yp5mRhdNPURqAuVn77NMk,Mode V/V APRS,two_way_data,unknown,inactive,,,AFSK,APRS,documented_uplink_access_unknown,145825000.0,,145825000.0,,VHF,,,,1200.0,,False,https://db.satnogs.org/api/transmitters/?format=json,2020-09-15T19:55:47.759547Z,
ISS,25544,XSKZ-5603-1870-9019-3066,satnogs:pQRPwTWqQr7unDav5Mz4pG,Mode V/V FM (crew R1),two_way_voice,unknown,active,,,FM,,documented_uplink_access_unknown,145200000.0,,145800000.0,,VHF,,,,,,True,https://db.satnogs.org/api/transmitters/?format=json,2019-06-16T08:49:41.562574Z,
ISS,25544,XSKZ-5603-1870-9019-3066,satnogs:PjfcFc4PZ8M8n3thuyA6x9,Mode V/V FM (crew R2+3),two_way_voice,unknown,active,,,FM,,documented_uplink_access_unknown,144490000.0,,145800000.0,,VHF,,,,,,True,https://db.satnogs.org/api/transmitters/?format=json,2019-06-16T08:49:47.011031Z,
ISS,25544,XSKZ-5603-1870-9019-3066,satnogs:e3T8v6U7hBhSTTDsGjd7ZD,Mystery transmitter 137.6257MHz,beacon,unknown,active,,,CW,,unknown,,,137625700.0,137625700.0,VHF,,,,,,True,https://db.satnogs.org/api/transmitters/?format=json,2020-03-19T16:41:06.776790Z,
ISS,25544,XSKZ-5603-1870-9019-3066,satnogs:WcPXvbPj46QYmnjGuaHPh3,Regul,beacon,unknown,active,,,CW,,unknown,,,922763000.0,922763000.0,UHF,,,,,,True,https://db.satnogs.org/api/transmitters/?format=json,2023-08-23T10:54:20.557852Z,
ISS,25544,XSKZ-5603-1870-9019-3066,satnogs:xHu5MSMute88ReidipFupe,TEMP Off-Frequency SSTV,image_downlink,unknown,inactive,,,,SSTV,unknown,,,145480000.0,145480000.0,VHF,,,,,,True,https://db.satnogs.org/api/transmitters/?format=json,2019-06-16T10:00:49.379471Z,
ISS,25544,XSKZ-5603-1870-9019-3066,satnogs:ZmxED2vRmJR3LnsgfARLsd,Tanusha FM,downlink_audio,unknown,inactive,,,FM,,unknown,,,437050000.0,437050000.0,UHF,,,,,,True,https://db.satnogs.org/api/transmitters/?format=json,2019-06-16T10:21:44.387049Z,
ISS,25544,XSKZ-5603-1870-9019-3066,satnogs:4ACt6xLkArN9jyBMVmY6Bm,Tomsk-TPU-120,downlink_audio,unknown,inactive,,,FM,,unknown,,,437023000.0,437023000.0,UHF,,,,,,True,https://db.satnogs.org/api/transmitters/?format=json,2019-06-16T10:21:44.389666Z,
ISS,25544,XSKZ-5603-1870-9019-3066,satnogs:UuSpaHpPZF2hwvSzXXmyjy,UHF School Contact Downlink (Backup During SSTV event),image_downlink,unknown,inactive,,,FM,SSTV,unknown,,,437525000.0,437525000.0,UHF,,,,,,False,https://db.satnogs.org/api/transmitters/?format=json,2021-06-27T19:12:30.381829Z,
ISTSAT-1,60238,VFKG-4740-7583-8424-4286,satnogs:fTp2tUDzeGEBW92867CdZD,CW Beacon,beacon,unknown,active,,,CW,,unknown,,,145895000.0,145895000.0,VHF,,,,,,False,https://db.satnogs.org/api/transmitters/?format=json,2024-07-10T08:32:38.081012Z,
ISTSAT-1,60238,VFKG-4740-7583-8424-4286,satnogs:XHnnqeuv8pDg9fxhHgGzYn,Mode V - AFSK1k2,data_downlink,unknown,active,,,AFSK,,unknown,,,145895000.0,145895000.0,VHF,,,,1200.0,,False,https://db.satnogs.org/api/transmitters/?format=json,2024-08-17T00:42:46.196391Z,
ITAMSAT,22826,NRSU-5773-9133-8545-6426,satnogs:QGvTCQfY3a4iLd7vrKxxjf,1k2 BPSK TLM,telemetry,unknown,inactive,,,BPSK,,unknown,,,435860000.0,435860000.0,UHF,,,,1200.0,,True,https://db.satnogs.org/api/transmitters/?format=json,2024-04-08T10:49:12.844345Z,
ITAMSAT,22826,NRSU-5773-9133-8545-6426,satnogs:EqJ7V2tkuFDPF4YqKGRxvg,BPSK CW carrier,beacon,unknown,active,,,BPSK,,unknown,,,435772000.0,435772000.0,UHF,,,,1200.0,,True,https://db.satnogs.org/api/transmitters/?format=json,2024-04-08T10:47:38.142180Z,
ITAMSAT,22826,NRSU-5773-9133-8545-6426,satnogs:DPbU8Gqv7mD3n6YFTrMFYa,Mode JD,data_downlink,unknown,inactive,,,BPSK,,unknown,,,437822000.0,437822000.0,UHF,,,,1200.0,,True,https://db.satnogs.org/api/transmitters/?format=json,2019-06-15T17:06:53.978141Z,
ITASAT 1,43786,FDZF-3106-8767-3766-2200,satnogs:QFsrANRuJGru3tQy87JcNM,BPSK14k4,data_downlink,unknown,active,,,BPSK,,unknown,,,2400150000.0,2400150000.0,UHF,,,,14400.0,,False,https://db.satnogs.org/api/transmitters/?format=json,2025-07-11T07:33:35.408615Z,
ITASAT 1,43786,FDZF-3106-8767-3766-2200,satnogs:Mhtbkk6uei97oKEmLkGLBm,BPSK1k2 AX.25 TLM,telemetry,unknown,active,,,BPSK,AX.25,unknown,,,145860000.0,145860000.0,VHF,,,,1200.0,,False,https://db.satnogs.org/api/transmitters/?format=json,2025-07-11T07:34:02.167643Z,
ITUPSAT 1,35935,FMZT-1887-7286-8009-2095,satnogs:WjSuDmnkX32dASG7NqajhU,CW Beacon,beacon,unknown,active,,,CW,,unknown,,,437325000.0,437325000.0,UHF,,,,,,False,https://db.satnogs.org/api/transmitters/?format=json,2026-06-27T19:32:20.885528Z,
ITUPSAT 1,35935,FMZT-1887-7286-8009-2095,satnogs:r6mypHqFn5e2M2gadzsPx3,GFSK Telemetry,telemetry,unknown,active,,,GFSK,,unknown,,,437325000.0,437325000.0,UHF,,,,19200.0,,True,https://db.satnogs.org/api/transmitters/?format=json,2019-04-18T05:39:53.343316Z,
ITUPSAT 1,35935,FMZT-1887-7286-8009-2095,satnogs:dJh7FWnBCfAg4ny2qqxabN,GMSK Telemetry Drifted,telemetry,unknown,active,,,GFSK,,unknown,,,437322500.0,437322500.0,UHF,,,,19200.0,,True,https://db.satnogs.org/api/transmitters/?format=json,2021-12-10T10:10:01.409790Z,
InnoSat16,64878,UBWS-4293-1234-8994-1295,satnogs:Pq7XceN9ka3DwBYDumMiZ9,Mode U - GFSK9k6 - AX.25 Beacon and Ham Payload (Geoscan framing),beacon,unknown,active,,,GFSK,AX.25,unknown,,,435830000.0,435830000.0,UHF,,,,9600.0,,True,https://db.satnogs.org/api/transmitters/?format=json,2025-08-07T09:03:34.380869Z,
InnoSat3,64894,VCOU-5138-4852-6587-2660,satnogs:Nh9Kp45cR9Q9EMgCYAhhsE,Mode U - GFSK9k6 - AX.25 Beacon and Ham Payload (Geoscan framing),beacon,unknown,active,,,GFSK,AX.25,unknown,,,436436000.0,436436000.0,UHF,,,,9600.0,,True,https://db.satnogs.org/api/transmitters/?format=json,2025-08-07T09:04:35.575548Z,
Ionosfera-M №1,61735,NIAX-2133-1044-8158-9670,satnogs:ZgHN4dXgY2zXvbx5fcRkfw,MAYAK (150 MHz),beacon,unknown,active,,,CW,,unknown,,,149970000.0,149970000.0,VHF,,,,,,True,https://db.satnogs.org/api/transmitters/?format=json,2025-03-27T07:49:29.904258Z,
Ionosfera-M №1,61735,NIAX-2133-1044-8158-9670,satnogs:Kk84cS38FYpPvZ7u2RcLKs,MAYAK (400 MHz),beacon,unknown,active,,,CW,,unknown,,,399920000.0,399920000.0,UHF,,,,,,True,https://db.satnogs.org/api/transmitters/?format=json,2025-03-27T07:43:25.527202Z,
Ionosfera-M №2,61736,CDZX-7764-5634-8776-5665,satnogs:ZyQ8hfoEk5cy7R3KQCx92Z,MAYAK (150 MHz),beacon,unknown,active,,,CW,,unknown,,,149970000.0,149970000.0,VHF,,,,,,True,https://db.satnogs.org/api/transmitters/?format=json,2025-03-27T07:49:04.018999Z,
Ionosfera-M №2,61736,CDZX-7764-5634-8776-5665,satnogs:i9KaJxYQYAQoaYZoqFiX5Z,MAYAK (400MHz),beacon,unknown,active,,,CW,,unknown,,,399919000.0,399919000.0,UHF,,,,,,True,https://db.satnogs.org/api/transmitters/?format=json,2025-02-07T18:33:16.906737Z,
JACK-002,68417,KXEN-6599-9366-4098-3918,satnogs:LsNURqKhK3hujpzoCtCWzL,Mode U - FSK9k6 - Transmitter,data_downlink,unknown,active,,,FSK,,unknown,,,436300000.0,436300000.0,UHF,,,,9600.0,,True,https://db.satnogs.org/api/transmitters/?format=json,2026-03-30T02:02:33.314831Z,
JAMX01,98248,FHBV-2936-6768-6010-3809,satnogs:jpyxcaQVwEu8N8yavBfFXV,Mode U - BPSK9k6 Beacon,beacon,unknown,active,,,BPSK,,unknown,,,435075000.0,435075000.0,UHF,,,,9600.0,,False,https://db.satnogs.org/api/transmitters/?format=json,2026-08-17T17:34:30.740821Z,
JAMX01,98248,FHBV-2936-6768-6010-3809,satnogs:KpdmqiRhfrCBre2cjAe4Ch,Mode U - CW,beacon,unknown,active,,,CW,,unknown,,,435175000.0,435175000.0,UHF,,,,,,False,https://db.satnogs.org/api/transmitters/?format=json,2026-08-26T13:50:02.228913Z,
JAMX01,98248,FHBV-2936-6768-6010-3809,satnogs:fc6fG9m4FmqJ2hYCeekiTs,Mode U - SSTV,image_downlink,unknown,active,,,,SSTV,unknown,,,435175000.0,435175000.0,UHF,,,,,,False,https://db.satnogs.org/api/transmitters/?format=json,2026-08-25T12:03:18.499507Z,
JAMX01,98248,FHBV-2936-6768-6010-3809,satnogs:9wrr6yeZFwcm7MZRgL78V9,Mode U - Telemetry,telemetry,unknown,active,,,BPSK,,unknown,,,435500000.0,435500000.0,UHF,,,,9600.0,,False,https://db.satnogs.org/api/transmitters/?format=json,2026-08-25T12:03:00.199449Z,
JAMX01,98248,FHBV-2936-6768-6010-3809,satnogs:4jN5HQM6c9rjJHMHTToppE,Mode V/U - Digipeater,two_way_data,unknown,active,,,FM,,documented_uplink_access_unknown,145950000.0,,435175000.0,,UHF,,,,,,False,https://db.satnogs.org/api/transmitters/?format=json,2026-08-17T17:33:10.108851Z,
JAMX01,98248,FHBV-2936-6768-6010-3809,satnogs:SDQR2pBJiR7nXjdBUASukw,Mode V/U - FM Transceiver,two_way_voice,unknown,active,,,FM,,documented_uplink_access_unknown,145950000.0,,435500000.0,,UHF,,,,,,False,https://db.satnogs.org/api/transmitters/?format=json,2026-08-25T12:02:38.341122Z,
JAS-2,24278,XTKP-9404-9174-4088-2406,satnogs:Zqa2ebzyRRBffvwkLnjTVc,Mode U CW Beacon,beacon,unknown,active,,,CW,,unknown,,,435795000.0,435795000.0,UHF,,,,12.0,,True,https://db.satnogs.org/api/transmitters/?format=json,2019-05-27T21:54:35.808394Z,
JAS-2,24278,XTKP-9404-9174-4088-2406,satnogs:J69tNga2yUACngU6T85Buk,Mode U Digitalker,downlink_audio,unknown,active,,,FM,,unknown,,,435910000.0,435910000.0,UHF,,,,,,True,https://db.satnogs.org/api/transmitters/?format=json,2019-06-15T20:14:54.189909Z,
JAS-2,24278,XTKP-9404-9174-4088-2406,satnogs:t2ffeMh8FNf979UMF7kGaV,Mode V/U Linear Transponder,two_way_voice,active,active,2026-09-24T22:31:00+00:00,https://www.amsat.org/status/,USB,,documented_uplink_access_unknown,145900000.0,146000000.0,435800000.0,435900000.0,UHF,,,100000.0,,,True,https://db.satnogs.org/api/transmitters/?format=json,2019-06-15T20:14:54.191666Z,
JINJUSat-1B,63210,OIRQ-4478-3940-2632-7996,satnogs:HHEHdSazCBZ4CPZhAMNkzj,Mode U - BPSK9k6 - AX.25 G3RUH - Telemetry,telemetry,unknown,active,,,BPSK,AX.25,unknown,,,435185000.0,435185000.0,UHF,,,,9600.0,,True,https://db.satnogs.org/api/transmitters/?format=json,2025-03-14T09:42:27.638824Z,
JUGNU,37839,OXEU-3062-3001-4128-0233,satnogs:NMbzCvfQ2cfTf4XUbDKe5A,CW Beacon,beacon,unknown,active,,,CW,,unknown,,,437275000.0,437275000.0,UHF,,,,,,True,https://db.satnogs.org/api/transmitters/?format=json,2019-04-18T05:39:53.343316Z,
JUGNU,37839,OXEU-3062-3001-4128-0233,satnogs:KXTiVXsz8GnSZrfQU4yTnM,TLM,telemetry,unknown,active,,,FSK,,unknown,,,437505000.0,437505000.0,UHF,,,,2400.0,,True,https://db.satnogs.org/api/transmitters/?format=json,2019-04-18T05:39:53.343316Z,
JY1Sat,43803,KLYF-4722-0218-1441-3015,satnogs:ocoEf6MEZtiZgvEWSWsqtY,BPSK1k2 TLM,telemetry,unknown,active,,,BPSK,,unknown,,,145840000.0,145840000.0,VHF,,,,1200.0,,False,https://db.satnogs.org/api/transmitters/?format=json,2020-10-18T16:18:40.561749Z,
JY1Sat,43803,KLYF-4722-0218-1441-3015,satnogs:gWivxT7RmBwKK8WbVy6ucF,U/V CW Transponder,beacon,unknown,active,,,CW,,documented_uplink_access_unknown,435100000.0,435120000.0,145855000.0,145875000.0,VHF,,,20000.0,,,False,https://db.satnogs.org/api/transmitters/?format=json,2025-04-05T10:58:29.881452Z,
JY1Sat,43803,KLYF-4722-0218-1441-3015,satnogs:Epf9JK4hvNEAYuW49JiHtB,U/V SSB Transponder,two_way_voice,active,active,2026-09-24T20:31:00+00:00,https://www.amsat.org/status/,USB,,documented_uplink_access_unknown,435100000.0,435120000.0,145855000.0,145875000.0,VHF,,,20000.0,,,False,https://db.satnogs.org/api/transmitters/?format=json,2026-06-27T19:34:23.308832Z,
K2SAT,99913,MKYL-1174-0802-7826-9086,satnogs:vyrpLh6J6Ngis62eCVrjeN,BPSK1k2 AX.25 TLM,telemetry,unknown,active,,,BPSK,AX.25,unknown,,,435835000.0,435835000.0,UHF,,,,9600.0,,False,https://db.satnogs.org/api/transmitters/?format=json,2024-12-13T08:55:40.283485Z,
K2SAT,99913,MKYL-1174-0802-7826-9086,satnogs:87ZFz2MCDeVpbYKWhXEXUC,QPSK 250kbps,data_downlink,unknown,active,,,QPSK,,unknown,,,2404000000.0,2404000000.0,UHF,,,,,,False,https://db.satnogs.org/api/transmitters/?format=json,2024-12-13T08:56:04.401597Z,
K2SAT,99913,MKYL-1174-0802-7826-9086,satnogs:qG4gHh4HMbBRJ7btnfqyrS,V/U FM Repeater,two_way_voice,unknown,active,,,FM,,documented_uplink_access_unknown,145980000.0,,436225000.0,,UHF,,,,,,False,https://db.satnogs.org/api/transmitters/?format=json,2024-12-13T08:56:33.821097Z,
KKS-1,33499,BFDT-9094-9258-2665-0692,satnogs:MquDcKUEW6mR3VP3M2vAdQ,CW Beacon,beacon,unknown,active,,,CW,,unknown,,,437385000.0,437385000.0,UHF,,,,15.0,,False,https://db.satnogs.org/api/transmitters/?format=json,2024-04-08T07:36:46.433203Z,
KKS-1,33499,BFDT-9094-9258-2665-0692,satnogs:ZkQJidFbx97FBARSxybeyh,Mode U MSG,data_downlink,unknown,active,,,AFSK,,unknown,,,437445000.0,437445000.0,UHF,,,,1200.0,,False,https://db.satnogs.org/api/transmitters/?format=json,2024-04-08T07:36:54.066574Z,
KNACKSAT-2,67683,SCWJ-8858-4107-1493-6553,satnogs:JR28wAEjmpuDQ4FrPWAiwf,Mode V/V - FSK9k6 - Digipeater - AX.25 G3RUH,two_way_data,active,active,2026-09-24T16:16:00+00:00,https://www.amsat.org/status/,FSK,AX.25,documented_uplink_access_unknown,145825000.0,,145825000.0,,VHF,,,,9600.0,,False,https://db.satnogs.org/api/transmitters/?format=json,2026-01-31T11:51:11.869706Z,
KOSEN-1,49402,NJBJ-3838-9654-0508-8247,satnogs:YcezEz4dXU5uTwzYEFFrtk,Mode HF/U - Onboard SDR,two_way_data,unknown,active,,,AFSK,,documented_uplink_access_unknown,21125000.0,21150000.0,435525000.0,435525000.0,UHF,,,,1200.0,,False,https://db.satnogs.org/api/transmitters/?format=json,2021-09-30T18:19:40.605018Z,
KOSEN-1,49402,NJBJ-3838-9654-0508-8247,satnogs:BgMkdvUy8oDishD94vBFcb,Mode U - AFSK1k2,data_downlink,unknown,active,,,AFSK,,unknown,,,435525000.0,435525000.0,UHF,,,,1200.0,,True,https://db.satnogs.org/api/transmitters/?format=json,2021-09-30T20:47:37.401289Z,
KOSEN-1,49402,NJBJ-3838-9654-0508-8247,satnogs:8qsv5m7tUfr45SJGb6LuNS,Mode U - CW Beacon,beacon,unknown,active,,,CW,,unknown,,,435525000.0,435525000.0,UHF,,,,18.0,,True,https://db.satnogs.org/api/transmitters/?format=json,2023-10-07T18:22:18.556223Z,
KOSEN-1,49402,NJBJ-3838-9654-0508-8247,satnogs:WC7uDquKD2oZRTL6GdvMyy,Mode U - GMSK9k6,data_downlink,unknown,active,,,GMSK,,unknown,,,435525000.0,435525000.0,UHF,,,,9600.0,,True,https://db.satnogs.org/api/transmitters/?format=json,2021-09-30T20:48:25.382017Z,
KOSTKA,98395,PCVZ-1444-3446-1456-5852,satnogs:nPPib2bitRKHSXBPwNMfbQ,KOSTKA UHF AX.25,data_downlink,unknown,active,,,GFSK,AX.25,unknown,,,436870000.0,436870000.0,UHF,,,,9600.0,,False,https://db.satnogs.org/api/transmitters/?format=json,2026-04-16T18:26:16.951862Z,
KOSTKA,98395,PCVZ-1444-3446-1456-5852,satnogs:Kzoz4XGHwNxuLTpGs45ezT,KOSTKA UHF CW,beacon,unknown,active,,,CW,,unknown,,,436870000.0,436870000.0,UHF,,,,,,False,https://db.satnogs.org/api/transmitters/?format=json,2026-07-06T16:40:33.237790Z,
KOSTKA,98395,PCVZ-1444-3446-1456-5852,satnogs:DQ7Fk97phKUaue9dra9pHQ,KOSTKA UHF Digipeater,two_way_data,unknown,active,,,GFSK,,documented_uplink_access_unknown,436870000.0,,436870000.0,,UHF,,,,9600.0,,True,https://db.satnogs.org/api/transmitters/?format=json,2026-06-28T13:39:41.936999Z,
KOYO,98273,YZNT-7399-1272-5956-2962,satnogs:9srrjnRRsgYngn8AiSUy9P,Mode V/V - AFSK1k2 - Digipeater - AX.25,two_way_data,unknown,active,,,AFSK,AX.25,documented_uplink_access_unknown,145825000.0,,145825000.0,,VHF,,,,1200.0,,True,https://db.satnogs.org/api/transmitters/?format=json,2026-07-07T15:58:52.409973Z,
KUbeSat-1,98888,WTDL-4873-1107-9862-4396,satnogs:igTat2GSZjT2yZybGvu5XD,Mode U - GMSK9k6,data_downlink,unknown,active,,,GMSK,,unknown,,,437085000.0,437085000.0,UHF,,,,9600.0,,False,https://db.satnogs.org/api/transmitters/?format=json,2024-07-01T19:42:57.675907Z,
Kanyini,60556,FAWS-4397-4381-8570-0757,satnogs:L3uavzbndcXKS2JkNaG5JG,Apogee TT&C Beacon,beacon,unknown,active,,,FSK,,unknown,,,400500000.0,400500000.0,UHF,,,,9600.0,,True,https://db.satnogs.org/api/transmitters/?format=json,2024-06-22T07:09:17.838478Z,
Kosar,61769,PZTP-7474-2420-2319-0048,satnogs:TiALFWb6aFkMtQRqm2YuuM,Mode U - FSK9k6 - Transmitter,data_downlink,unknown,active,,,FSK,,unknown,,,436750000.0,436750000.0,UHF,,,,9600.0,,True,https://db.satnogs.org/api/transmitters/?format=json,2024-12-03T23:55:06.684044Z,
Kosar,61769,PZTP-7474-2420-2319-0048,satnogs:Qs36RUmG6mxSZEtbLzfchh,Mode U - Transmitter 2,data_downlink,unknown,active,,,FSK,,unknown,,,436740000.0,436740000.0,UHF,,,,38400.0,,True,https://db.satnogs.org/api/transmitters/?format=json,2024-11-12T13:19:20.194035Z,
Kosar 1.5,67264,YHPF-2223-3310-4034-1636,satnogs:JDrLDArcyZBTan4yN6ESk3,"LoRa (SF 8, BW 125)",data_downlink,unknown,active,,,LoRa,LoRa,unknown,,,436100000.0,436100000.0,UHF,,,,,,True,https://db.satnogs.org/api/transmitters/?format=json,2026-01-09T22:11:12.402992Z,
KuwaitSat-1,99225,UIOI-1341-4569-4790-3695,satnogs:XsbpHJNUMmxbk3whPkJ8PY,Mode U - TLM,telemetry,unknown,active,,,FM,,unknown,,,436980000.0,436980000.0,UHF,,,,,,False,https://db.satnogs.org/api/transmitters/?format=json,2023-02-13T18:39:33.533591Z,
KuzGTU-1,57217,IAID-3852-6397-8056-8089,satnogs:TppBmrNUoudprjLLktfcC2,Mode U - GMSK 4k8 (USP FEC) TLM,telemetry,unknown,active,,,GMSK,,unknown,,,437100000.0,437100000.0,UHF,,,,4800.0,,True,https://db.satnogs.org/api/transmitters/?format=json,2023-06-04T08:29:54.602567Z,
LAPAN-A1,29709,EFTT-0211-2244-5217-1489,satnogs:TG6yYqbxf6GBHwGHwwHKTb,Mode U1,downlink_audio,unknown,active,,,FM,,unknown,,,436075000.0,436075000.0,UHF,,,,,,True,https://db.satnogs.org/api/transmitters/?format=json,2023-09-08T14:22:19.399411Z,
LAPAN-A1,29709,EFTT-0211-2244-5217-1489,satnogs:ChtsDVc3eiNmKT3YF8V5fM,Mode U2,downlink_audio,unknown,active,,,FM,,unknown,,,437325000.0,437325000.0,UHF,,,,,,True,https://db.satnogs.org/api/transmitters/?format=json,2023-09-08T14:22:22.961634Z,
LAPAN-A2,40931,EEIT-0315-8565-1765-1994,satnogs:UFjhPnjt4obbuMMK4icvwQ,50 mW 22 WPM,beacon,unknown,active,,,CW,,unknown,,,145825000.0,145825000.0,VHF,,,,22.0,,False,https://db.satnogs.org/api/transmitters/?format=json,2022-07-03T08:31:19.596858Z,
LAPAN-A2,40931,EEIT-0315-8565-1765-1994,satnogs:WJmmGFBv75YH2JUR2RaHBN,AFSK1K2 TLM,telemetry,unknown,active,,,AFSK,,unknown,,,437425000.0,437425000.0,UHF,,,,1200.0,,False,https://db.satnogs.org/api/transmitters/?format=json,2021-11-07T16:16:43.042820Z,
LAPAN-A2,40931,EEIT-0315-8565-1765-1994,satnogs:x4TAmrVLwZo3hx946fHi44,APRS,two_way_data,unknown,active,,,AFSK,APRS,documented_uplink_access_unknown,145825000.0,,145825000.0,,VHF,,,,1200.0,,True,https://db.satnogs.org/api/transmitters/?format=json,2019-04-18T05:39:53.343316Z,
LAPAN-A2,40931,EEIT-0315-8565-1765-1994,satnogs:7gto5oY8jrhSnpr6cpdoFK,SSDV (PL 88.5Hz),image_downlink,unknown,active,,,AFSK,SSDV,documented_uplink_access_unknown,145880000.0,,435880000.0,,UHF,,,,1200.0,,False,https://db.satnogs.org/api/transmitters/?format=json,2026-05-02T15:20:24.091487Z,
LAPAN-A2,40931,EEIT-0315-8565-1765-1994,satnogs:Jd69E6WhfsdUPWGYrCkDmX,V/U FM Voice (PL 88.5Hz),two_way_voice,active,active,2026-09-22T01:16:00+00:00,https://www.amsat.org/status/,FM,,documented_uplink_access_unknown,145880000.0,,435880000.0,,UHF,,,,,,True,https://db.satnogs.org/api/transmitters/?format=json,2021-09-26T05:09:12.539074Z,
LAPAN-A3,41603,BLNH-6149-6607-6959-8042,satnogs:XgAhCSKPnk7DpbUu7NWBKd,Mode 1200bps FFSK,data_downlink,unknown,active,,,,,unknown,,,437425000.0,437425000.0,UHF,,,,1200.0,,True,https://db.satnogs.org/api/transmitters/?format=json,2019-04-18T05:39:53.343316Z,
LARES-2,53105,JWXM-5704-1667-3326-0956,satnogs:S88mQRGbAsgzLiSn9jnVQH,532nm Retroreflector,beacon,unknown,active,,,CW,,documented_uplink_access_unknown,40000000000.0,,40000000000.0,,EHF,,,,,,True,https://db.satnogs.org/api/transmitters/?format=json,2022-11-21T16:34:57.251743Z,
LASARsat,62391,LLUY-1732-6975-8970-4189,satnogs:YSppMTUQhnQoJKcuy9BATK,Mode U - CW - Beacon,beacon,unknown,active,,,CW,,unknown,,,436925000.0,436925000.0,UHF,,,,,,False,https://db.satnogs.org/api/transmitters/?format=json,2024-09-25T14:35:41.162792Z,
LASARsat,62391,LLUY-1732-6975-8970-4189,satnogs:C3RnLSSuaKzWhHrtJCqUgu,Mode U - GFSK9k6 - AX.25 G3RUH,data_downlink,unknown,active,,,GFSK,AX.25,unknown,,,436925000.0,436925000.0,UHF,,,,9600.0,,False,https://db.satnogs.org/api/transmitters/?format=json,2026-04-15T14:58:58.143125Z,
LASARsat,62391,LLUY-1732-6975-8970-4189,satnogs:n7SVNb7aLcE5J4GXcWNvcD,Mode U/U - GFSK9k6 - Digipeater - AX.25,two_way_data,unknown,active,2026-09-24T13:00:00+00:00,https://www.amsat.org/status/,GFSK,AX.25,documented_uplink_access_unknown,436925000.0,,436925000.0,,UHF,,,,9600.0,,False,https://db.satnogs.org/api/transmitters/?format=json,2026-04-15T14:58:06.964968Z,
LEOPARD,67687,VHUA-6134-1551-1624-5953,satnogs:JHadXtcjqFYQWk8SYnerh4,Mode U - CW - Beacon,beacon,unknown,active,,,CW,,unknown,,,400960000.0,400960000.0,UHF,,,,,,True,https://db.satnogs.org/api/transmitters/?format=json,2026-02-03T14:28:33.643893Z,
LEOPARDSat-1,98256,GDCT-2407-4915-3668-7342,satnogs:KymSyZUSnQJjMrDzw9U3WK,Mode U - FSK 14.7kHz/23.4kHz,data_downlink,unknown,active,,,FSK,,unknown,,,436980000.0,436980000.0,UHF,,,,1200.0,,False,https://db.satnogs.org/api/transmitters/?format=json,2026-07-10T21:29:42.654442Z,
LILACSAT 2,40908,AHVS-7983-8710-8819-8034,satnogs:xHDr7c3A7TuTPFcVvHKQuN,APRS Digipeater,two_way_data,unknown,active,,,AFSK,APRS,documented_uplink_access_unknown,144390000.0,,144390000.0,,VHF,,,,1200.0,,True,https://db.satnogs.org/api/transmitters/?format=json,2019-04-18T05:39:53.343316Z,
LILACSAT 2,40908,AHVS-7983-8710-8819-8034,satnogs:Hw5GbFVZWCZyxKmvHwq8Gc,BPSK Telemetry,telemetry,unknown,active,,,BPSK,,unknown,,,437200000.0,437200000.0,UHF,,,,9600.0,,False,https://db.satnogs.org/api/transmitters/?format=json,2026-06-27T19:31:54.755810Z,
LILACSAT 2,40908,AHVS-7983-8710-8819-8034,satnogs:cpsxRoz8S2dndbyCX8BEDX,CW Beacon,beacon,unknown,active,,,CW,,unknown,,,437200000.0,437200000.0,UHF,,,,,,False,https://db.satnogs.org/api/transmitters/?format=json,2026-06-27T19:32:09.703644Z,
LILACSAT 2,40908,AHVS-7983-8710-8819-8034,satnogs:q6CVKJirfoUjNzD2A4rxsk,FM Transponder,two_way_voice,unknown,inactive,,,FM,,documented_uplink_access_unknown,144350000.0,,437200000.0,,UHF,,,,,,False,https://db.satnogs.org/api/transmitters/?format=json,2025-10-31T09:32:25.709125Z,
LILACSAT 2,40908,AHVS-7983-8710-8819-8034,satnogs:jjNQUqaaSuehNx5qVGzQwY,GFSK Telemetry,telemetry,unknown,active,,,GFSK,,unknown,,,437225000.0,437225000.0,UHF,,,,4800.0,,False,https://db.satnogs.org/api/transmitters/?format=json,2026-06-27T19:32:02.394948Z,
LQSAT,40958,MGQA-3984-9891-9370-1393,satnogs:Dvhbn7HJzGo5hEFJ2kEiFd,TLM,beacon; telemetry,unknown,active,,,CW,,unknown,,,437650000.0,437650000.0,UHF,,,,25.0,,True,https://db.satnogs.org/api/transmitters/?format=json,2020-02-17T20:20:18.762856Z,
LQSAT,40958,MGQA-3984-9891-9370-1393,satnogs:rLMH4E6ueaCTs37sKD86FU,TLM,telemetry,unknown,active,,,MSK,,unknown,,,437650000.0,437650000.0,UHF,,,,4800.0,,True,https://db.satnogs.org/api/transmitters/?format=json,2020-02-17T20:20:18.763598Z,
LQSAT,40958,MGQA-3984-9891-9370-1393,satnogs:uArwdNpSBqfcS4GNj2ZfAA,TLM,telemetry,unknown,active,,,,,unknown,,,2404000000.0,2404000000.0,UHF,,,,1000000.0,,True,https://db.satnogs.org/api/transmitters/?format=json,2019-04-18T05:39:53.343316Z,
LUSAT,20442,ZDPY-4221-9426-0630-5344,satnogs:Z2ViCYEPTmBkKPkMKFgnJg,BPSK 1k2 Transceiver,two_way_data,unknown,active,,,BPSK,,documented_uplink_access_unknown,145840000.0,,437150000.0,,UHF,,,,1200.0,,True,https://db.satnogs.org/api/transmitters/?format=json,2019-06-15T15:10:02.126225Z,
LUSAT,20442,ZDPY-4221-9426-0630-5344,satnogs:iQRkZ4BeNeTphSGEwtBztm,Carrier,beacon,unknown,active,,,,,unknown,,,435078000.0,435078000.0,UHF,,,,,,True,https://db.satnogs.org/api/transmitters/?format=json,2024-07-01T11:49:57.374451Z,
LUSAT,20442,ZDPY-4221-9426-0630-5344,satnogs:ZAKErADdWKpMiDjvKKhmmB,Mode U TLM,beacon; telemetry,unknown,active,,,CW,,unknown,,,437125000.0,437125000.0,UHF,,,,,,False,https://db.satnogs.org/api/transmitters/?format=json,2021-02-08T13:05:33.620486Z,
Lilium-4,98391,RFEM-4718-9515-9857-5278,satnogs:n9M9WwXdr4LyNTFNZp9y5B,Mode U - 1k2 AFSK Telemetry,telemetry,unknown,active,,,AFSK,,unknown,,,437850000.0,437850000.0,UHF,,,,1200.0,,False,https://db.satnogs.org/api/transmitters/?format=json,2026-03-17T11:39:16.096526Z,
Lilium-4,98391,RFEM-4718-9515-9857-5278,satnogs:fUuPWuoCnvyhajepXJvmqw,Mode U/U - AFSK1k2 - Digipeater (when telemetry is not active),telemetry; two_way_data,unknown,inactive,,,AFSK,,documented_uplink_access_unknown,437850000.0,,437850000.0,,UHF,,,,1200.0,,False,https://db.satnogs.org/api/transmitters/?format=json,2026-03-17T11:39:16.107298Z,
Lilium-4,98391,RFEM-4718-9515-9857-5278,satnogs:ZhyVLirGQdvJWr4XAYnfPw,S band telemetry,telemetry,unknown,active,,,GFSK,,unknown,,,2405000000.0,2405000000.0,UHF,,,,2000000.0,,False,https://db.satnogs.org/api/transmitters/?format=json,2026-03-17T11:39:16.090921Z,
Lilium-4,98391,RFEM-4718-9515-9857-5278,satnogs:3gHH6GHFZf3XTCmEuPPKzp,V/V Digipeater 1k2,two_way_data,unknown,inactive,,,AFSK,,documented_uplink_access_unknown,145825000.0,,145825000.0,,VHF,,,,1200.0,,False,https://db.satnogs.org/api/transmitters/?format=json,2026-03-17T11:37:31.261086Z,
Lobachevsky,98429,JXLH-6916-5606-6524-3299,satnogs:Uhr9AfCfyaVe3rwNvV6ScS,Mode U - GFSK9k6 - Telemetry,telemetry,unknown,active,,,GFSK,,unknown,,,436320000.0,436320000.0,UHF,,,,9600.0,,False,https://db.satnogs.org/api/transmitters/?format=json,2025-12-28T13:33:37.830734Z,
Lobachevsky,98429,JXLH-6916-5606-6524-3299,satnogs:c9QHuEtPCZxqzjKFRTSdWB,Mode U - SSDV,image_downlink,unknown,active,2026-09-24T16:46:00+00:00,https://www.amsat.org/status/,,SSDV,unknown,,,436320000.0,436320000.0,UHF,,,,,,True,https://db.satnogs.org/api/transmitters/?format=json,2025-12-29T16:48:26.002489Z,
Lobachevsky,98429,JXLH-6916-5606-6524-3299,satnogs:RBP3GQjUgHSqZpALczfB3E,Mode U - SSTV,image_downlink,unknown,inactive,,,,SSTV,unknown,,,436320000.0,436320000.0,UHF,,,,,,True,https://db.satnogs.org/api/transmitters/?format=json,2025-12-29T16:49:06.811110Z,
Lobachevsky,98429,JXLH-6916-5606-6524-3299,satnogs:Anc2vBmuYHESDyM2b6MDvp,Mode X - DVB-S2,digital_television,unknown,active,,,,DVB-S2,unknown,,,10470000000.0,10470000000.0,SHF,,,,,,False,https://db.satnogs.org/api/transmitters/?format=json,2025-12-28T13:33:45.429787Z,
Luca,98449,KGYQ-5715-2443-6319-9345,satnogs:i7REYyGpZWS3hUnJa2X8ro,2k4 GMSK USP,data_downlink,unknown,active,,,GMSK,,unknown,,,437180000.0,437180000.0,UHF,,,,2400.0,,False,https://db.satnogs.org/api/transmitters/?format=json,2026-04-01T14:00:59.069944Z,
Luca,98449,KGYQ-5715-2443-6319-9345,satnogs:dVVJuGhAgpQdBJ35dgDJe6,9k6 GMSK USP,data_downlink,unknown,active,,,GMSK,,unknown,,,437180000.0,437180000.0,UHF,,,,9600.0,,False,https://db.satnogs.org/api/transmitters/?format=json,2026-04-12T07:35:32.268857Z,
Luojia-1,43485,QWJS-4478-4513-2046-4348,satnogs:srRymFH6KNvisXgchfnf77,Telem,data_downlink,unknown,active,,,GMSK,,unknown,,,437250000.0,437250000.0,UHF,,,,4800.0,,False,https://db.satnogs.org/api/transmitters/?format=json,2024-02-18T17:01:08.342582Z,
MAGNARO-II - Piscis,98323,CFXV-4372-6054-0301-8168,satnogs:EtfqdX3xgrv9PEDJqmC2v4,Mode U - AFSK1k2,data_downlink,unknown,active,,,AFSK,,unknown,,,436325000.0,436325000.0,UHF,,,,1200.0,,False,https://db.satnogs.org/api/transmitters/?format=json,2026-04-22T20:36:04.213595Z,
MAGNARO-II - Piscis,98323,CFXV-4372-6054-0301-8168,satnogs:dVACRP7qwSnudbXQUntD7Z,Mode U - CW,beacon,unknown,active,,,CW,,unknown,,,436325000.0,436325000.0,UHF,,,,,,False,https://db.satnogs.org/api/transmitters/?format=json,2026-04-22T20:36:04.221511Z,
MAGNARO-II - Piscis,98323,CFXV-4372-6054-0301-8168,satnogs:oXtuTu5JzRgWyrWQnbYygf,Mode U - GMSK19200,data_downlink,unknown,active,,,GMSK,,unknown,,,436325000.0,436325000.0,UHF,,,,19200.0,,False,https://db.satnogs.org/api/transmitters/?format=json,2026-04-22T20:36:04.198016Z,
MAGNARO-II - Piscis,98323,CFXV-4372-6054-0301-8168,satnogs:YAvGuxdEehpQAUEmnbZM96,Mode U - GMSK9k6,data_downlink,unknown,active,,,GMSK,,unknown,,,436325000.0,436325000.0,UHF,,,,9600.0,,False,https://db.satnogs.org/api/transmitters/?format=json,2026-04-22T20:36:04.205975Z,
MAGNARO-II - Tigris,98324,UBGG-0313-1046-0311-8192,satnogs:DuxSqV7q3YhaLBJKmg23Lk,Mode U - AFSK1k2,data_downlink,unknown,active,,,AFSK,,unknown,,,145850000.0,145850000.0,VHF,,,,1200.0,,False,https://db.satnogs.org/api/transmitters/?format=json,2026-04-22T20:36:04.179151Z,
MAGNARO-II - Tigris,98324,UBGG-0313-1046-0311-8192,satnogs:Wqgqvw6HytmdcFGJV7FWkt,Mode U - CW,beacon,unknown,active,,,CW,,unknown,,,145850000.0,145850000.0,VHF,,,,,,False,https://db.satnogs.org/api/transmitters/?format=json,2026-04-22T20:36:04.188429Z,
MAGNARO-II - Tigris,98324,UBGG-0313-1046-0311-8192,satnogs:Ltzc4CMTfaN4EjiNK85Tsb,Mode U - GMSK19200,data_downlink,unknown,active,,,GMSK,,unknown,,,145850000.0,145850000.0,VHF,,,,19200.0,,False,https://db.satnogs.org/api/transmitters/?format=json,2026-04-22T20:36:04.156997Z,
MAGNARO-II - Tigris,98324,UBGG-0313-1046-0311-8192,satnogs:mL3Cb3qEuLTPHMTG5qbkJu,Mode U - GMSK9k6,data_downlink,unknown,active,,,GMSK,,unknown,,,145850000.0,145850000.0,VHF,,,,9600.0,,False,https://db.satnogs.org/api/transmitters/?format=json,2026-04-22T20:36:04.168137Z,
MARMOTSat,98272,HPYK-4830-8894-4849-3491,satnogs:DPRwvpxo6e5Rh2ewp7tzE3,HF CW Telemetry Beacon,beacon; telemetry,unknown,active,,,CW,,unknown,,,29410000.0,29410000.0,HF,,,,,,False,https://db.satnogs.org/api/transmitters/?format=json,2026-07-06T01:33:36.353980Z,
MARMOTSat,98272,HPYK-4830-8894-4849-3491,satnogs:6k8froMwZEv8zLjMyocEdR,HF DVB-S2,digital_television,unknown,active,2026-09-22T06:46:00+00:00,https://www.amsat.org/status/,,DVB-S2,unknown,,,29410000.0,29410000.0,HF,,,,33000.0,,False,https://db.satnogs.org/api/transmitters/?format=json,2026-07-06T01:33:36.364399Z,
MARMOTSat,98272,HPYK-4830-8894-4849-3491,satnogs:7wNJWQHb4G3G5BrtgKBGmw,HF Ionospheric LFM Sounder,downlink_audio,unknown,active,,,FM,,unknown,,,29410000.0,29410000.0,HF,,,,,,False,https://db.satnogs.org/api/transmitters/?format=json,2026-07-06T01:33:36.378666Z,
MARMOTSat,98272,HPYK-4830-8894-4849-3491,satnogs:HQMRhRsUrCSAootSSJjgVs,Mode U - Transmitter,data_downlink,unknown,active,,,FSK,,unknown,,,436125000.0,436125000.0,UHF,,,,,,False,https://db.satnogs.org/api/transmitters/?format=json,2026-07-10T10:17:35.933646Z,
MARMOTSat,98272,HPYK-4830-8894-4849-3491,satnogs:a8xkbabTFt847p5FLDZsSP,Mode V/V Digipeater,two_way_data,unknown,active,,,FSK,,documented_uplink_access_unknown,145875000.0,,145875000.0,,VHF,,,,1200.0,,False,https://db.satnogs.org/api/transmitters/?format=json,2026-08-21T06:50:14.770037Z,
MARMOTSat,98272,HPYK-4830-8894-4849-3491,satnogs:3DpNASTddtcH9zHEmZpsFK,VHF CW TLM,beacon; telemetry,unknown,active,,,CW,,unknown,,,145875000.0,145875000.0,VHF,,,,,,False,https://db.satnogs.org/api/transmitters/?format=json,2026-07-06T01:33:36.342543Z,
MESAT-1,60209,ANJN-0857-0652-4935-2307,satnogs:B8Mdvh9UNGpXxkXWA4dpzD,Mode V/U - SSB - Transponder,two_way_voice,unknown,inactive,,,USB,,documented_uplink_access_unknown,145910000.0,145940000.0,435810000.0,435840000.0,UHF,,,30000.0,,,False,https://db.satnogs.org/api/transmitters/?format=json,2026-03-24T14:35:42.127079Z,
MESAT-1,60209,ANJN-0857-0652-4935-2307,satnogs:VALRwCUoXLTaomR5FWXJmy,UHF TLM 1k2 BPSK,telemetry,unknown,active,,,BPSK,,unknown,,,435800000.0,435800000.0,UHF,,,,1200.0,,True,https://db.satnogs.org/api/transmitters/?format=json,2024-06-29T11:54:28.019172Z,
METEOR M-1,35865,DAIX-4517-7255-2315-1676,satnogs:BXNTub6p5Q3oDB8k5LWAWW,CW Carrier,beacon,unknown,active,,,CW,,unknown,,,2200647000.0,2200647000.0,UHF,,,,,,True,https://db.satnogs.org/api/transmitters/?format=json,2020-06-28T11:40:52.726441Z,
METEOR M-1,35865,DAIX-4517-7255-2315-1676,satnogs:kFXFn3D9SCd8xjCynJAwtr,HRPT,weather_data,unknown,active,,,,HRPT,unknown,,,1700000000.0,1700000000.0,UHF,,,,665400.0,,True,https://db.satnogs.org/api/transmitters/?format=json,2022-12-31T16:40:24.882743Z,
METEOR M-2,40069,DZPB-0849-7335-4514-4452,satnogs:4E4o7CEgHWUtpsFStWuuaa,HRPT,weather_data,unknown,active,,,,HRPT,unknown,,,1700000000.0,1700000000.0,UHF,,,,,,True,https://db.satnogs.org/api/transmitters/?format=json,2019-04-18T05:39:53.343316Z,
METEOR M-2,40069,DZPB-0849-7335-4514-4452,satnogs:CojkGDaq3u42nRdLdfczng,LRPT 1,weather_data,unknown,active,,,,LRPT,unknown,,,137100000.0,137100000.0,VHF,,,,72000.0,,True,https://db.satnogs.org/api/transmitters/?format=json,2020-05-07T22:38:43.359609Z,
METEOR M-2,40069,DZPB-0849-7335-4514-4452,satnogs:8oBdHqMqgmMiWvRru6fWMn,LRPT 2,weather_data,unknown,inactive,,,,LRPT,unknown,,,137900000.0,137900000.0,VHF,,,,80000.0,,True,https://db.satnogs.org/api/transmitters/?format=json,2019-11-20T16:40:46.816413Z,
METEOR M-2-2,44387,DNDH-4105-0956-2682-2917,satnogs:Yko58xZnGVtJiuwFZ2TbKJ,HRPT,weather_data,unknown,active,,,,HRPT,unknown,,,1700000000.0,1700000000.0,UHF,,,,3000.0,,True,https://db.satnogs.org/api/transmitters/?format=json,2022-08-01T18:27:48.759546Z,
METEOR M-2-2,44387,DNDH-4105-0956-2682-2917,satnogs:RYyEQYkVvjMF7v2F8XVang,LRPT S-E RHCP D 72 kbps,weather_data,unknown,inactive,,,,LRPT,unknown,,,137900000.0,137900000.0,VHF,,,,,,True,https://db.satnogs.org/api/transmitters/?format=json,2020-02-06T11:54:29.016992Z,
METEOR M-2-2,44387,DNDH-4105-0956-2682-2917,satnogs:NzJEpKJVLQRrxRtVWH3Kfn,LRPT S-E RHCP D 80 kbps,weather_data,unknown,inactive,,,,LRPT,unknown,,,137100000.0,137100000.0,VHF,,,,,,True,https://db.satnogs.org/api/transmitters/?format=json,2019-11-20T16:42:18.753308Z,
METEOR M-2-2,44387,DNDH-4105-0956-2682-2917,satnogs:S9AtAzJA3bpCPdEXyATy2H,LRPT S-E RHCP D 80 kbps,weather_data,unknown,inactive,,,,LRPT,unknown,,,137912500.0,137912500.0,VHF,,,,80000.0,,True,https://db.satnogs.org/api/transmitters/?format=json,2023-10-09T23:26:34.878776Z,
METEOR M2-3,57166,TLCE-8079-2988-7210-7028,satnogs:S4jS3CcYg9DTvPdPBcmpW5,HRPT,weather_data,unknown,active,,,BPSK,HRPT,unknown,,,1700000000.0,1700000000.0,UHF,,,,800000.0,,True,https://db.satnogs.org/api/transmitters/?format=json,2024-02-01T19:06:17.393789Z,
METEOR M2-3,57166,TLCE-8079-2988-7210-7028,satnogs:FBDizt5ERyKtZFgv7zjHLB,LRPT IQ recording usage,weather_data,unknown,active,,,FSK,LRPT,unknown,,,137100000.0,137100000.0,VHF,,,,40000.0,,True,https://db.satnogs.org/api/transmitters/?format=json,2023-07-16T14:09:54.622515Z,
METEOR M2-3,57166,TLCE-8079-2988-7210-7028,satnogs:Qc2PqaS7n9WYtne3U9EmKJ,LRPT IQ recording usage,weather_data,unknown,active,,,FSK,LRPT,unknown,,,137900000.0,137900000.0,VHF,,,,40000.0,,True,https://db.satnogs.org/api/transmitters/?format=json,2023-07-16T14:09:23.392321Z,
METEOR M2-3,57166,TLCE-8079-2988-7210-7028,satnogs:FG2qyyEiHz9EhEFQKyi9WM,LRPT S-E RHCP D 72 kbps,weather_data,unknown,active,,,,LRPT,unknown,,,137100000.0,137100000.0,VHF,,,,72000.0,,True,https://db.satnogs.org/api/transmitters/?format=json,2023-07-08T12:44:11.874338Z,
METEOR M2-3,57166,TLCE-8079-2988-7210-7028,satnogs:HuBvmTihdiAHcyeGkCjE8d,LRPT S-E RHCP D 72 kbps,weather_data,unknown,active,,,,LRPT,unknown,,,137900000.0,137900000.0,VHF,,,,72000.0,,True,https://db.satnogs.org/api/transmitters/?format=json,2023-07-07T13:14:17.688237Z,
METEOR M2-3,57166,TLCE-8079-2988-7210-7028,satnogs:EHFTpnLwnRHqFsU6PLRyBW,LRPT S-E RHCP D 80 kbps,weather_data,unknown,active,,,,LRPT,unknown,,,137900000.0,137900000.0,VHF,,,,80000.0,,True,https://db.satnogs.org/api/transmitters/?format=json,2023-07-13T16:33:39.899701Z,
METEOR M2-3,57166,TLCE-8079-2988-7210-7028,satnogs:PTeTrUzTTR6Xzd25n5JZAy,LRPT S-E RHCP D 80 kbps,weather_data,unknown,active,,,,LRPT,unknown,,,137912500.0,137912500.0,VHF,,,,80000.0,,True,https://db.satnogs.org/api/transmitters/?format=json,2023-07-07T13:14:09.357519Z,
METEOR M2-3,57166,TLCE-8079-2988-7210-7028,satnogs:fxDHKy9mbosDenbXD9hGTP,LRPT S-E RHCP D 80 kbps,weather_data,unknown,active,,,,LRPT,unknown,,,137100000.0,137100000.0,VHF,,,,80000.0,,True,https://db.satnogs.org/api/transmitters/?format=json,2023-07-13T16:31:29.021356Z,
METEOR M2-4,59051,VSVI-4798-5613-4587-2414,satnogs:3LjeHjLRB7se3ey8UmvHd7,HRPT,weather_data,unknown,active,,,,HRPT,unknown,,,1700000000.0,1700000000.0,UHF,,,,3000000.0,,True,https://db.satnogs.org/api/transmitters/?format=json,2024-02-23T14:08:47.096389Z,
METEOR M2-4,59051,VSVI-4798-5613-4587-2414,satnogs:SmmYWtm2Fx5HTK9vDUNLwK,HRPT,weather_data,unknown,active,,,,HRPT,unknown,,,1705000000.0,1705000000.0,UHF,,,,3000000.0,,True,https://db.satnogs.org/api/transmitters/?format=json,2024-02-23T14:08:54.982784Z,
METEOR M2-4,59051,VSVI-4798-5613-4587-2414,satnogs:5jHSvqdsnPhMTVUGDEF5AF,LRPT IQ recording usage,weather_data,unknown,active,,,FSK,LRPT,unknown,,,137100000.0,137100000.0,VHF,,,,40000.0,,True,https://db.satnogs.org/api/transmitters/?format=json,2024-03-01T16:49:27.616611Z,
METEOR M2-4,59051,VSVI-4798-5613-4587-2414,satnogs:dP82t5VrQC6hQDC39wxPo8,LRPT IQ recording usage,weather_data,unknown,active,,,FSK,LRPT,unknown,,,137900000.0,137900000.0,VHF,,,,40000.0,,True,https://db.satnogs.org/api/transmitters/?format=json,2025-12-30T15:27:09.836407Z,
METEOR M2-4,59051,VSVI-4798-5613-4587-2414,satnogs:KrGKtkL2iABBTVa4TrmYKe,LRPT S-E RHCP D 72 kbps,weather_data,unknown,active,,,,LRPT,unknown,,,137100000.0,137100000.0,VHF,,,,72000.0,,True,https://db.satnogs.org/api/transmitters/?format=json,2024-05-25T10:23:02.455648Z,
METEOR M2-4,59051,VSVI-4798-5613-4587-2414,satnogs:g5HYtJoRwPZWfrCSKPYTao,LRPT S-E RHCP D 72 kbps,weather_data,unknown,active,,,,LRPT,unknown,,,137900000.0,137900000.0,VHF,,,,72000.0,,True,https://db.satnogs.org/api/transmitters/?format=json,2024-05-25T10:22:54.033190Z,
METEOR M2-4,59051,VSVI-4798-5613-4587-2414,satnogs:CjvA8tYsAqC5f7jxV8D6T9,LRPT S-E RHCP D 80 kbps,weather_data,unknown,active,,,,LRPT,unknown,,,137900000.0,137900000.0,VHF,,,,80000.0,,True,https://db.satnogs.org/api/transmitters/?format=json,2024-02-23T14:08:43.386667Z,
METEOR M2-4,59051,VSVI-4798-5613-4587-2414,satnogs:ET8rbp4RiQBcrDnQ8jSQR5,LRPT S-E RHCP D 80 kbps,weather_data,unknown,active,,,,LRPT,unknown,,,137100000.0,137100000.0,VHF,,,,80000.0,,True,https://db.satnogs.org/api/transmitters/?format=json,2024-02-23T14:08:50.255120Z,
METEOR M2-4,59051,VSVI-4798-5613-4587-2414,satnogs:YUGeC6UJRyCnccVrPDZBZS,LRPT S-E RHCP D 80 kbps,weather_data,unknown,active,,,,LRPT,unknown,,,137912500.0,137912500.0,VHF,,,,80000.0,,True,https://db.satnogs.org/api/transmitters/?format=json,2024-02-23T14:08:39.693493Z,
METOP-A,29499,GVNJ-7390-8100-5940-4823,satnogs:Mgn3Hb3c3aufoyNSXUY4HH,LRPT 1,weather_data,unknown,active,,,,LRPT,unknown,,,137100000.0,137100000.0,VHF,,,,72.0,,True,https://db.satnogs.org/api/transmitters/?format=json,2022-08-01T17:06:02.567421Z,
METOP-A,29499,GVNJ-7390-8100-5940-4823,satnogs:FhvjVMvm8AVVvXMUitaW5N,LRPT 9,weather_data,unknown,active,,,,LRPT,unknown,,,137912500.0,137912500.0,VHF,,,,72.0,,True,https://db.satnogs.org/api/transmitters/?format=json,2022-08-01T17:06:08.210687Z,
METOP-B,38771,ELZB-5795-6005-9517-6310,satnogs:BryZQBaUon5hhpwp2NvuJy,Beacon,beacon,unknown,active,,,CW,,unknown,,,2230000000.0,2230000000.0,UHF,,,,,,True,https://db.satnogs.org/api/transmitters/?format=json,2021-06-10T11:36:08.933168Z,
METOP-C,43689,ZYIO-9572-5451-0893-4246,satnogs:Smg4zfWMMRizDKx66yHzg2,AHRPT Prime,weather_data,unknown,active,,,,AHRPT,unknown,,,1701300000.0,1701300000.0,UHF,,,,3500.0,,False,https://db.satnogs.org/api/transmitters/?format=json,2022-08-01T17:03:16.711617Z,
MIMAN,52900,AOTT-8678-9365-5674-2308,satnogs:So3fYM2YgdtHb5BReNMqhf,Mode U - TLM,telemetry,unknown,active,,,FSK,,unknown,,,436500000.0,436500000.0,UHF,,,,2400.0,,True,https://db.satnogs.org/api/transmitters/?format=json,2024-08-10T18:02:48.340484Z,
MOZHAYETS 4,27939,JQJE-9408-3483-0314-4576,satnogs:4p9hbcmaFJnSCZvCrZ3oCL,Mode U CW Beacon,beacon,unknown,active,,,CW,,unknown,,,435352000.0,435352000.0,UHF,,,,,,True,https://db.satnogs.org/api/transmitters/?format=json,2019-04-18T05:39:53.343316Z,
MOZHAYETS 4,27939,JQJE-9408-3483-0314-4576,satnogs:eXpwEmjNcom9kzRsYNGcyF,Mode U FM Doka,data_downlink,unknown,active,,,,,unknown,,,435353000.0,435353000.0,UHF,,,,1200.0,,False,https://db.satnogs.org/api/transmitters/?format=json,2022-08-01T16:56:50.716892Z,
MOZHAYETS 4,27939,JQJE-9408-3483-0314-4576,satnogs:FyC3BE75BxrFU25Lk5XLCN,PE0SAT - CW Beacon,beacon,unknown,active,,,CW,,unknown,,,435352800.0,435352800.0,UHF,,,,,,True,https://db.satnogs.org/api/transmitters/?format=json,2019-04-18T05:39:53.343316Z,
MTCube 2,53109,ZYKO-7290-5830-6811-4050,satnogs:JzeyUs4L7LnpQpc89c5UbH,Mode U TLM 1k2 AFSK AX25,telemetry,unknown,inactive,,,AFSK,,unknown,,,436750000.0,436750000.0,UHF,,,,1200.0,,False,https://db.satnogs.org/api/transmitters/?format=json,2022-07-12T16:25:54.084473Z,
MTCube 2,53109,ZYKO-7290-5830-6811-4050,satnogs:C4SzpxhvuwzpKRVRQTbAWR,Mode U TLM 2k4 GMSK AX25,telemetry,unknown,inactive,,,GMSK,,unknown,,,436750000.0,436750000.0,UHF,,,,2400.0,,False,https://db.satnogs.org/api/transmitters/?format=json,2026-09-10T14:53:32.459526Z,
MTCube 2,53109,ZYKO-7290-5830-6811-4050,satnogs:d9hzZDBNhdvY57fE3jRRhi,Mode U TLM 9k6 GMSK AX25,telemetry,unknown,inactive,,,GMSK,,unknown,,,436750000.0,436750000.0,UHF,,,,9600.0,,False,https://db.satnogs.org/api/transmitters/?format=json,2022-07-12T16:25:36.092960Z,
MTUSI-1,61750,LNIX-1421-5820-7502-3419,satnogs:QQPor52nCzNeqemabk2SmN,Mode U - Transmitter,data_downlink,unknown,active,,,FSK,,unknown,,,435600000.0,435600000.0,UHF,,,,38400.0,,True,https://db.satnogs.org/api/transmitters/?format=json,2024-12-19T21:52:27.521189Z,
Marina,98293,FZQD-0263-2257-6241-5637,satnogs:C6iUZeAWE7EhXPrNWbZLLj,Mode U - CW,beacon,unknown,active,,,CW,,unknown,,,436680000.0,436680000.0,UHF,,,,,,False,https://db.satnogs.org/api/transmitters/?format=json,2026-07-06T01:58:56.985323Z,
Marina,98293,FZQD-0263-2257-6241-5637,satnogs:GbkELo27n7ST7uFYhGFZ7V,Mode U - SSDV,image_downlink,unknown,inactive,,,,SSDV,unknown,,,436680000.0,436680000.0,UHF,,,,,,False,https://db.satnogs.org/api/transmitters/?format=json,2026-07-06T02:00:44.851355Z,
Marina,98293,FZQD-0263-2257-6241-5637,satnogs:iVmBGoXp6CrEpZuzUUgYUh,Mode U/U - GFSK9k6 AX.25 G3RUH,two_way_data,unknown,active,2026-09-21T08:00:00+00:00,https://www.amsat.org/status/,GFSK,AX.25,documented_uplink_access_unknown,436680000.0,,436680000.0,,UHF,,,,9600.0,,False,https://db.satnogs.org/api/transmitters/?format=json,2026-07-07T15:44:40.596366Z,
Marina,98293,FZQD-0263-2257-6241-5637,satnogs:5ZAjuziycSLXAq2xKYRg9B,Mode V/V - GFSK9k6 AX.25 G3RUH,two_way_data,active,active,2026-09-23T09:46:00+00:00,https://www.amsat.org/status/,GFSK,AX.25,documented_uplink_access_unknown,145925000.0,,145925000.0,,VHF,,,,9600.0,,False,https://db.satnogs.org/api/transmitters/?format=json,2026-07-06T01:58:57.003735Z,
Marina,98293,FZQD-0263-2257-6241-5637,satnogs:GqaKbFf2Cq6MZinRpdb5br,Move V - GFSK9k6 - Telemetry - AX.25,telemetry,unknown,active,,,GFSK,AX.25,unknown,,,145925000.0,145925000.0,VHF,,,,9600.0,,False,https://db.satnogs.org/api/transmitters/?format=json,2026-07-06T01:58:56.949439Z,
Mauve,66756,GBBQ-0405-2879-6889-6023,satnogs:RVotkCBGpMAqfnf8NRBqyS,LoRa Beacon,beacon,unknown,active,,,LoRa,LoRa,unknown,,,137925000.0,137925000.0,VHF,,,,125000.0,,True,https://db.satnogs.org/api/transmitters/?format=json,2026-06-18T08:02:14.938164Z,
Maveric,98271,AJQX-1966-2916-6116-6970,satnogs:fkvEq7x2rYzQiJGYMRKy2w,Mode U - GMSK9k6 AX100,data_downlink,unknown,active,,,FSK,,unknown,,,437575000.0,437575000.0,UHF,,,,9600.0,,False,https://db.satnogs.org/api/transmitters/?format=json,2026-07-11T09:10:41.868144Z,
MinXSS 2,43758,XQNL-8221-6393-9116-3452,satnogs:HvDeu98rLANLxXKPBtdM5h,GMSK9k6,data_downlink,unknown,inactive,,,GMSK,,unknown,,,437250000.0,437250000.0,UHF,,,,9600.0,,True,https://db.satnogs.org/api/transmitters/?format=json,2025-03-12T17:31:33.205993Z,
MinXSS 2,43758,XQNL-8221-6393-9116-3452,satnogs:JDidK4QteDsyXujpqZNS6a,Secondary,data_downlink,unknown,active,,,GMSK,,unknown,,,437250000.0,437250000.0,UHF,,,,19200.0,,True,https://db.satnogs.org/api/transmitters/?format=json,2019-04-18T05:39:53.343316Z,
Monitor-2,57184,SCGK-1611-0139-1871-0649,satnogs:jyEKBpFSxtF2WwiHzvATSL,Mode U - AFSK 1k2,data_downlink,unknown,active,,,AFSK,,unknown,,,435650000.0,435650000.0,UHF,,,,1200.0,,True,https://db.satnogs.org/api/transmitters/?format=json,2024-11-09T10:46:34.020059Z,
Monitor-2,57184,SCGK-1611-0139-1871-0649,satnogs:HrSQKgXUX3mVgrNm556ZDo,Mode U - DOKA 9k6,data_downlink,unknown,active,,,,,unknown,,,435000000.0,435000000.0,UHF,,,,9600.0,,True,https://db.satnogs.org/api/transmitters/?format=json,2023-07-12T21:25:45.641570Z,
Monitor-2,57184,SCGK-1611-0139-1871-0649,satnogs:gNHwpnG3kFxMiSjCU5LNeA,Mode U - DOKA 9k6,data_downlink,unknown,active,,,,,unknown,,,435915000.0,435915000.0,UHF,,,,9600.0,,True,https://db.satnogs.org/api/transmitters/?format=json,2023-07-12T21:22:34.148554Z,
Monitor-2,57184,SCGK-1611-0139-1871-0649,satnogs:bRxabeZcfeTY2uaHV6BEWj,Mode U - FSK9k6,data_downlink,unknown,active,,,FSK,,unknown,,,435860000.0,435860000.0,UHF,,,,9600.0,,True,https://db.satnogs.org/api/transmitters/?format=json,2023-06-28T15:19:22.802639Z,
Monitor-2,57184,SCGK-1611-0139-1871-0649,satnogs:o6jjcgr6pzJ2JXqvy2v6oV,Mode U AFSK 1k2,data_downlink,unknown,active,,,AFSK,,unknown,,,435815000.0,435815000.0,UHF,,,,1200.0,,False,https://db.satnogs.org/api/transmitters/?format=json,2023-07-11T19:48:05.791578Z,
Monitor-3,57180,KPMW-9188-6390-9743-3148,satnogs:kLmPFgWvax5NLZCncZj7Y6,Mode U - GMSK 4k8 (USP FEC) TLM,telemetry,unknown,active,,,GMSK,,unknown,,,435290000.0,435290000.0,UHF,,,,4800.0,,True,https://db.satnogs.org/api/transmitters/?format=json,2023-06-26T08:39:00.606759Z,
Monitor-3,57180,KPMW-9188-6390-9743-3148,satnogs:HuHvK3tHMNjXjvbVFPUrgy,Mode U - GMSK 9k6 (USP FEC),data_downlink,unknown,active,,,GMSK,,unknown,,,435290000.0,435290000.0,UHF,,,,9600.0,,True,https://db.satnogs.org/api/transmitters/?format=json,2025-12-16T20:58:03.989699Z,
Monitor-3,57180,KPMW-9188-6390-9743-3148,satnogs:AUF5QGKakLf5FGfK5aCZfZ,Mode U - Robot 36 SSTV,image_downlink,unknown,active,2026-09-23T17:31:00+00:00,https://www.amsat.org/status/,,SSTV,unknown,,,435290000.0,435290000.0,UHF,,,,,,False,https://db.satnogs.org/api/transmitters/?format=json,2025-01-03T22:28:39.920217Z,
Monitor-4,57182,PJTC-6029-0615-1270-1207,satnogs:YQc7qtBwv6aaNBM92M6knx,Mode U - GMSK 2k4 (USP FEC) TLM,telemetry,unknown,active,,,GMSK,,unknown,,,436080000.0,436080000.0,UHF,,,,2400.0,,True,https://db.satnogs.org/api/transmitters/?format=json,2023-08-29T12:01:24.779074Z,
Monitor-4,57182,PJTC-6029-0615-1270-1207,satnogs:j8xJNZKD7xHJ7uS4hNewQS,Mode U - GMSK 4k8 (USP FEC) TLM,telemetry,unknown,active,,,GMSK,,unknown,,,436080000.0,436080000.0,UHF,,,,4800.0,,True,https://db.satnogs.org/api/transmitters/?format=json,2023-06-04T08:33:10.254317Z,
Monitor-4,57182,PJTC-6029-0615-1270-1207,satnogs:PRJ9oz5oKUAVgCrPPB9u3j,Mode U - GMSK 9k6 (USP FEC),data_downlink,unknown,active,,,GMSK,,unknown,,,436080000.0,436080000.0,UHF,,,,9600.0,,True,https://db.satnogs.org/api/transmitters/?format=json,2025-12-16T20:44:36.171771Z,
NANOSATC-BR1,40024,YAQZ-5189-9885-8827-9333,satnogs:s8jpdkUffam9RxRArizMQd,Mode V - BPSK1k2 - TLM,telemetry,unknown,active,,,BPSK,,unknown,,,145865000.0,145865000.0,VHF,,,,1200.0,,False,https://db.satnogs.org/api/transmitters/?format=json,2024-06-10T23:13:35.788508Z,
NETSAT 1,46506,OZSW-9908-0796-8166-3293,satnogs:b6c55WSUAL4sAqGqZSRaim,Telemetry,telemetry,unknown,active,,,FSK,AX.25,unknown,,,435600000.0,435600000.0,UHF,,,,9600.0,,False,https://db.satnogs.org/api/transmitters/?format=json,2020-09-27T19:48:24.476484Z,
NETSAT 2,46507,DBTP-4321-2218-3495-4829,satnogs:66849Ugwm8eENQdtCDmjqD,Telemetry,telemetry,unknown,active,,,FSK,AX.25,unknown,,,435600000.0,435600000.0,UHF,,,,9600.0,,False,https://db.satnogs.org/api/transmitters/?format=json,2020-09-27T19:57:36.643424Z,
NETSAT 3,46505,PDZV-7495-4443-2585-1990,satnogs:9E5igvXqt78XHBmxuhb9dx,Telemetry,telemetry,unknown,active,,,FSK,AX.25,unknown,,,435600000.0,435600000.0,UHF,,,,9600.0,,False,https://db.satnogs.org/api/transmitters/?format=json,2020-09-27T19:56:59.286837Z,
NETSAT 4,46504,KPFF-6607-7806-3530-0376,satnogs:32PEtq4PvydqcNv8xrmnZZ,Telemetry,telemetry,unknown,active,,,FSK,AX.25,unknown,,,435600000.0,435600000.0,UHF,,,,9600.0,,False,https://db.satnogs.org/api/transmitters/?format=json,2020-09-27T19:58:23.633004Z,
NOAA 6,11416,FWED-8162-6651-9503-1227,satnogs:EutgXomtoFhJSZhZXT9ZBi,Carrier Wave,beacon,unknown,active,,,CW,,unknown,,,137500000.0,137500000.0,VHF,,,,,,True,https://db.satnogs.org/api/transmitters/?format=json,2026-05-23T01:20:58.674472Z,
NOAA 9,15427,RQTU-0962-4589-7454-8433,satnogs:3pTb6ZFLATPHT3cBbkRqYC,APT,weather_data,unknown,inactive,,,,APT,unknown,,,137500000.0,137500000.0,VHF,,,,,,True,https://db.satnogs.org/api/transmitters/?format=json,2019-06-15T13:38:17.241257Z,
NOAA 9,15427,RQTU-0962-4589-7454-8433,satnogs:4tQFwBvr765Cx9xv8YXW92,APT,weather_data,unknown,inactive,,,,APT,unknown,,,137620000.0,137620000.0,VHF,,,,,,True,https://db.satnogs.org/api/transmitters/?format=json,2019-06-15T13:38:17.257040Z,
NOAA 9,15427,RQTU-0962-4589-7454-8433,satnogs:F8aCi2iTe83XT9TnBwrth4,Beacon,beacon,unknown,active,,,BPSK,,unknown,,,136770000.0,136770000.0,VHF,,,,,,True,https://db.satnogs.org/api/transmitters/?format=json,2020-06-20T12:16:17.159316Z,
NOAA 9,15427,RQTU-0962-4589-7454-8433,satnogs:jXX6xyCpeAhHhoUjZJPRLm,Beacon,beacon,unknown,inactive,,,FM,,unknown,,,137770000.0,137770000.0,VHF,,,,,,True,https://db.satnogs.org/api/transmitters/?format=json,2019-06-15T13:38:17.259756Z,
NOAA 9,15427,RQTU-0962-4589-7454-8433,satnogs:GHhvso85VxfNHHsPAh3aTF,HRPT,weather_data,unknown,active,,,,HRPT,unknown,,,1707000000.0,1707000000.0,UHF,,,,,,True,https://db.satnogs.org/api/transmitters/?format=json,2020-06-01T06:26:49.903262Z,
NOAA-2,6235,CLVL-1708-0584-5360-1752,satnogs:ncNAeyxbhSgfXGtQHyXxUE,1697.5 HRPT/GAC,weather_data,unknown,active,,,,HRPT,unknown,,,1697500000.0,1697500000.0,UHF,,,,1500000.0,,True,https://db.satnogs.org/api/transmitters/?format=json,2023-11-19T10:04:20.574493Z,
NOAA-2,6235,CLVL-1708-0584-5360-1752,satnogs:Zd6M74mzqCqrMi6rf3RbtV,250mW tracking beacon,beacon,unknown,active,,,FM,,unknown,,,136770000.0,136770000.0,VHF,,,,,,True,https://db.satnogs.org/api/transmitters/?format=json,2023-11-19T09:59:50.145561Z,
NOAA-2,6235,CLVL-1708-0584-5360-1752,satnogs:6vbLqj5gLKAmYc7V8YqTFK,APT,weather_data,unknown,inactive,,,,APT,unknown,,,137500000.0,137500000.0,VHF,,,,34000.0,,True,https://db.satnogs.org/api/transmitters/?format=json,2026-07-25T10:24:06.664327Z,
NOAA-2,6235,CLVL-1708-0584-5360-1752,satnogs:jRhJ2aqrkiHGFx8oX9zDqw,APT 2,weather_data,unknown,inactive,,,,APT,unknown,,,137620000.0,137620000.0,VHF,,,,43000.0,,True,https://db.satnogs.org/api/transmitters/?format=json,2026-07-25T10:23:21.986209Z,
NOAA-2,6235,CLVL-1708-0584-5360-1752,satnogs:o2BaEXyeitrJrsb9bBaiXk,Mode V - Telemetry Beacon,beacon; telemetry,unknown,active,,,FM,,unknown,,,136770000.0,136770000.0,VHF,,,,,,True,https://db.satnogs.org/api/transmitters/?format=json,2023-11-19T10:09:09.738939Z,
NORBI,46494,DNNN-7162-2135-4056-8903,satnogs:cpjcFbwtVgAqy69ybxxBJD,Mode U - GFSK9k6,data_downlink,unknown,active,,,GFSK,,unknown,,,436700000.0,436700000.0,UHF,,,,9600.0,,True,https://db.satnogs.org/api/transmitters/?format=json,2024-02-25T13:53:47.738434Z,
NORBI,46494,DNNN-7162-2135-4056-8903,satnogs:cqQxQXW9Meq56Q5nh3YFX3,Mode U - LoRa,data_downlink,unknown,active,,,LoRa,LoRa,unknown,,,436703000.0,436703000.0,UHF,,,,250000.0,,False,https://db.satnogs.org/api/transmitters/?format=json,2024-02-25T13:53:53.562112Z,
NUSHSat1,63211,AGMX-2508-1337-4945-9939,satnogs:VMQaYeCsdSCx5ZZUhuWCD2,AX.100 2400 baud,data_downlink,unknown,active,,,FSK,,unknown,,,436200000.0,436200000.0,UHF,,,,2400.0,,True,https://db.satnogs.org/api/transmitters/?format=json,2025-08-05T07:18:41.908674Z,
NUSHSat1,63211,AGMX-2508-1337-4945-9939,satnogs:6U4eXJ7sSvqyTB9EAWy9KC,Mode U - Transmitter,data_downlink,unknown,active,,,FSK,,unknown,,,436200000.0,436200000.0,UHF,,,,1200.0,,True,https://db.satnogs.org/api/transmitters/?format=json,2025-03-29T13:08:07.943177Z,
NanoFF A,58810,DUMR-1924-9064-2363-1545,satnogs:DpJXnybVygwygF5ico4WvG,CW/FM (F2A) Beacon,beacon,unknown,active,,,FMN,,unknown,,,435950000.0,435950000.0,UHF,,,,,,False,https://db.satnogs.org/api/transmitters/?format=json,2023-12-15T18:00:38.004433Z,
NanoFF A,58810,DUMR-1924-9064-2363-1545,satnogs:jEBUCCFGzP8yxUksgm4csn,GMSK4k8 Telemetry,telemetry,unknown,active,,,GMSK,,unknown,,,435950000.0,435950000.0,UHF,,,,4800.0,,False,https://db.satnogs.org/api/transmitters/?format=json,2023-12-15T18:00:46.287016Z,
NanoFF A,58810,DUMR-1924-9064-2363-1545,satnogs:7Qe3RMmj6jEAnKScQNKNdP,GMSK9k6 Telemetry,telemetry,unknown,inactive,,,GMSK,,unknown,,,435950000.0,435950000.0,UHF,,,,9600.0,,True,https://db.satnogs.org/api/transmitters/?format=json,2025-05-13T17:36:57.670249Z,
NanoFF B,58755,RCBZ-5048-4345-8306-0931,satnogs:L5rtwUdqgxkfcySiUrV7oS,CW/FM (F2A) Beacon,beacon,unknown,active,,,FMN,,unknown,,,435950000.0,435950000.0,UHF,,,,,,False,https://db.satnogs.org/api/transmitters/?format=json,2023-12-15T18:01:01.976970Z,
NanoFF B,58755,RCBZ-5048-4345-8306-0931,satnogs:GcDNtSjkSJnojZ9YjhNi9c,GMSK4k8 Telemetry,telemetry,unknown,inactive,,,GMSK,,unknown,,,435950000.0,435950000.0,UHF,,,,9600.0,,True,https://db.satnogs.org/api/transmitters/?format=json,2025-05-13T17:35:39.686095Z,
NanoFF B,58755,RCBZ-5048-4345-8306-0931,satnogs:jETJoLpiUWNm8kKnXiceTY,GMSK4k8 Telemetry,telemetry,unknown,active,,,GMSK,,unknown,,,435950000.0,435950000.0,UHF,,,,4800.0,,False,https://db.satnogs.org/api/transmitters/?format=json,2023-12-15T18:01:12.060833Z,
Norby-2,57179,WSRI-6167-9286-6885-9902,satnogs:4EFZvVD3QVN5F5bPhoNvuC,Mode U - GFSK9k6,data_downlink,unknown,active,,,GFSK,,unknown,,,436700000.0,436700000.0,UHF,,,,9600.0,,True,https://db.satnogs.org/api/transmitters/?format=json,2023-06-26T08:38:01.493702Z,
Norby-2,57179,WSRI-6167-9286-6885-9902,satnogs:EaQiAB9f2Ux8VR3GKHduSJ,Mode U - GFSK9k6,data_downlink,unknown,active,,,GFSK,,unknown,,,436500000.0,436500000.0,UHF,,,,9600.0,,True,https://db.satnogs.org/api/transmitters/?format=json,2023-11-28T22:42:57.267931Z,
Norby-2,57179,WSRI-6167-9286-6885-9902,satnogs:bTJGvxqmYTajgKzSrHsBJs,Mode U - LoRa (SF:10 CR:5 BW:250),data_downlink,unknown,active,,,LoRa,LoRa,unknown,,,436500000.0,436500000.0,UHF,,,,250000.0,,False,https://db.satnogs.org/api/transmitters/?format=json,2023-06-27T20:10:33.499388Z,
O/OREOS,37224,NNDS-9454-0102-7564-5792,satnogs:uFLHu8MEJU5LJqjkVSHs2G,AFSK Beacon,beacon,unknown,active,,,AFSK,,unknown,,,437305000.0,437305000.0,UHF,,,,1200.0,,True,https://db.satnogs.org/api/transmitters/?format=json,2019-04-18T05:39:53.343316Z,
OBJECT J - 2022-019,51832,SXYS-2180-8616-7867-1442,satnogs:EgwPSzVJacH6GcLw5yExkY,Mode U - GFSK 19k2 - AX.100 Mode 5 - Beacon,beacon,unknown,active,,,FSK,,unknown,,,401888000.0,401888000.0,UHF,,,,19200.0,,True,https://db.satnogs.org/api/transmitters/?format=json,2026-09-16T14:24:33.275446Z,
OMOTENASHI,55904,OYAG-5763-8859-2035-4062,satnogs:CgSaRLt6RmPiWDnQLnvyAW,Lander,downlink_audio,unknown,active,,,FM,,unknown,,,437410000.0,437410000.0,UHF,,,,160000.0,,False,https://db.satnogs.org/api/transmitters/?format=json,2022-08-14T15:43:14.032568Z,
OMOTENASHI,55904,OYAG-5763-8859-2035-4062,satnogs:Ztt2GotQrTes4SiGRP7zWT,Lander PSK31,data_downlink,unknown,active,,,,,unknown,,,437410000.0,437410000.0,UHF,,,,,,False,https://db.satnogs.org/api/transmitters/?format=json,2022-08-25T20:47:00.583643Z,
OMOTENASHI,55904,OYAG-5763-8859-2035-4062,satnogs:PfPbaRQuQVzCiFMGVwu6dE,Orbiter,downlink_audio,unknown,active,,,FM,,unknown,,,437310000.0,437310000.0,UHF,,,,80000.0,,False,https://db.satnogs.org/api/transmitters/?format=json,2022-11-18T07:20:37.353488Z,
OMOTENASHI,55904,OYAG-5763-8859-2035-4062,satnogs:9ceyykChoV478mdTVa5soJ,Orbiter PSK31,data_downlink,unknown,active,,,,,unknown,,,437310000.0,437310000.0,UHF,,,,,,False,https://db.satnogs.org/api/transmitters/?format=json,2022-08-25T20:46:55.892403Z,
OOV-Cube,60240,IWZL-9125-3719-4852-5266,satnogs:9WGrdoYnrpR5GebU7vZGNB,Mode U - AFSK1k2,data_downlink,unknown,active,,,AFSK,,unknown,,,435950000.0,435950000.0,UHF,,,,1200.0,,False,https://db.satnogs.org/api/transmitters/?format=json,2024-10-02T15:09:34.473312Z,
OPAL,26063,OWKZ-4946-7098-5844-2196,satnogs:qHbFqzuhyYnaexGP64PZXN,9k6 FSK AX25,data_downlink,unknown,active,,,FSK,,unknown,,,437100000.0,437100000.0,UHF,,,,9600.0,,False,https://db.satnogs.org/api/transmitters/?format=json,2020-01-23T18:57:02.948253Z,
OPS 7613 (P/L 4),4237,CXUY-3779-8771-9506-4176,satnogs:83t3GeyBEcXWqXaCvdLn9K,carrier wave,beacon,unknown,active,,,CW,,unknown,,,137407000.0,137407000.0,VHF,,,,,,True,https://db.satnogs.org/api/transmitters/?format=json,2020-10-24T11:40:07.470157Z,
OPS 7898 (NRL P/L 172),5680,JLIH-4238-8564-8762-0468,satnogs:2GvxE2TC9BsEVdqLoG7F3D,carrier wave,beacon,unknown,active,,,CW,,unknown,,,137079000.0,137079000.0,VHF,,,,,,True,https://db.satnogs.org/api/transmitters/?format=json,2020-10-24T11:40:07.474426Z,
ORBCOMM FM 36,25984,YXEA-0000-2058-5722-9282,satnogs:AXXbzZBQBjCBDGL83EF6cH,CW,beacon,unknown,active,,,CW,,unknown,,,400100000.0,400100000.0,UHF,,,,,,True,https://db.satnogs.org/api/transmitters/?format=json,2021-10-09T14:52:11.992439Z,
ORESAT0.5,60525,DKCD-1609-0567-7056-3922,satnogs:hXrycsZXxm6nkuofpjB7jw,9k6 TLM,telemetry,unknown,active,,,GMSK,,unknown,,,436500000.0,436500000.0,UHF,,,,9600.0,,False,https://db.satnogs.org/api/transmitters/?format=json,2024-09-30T02:35:02.653996Z,
ORESAT0.5,60525,DKCD-1609-0567-7056-3922,satnogs:jj7qhpPvDt3iay9hLQ7pEQ,spread spectrum DBPSK 1 Mbit/s for bulk data,data_downlink,unknown,inactive,,,,,unknown,,,2422000000.0,2422000000.0,UHF,,,,1000000.0,,False,https://db.satnogs.org/api/transmitters/?format=json,2024-10-08T05:00:34.487633Z,
OSCAR 7,7530,HHSS-6325-1344-4603-7774,satnogs:JH4TSATzvpNJ46SkgH59Vd,13 cm Beacon (40mW),beacon,unknown,active,,,CW,,unknown,,,2304100000.0,2304100000.0,UHF,,,,,,False,https://db.satnogs.org/api/transmitters/?format=json,2022-11-29T08:04:50.250438Z,
OSCAR 7,7530,HHSS-6325-1344-4603-7774,satnogs:epmfL93RZ2Vf5WKK4X2auf,Mode U TLM Beacon,beacon; telemetry,unknown,active,,,CW,,unknown,,,435100000.0,435100000.0,UHF,,,,,,True,https://db.satnogs.org/api/transmitters/?format=json,2019-06-14T14:06:28.515162Z,
OSCAR 7,7530,HHSS-6325-1344-4603-7774,satnogs:uLfAhJaZJUWmA9Sik8yQ2m,Mode U/V (B) Lin,two_way_voice,active,active,2026-09-24T23:00:00+00:00,https://www.amsat.org/status/,USB,,documented_uplink_access_unknown,432125000.0,432175000.0,145925000.0,145975000.0,VHF,,,50000.0,,,True,https://db.satnogs.org/api/transmitters/?format=json,2020-08-08T21:54:18.194642Z,
OSCAR 7,7530,HHSS-6325-1344-4603-7774,satnogs:YCcdJmZyt62cx8R8fv8mTe,Mode U/V (B) TLM Beacon,beacon; telemetry,unknown,active,,,CW,,unknown,,,145977500.0,145977500.0,VHF,,,,,,True,https://db.satnogs.org/api/transmitters/?format=json,2019-06-14T14:15:55.212058Z,
OSCAR 7,7530,HHSS-6325-1344-4603-7774,satnogs:Pfwywu74BnMu72ykCicETX,Mode V/A (A) Lin CW,beacon,unknown,active,,,CW,,documented_uplink_access_unknown,145850000.0,145950000.0,29400000.0,29500000.0,HF,,,100000.0,,,True,https://db.satnogs.org/api/transmitters/?format=json,2019-11-07T00:01:17.906593Z,
OSCAR 7,7530,HHSS-6325-1344-4603-7774,satnogs:aBrZNKzhZH4gguH8F75o86,Mode V/A (A) Lin SSB,two_way_voice,active,active,2026-09-24T12:00:00+00:00,https://www.amsat.org/status/,USB,,documented_uplink_access_unknown,145850000.0,145950000.0,29400000.0,29500000.0,HF,,,100000.0,,,False,https://db.satnogs.org/api/transmitters/?format=json,2019-11-07T00:01:17.910526Z,
OSCAR 7,7530,HHSS-6325-1344-4603-7774,satnogs:zs4j2L74uEoreuVZQWfGqX,Mode V/A (A) TLM Beacon,beacon; telemetry,unknown,active,,,CW,,unknown,,,29502000.0,29502000.0,HF,,,,,,False,https://db.satnogs.org/api/transmitters/?format=json,2022-03-17T14:25:50.703288Z,
OrigamiSat-2,68795,FDQL-7890-4040-6919-7625,satnogs:DdcPQkHH5VcT7PVXbAheYi,C-Band(CW),beacon,unknown,active,,,CW,,unknown,,,5840000000.0,5840000000.0,SHF,,,,,,True,https://db.satnogs.org/api/transmitters/?format=json,2026-05-02T15:20:31.628266Z,
OrigamiSat-2,68795,FDQL-7890-4040-6919-7625,satnogs:HGDA4HLjfNAAzxAFeq3yzk,Mode U - AFSK1k2 TLM,telemetry,unknown,active,,,AFSK,,unknown,,,437505000.0,437505000.0,UHF,,,,1200.0,,False,https://db.satnogs.org/api/transmitters/?format=json,2026-04-22T19:54:43.111180Z,
OrigamiSat-2,68795,FDQL-7890-4040-6919-7625,satnogs:S8Q5oRyWgFMXRrPmDbGiJa,Mode U - CW,beacon,unknown,active,,,CW,,unknown,,,437505000.0,437505000.0,UHF,,,,24.0,,False,https://db.satnogs.org/api/transmitters/?format=json,2026-04-22T19:54:43.094353Z,
PACSAT,20439,BWUQ-1126-2556-9888-6948,satnogs:8Q5MPLBHq8yk4gJzUtpBck,Mode U TLM CW,beacon; telemetry,unknown,active,,,CW,,unknown,,,437026000.0,437026000.0,UHF,,,,,,True,https://db.satnogs.org/api/transmitters/?format=json,2022-10-24T04:43:39.549189Z,
PACSAT,20439,BWUQ-1126-2556-9888-6948,satnogs:6hZFcJypsM4H7zY6rExLXd,Primary Payload,data_downlink,unknown,active,,,BPSK,,unknown,,,437026000.0,437026000.0,UHF,,,,1200.0,,False,https://db.satnogs.org/api/transmitters/?format=json,2022-10-25T07:47:07.841206Z,
PACSAT,20439,BWUQ-1126-2556-9888-6948,satnogs:YDZA3DwNftFUhhTePBN2Hg,Secondary Payload,data_downlink,unknown,active,,,BPSK,,unknown,,,437051000.0,437051000.0,UHF,,,,1200.0,,False,https://db.satnogs.org/api/transmitters/?format=json,2022-10-24T11:02:54.704262Z,
PARS 1,59065,SUWO-0538-8117-4734-1584,satnogs:34wa7RmYJLhjfwom3sBRBr,Mode V - ODS V/TTCR V,downlink_audio,unknown,active,,,FM,,unknown,,,145000000.0,145000000.0,VHF,,,,,,True,https://db.satnogs.org/api/transmitters/?format=json,2024-02-28T20:56:23.577492Z,
PARUS-6U1,68456,SXGC-2824-2222-8971-3473,satnogs:iWbHHJFamLn97iRqjPGQVu,Mode S - Transmitter - 750kbps,downlink_audio,unknown,active,,,FM,,unknown,,,2402000000.0,2402000000.0,UHF,,,,,,False,https://db.satnogs.org/api/transmitters/?format=json,2026-02-13T11:06:47.868723Z,
PARUS-6U1,68456,SXGC-2824-2222-8971-3473,satnogs:Qjat5CprRVQJ4RAVn3ynHu,UHF TT&C,data_downlink,unknown,active,,,GMSK,,unknown,,,437195000.0,437195000.0,UHF,,,,9600.0,,True,https://db.satnogs.org/api/transmitters/?format=json,2026-05-14T15:33:10.232602Z,
PARUS-6U1,68456,SXGC-2824-2222-8971-3473,satnogs:M9xKsShB5biL2srSXSxDmr,V/V Digipeater 1k2,two_way_data,unknown,inactive,,,AFSK,,documented_uplink_access_unknown,145825000.0,,145825000.0,,VHF,,,,1200.0,,False,https://db.satnogs.org/api/transmitters/?format=json,2026-03-30T03:11:45.839980Z,
PARUS-T1,98707,UCZO-3697-9016-2037-7134,satnogs:SbiRPsRmY7svdH9ZEEXjNU,V/V 1k2 AFSK Digipeater,two_way_data,unknown,active,,,AFSK,,documented_uplink_access_unknown,145825000.0,,145825000.0,,VHF,,,,1200.0,,False,https://db.satnogs.org/api/transmitters/?format=json,2025-01-12T19:56:39.590878Z,
PARUS-T2,98602,CRXA-4448-4621-5391-2945,satnogs:HrT7bgnPHF4U2zwTCvtLkb,Mode U - AFSK1k2,data_downlink,unknown,active,,,AFSK,,unknown,,,437850000.0,437850000.0,UHF,,,,1200.0,,False,https://db.satnogs.org/api/transmitters/?format=json,2025-06-20T22:33:41.436706Z,
PARUS-T2,98602,CRXA-4448-4621-5391-2945,satnogs:FYzEFjpcrYgpB4AUCfs47m,V/U FM Repeater,two_way_voice,unknown,inactive,,,FM,,documented_uplink_access_unknown,145980000.0,,435250000.0,,UHF,,,,,,False,https://db.satnogs.org/api/transmitters/?format=json,2025-06-20T22:25:55.157567Z,
PARUS-T2,98602,CRXA-4448-4621-5391-2945,satnogs:oHNEBfeHh87qXJtV9smhWn,V/V Digipeater,two_way_data,unknown,inactive,,,AFSK,,documented_uplink_access_unknown,145825000.0,,145825000.0,,VHF,,,,1200.0,,False,https://db.satnogs.org/api/transmitters/?format=json,2025-06-20T22:26:14.079683Z,
PCSAT,26931,MIOI-0494-0446-3367-1916,satnogs:UqNxMAshcYbg4EG6uPEkDt,Mode V - R2 Backup APRS 1K2,data_downlink,unknown,active,,,AFSK,APRS,unknown,,,144390000.0,144390000.0,VHF,,,,1200.0,,False,https://db.satnogs.org/api/transmitters/?format=json,2023-08-23T11:01:25.631082Z,
PCSAT,26931,MIOI-0494-0446-3367-1916,satnogs:2dCbF2jmsxFpHw8ApevTMd,Mode V/V APRS AFSK,two_way_data,unknown,active,2026-09-24T08:46:00+00:00,https://www.amsat.org/status/,AFSK,APRS,documented_uplink_access_unknown,145825000.0,,145825000.0,,VHF,,,,1200.0,,True,https://db.satnogs.org/api/transmitters/?format=json,2019-04-18T05:39:53.343316Z,
PCSAT,26931,MIOI-0494-0446-3367-1916,satnogs:v5NW6by7m6NoK7gC2XCGyF,PE0SAT - 1k2 AFSK APRS,data_downlink,unknown,active,,,AFSK,APRS,unknown,,,145826800.0,145826800.0,VHF,,,,1200.0,,True,https://db.satnogs.org/api/transmitters/?format=json,2019-04-18T05:39:53.343316Z,
PLEIADES-ORPHEUS,98724,IJVK-6151-9121-7874-1695,satnogs:KxvCuuXjeHGRYKYvFQ6TDd,Mode U - LoRa,data_downlink,unknown,active,,,LoRa,LoRa,unknown,,,437400000.0,437400000.0,UHF,,,,,,False,https://db.satnogs.org/api/transmitters/?format=json,2024-12-21T08:28:07.312222Z,
POLYITAN-1,40042,UIYC-4491-1380-9406-8215,satnogs:X9Xu5Zcwr79Yu9v86PfCWX,9k6 FSK TLM,telemetry,unknown,active,,,FSK,,unknown,,,437675000.0,437675000.0,UHF,,,,9600.0,,False,https://db.satnogs.org/api/transmitters/?format=json,2025-03-02T15:45:31.974728Z,
POLYITAN-1,40042,UIYC-4491-1380-9406-8215,satnogs:DWCqS7EMmVoFQKAi9nvJpg,PE0SAT - 9k6 FSK TLM,telemetry,unknown,inactive,,,FSK,,unknown,,,437676000.0,437676000.0,UHF,,,,9600.0,,True,https://db.satnogs.org/api/transmitters/?format=json,2025-03-02T15:47:10.531599Z,
POQUITO,98706,HNKQ-3878-6919-5321-0117,satnogs:FtaJFvydzwS3RArVVK6ipk,Mode U - CW Beacon,beacon,unknown,active,,,CW,,unknown,,,437050000.0,437050000.0,UHF,,,,,,False,https://db.satnogs.org/api/transmitters/?format=json,2025-01-14T08:00:24.986057Z,
POQUITO,98706,HNKQ-3878-6919-5321-0117,satnogs:YrSVRCd2km4tBfQfueMCNC,Mode U - GFSK9k6  -Telemetry,telemetry,unknown,active,,,GFSK,,unknown,,,437050000.0,437050000.0,UHF,,,,9600.0,,False,https://db.satnogs.org/api/transmitters/?format=json,2025-01-14T08:00:55.798842Z,
PRATHAM,41783,BVPV-2085-0638-3310-5387,satnogs:FbMz82s4DtgiUxGVXhn7YY,CW,beacon,unknown,active,,,CW,,unknown,,,145980000.0,145980000.0,VHF,,,,35.0,,False,https://db.satnogs.org/api/transmitters/?format=json,2025-01-14T08:28:53.514089Z,
PRATHAM,41783,BVPV-2085-0638-3310-5387,satnogs:U3w63iVrBkBHNNr73W8mLZ,Mode U FSK1200 AX25,data_downlink,unknown,active,,,FSK,,unknown,,,437455000.0,437455000.0,UHF,,,,1200.0,,False,https://db.satnogs.org/api/transmitters/?format=json,2025-01-14T08:28:48.558038Z,
PROITERES,38756,NHVG-4421-1523-2154-0492,satnogs:B7AVHLzcwbsPnXPag3ZDcf,Mode U CW TLM,beacon; telemetry,unknown,active,,,CW,,unknown,,,437485000.0,437485000.0,UHF,,,,,,False,https://db.satnogs.org/api/transmitters/?format=json,2024-09-26T16:21:53.142162Z,
PeakSat,68416,TMGB-9786-8299-4754-2850,satnogs:43bAmj5TTnNE2MAB3hAtDD,"Mode U - CW (interval 5min) (20 wpm, Time Unit = 60 ms, Dot = 60 ms , Dash = 180 ms, Element Gap = 60ms , Gap btw Chars = 180 ms)",beacon,unknown,active,,,CW,,unknown,,,400500000.0,400500000.0,UHF,,,,20.0,,True,https://db.satnogs.org/api/transmitters/?format=json,2026-03-30T13:16:07.794456Z,
Phase 3-B,14129,WAGS-8572-2494-3083-1675,satnogs:ZyfLeKrLzypeK3Wn9iZrDV,Beacon (unmodulated carrier),beacon,unknown,active,,,CW,,unknown,,,145810000.0,145810000.0,VHF,,,,,,False,https://db.satnogs.org/api/transmitters/?format=json,2020-05-16T14:48:39.958268Z,
Phase 3-B,14129,WAGS-8572-2494-3083-1675,satnogs:ae83giGVVtiqwjkiyPPvAa,Engineering Beacon,beacon,unknown,active,,,CW,,unknown,,,145987000.0,145987000.0,VHF,,,,,,False,https://db.satnogs.org/api/transmitters/?format=json,2020-05-16T06:57:38.709332Z,
Phase 3-B,14129,WAGS-8572-2494-3083-1675,satnogs:QiT2AaUjstdrK4migyAjph,Mode-B Transponder,two_way_voice,unknown,inactive,,,LSB,,documented_uplink_access_unknown,435030000.0,435180000.0,145825000.0,145975000.0,VHF,,,150000.0,,,False,https://db.satnogs.org/api/transmitters/?format=json,2025-06-25T22:14:39.276493Z,
Phase 3-D,26609,VMIE-3340-5003-6094-2811,satnogs:QwQXZ7UYnoNaUyGNb2ZXZ7,1.5 cm Engineering Beacon,beacon,unknown,inactive,,,BPSK,,unknown,,,24048400000.0,24048400000.0,SHF,,,,400.0,,True,https://db.satnogs.org/api/transmitters/?format=json,2019-06-01T15:30:52.328498Z,
Phase 3-D,26609,VMIE-3340-5003-6094-2811,satnogs:NpfPbzkgSisnd8eTghLeSg,1.5 cm General Beacon,beacon,unknown,inactive,,,BPSK,,unknown,,,24048000000.0,24048000000.0,SHF,,,,400.0,,True,https://db.satnogs.org/api/transmitters/?format=json,2019-06-01T15:30:52.331455Z,
Phase 3-D,26609,VMIE-3340-5003-6094-2811,satnogs:FSBKsZz4hJiBkHjfsqcEwH,13cm Engineering Beacon,beacon,unknown,inactive,,,BPSK,,unknown,,,2400600000.0,2400600000.0,UHF,,,,400.0,,True,https://db.satnogs.org/api/transmitters/?format=json,2019-06-01T15:30:52.339582Z,
Phase 3-D,26609,VMIE-3340-5003-6094-2811,satnogs:MvCrLTzaQbwhn79kuQTePA,13cm General Beacon,beacon,unknown,inactive,,,BPSK,,unknown,,,2400200000.0,2400200000.0,UHF,,,,400.0,,True,https://db.satnogs.org/api/transmitters/?format=json,2019-06-01T15:30:52.342324Z,
Phase 3-D,26609,VMIE-3340-5003-6094-2811,satnogs:53cbTqAuEwT5pWwLTJvsZj,2m Middle Beacon,beacon,unknown,inactive,,,BPSK,,unknown,,,145898000.0,145898000.0,VHF,,,,400.0,,True,https://db.satnogs.org/api/transmitters/?format=json,2019-06-01T15:30:52.350167Z,
Phase 3-D,26609,VMIE-3340-5003-6094-2811,satnogs:mqasa5RnDDLsKAH2CJtUka,3cm Engineering Beacon,beacon,unknown,inactive,,,BPSK,,unknown,,,10451400000.0,10451400000.0,SHF,,,,400.0,,True,https://db.satnogs.org/api/transmitters/?format=json,2019-06-01T15:30:52.334298Z,
Phase 3-D,26609,VMIE-3340-5003-6094-2811,satnogs:AKtcopbUMY5sq83r8ZwPVW,3cm General Beacon,beacon,unknown,inactive,,,BPSK,,unknown,,,10451000000.0,10451000000.0,SHF,,,,400.0,,True,https://db.satnogs.org/api/transmitters/?format=json,2019-06-01T15:30:52.337061Z,
Phase 3-D,26609,VMIE-3340-5003-6094-2811,satnogs:XSp7QrKrDsgXMKAUemAcAJ,70cm Engineering Beacon,beacon,unknown,inactive,,,BPSK,,unknown,,,435850000.0,435850000.0,UHF,,,,400.0,,True,https://db.satnogs.org/api/transmitters/?format=json,2019-06-01T15:30:52.344877Z,
Phase 3-D,26609,VMIE-3340-5003-6094-2811,satnogs:Yf75mfr3eS2ozbFyh5UME4,70cm General Beacon,beacon,unknown,active,,,BPSK,,unknown,,,435450000.0,435450000.0,UHF,,,,400.0,,True,https://db.satnogs.org/api/transmitters/?format=json,2024-09-18T23:09:33.389068Z,
Pleiades-Squared,99095,EVDV-0901-7622-1585-8870,satnogs:C8cZ2fLTnAsHDXpyXP65xi,Mode U - FSK,data_downlink,unknown,active,,,FSK,,unknown,,,437400000.0,437400000.0,UHF,,,,125000.0,,True,https://db.satnogs.org/api/transmitters/?format=json,2023-06-15T09:32:08.738759Z,
Pleiades-Squared,99095,EVDV-0901-7622-1585-8870,satnogs:Vp92rtVmiwXC5LdXZEXXAJ,Mode U - LoRa,data_downlink,unknown,active,,,LoRa,LoRa,unknown,,,437400000.0,437400000.0,UHF,,,,125000.0,,False,https://db.satnogs.org/api/transmitters/?format=json,2023-06-12T23:10:25.594978Z,
Pleiades-Squared,99095,EVDV-0901-7622-1585-8870,satnogs:o3ogjufCfA27bbjNZs3DAT,Mode U Beacon,beacon,unknown,active,,,LoRa,LoRa,documented_uplink_access_unknown,437400000.0,,437400000.0,,UHF,,,,,,False,https://db.satnogs.org/api/transmitters/?format=json,2023-06-13T06:34:27.919418Z,
Pleiades-Yearling,99206,JTWO-0218-7578-7568-1991,satnogs:2hYYa7gN4cmDnWMvze5vRH,Primary Downlink / Uplink,data_downlink,unknown,active,,,LoRa,LoRa,unknown,,,437400000.0,437400000.0,UHF,,,,,,False,https://db.satnogs.org/api/transmitters/?format=json,2023-04-09T21:39:23.040118Z,
Polytech Universe-3,57191,BFHE-2231-6239-4744-4815,satnogs:djnGJ6Ef87pQrBuq3vbeLB,Mode U - LoRa 62.5k,data_downlink,unknown,active,,,LoRa,LoRa,unknown,,,436550000.0,436550000.0,UHF,,,,62500.0,,True,https://db.satnogs.org/api/transmitters/?format=json,2023-07-23T11:36:22.002042Z,
Polytech Universe-3,57191,BFHE-2231-6239-4744-4815,satnogs:nJqp5crQ72pxa96Cx8Ls7X,[Experiment] LoRa (62.5 kHz bandwidth) (as FSK),telemetry,unknown,active,,,FSK,LoRa,unknown,,,436550000.0,436550000.0,UHF,,,,38400.0,,True,https://db.satnogs.org/api/transmitters/?format=json,2024-12-19T11:28:08.815781Z,
QB50P1,40025,GJDY-0208-2030-6329-7076,satnogs:AWujQt3WDBqLAmjXYtBgPZ,BPSK Telemetry,telemetry,unknown,active,,,BPSK,,unknown,,,145815000.0,145815000.0,VHF,,,,1200.0,,True,https://db.satnogs.org/api/transmitters/?format=json,2019-04-18T05:39:53.343316Z,
QB50P1,40025,GJDY-0208-2030-6329-7076,satnogs:u62BCJJmjWBRDLxYqLBYC5,CW Beacon,beacon,unknown,active,,,CW,,unknown,,,145880000.0,145880000.0,VHF,,,,15.0,,True,https://db.satnogs.org/api/transmitters/?format=json,2019-04-18T05:39:53.343316Z,
QB50P1,40025,GJDY-0208-2030-6329-7076,satnogs:wVeqTcuPmKzk7LcWKfwmMH,Linear Transponder,two_way_voice,unknown,active,,,USB,,documented_uplink_access_unknown,435047000.0,435077000.0,145935000.0,145965000.0,VHF,,,30000.0,,,True,https://db.satnogs.org/api/transmitters/?format=json,2019-04-18T05:39:53.343316Z,
QB50P1,40025,GJDY-0208-2030-6329-7076,satnogs:qgm5DPSVdJ86YzehiYWQcX,PE0SAT - 1k2 BPSK TLM,telemetry,unknown,active,,,BPSK,,unknown,,,145813660.0,145813660.0,VHF,,,,1200.0,,True,https://db.satnogs.org/api/transmitters/?format=json,2019-04-18T05:39:53.343316Z,
QB50P2,40032,HHWQ-8145-7306-2252-6043,satnogs:QE9FpDcXwx383HzouMDGCL,CW Beacon,beacon,unknown,active,,,CW,,unknown,,,145880000.0,145880000.0,VHF,,,,15.0,,True,https://db.satnogs.org/api/transmitters/?format=json,2019-04-18T05:39:53.343316Z,
QB50P2,40032,HHWQ-8145-7306-2252-6043,satnogs:6DQp67crsBzih2LWRGFNFM,PE0SAT - 1k2 BPSK TLM,telemetry,unknown,active,,,BPSK,,unknown,,,145878740.0,145878740.0,VHF,,,,1200.0,,True,https://db.satnogs.org/api/transmitters/?format=json,2019-04-18T05:39:53.343316Z,
QMR-KWT 2,67291,KXQQ-3629-0199-1434-6296,satnogs:93CW2HGV4qFhiLLDRCpomn,Mode U - GMSK2k4 - Telemetry,telemetry,unknown,active,,,GMSK,,unknown,,,436950000.0,436950000.0,UHF,,,,9600.0,,False,https://db.satnogs.org/api/transmitters/?format=json,2026-02-21T11:47:31.101984Z,
QMR-KWT 2,67291,KXQQ-3629-0199-1434-6296,satnogs:AeDo8VuKWD3VWRgfDk7bt7,SSTV,image_downlink,unknown,active,2026-09-23T16:16:00+00:00,https://www.amsat.org/status/,,SSTV,unknown,,,436950000.0,436950000.0,UHF,,,,,,False,https://db.satnogs.org/api/transmitters/?format=json,2026-02-24T15:14:29.142926Z,
QMR-KWT 2,67291,KXQQ-3629-0199-1434-6296,satnogs:Uk5hQghz5kdPbaKBRHxsCU,V/U FM Transponder CTCSS 67.0 Hz,two_way_voice,unknown,active,2026-09-23T16:46:00+00:00,https://www.amsat.org/status/,FM,,documented_uplink_access_unknown,145920000.0,,436950000.0,,UHF,,,,,,False,https://db.satnogs.org/api/transmitters/?format=json,2026-05-16T14:36:10.572507Z,
QUAKESAT,27845,HSIF-3942-9654-8919-1112,satnogs:XJk43w7uh7vAD4Whayo9Jg,Mode U - GMSK 9k6 (G3RUH) TLM,telemetry,unknown,active,,,FSK,,unknown,,,436675000.0,436675000.0,UHF,,,,9600.0,,False,https://db.satnogs.org/api/transmitters/?format=json,2023-12-13T09:26:13.626266Z,
QUBE,60476,ZYDE-4447-8719-9309-2022,satnogs:C967yF4Gw7iidAxWrxmPHY,Mode U - FSK9k6 - Transmitter,data_downlink,unknown,active,,,FSK,,unknown,,,435600000.0,435600000.0,UHF,,,,9600.0,,False,https://db.satnogs.org/api/transmitters/?format=json,2024-10-21T09:09:02.481847Z,
RADIO ROSTO,23439,DBOZ-6429-8624-3701-8847,satnogs:ybJ86zjXzQxDReZ5skY56B,Mode T TLM 1,beacon; telemetry,unknown,active,,,CW,,unknown,,,29352500.0,29352500.0,HF,,,,,,True,https://db.satnogs.org/api/transmitters/?format=json,2026-02-14T12:36:53.449144Z,
RADIO ROSTO,23439,DBOZ-6429-8624-3701-8847,satnogs:Ge5Tjswy2cxH9kMr7pUCzP,Mode T TLM 2,beacon; telemetry,unknown,inactive,,,CW,,unknown,,,29398700.0,29398700.0,HF,,,,,,True,https://db.satnogs.org/api/transmitters/?format=json,2026-02-14T12:37:02.203116Z,
RADIO ROSTO,23439,DBOZ-6429-8624-3701-8847,satnogs:gwjfrzSjLGpoukyoPnpXfb,V/T (Mode A) Transponder,two_way_voice,unknown,inactive,,,USB,,documented_uplink_access_unknown,145858000.0,145898000.0,29354000.0,29394000.0,HF,,,40000.0,,,False,https://db.satnogs.org/api/transmitters/?format=json,2026-02-14T12:38:31.088457Z,
RANDEV,52898,LYKB-5376-2648-5150-0020,satnogs:WavQVTLDnG97TSkkvbaT7B,Mode U - BPSK9k6,data_downlink,unknown,inactive,,,BPSK,,unknown,,,436028500.0,436028500.0,UHF,,,,9600.0,,True,https://db.satnogs.org/api/transmitters/?format=json,2022-07-01T15:26:42.800190Z,
RANGE A,43772,AORC-4589-7955-4109-3531,satnogs:oYUaYcoHMrzKPVW2FhaXNh,FSK,data_downlink,unknown,active,,,FSK,,unknown,,,437150000.0,437150000.0,UHF,,,,9600.0,,False,https://db.satnogs.org/api/transmitters/?format=json,2025-03-10T17:21:02.124595Z,
RANGE A,43772,AORC-4589-7955-4109-3531,satnogs:PamzvHvsAxx3VzZtYLZ5Hg,GFSK Commissioning Phase,data_downlink,unknown,active,,,GFSK,,unknown,,,437150000.0,437150000.0,UHF,,,,2400.0,,True,https://db.satnogs.org/api/transmitters/?format=json,2025-03-10T17:21:05.275791Z,
RANGE A,43772,AORC-4589-7955-4109-3531,satnogs:SogJiSn8iCS7piP4bhAzJP,GFSK Commissioning Phase (crosslink),data_downlink,unknown,active,,,GFSK,,unknown,,,437475000.0,437475000.0,UHF,,,,2400.0,,True,https://db.satnogs.org/api/transmitters/?format=json,2025-03-10T17:21:08.463514Z,
RANGE B,43773,OTVL-0209-5913-2544-1321,satnogs:MynGCofqjNakTmW9AnGkb4,FSK,data_downlink,unknown,active,,,FSK,,unknown,,,437475000.0,437475000.0,UHF,,,,9600.0,,False,https://db.satnogs.org/api/transmitters/?format=json,2025-03-10T17:20:49.965945Z,
RANGE B,43773,OTVL-0209-5913-2544-1321,satnogs:mvUyauiYL7dgkeK3F8wLc6,GFSK Commissioning Phase,data_downlink,unknown,active,,,GFSK,,unknown,,,437475000.0,437475000.0,UHF,,,,2400.0,,True,https://db.satnogs.org/api/transmitters/?format=json,2025-03-10T17:20:54.779037Z,
RANGE B,43773,OTVL-0209-5913-2544-1321,satnogs:JLARnjSiYKTiPcmikCxKyW,GFSK Commissioning Phase (crosslink),data_downlink,unknown,active,,,GFSK,,unknown,,,437150000.0,437150000.0,UHF,,,,2400.0,,True,https://db.satnogs.org/api/transmitters/?format=json,2025-03-10T17:20:58.220353Z,
REAL,64875,ZNYX-2468-9597-3161-5205,satnogs:ZSHUEPEL9UB6nbTq8Kpd8x,Mode U - GFSK9k6 - Beacon,beacon,unknown,active,,,GFSK,,unknown,,,450060000.0,450060000.0,UHF,,,,9600.0,,True,https://db.satnogs.org/api/transmitters/?format=json,2025-07-21T14:20:12.906986Z,
RIDU-Sat 1,98600,IDDA-3367-7223-2853-3512,satnogs:8mKJkGXE6EJDSQ84y786Am,Mode V - GMSK1k2,data_downlink,unknown,active,,,GMSK,,unknown,,,145925000.0,145925000.0,VHF,,,,1200.0,,False,https://db.satnogs.org/api/transmitters/?format=json,2025-06-28T09:07:05.835809Z,
RIDU-Sat 1,98600,IDDA-3367-7223-2853-3512,satnogs:JLo4L8x2AjaMMsZKQy5Bdp,Mode V/V - AFSK1k2 - APRS Digipeater,two_way_data,unknown,active,,,AFSK,APRS,documented_uplink_access_unknown,145825000.0,,145825000.0,,VHF,,,,1200.0,,False,https://db.satnogs.org/api/transmitters/?format=json,2025-06-21T08:51:13.124513Z,
ROBUSTA-3A,60243,AEYC-6866-6455-5236-7157,satnogs:b87T8grefAjihKP5TovwkJ,Mode U - GMSK38k4 - AX.25,data_downlink,unknown,active,,,GMSK,AX.25,unknown,,,436750000.0,436750000.0,UHF,,,,38400.0,,False,https://db.satnogs.org/api/transmitters/?format=json,2025-09-23T14:46:16.980758Z,
ROBUSTA-3A,60243,AEYC-6866-6455-5236-7157,satnogs:cDtEvt9z4hhtxj8QiPTtkw,Mode U - GMSK9k6 - AX.25,data_downlink,unknown,active,,,GMSK,AX.25,unknown,,,436750000.0,436750000.0,UHF,,,,9600.0,,False,https://db.satnogs.org/api/transmitters/?format=json,2024-07-09T09:10:12.841643Z,
RS-43,39133,VWRK-3457-9973-7957-3445,satnogs:kVa8BfMhriGbpkRXJKJD79,Mode U - DOKA,data_downlink,unknown,active,,,,,unknown,,,435215000.0,435215000.0,UHF,,,,4800.0,,True,https://db.satnogs.org/api/transmitters/?format=json,2022-02-01T14:02:28.116962Z,
RTU MIREA1,61785,UKBO-2090-2618-8439-9299,satnogs:4zLpSzVhsvxxRZmtVXKUf7,Mode U - CW Beacon,beacon,unknown,active,,,CW,,unknown,,,436200000.0,436200000.0,UHF,,,,,,False,https://db.satnogs.org/api/transmitters/?format=json,2024-05-13T10:30:26.884772Z,
RTU MIREA1,61785,UKBO-2090-2618-8439-9299,satnogs:N9yDVcJSmJ4r3Em6M3dfTa,Mode U - GFSK9k6 - AX.25 Beacon and Telemetry (Geoscan framing),beacon; telemetry,unknown,active,,,GFSK,AX.25,unknown,,,436200000.0,436200000.0,UHF,,,,9600.0,,True,https://db.satnogs.org/api/transmitters/?format=json,2025-05-12T05:03:49.845931Z,
RTU MIREA1,61785,UKBO-2090-2618-8439-9299,satnogs:h3y8XpQnBy6i9UvPmfwSKr,Mode U - SSTV,image_downlink,unknown,inactive,,,,SSTV,unknown,,,436200000.0,436200000.0,UHF,,,,,,False,https://db.satnogs.org/api/transmitters/?format=json,2024-05-13T10:30:36.860082Z,
ReshUCube-2,57168,SEMQ-5896-1667-7154-6568,satnogs:TbTfWtfLAYutkPtaco5dyb,"LoRa: BW 125kHz, SF 7",data_downlink,unknown,active,,,LoRa,LoRa,unknown,,,436000000.0,436000000.0,UHF,,,,,,True,https://db.satnogs.org/api/transmitters/?format=json,2024-04-02T15:56:42.860142Z,
ReshUCube-2,57168,SEMQ-5896-1667-7154-6568,satnogs:ApfUKhYM8XytGXTvqFgtrR,Mode U - DOKA 9k6,data_downlink,unknown,inactive,,,,,unknown,,,435742000.0,435742000.0,UHF,,,,9600.0,,True,https://db.satnogs.org/api/transmitters/?format=json,2023-09-10T13:12:52.620636Z,
ReshUCube-2,57168,SEMQ-5896-1667-7154-6568,satnogs:iQvF6TMfThiRiwWfa44DD8,Mode U - DOKA 9k6,data_downlink,unknown,inactive,,,,,unknown,,,435640000.0,435640000.0,UHF,,,,9600.0,,True,https://db.satnogs.org/api/transmitters/?format=json,2023-09-10T13:12:46.322439Z,
ReshUCube-2,57168,SEMQ-5896-1667-7154-6568,satnogs:DkL5M2tzFk2DhqTsppwhX4,Mode U - Transmitter,data_downlink,unknown,inactive,,,FSK,,unknown,,,436675000.0,436675000.0,UHF,,,,9600.0,,True,https://db.satnogs.org/api/transmitters/?format=json,2023-07-04T03:25:45.225333Z,
S-Net A,43188,MCHL-8693-9902-0813-2147,satnogs:PDnTJt7D37Ke8MCxi59CE7,AFSK 1k2 TLM,telemetry,unknown,active,,,AFSK,,unknown,,,435950000.0,435950000.0,UHF,,,,1200.0,,False,https://db.satnogs.org/api/transmitters/?format=json,2020-02-04T21:18:12.124328Z,
S-Net B,43187,EFAY-8089-9221-6385-2409,satnogs:jNtREHXsKo2T4HLMWJRZwR,AFSK 1k2 TLM,telemetry,unknown,active,,,AFSK,,unknown,,,435950000.0,435950000.0,UHF,,,,1200.0,,False,https://db.satnogs.org/api/transmitters/?format=json,2020-02-04T21:18:12.123709Z,
S-Net C,43189,GRBF-7624-2517-1207-4873,satnogs:JzaoM9sEECPEUNSEw59ZDm,AFSK 1k2 TLM,telemetry,unknown,active,,,AFSK,,unknown,,,435950000.0,435950000.0,UHF,,,,1200.0,,False,https://db.satnogs.org/api/transmitters/?format=json,2020-02-04T21:18:12.123067Z,
S-Net C,43189,GRBF-7624-2517-1207-4873,satnogs:SM5KrwLpq7CgbdqLNgPu82,MODE FM VOICE - WRONG ASSIGNED BELONGS TO D-STAR ONE,downlink_audio,unknown,inactive,,,,DSTAR,unknown,,,435525000.0,435525000.0,UHF,,,,,,True,https://db.satnogs.org/api/transmitters/?format=json,2019-04-18T05:39:53.343316Z,
S-Net D,43186,XPSM-2524-2392-8428-5297,satnogs:BQHNVvqPs2Lniez5FbNckc,AFSK 1k2 TLM,telemetry,unknown,active,,,AFSK,,unknown,,,435950000.0,435950000.0,UHF,,,,1200.0,,False,https://db.satnogs.org/api/transmitters/?format=json,2020-02-04T21:18:12.122247Z,
SAKHACUBE-CHOLBON,67290,CPWN-2484-4785-1722-0154,satnogs:cPWdgEZvh3Va7ezGTjwJgr,Mode U - GMSK2k4 - USP,data_downlink,unknown,active,,,GMSK,,unknown,,,437350000.0,437350000.0,UHF,,,,2400.0,,False,https://db.satnogs.org/api/transmitters/?format=json,2025-12-28T11:36:25.216655Z,
SAKHACUBE-CHOLBON,67290,CPWN-2484-4785-1722-0154,satnogs:E4mCLUFvYHcuMHqU6syKoA,Mode U - GMSK9k6 - USP,data_downlink,unknown,active,,,GMSK,,unknown,,,437350000.0,437350000.0,UHF,,,,9600.0,,False,https://db.satnogs.org/api/transmitters/?format=json,2026-01-28T12:14:29.095986Z,
SAKHACUBE-CHOLBON,67290,CPWN-2484-4785-1722-0154,satnogs:bifREsRPzUcPKFQeriTwGT,SSTV,image_downlink,unknown,active,2026-09-23T16:31:00+00:00,https://www.amsat.org/status/,,SSTV,unknown,,,437350000.0,437350000.0,UHF,,,,,,False,https://db.satnogs.org/api/transmitters/?format=json,2026-02-12T15:31:54.648521Z,
SAL-E,68458,WKBS-6047-7369-7033-9398,satnogs:GhJEeETxPkgBkMB8dQXUhg,AX.25 FSK9k6 BEACON,beacon,unknown,active,,,FSK,AX.25,unknown,,,436965000.0,436965000.0,UHF,,,,9600.0,,True,https://db.satnogs.org/api/transmitters/?format=json,2026-03-08T09:16:22.252093Z,
SALSAT,46495,CWCJ-6029-4779-5201-8503,satnogs:2y8DRYd4fMKKHYrP67s6Fb,AFSK 1k2 TLM,telemetry,unknown,active,,,AFSK,,unknown,,,435950000.0,435950000.0,UHF,,,,1200.0,,False,https://db.satnogs.org/api/transmitters/?format=json,2021-08-24T14:07:21.435785Z,
SATURN,57174,KATA-8177-7690-1660-7290,satnogs:8RZw9PgCHSky4HHJ6g7N7g,DOKA,data_downlink,unknown,active,,,,,unknown,,,435790000.0,435790000.0,UHF,,,,,,True,https://db.satnogs.org/api/transmitters/?format=json,2024-09-04T18:16:57.935311Z,
SATURN,57174,KATA-8177-7690-1660-7290,satnogs:4T8D7kLMyV8rF5r4rpBnfd,Mode U - Transmitter,data_downlink,unknown,active,,,AFSK,,unknown,,,435790000.0,435790000.0,UHF,,,,1200.0,,True,https://db.satnogs.org/api/transmitters/?format=json,2023-12-27T14:44:38.523750Z,
SATURNIN-1,98671,ZRUJ-5863-3206-3578-5209,satnogs:Bvg4zJeV2N6yDcctvDxNpL,Mode U - Beacon,beacon,unknown,active,,,FSK,,unknown,,,401900000.0,401900000.0,UHF,,,,4800.0,,True,https://db.satnogs.org/api/transmitters/?format=json,2025-01-24T20:28:06.408623Z,
SAUDISAT 1C,27607,IRES-5964-9687-1982-0089,satnogs:Y9P45XRJH8yAsbDDe4qHnE,Mode V/U FM Voice CTCSS 67.0 Hz,two_way_voice,active,active,2026-09-24T23:00:00+00:00,https://www.amsat.org/status/,FM,,documented_uplink_access_unknown,145850000.0,,436795000.0,,UHF,,,,,,True,https://db.satnogs.org/api/transmitters/?format=json,2019-06-15T17:55:11.883783Z,
SCION-X,98266,PRGL-6119-5697-2117-3482,satnogs:mNMMaijghJDKPjHd5b4d3H,Mode U - GFSK9k6,data_downlink,unknown,active,,,GFSK,,unknown,,,437500000.0,437500000.0,UHF,,,,9600.0,,False,https://db.satnogs.org/api/transmitters/?format=json,2026-07-07T06:34:23.540481Z,
SCION-X,98266,PRGL-6119-5697-2117-3482,satnogs:Z3QiGhjEGUaXGzZbdV9fD3,Mode V/V - AFSK1k2 - Digipeater - AX.25,two_way_data,unknown,active,,,AFSK,AX.25,documented_uplink_access_unknown,145825000.0,,145825000.0,,VHF,,,,1200.0,,False,https://db.satnogs.org/api/transmitters/?format=json,2026-07-07T15:58:56.878125Z,
SCOOB-II,57484,ARJF-4282-1922-6487-5841,satnogs:N3aDJzJY3fpCH87qghuSeJ,Mode U - GFKS9k6,data_downlink,unknown,active,,,GFSK,,unknown,,,437500000.0,437500000.0,UHF,,,,9600.0,,True,https://db.satnogs.org/api/transmitters/?format=json,2023-07-30T08:07:42.411295Z,
SDS-3 F-5,32378,BIVL-9652-7057-1283-5418,satnogs:EsoK8aFPnPr68f9pbEBUNE,CW Carrier,beacon,unknown,inactive,,,CW,,unknown,,,2242504000.0,2242504000.0,UHF,,,,,,True,https://db.satnogs.org/api/transmitters/?format=json,2023-07-24T19:36:04.125353Z,
SDX01,62459,QOOS-3019-6878-3537-6193,satnogs:V6Xq9zFyN7iKLd86yEkXkg,Mode U TLM,telemetry,unknown,active,,,BPSK,,unknown,,,436500000.0,436500000.0,UHF,,,,9600.0,,True,https://db.satnogs.org/api/transmitters/?format=json,2025-02-02T12:34:44.674845Z,
SDX02,62460,UUIC-2721-5016-2935-6643,satnogs:U69kMkdfcthQZn4vfVxfz7,Mode U - Transmitter - Intersatellite,data_downlink,unknown,active,,,,,unknown,,,436500000.0,436500000.0,UHF,,,,30600.0,,True,https://db.satnogs.org/api/transmitters/?format=json,2026-07-11T08:21:03.453223Z,
SECOR 13,3891,SLEP-8352-7755-7849-8370,satnogs:2uBXYXAK9hSXzdW7pjrvH8,Carrier,beacon,unknown,active,,,CW,,unknown,,,136800000.0,136800000.0,VHF,,,,,,True,https://db.satnogs.org/api/transmitters/?format=json,2022-08-18T07:49:23.303575Z,
SEEDS II,32791,WLHF-1710-4037-0881-2319,satnogs:fqnBqnTm3fxX4rbpF55tPS,CW,beacon,unknown,active,,,CW,,unknown,,,437485000.0,437485000.0,UHF,,,,18.0,,False,https://db.satnogs.org/api/transmitters/?format=json,2025-07-15T08:04:44.697044Z,
SEEDS II,32791,WLHF-1710-4037-0881-2319,satnogs:83vZm8YxPFoXjEzH9yhy4V,Mode U Digi,data_downlink,unknown,active,,,FMN,,unknown,,,437485000.0,437485000.0,UHF,,,,,,True,https://db.satnogs.org/api/transmitters/?format=json,2019-04-18T05:39:53.343316Z,
SEEDS II,32791,WLHF-1710-4037-0881-2319,satnogs:nJWyfQ4aLw7GVKboLhni6j,Mode U SSTV,image_downlink,unknown,active,,,,SSTV,unknown,,,437485000.0,437485000.0,UHF,,,,,,True,https://db.satnogs.org/api/transmitters/?format=json,2025-09-04T17:07:50.278234Z,
SEEDS II,32791,WLHF-1710-4037-0881-2319,satnogs:WzUhZvVherckTDUttWu3dW,Mode U TLM,telemetry,unknown,active,,,AFSK,,unknown,,,437485000.0,437485000.0,UHF,,,,1200.0,,True,https://db.satnogs.org/api/transmitters/?format=json,2025-07-15T08:04:37.060741Z,
SEEDS II,32791,WLHF-1710-4037-0881-2319,satnogs:N7SGiqMhkHpjfjeGh42wvX,PE0SAT - CW Beacon,beacon,unknown,active,,,CW,,unknown,,,437485700.0,437485700.0,UHF,,,,,,True,https://db.satnogs.org/api/transmitters/?format=json,2019-04-18T05:39:53.343316Z,
SHINSEI (MS-F2),5485,RKRU-2930-8927-7743-2506,satnogs:W5XGVHkd8Cgk42r9GfUemU,carrier wave,beacon,unknown,active,,,CW,,unknown,,,136694000.0,136694000.0,VHF,,,,,,True,https://db.satnogs.org/api/transmitters/?format=json,2020-10-24T11:40:07.473065Z,
SNIPE A,56749,AYLO-6910-6407-3496-4588,satnogs:ia6xp4HBLciUazfmyTCCUw,Mode U - MSK4k8,data_downlink,unknown,active,,,MSK,,unknown,,,435450000.0,435450000.0,UHF,,,,4800.0,,True,https://db.satnogs.org/api/transmitters/?format=json,2023-05-25T14:26:07.780562Z,
SNIPE B,56745,KZDM-2447-6592-4881-9320,satnogs:fDywUVLPJc2FMkFoYv7EeV,Mode U - MSK4k8,data_downlink,unknown,active,,,MSK,,unknown,,,436000000.0,436000000.0,UHF,,,,4800.0,,True,https://db.satnogs.org/api/transmitters/?format=json,2023-05-25T14:26:12.244872Z,
SNIPE D,56744,EOVQ-9559-0511-0103-2591,satnogs:HZCY6kQFouqfFPreQUbPUe,Mode U - MSK4k8,data_downlink,unknown,active,,,FSK,,unknown,,,437800000.0,437800000.0,UHF,,,,4800.0,,True,https://db.satnogs.org/api/transmitters/?format=json,2026-05-24T19:40:05.651181Z,
SNUGLITE,43784,SVDW-0245-3507-2344-8404,satnogs:NTAbJCQ75TbkNGqXA4gMYi,GMSK9k6 TLM,telemetry,unknown,active,,,GMSK,,unknown,,,437275000.0,437275000.0,UHF,,,,9600.0,,True,https://db.satnogs.org/api/transmitters/?format=json,2024-09-18T10:25:38.521394Z,
SNUGLITE-II,52899,YFNZ-9504-4902-9033-1722,satnogs:gR9sApts4mDWCt7UT2xuB8,Mode S - DQPSK,data_downlink,unknown,active,,,DQPSK,,unknown,,,2405000000.0,2405000000.0,UHF,,,,,,False,https://db.satnogs.org/api/transmitters/?format=json,2022-06-28T18:39:36.710599Z,
SNUGLITE-II,52899,YFNZ-9504-4902-9033-1722,satnogs:TtqBg6WbPQPrkWVh94mA3t,Mode U -  9k6 GMSK AX25 G3RUH TLM,telemetry,unknown,active,,,GMSK,,unknown,,,436490000.0,436490000.0,UHF,,,,9600.0,,False,https://db.satnogs.org/api/transmitters/?format=json,2022-07-01T18:19:35.353739Z,
SNUGLITE-III DURI,98497,JAUW-7193-3193-5642-8786,satnogs:CA7TFRyoYTT8iuG252vQGJ,Mode U - GMSK9k6  - AX25 G3RUH - TLM,telemetry,unknown,active,,,GMSK,,unknown,,,436788000.0,436788000.0,UHF,,,,9600.0,,False,https://db.satnogs.org/api/transmitters/?format=json,2025-11-24T15:34:05.597852Z,
SNUGLITE-III HANA,98496,CWDV-0028-2331-0716-8618,satnogs:Ah3NeayexVX5LSK4BTqTKY,Mode U - GMSK9k6  - AX25 G3RUH - TLM,telemetry,unknown,active,,,GMSK,,unknown,,,436460000.0,436460000.0,UHF,,,,9600.0,,False,https://db.satnogs.org/api/transmitters/?format=json,2025-11-24T15:34:10.790928Z,
SNUSAT-2,43782,XMWA-7479-5747-5343-7120,satnogs:r2ctUdgLzgahyvqhZNkUfJ,BPSK2k4 TLM,telemetry,unknown,inactive,,,BPSK,,unknown,,,437625000.0,437625000.0,UHF,,,,2400.0,,True,https://db.satnogs.org/api/transmitters/?format=json,2025-09-24T10:33:11.407377Z,
SNUSAT-2,43782,XMWA-7479-5747-5343-7120,satnogs:iBQfxBSV3gGMw8odR8tYke,BPSK9k6 TLM,telemetry,unknown,inactive,,,BPSK,,unknown,,,437625000.0,437625000.0,UHF,,,,9600.0,,True,https://db.satnogs.org/api/transmitters/?format=json,2025-09-24T10:33:24.079764Z,
SNUSAT-2,43782,XMWA-7479-5747-5343-7120,satnogs:GU8vZTXWeWs4pARnHGccHm,DQPSK 1.06Mbit/s,data_downlink,unknown,inactive,,,DQPSK,,unknown,,,2402000000.0,2402000000.0,UHF,,,,,,True,https://db.satnogs.org/api/transmitters/?format=json,2025-09-24T10:33:17.075055Z,
SOLARAS,98254,HQUJ-1477-2356-8418-6343,satnogs:oN3sgqFk6odV9yAghNNfwN,Mode U - FSK9k6 - Telemetry,telemetry,unknown,active,,,FSK,,unknown,,,437450000.0,437450000.0,UHF,,,,9600.0,,False,https://db.satnogs.org/api/transmitters/?format=json,2026-07-18T12:50:51.119799Z,
SONATE-2,59112,PBTZ-3525-0189-2410-5216,satnogs:Fo5WYJpLBKNyNQyqiuNXnw,Mode U - GMSK9k6 - AX.25 G3RUH - Telemetry,telemetry,unknown,active,,,GMSK,AX.25,unknown,,,437025000.0,437025000.0,UHF,,,,9600.0,,False,https://db.satnogs.org/api/transmitters/?format=json,2024-02-21T16:28:45.041678Z,
SONATE-2,59112,PBTZ-3525-0189-2410-5216,satnogs:KK2ZKWx59ArGiPuhxUs9aC,Mode V - CW,beacon,unknown,active,,,CW,,unknown,,,145840000.0,145840000.0,VHF,,,,,,False,https://db.satnogs.org/api/transmitters/?format=json,2024-02-21T16:28:32.643045Z,
SONATE-2,59112,PBTZ-3525-0189-2410-5216,satnogs:Z4sobeTCrUzsnur45AiJVK,Mode V - SSTV - Martin M1 SSTV,image_downlink,active,active,2026-09-19T15:00:00+00:00,https://www.amsat.org/status/,,SSTV,unknown,,,145880000.0,145880000.0,VHF,,,,,,False,https://db.satnogs.org/api/transmitters/?format=json,2024-03-08T15:19:39.514266Z,
SONATE-2,59112,PBTZ-3525-0189-2410-5216,satnogs:HaaJeCRRdYWsknWChvL8tZ,Mode V/V - APRS digipeater,two_way_data,active,active,2026-09-24T22:16:00+00:00,https://www.amsat.org/status/,AFSK,APRS,documented_uplink_access_unknown,145825000.0,,145825000.0,,VHF,,,,1200.0,,False,https://db.satnogs.org/api/transmitters/?format=json,2024-07-26T16:08:37.375133Z,
SPIRONE,98492,WNIW-3579-8441-1864-2418,satnogs:VSvmewaBJyFQMSjnQJn9z5,Mode S - BPSK - 500bps - Transmitter,data_downlink,unknown,active,,,BPSK,,unknown,,,2425100000.0,2425100000.0,UHF,,,,500.0,,False,https://db.satnogs.org/api/transmitters/?format=json,2025-11-25T10:49:01.653347Z,
SPIRONE,98492,WNIW-3579-8441-1864-2418,satnogs:L4Vysu3e83B6WTbkiweFC8,Mode U - GMSK9k6 - Transmitter,data_downlink,unknown,active,,,GMSK,,unknown,,,436650000.0,436650000.0,UHF,,,,9600.0,,False,https://db.satnogs.org/api/transmitters/?format=json,2025-11-25T10:01:46.433743Z,
SPNeX,66993,MJHK-8142-6331-2302-6358,satnogs:AWBusAxQ4MHCmmDN3B6ZBa,Mode U - Transmitter,beacon,unknown,active,,,CW,,unknown,,,437719000.0,437719000.0,UHF,,,,,,True,https://db.satnogs.org/api/transmitters/?format=json,2025-12-24T12:40:33.148984Z,
SRMSAT,37841,RSRT-1057-1646-8612-1423,satnogs:XvPtteeoMRay7B3n3akDJE,CW Beacon,beacon,unknown,active,,,CW,,unknown,,,437425000.0,437425000.0,UHF,,,,,,False,https://db.satnogs.org/api/transmitters/?format=json,2020-09-29T05:46:43.034023Z,
STARS,33498,RCSI-2248-9538-7513-4618,satnogs:DRj6FqAVpjVG4UH7TRFWap,CW (JR5YBO),beacon,unknown,active,,,CW,,unknown,,,437275000.0,437275000.0,UHF,,,,,,False,https://db.satnogs.org/api/transmitters/?format=json,2025-03-09T16:09:46.204890Z,
STEP CubeLab-II,52897,ODFG-1778-1250-1047-4122,satnogs:HvjBDaVmyPnAKujaKKkGHL,Mode U - GMSK 9600 AX.25,data_downlink,unknown,active,,,GMSK,AX.25,unknown,,,437485000.0,437485000.0,UHF,,,,9600.0,,True,https://db.satnogs.org/api/transmitters/?format=json,2022-06-29T05:09:58.107564Z,
STRAND-1,39090,IFDT-2351-8184-5400-1710,satnogs:p7t87ZPTo5NTCxpY5P2bm5,UHF 9k6 FSK TLM,telemetry,unknown,inactive,,,FSK,,unknown,,,437568000.0,437568000.0,UHF,,,,9600.0,,True,https://db.satnogs.org/api/transmitters/?format=json,2024-06-09T12:40:26.128057Z,
SWISSCUBE,35932,BTIX-5441-6034-5221-2014,satnogs:umF8WmqmSSiMVnfbPUwNh4,CW Beacon,beacon,unknown,active,,,CW,,unknown,,,437505000.0,437505000.0,UHF,,,,,,True,https://db.satnogs.org/api/transmitters/?format=json,2019-04-18T05:39:53.343316Z,
SWISSCUBE,35932,BTIX-5441-6034-5221-2014,satnogs:HtEGx3wfyNjXDxoFEvBTrc,FSK 1k2 Beacon,beacon,unknown,active,,,AFSK,,unknown,,,437505000.0,437505000.0,UHF,,,,1200.0,,True,https://db.satnogs.org/api/transmitters/?format=json,2019-04-18T05:39:53.343316Z,
SWISSCUBE,35932,BTIX-5441-6034-5221-2014,satnogs:yA9kEtgExZb7QvBrpWxu77,PE0SAT - 1k2 BPSK AFSK Tones,data_downlink,unknown,active,,,BPSK,,unknown,,,437500000.0,437500000.0,UHF,,,,1200.0,,True,https://db.satnogs.org/api/transmitters/?format=json,2020-01-07T19:37:14.623991Z,
SWISSCUBE,35932,BTIX-5441-6034-5221-2014,satnogs:qkFttEau6SfHo2jM3kcftm,PE0SAT - CW Beacon,beacon,unknown,active,,,CW,,unknown,,,437500700.0,437500700.0,UHF,,,,,,True,https://db.satnogs.org/api/transmitters/?format=json,2019-04-18T05:39:53.343316Z,
SWSU-60,98783,XQMC-1711-8221-5134-0228,satnogs:6uHuUjJUw6qL4sAqHQkJbV,Mode U - AFSK 1k135 Beacon TLM,beacon; telemetry,unknown,active,,,AFSK,,unknown,,,437050000.0,437050000.0,UHF,,,,1135.0,,False,https://db.satnogs.org/api/transmitters/?format=json,2024-10-31T11:28:11.919653Z,
SWSU-60,98783,XQMC-1711-8221-5134-0228,satnogs:J7sjMfz7b2SeCrrWFX9PVk,Mode U - AFSK 1k135 Beacon TLM,beacon; telemetry,unknown,active,,,AFSK,,unknown,,,435750000.0,435750000.0,UHF,,,,1135.0,,False,https://db.satnogs.org/api/transmitters/?format=json,2024-10-31T11:28:16.546787Z,
SamSat-ION,57173,ODQC-6867-8683-7650-3513,satnogs:4CQ5HFfvEJKT8kwVGVmKHr,Mode U - FSK1k2 AX.25 TLM,telemetry,unknown,active,,,FSK,AX.25,unknown,,,437400000.0,437400000.0,UHF,,,,2400.0,,True,https://db.satnogs.org/api/transmitters/?format=json,2023-08-11T19:42:54.186408Z,
SamSat-ION,57173,ODQC-6867-8683-7650-3513,satnogs:B7nHYycGfituvjihFDgMaP,SamSat-ION Beacon,beacon,unknown,active,,,CW,,unknown,,,437402000.0,437402000.0,UHF,,,,,,False,https://db.satnogs.org/api/transmitters/?format=json,2023-06-27T18:04:04.875800Z,
SamSat-Ionosphere,61784,WEXS-3459-9433-8558-2912,satnogs:DELFiUrNXdbSo7cbyPXomZ,FSK1k2 - AX.25 Beacon,beacon,unknown,active,,,FSK,AX.25,unknown,,,437400000.0,437400000.0,UHF,,,,1200.0,,False,https://db.satnogs.org/api/transmitters/?format=json,2024-11-11T11:29:20.711178Z,
Sapling Sempervirens,99237,FIDX-2591-9245-4209-0806,satnogs:RmdkHfeNPpsn6UgUwzKviU,Mode U - LoRa,data_downlink,unknown,active,,,LoRa,LoRa,unknown,,,437400000.0,437400000.0,UHF,,,,,,False,https://db.satnogs.org/api/transmitters/?format=json,2023-04-09T21:37:13.839540Z,
Serenity,98886,NLMG-8530-4252-9412-4157,satnogs:CWTLV6W2epnXAkbVzBpM9X,Mode U - GFSK,data_downlink,unknown,active,,,GFSK,,unknown,,,437000000.0,437000000.0,UHF,,,,4800.0,,False,https://db.satnogs.org/api/transmitters/?format=json,2024-07-01T20:10:43.552485Z,
Sharjahsat-1,55104,DELH-6722-1461-1897-7938,satnogs:a5syeweJRYv67mvgnJvhDN,CW Beacon,beacon,unknown,inactive,,,CW,,unknown,,,437325000.0,437325000.0,UHF,,,,,,False,https://db.satnogs.org/api/transmitters/?format=json,2023-01-20T11:52:57.613973Z,
Sharjahsat-1,55104,DELH-6722-1461-1897-7938,satnogs:Uprhiy5F4fnEcFDEgPW69z,Mode S - GMSK,data_downlink,unknown,inactive,,,GMSK,,unknown,,,2405000000.0,2405000000.0,UHF,,,,256000.0,,False,https://db.satnogs.org/api/transmitters/?format=json,2023-01-27T12:30:12.377586Z,
Sharjahsat-1,55104,DELH-6722-1461-1897-7938,satnogs:g2JFGCXAbhMxknaBAznLob,Mode U - GMSK9k6,data_downlink,unknown,active,,,GMSK,,unknown,,,437325000.0,437325000.0,UHF,,,,9600.0,,False,https://db.satnogs.org/api/transmitters/?format=json,2023-01-15T23:44:08.817929Z,
Sirius-SINP-3U,99152,BFNY-6054-1647-2729-6927,satnogs:i2xvmhh63n7vaDDytrqufN,Mode U - FSK 1K2,data_downlink,unknown,active,,,AFSK,,unknown,,,436550000.0,436550000.0,UHF,,,,1200.0,,False,https://db.satnogs.org/api/transmitters/?format=json,2023-07-07T10:05:37.970170Z,
Sirius-SINP-3U,99152,BFNY-6054-1647-2729-6927,satnogs:EkLLL3TGULsGPuNJHrTS6V,Mode U - OOK,beacon,unknown,active,,,CW,,unknown,,,436550000.0,436550000.0,UHF,,,,,,False,https://db.satnogs.org/api/transmitters/?format=json,2023-08-07T00:18:41.017259Z,
Skif-D,54153,DFJV-3382-6994-0160-5316,satnogs:8Nnva4NfSVFBqRrePp27KJ,Mode U,downlink_audio,unknown,active,,,FM,,unknown,,,435466000.0,435466000.0,UHF,,,,,,True,https://db.satnogs.org/api/transmitters/?format=json,2023-01-25T15:46:51.015479Z,
Skif-D,54153,DFJV-3382-6994-0160-5316,satnogs:Y5ruEK766povqRBzecBiq9,Mode U - TLM,telemetry,unknown,active,,,FM,,unknown,,,435566000.0,435566000.0,UHF,,,,,,True,https://db.satnogs.org/api/transmitters/?format=json,2023-03-19T18:28:35.014770Z,
Slippers2Sat,98452,NQDO-7389-4292-9152-0710,satnogs:TpgRuGQydQtNMb88hVNAjF,Mode U - GFSK4k8,data_downlink,unknown,active,,,GFSK,,unknown,,,437375000.0,437375000.0,UHF,,,,4800.0,,False,https://db.satnogs.org/api/transmitters/?format=json,2025-12-24T12:49:45.575862Z,
SpIRIT,58468,QFRO-8807-8086-2793-1420,satnogs:KssvhYC4X8LeY4Rye8UQTT,Mode U - FSK9k6 Beacon,beacon,unknown,active,,,FSK,,unknown,,,401895000.0,401895000.0,UHF,,,,9600.0,,True,https://db.satnogs.org/api/transmitters/?format=json,2023-12-09T08:50:19.597446Z,
SpaceTeamSat1,99416,GCRL-7329-1908-5510-3384,satnogs:eWGkFDRY9cL5wwh48Mu9ZJ,Mode U - CW,beacon,unknown,inactive,,,CW,,unknown,,,437395000.0,437395000.0,UHF,,,,,,False,https://db.satnogs.org/api/transmitters/?format=json,2026-09-05T09:44:48.577516Z,
SpaceTeamSat1,99416,GCRL-7329-1908-5510-3384,satnogs:nkWbQHHqg3t29UdrUx6hqo,Mode U - GFSK9k6 - Transmitter,data_downlink,unknown,active,,,GFSK,,unknown,,,437395000.0,437395000.0,UHF,,,,9600.0,,False,https://db.satnogs.org/api/transmitters/?format=json,2026-09-05T09:44:29.647217Z,
Star Vibe,55009,LSZR-8461-9828-5431-6212,satnogs:BN3qSLatvuD49AnAFtjzHa,Mode U - GMSK 4k8 AX.25,data_downlink,unknown,active,,,GMSK,AX.25,unknown,,,437025000.0,437025000.0,UHF,,,,4800.0,,True,https://db.satnogs.org/api/transmitters/?format=json,2023-01-09T23:00:57.586487Z,
Starlink 2342,47883,TZRH-5939-4568-4178-0982,satnogs:2DVTGfBB2vG5tqxRaX8thZ,Ku-band 11325 MHz beacon,beacon,unknown,active,,,CW,,unknown,,,11325000000.0,11325000000.0,SHF,,,,,,True,https://db.satnogs.org/api/transmitters/?format=json,2022-12-18T09:35:05.723475Z,
Starlink 2342,47883,TZRH-5939-4568-4178-0982,satnogs:SB2LejJkNdeKsuMYp3VscE,Ku-band 11575 MHz beacon,beacon,unknown,active,,,CW,,unknown,,,11575000000.0,11575000000.0,SHF,,,,,,True,https://db.satnogs.org/api/transmitters/?format=json,2022-12-18T09:35:10.094767Z,
Starlink 2342,47883,TZRH-5939-4568-4178-0982,satnogs:L5DY8zj8LiW8ENxex3rBhc,Ku-band 11950 MHz beacon,beacon,unknown,active,,,CW,,unknown,,,11950000000.0,11950000000.0,SHF,,,,,,True,https://db.satnogs.org/api/transmitters/?format=json,2022-12-18T09:35:13.966709Z,
Starlink 2342,47883,TZRH-5939-4568-4178-0982,satnogs:PEvMwUSF9gpM4BSxDKRaCn,Ku-band 12450 MHz beacon,beacon,unknown,active,,,CW,,unknown,,,12450000000.0,12450000000.0,SHF,,,,,,True,https://db.satnogs.org/api/transmitters/?format=json,2022-12-18T09:35:18.600235Z,
Starlink 3100,49144,KWKS-3617-1006-4623-4707,satnogs:GbE4Yg57Z5925VT7US43JX,Ku-band 11325 MHz beacon,beacon,unknown,active,,,CW,,unknown,,,11325000000.0,11325000000.0,SHF,,,,,,True,https://db.satnogs.org/api/transmitters/?format=json,2022-09-12T19:33:07.599785Z,
Starlink 3100,49144,KWKS-3617-1006-4623-4707,satnogs:NyxkMMwjinQF9YGqfpqXxc,Ku-band 11575 MHz beacon,beacon,unknown,active,,,CW,,unknown,,,11575000000.0,11575000000.0,SHF,,,,,,True,https://db.satnogs.org/api/transmitters/?format=json,2022-09-12T19:33:07.598399Z,
Starlink 3100,49144,KWKS-3617-1006-4623-4707,satnogs:ZpotkopdCbZtGpMPsbwgZr,Ku-band 11950 MHz beacon,beacon,unknown,active,,,CW,,unknown,,,11950000000.0,11950000000.0,SHF,,,,,,True,https://db.satnogs.org/api/transmitters/?format=json,2022-09-12T19:33:07.597320Z,
Starlink 3100,49144,KWKS-3617-1006-4623-4707,satnogs:LvwQTiXSgiYYLxLWkgsx24,Ku-band 12450 MHz beacon,beacon,unknown,active,,,CW,,unknown,,,12450000000.0,12450000000.0,SHF,,,,,,True,https://db.satnogs.org/api/transmitters/?format=json,2022-09-12T19:33:07.595551Z,
Starlink 4362,53043,ZYWS-7830-2223-1304-3955,satnogs:VXZNA8GwV4wG9J3uQYQUDg,Ku-band 11325 MHz beacon,beacon,unknown,active,,,CW,,unknown,,,11325000000.0,11325000000.0,SHF,,,,,,True,https://db.satnogs.org/api/transmitters/?format=json,2022-09-12T19:33:07.622861Z,
Starlink 4362,53043,ZYWS-7830-2223-1304-3955,satnogs:jZ7a3CPkyw2wt8gPjQhWgU,Ku-band 11575 MHz beacon,beacon,unknown,active,,,CW,,unknown,,,11575000000.0,11575000000.0,SHF,,,,,,True,https://db.satnogs.org/api/transmitters/?format=json,2022-09-12T19:33:07.621717Z,
Starlink 4362,53043,ZYWS-7830-2223-1304-3955,satnogs:9gnXCdwjfyAuwAz8WpXhHa,Ku-band 11950 MHz beacon,beacon,unknown,active,,,CW,,unknown,,,11950000000.0,11950000000.0,SHF,,,,,,True,https://db.satnogs.org/api/transmitters/?format=json,2022-09-12T19:33:07.620576Z,
Starlink 4362,53043,ZYWS-7830-2223-1304-3955,satnogs:gpjsicGgKL7dxSUKpYuJhG,Ku-band 12450 MHz beacon,beacon,unknown,active,,,CW,,unknown,,,12450000000.0,12450000000.0,SHF,,,,,,True,https://db.satnogs.org/api/transmitters/?format=json,2022-09-12T19:33:07.619427Z,
Starlink 4400,53468,FXQN-5631-7826-5959-0279,satnogs:drhW8rNbsRtD5iYijeeHbt,Ku-band 11325 MHz beacon,beacon,unknown,active,,,CW,,unknown,,,11325000000.0,11325000000.0,SHF,,,,,,True,https://db.satnogs.org/api/transmitters/?format=json,2022-09-12T19:33:07.612475Z,
Starlink 4400,53468,FXQN-5631-7826-5959-0279,satnogs:esDSqCFixE25C9STWRcpcK,Ku-band 11575 MHz beacon,beacon,unknown,active,,,CW,,unknown,,,11575000000.0,11575000000.0,SHF,,,,,,True,https://db.satnogs.org/api/transmitters/?format=json,2022-09-12T19:33:07.610897Z,
Starlink 4400,53468,FXQN-5631-7826-5959-0279,satnogs:7umWBXayW549qPHqMbxPqX,Ku-band 11950 MHz beacon,beacon,unknown,active,,,CW,,unknown,,,11950000000.0,11950000000.0,SHF,,,,,,True,https://db.satnogs.org/api/transmitters/?format=json,2022-09-12T19:33:07.609133Z,
Starlink 4400,53468,FXQN-5631-7826-5959-0279,satnogs:dBgE7yQraqryWordXjpnrk,Ku-band 12450 MHz beacon,beacon,unknown,active,,,CW,,unknown,,,12450000000.0,12450000000.0,SHF,,,,,,True,https://db.satnogs.org/api/transmitters/?format=json,2022-09-12T19:33:07.607296Z,
Starlink 4410,53204,BLVS-3673-7035-3995-4779,satnogs:nwNqsMz6W2YWAdpPdnpQho,Ku-band 11325 MHz beacon,beacon,unknown,active,,,CW,,unknown,,,11325000000.0,11325000000.0,SHF,,,,,,True,https://db.satnogs.org/api/transmitters/?format=json,2022-09-12T19:33:07.605535Z,
Starlink 4410,53204,BLVS-3673-7035-3995-4779,satnogs:NARZUSEUfDQqB6vKGwdJPb,Ku-band 11575 MHz beacon,beacon,unknown,active,,,CW,,unknown,,,11575000000.0,11575000000.0,SHF,,,,,,True,https://db.satnogs.org/api/transmitters/?format=json,2022-09-12T19:33:07.604048Z,
Starlink 4410,53204,BLVS-3673-7035-3995-4779,satnogs:FrQgWhLgiNFX2HLsd2uW2A,Ku-band 11950 MHz beacon,beacon,unknown,active,,,CW,,unknown,,,11950000000.0,11950000000.0,SHF,,,,,,True,https://db.satnogs.org/api/transmitters/?format=json,2022-09-12T19:33:07.602646Z,
Starlink 4410,53204,BLVS-3673-7035-3995-4779,satnogs:NGZfhR3pGq4Xj2uYwDQbGQ,Ku-band 12450 MHz beacon,beacon,unknown,active,,,CW,,unknown,,,12450000000.0,12450000000.0,SHF,,,,,,True,https://db.satnogs.org/api/transmitters/?format=json,2022-09-12T19:33:07.601524Z,
Starlink 4621,53676,NVQF-0312-3836-8257-7476,satnogs:VBaeZQbmYobsW3cVwNw4LJ,Ku-band 11325 MHz beacon,beacon,unknown,active,,,CW,,unknown,,,11325000000.0,11325000000.0,SHF,,,,,,True,https://db.satnogs.org/api/transmitters/?format=json,2022-09-12T19:33:07.618254Z,
Starlink 4621,53676,NVQF-0312-3836-8257-7476,satnogs:nuyrz7mTX8AiTaCbGRrF57,Ku-band 11575 MHz beacon,beacon,unknown,active,,,CW,,unknown,,,11575000000.0,11575000000.0,SHF,,,,,,True,https://db.satnogs.org/api/transmitters/?format=json,2022-09-12T19:33:07.616980Z,
Starlink 4621,53676,NVQF-0312-3836-8257-7476,satnogs:SuSreJFfKU8HxJ2CiR95Br,Ku-band 11950 MHz beacon,beacon,unknown,active,,,CW,,unknown,,,11950000000.0,11950000000.0,SHF,,,,,,True,https://db.satnogs.org/api/transmitters/?format=json,2022-09-12T19:33:07.615668Z,
Starlink 4621,53676,NVQF-0312-3836-8257-7476,satnogs:n4thYVZMJzeJsKKjoi9ZDN,Ku-band 12450 MHz beacon,beacon,unknown,active,,,CW,,unknown,,,12450000000.0,12450000000.0,SHF,,,,,,True,https://db.satnogs.org/api/transmitters/?format=json,2022-09-12T19:33:07.614106Z,
Stars-AO,43679,VBFH-2959-0036-6917-5389,satnogs:b2e32bD2FQmuEa95cpcLaT,CW Beacon,beacon,unknown,active,,,CW,,unknown,,,437350000.0,437350000.0,UHF,,,,18.0,,False,https://db.satnogs.org/api/transmitters/?format=json,2026-07-08T08:43:35.447219Z,
Stars-AO,43679,VBFH-2959-0036-6917-5389,satnogs:Zqbhz2u99f5gsuHpQGegPZ,High Speed 115kbpsGMSK,data_downlink,unknown,active,,,GMSK,,unknown,,,437200000.0,437200000.0,UHF,,,,,,False,https://db.satnogs.org/api/transmitters/?format=json,2026-07-05T17:23:11.367041Z,
Stars-AO,43679,VBFH-2959-0036-6917-5389,satnogs:BgkipNqBJHngFE7LB2qp85,Mode U - AFSK1k2 Telemetry,telemetry,unknown,active,,,AFSK,,unknown,,,437400000.0,437400000.0,UHF,,,,1200.0,,False,https://db.satnogs.org/api/transmitters/?format=json,2026-07-17T08:35:18.043699Z,
Suomi 100,43804,MUVJ-0454-0662-1172-2559,satnogs:tueyqmSprTPjQCvGk43k5K,GMSK9k6 TLM,telemetry,unknown,active,,,MSK,,unknown,,,437775000.0,437775000.0,UHF,,,,9600.0,,False,https://db.satnogs.org/api/transmitters/?format=json,2024-04-06T09:36:24.580217Z,
Svyatobor-1,57187,LWVG-4743-3629-4474-1375,satnogs:Lq2hHBgJBtT9iGfgyuhLxR,Mode U - GMSK 2k4 (USP FEC) TLM,telemetry,unknown,active,,,GMSK,,unknown,,,437875000.0,437875000.0,UHF,,,,2400.0,,True,https://db.satnogs.org/api/transmitters/?format=json,2023-06-01T14:50:07.636500Z,
Svyatobor-1,57187,LWVG-4743-3629-4474-1375,satnogs:m4swKSjArERT8oJjXagQ6f,Mode U - GMSK 4k8 (USP FEC) TLM,telemetry,unknown,active,,,GMSK,,unknown,,,437875000.0,437875000.0,UHF,,,,4800.0,,True,https://db.satnogs.org/api/transmitters/?format=json,2023-06-22T18:36:35.260216Z,
TECHNOSAT,42829,WFVU-6936-7309-8185-5747,satnogs:WfADG9G7jrpcQ4tkBtQb4P,CW Beacon,beacon,unknown,active,,,CW,,unknown,,,435950000.0,435950000.0,UHF,,,,,,True,https://db.satnogs.org/api/transmitters/?format=json,2019-04-18T05:39:53.343316Z,
TECHNOSAT,42829,WFVU-6936-7309-8185-5747,satnogs:DAZAnJVD2KmVwpfo3c4G4W,TLM GMSK,telemetry,unknown,active,,,GMSK,,unknown,,,435950000.0,435950000.0,UHF,,,,4800.0,,False,https://db.satnogs.org/api/transmitters/?format=json,2026-08-05T13:17:37.180709Z,
TECHSAT 1B,25397,FCHF-0545-3706-3789-8061,satnogs:MRMmE3cF5JgNqE8UXcpFDA,Mode L/U 9K6 FSK,two_way_data,unknown,inactive,,,FSK,,documented_uplink_access_unknown,1269800000.0,,435225000.0,,UHF,,,,9600.0,,False,https://db.satnogs.org/api/transmitters/?format=json,2026-04-06T08:58:27.930925Z,
TECHSAT 1B,25397,FCHF-0545-3706-3789-8061,satnogs:TiQ24jMtQ728WY4tUkckff,Mode L/U 9K6 FSK,two_way_data,unknown,inactive,,,FSK,,documented_uplink_access_unknown,1269700000.0,,435225000.0,,UHF,,,,9600.0,,False,https://db.satnogs.org/api/transmitters/?format=json,2026-04-06T08:58:38.488828Z,
TECHSAT 1B,25397,FCHF-0545-3706-3789-8061,satnogs:qvdNpHXGCBkBYSzGokjsYY,Mode L/U 9K6 FSK,two_way_data,unknown,inactive,,,FSK,,documented_uplink_access_unknown,1269900000.0,,435225000.0,,UHF,,,,9600.0,,False,https://db.satnogs.org/api/transmitters/?format=json,2026-04-06T08:59:20.254196Z,
TECHSAT 1B,25397,FCHF-0545-3706-3789-8061,satnogs:5W3dB4ix8qxUZ362SQvVwh,Mode U 9k6 FSK,data_downlink,unknown,active,,,FSK,,unknown,,,435225000.0,435225000.0,UHF,,,,9600.0,,False,https://db.satnogs.org/api/transmitters/?format=json,2023-12-28T16:00:30.820134Z,
TECHSAT 1B,25397,FCHF-0545-3706-3789-8061,satnogs:Dr9jk4p5WxHjhJ7ETmXzbY,Mode U 9k6 FSK,data_downlink,unknown,active,,,FSK,,unknown,,,435325000.0,435325000.0,UHF,,,,9600.0,,False,https://db.satnogs.org/api/transmitters/?format=json,2023-12-28T16:01:30.901360Z,
TECHSAT 1B,25397,FCHF-0545-3706-3789-8061,satnogs:maYGaaMWsSBeDDDMpcM9ES,Mode V/U APRS 9K6 FSK,two_way_data,unknown,inactive,,,FSK,APRS,documented_uplink_access_unknown,145850000.0,,435225000.0,,UHF,,,,9600.0,,False,https://db.satnogs.org/api/transmitters/?format=json,2026-04-06T08:59:03.414954Z,
TECHSAT 1B,25397,FCHF-0545-3706-3789-8061,satnogs:c4T33yxNiE8EAEc7V6LMQk,"Mode V/U APRS,BBS 9K6 FSK",two_way_data,unknown,inactive,,,FSK,APRS,documented_uplink_access_unknown,145930000.0,,435225000.0,,UHF,,,,9600.0,,False,https://db.satnogs.org/api/transmitters/?format=json,2026-04-06T08:59:28.649847Z,
TECHSAT 1B,25397,FCHF-0545-3706-3789-8061,satnogs:rnK4cgRRm9cdM2rxFkyoQG,Mode V/U BBS 9k6 FSK,two_way_data,unknown,inactive,,,FSK,,documented_uplink_access_unknown,145890000.0,,435225000.0,,UHF,,,,9600.0,,False,https://db.satnogs.org/api/transmitters/?format=json,2026-04-06T08:59:13.001688Z,
TEVEL2-1,63217,TJDQ-0178-9438-9402-8155,satnogs:Lhk6nKXKQZJCi9fibHUFuv,Mode U - BPSK9k6 G3RUH - Beacon,beacon,unknown,active,,,BPSK,,unknown,,,436400000.0,436400000.0,UHF,,,,9600.0,,True,https://db.satnogs.org/api/transmitters/?format=json,2025-03-31T13:22:48.108927Z,
TEVEL2-1,63217,TJDQ-0178-9438-9402-8155,satnogs:JY2RRqg3V8VEpRAzu56o4f,Mode V/U - FM Transponder,two_way_voice,unknown,active,,,FM,,documented_uplink_access_unknown,145970000.0,,436400000.0,,UHF,,,,,,True,https://db.satnogs.org/api/transmitters/?format=json,2025-03-31T13:22:54.688406Z,
TEVEL2-2,63219,TEEQ-9120-3378-4148-7582,satnogs:VBk9etZ9E5qYdFoWdeBSZV,Mode U - BPSK9k6 G3RUH,data_downlink,unknown,active,,,BPSK,,unknown,,,436400000.0,436400000.0,UHF,,,,9600.0,,True,https://db.satnogs.org/api/transmitters/?format=json,2025-03-31T13:23:24.685694Z,
TEVEL2-2,63219,TEEQ-9120-3378-4148-7582,satnogs:hYxh2CZYWRQFotQaSEvGn2,Mode V/U - FM Transponder - Beacon,beacon,unknown,active,,,FM,,documented_uplink_access_unknown,145970000.0,,436400000.0,,UHF,,,,,,True,https://db.satnogs.org/api/transmitters/?format=json,2025-03-31T13:23:47.373221Z,
TEVEL2-3,63218,HOVZ-3709-8195-4274-1541,satnogs:kFg4jSVKdHcjPAe5Hr9PoK,Mode U - BPSK9k6 G3RUH - Beacon,beacon,unknown,active,,,BPSK,,unknown,,,436400000.0,436400000.0,UHF,,,,9600.0,,True,https://db.satnogs.org/api/transmitters/?format=json,2025-03-31T13:24:38.233205Z,
TEVEL2-3,63218,HOVZ-3709-8195-4274-1541,satnogs:mypJZHzePHtD98nyviQP6G,Mode V/U - FM Transponder,two_way_voice,unknown,active,2026-09-23T17:00:00+00:00,https://www.amsat.org/status/,FM,,documented_uplink_access_unknown,145970000.0,,436400000.0,,UHF,,,,,,True,https://db.satnogs.org/api/transmitters/?format=json,2025-03-31T13:24:33.097155Z,
TEVEL2-4,63213,FVND-4948-5613-7394-9932,satnogs:X8sxcDTNdQLN97fUYYsu4z,Mode U - BPSK9k6 G3RUH - Beacon,beacon,unknown,active,,,BPSK,,unknown,,,436400000.0,436400000.0,UHF,,,,9600.0,,True,https://db.satnogs.org/api/transmitters/?format=json,2025-03-31T13:25:27.303829Z,
TEVEL2-4,63213,FVND-4948-5613-7394-9932,satnogs:QfzXV8aDpPs9VLwSCzv9HB,Mode V/U - FM Transponder,two_way_voice,unknown,active,,,FM,,documented_uplink_access_unknown,145970000.0,,436400000.0,,UHF,,,,,,True,https://db.satnogs.org/api/transmitters/?format=json,2025-03-31T13:25:21.836450Z,
TEVEL2-5,63214,VYVA-6255-9438-9598-3516,satnogs:7pFtLcWxboQo7HYhaPz3iS,Mode U - BPSK9k6 G3RUH - Beacon,beacon,unknown,active,,,BPSK,,unknown,,,436400000.0,436400000.0,UHF,,,,9600.0,,True,https://db.satnogs.org/api/transmitters/?format=json,2025-03-31T13:27:02.022079Z,
TEVEL2-5,63214,VYVA-6255-9438-9598-3516,satnogs:jxxJbUDpKNdghSabsdJesD,Mode V/U - FM Transponder,two_way_voice,unknown,active,2026-09-21T06:00:00+00:00,https://www.amsat.org/status/,FM,,documented_uplink_access_unknown,145970000.0,,436400000.0,,UHF,,,,,,True,https://db.satnogs.org/api/transmitters/?format=json,2025-03-31T13:26:53.040952Z,
TEVEL2-6,63215,TETG-4546-2995-9890-0055,satnogs:NHiYJRzxEwY29eJYagsaTA,Mode U - BPSK9k6 G3RUH - Beacon,beacon,unknown,active,,,BPSK,,unknown,,,436400000.0,436400000.0,UHF,,,,9600.0,,True,https://db.satnogs.org/api/transmitters/?format=json,2025-03-31T13:28:48.918325Z,
TEVEL2-6,63215,TETG-4546-2995-9890-0055,satnogs:TMUXfQGhdX9ZyKDmcs34v8,Mode V/U - FM Transponder,two_way_voice,unknown,active,,,FM,,documented_uplink_access_unknown,145970000.0,,436400000.0,,UHF,,,,,,True,https://db.satnogs.org/api/transmitters/?format=json,2025-03-31T13:28:44.459304Z,
TEVEL2-7,63238,UAJW-1753-5711-2656-8187,satnogs:kgBbV4Gzed6w7aqbuMsUjZ,Mode U - BPSK9k6 G3RUH - Beacon,beacon,unknown,active,,,BPSK,,unknown,,,436400000.0,436400000.0,UHF,,,,9600.0,,True,https://db.satnogs.org/api/transmitters/?format=json,2025-03-31T13:29:38.528671Z,
TEVEL2-7,63238,UAJW-1753-5711-2656-8187,satnogs:4XU5eZUpxzH8p69CtoViLd,Mode V/U - FM Transponder,two_way_voice,unknown,active,,,FM,,documented_uplink_access_unknown,145970000.0,,436400000.0,,UHF,,,,,,True,https://db.satnogs.org/api/transmitters/?format=json,2025-03-31T13:29:33.457997Z,
TEVEL2-8,63239,XCLO-3560-6764-5044-2622,satnogs:Mr2UnnRcoFskiNKmd8ffHc,Mode U - BPSK9k6 G3RUH,data_downlink,unknown,active,,,BPSK,,unknown,,,436400000.0,436400000.0,UHF,,,,9600.0,,True,https://db.satnogs.org/api/transmitters/?format=json,2025-03-31T13:30:35.547799Z,
TEVEL2-8,63239,XCLO-3560-6764-5044-2622,satnogs:MFUGQXTGKn4oztgLyjHKGu,Mode V/U - FM Transponder - Beacon,beacon,unknown,active,,,FM,,documented_uplink_access_unknown,145970000.0,,436400000.0,,UHF,,,,,,True,https://db.satnogs.org/api/transmitters/?format=json,2025-03-31T13:30:30.529797Z,
TEVEL2-9,63237,YEOH-3929-6205-1615-7126,satnogs:esrMYBxToGw96jQXaZg8Qf,Mode U - BPSK9k6 G3RUH - Beacon,beacon,unknown,active,,,BPSK,,unknown,,,436400000.0,436400000.0,UHF,,,,9600.0,,True,https://db.satnogs.org/api/transmitters/?format=json,2025-03-31T13:31:25.766924Z,
TEVEL2-9,63237,YEOH-3929-6205-1615-7126,satnogs:JV7vFGbDuPgVpzATQAXdGt,Mode V/U - FM Transponder,two_way_voice,unknown,active,2026-09-21T05:46:00+00:00,https://www.amsat.org/status/,FM,,documented_uplink_access_unknown,145970000.0,,436400000.0,,UHF,,,,,,True,https://db.satnogs.org/api/transmitters/?format=json,2025-03-31T13:31:20.295611Z,
TIGRISAT,40043,XCTT-8747-8578-2256-0351,satnogs:oepFFUCo6qxWgQckFGWt8H,9k6 FSK TLM,telemetry,unknown,active,,,FSK,,unknown,,,435000000.0,435000000.0,UHF,,,,9600.0,,False,https://db.satnogs.org/api/transmitters/?format=json,2024-12-02T20:40:50.730255Z,
TIMATION-II,4256,TRRF-3160-5167-1401-6829,satnogs:HY3dJveYXmztUKhVnaQeLD,carrier wave,beacon,unknown,active,,,CW,,unknown,,,137383000.0,137383000.0,VHF,,,,,,True,https://db.satnogs.org/api/transmitters/?format=json,2020-10-24T11:40:07.471657Z,
TIROS-10,1430,PBDL-2869-1726-8100-7077,satnogs:JRJse3gHaRTZxBk6LnPmEu,TV,image_downlink,unknown,active,,,,SSTV,unknown,,,235000000.0,235000000.0,VHF,,,,62500.0,,True,https://db.satnogs.org/api/transmitters/?format=json,2022-08-18T07:49:56.672173Z,
TIROS-N,11060,ZGHP-1316-2648-0332-2413,satnogs:8tT9zh5cULGkZvvDF9KPmz,APT,weather_data,unknown,inactive,,,,APT,unknown,,,137500000.0,137500000.0,VHF,,,,34000.0,,True,https://db.satnogs.org/api/transmitters/?format=json,2023-09-01T09:33:31.170617Z,
TIROS-N,11060,ZGHP-1316-2648-0332-2413,satnogs:JtQjuDx3ztq9jASpMZ6pMa,Mode V,beacon,unknown,active,,,CW,,unknown,,,137770000.0,137770000.0,VHF,,,,,,True,https://db.satnogs.org/api/transmitters/?format=json,2022-08-18T07:49:28.631876Z,
TISAT 1,36799,TSLM-4078-5089-9909-4945,satnogs:FNcx4kGjkFYau3YHhjCbFE,CW TLM 19wpm,beacon; telemetry,unknown,active,,,CW,,unknown,,,437305000.0,437305000.0,UHF,,,,21.0,,False,https://db.satnogs.org/api/transmitters/?format=json,2024-04-02T14:36:06.331177Z,
TISAT 1,36799,TSLM-4078-5089-9909-4945,satnogs:FcDnv8HWpjWRSgdHofHhEd,"DOWN: CW in FM, UP: DTMF commands",two_way_voice,unknown,active,,,FM,,documented_uplink_access_unknown,145980000.0,,145980000.0,,VHF,,,,,,False,https://db.satnogs.org/api/transmitters/?format=json,2024-04-02T14:36:14.918033Z,
TRANSIT 5B-5,965,SCHX-0895-2361-9925-0309,satnogs:korwKBx6tqa8EZ9TeBhi68,150 MHz beacon,beacon,unknown,active,,,FM,,unknown,,,149988000.0,149988000.0,VHF,,,,,,True,https://db.satnogs.org/api/transmitters/?format=json,2022-12-19T19:11:22.148596Z,
TRANSIT 5B-5,965,SCHX-0895-2361-9925-0309,satnogs:PdfXaPCQAf6f9JzRUX86CG,162 MHz beacon,beacon,unknown,active,,,FM,,unknown,,,162000000.0,162000000.0,VHF,,,,,,True,https://db.satnogs.org/api/transmitters/?format=json,2022-12-19T19:11:26.990870Z,
TRANSIT 5B-5,965,SCHX-0895-2361-9925-0309,satnogs:gXYjpx2iBkjdQn8htXSz8K,324 MHz beacon,beacon,unknown,active,,,FM,,unknown,,,324000000.0,324000000.0,UHF,,,,,,True,https://db.satnogs.org/api/transmitters/?format=json,2022-12-19T19:11:31.552031Z,
TRANSIT 5B-5,965,SCHX-0895-2361-9925-0309,satnogs:Bfcf32GD9uohSXHMoT2Mw8,400Mhz beacon,beacon,unknown,active,,,FM,,unknown,,,400000000.0,400000000.0,UHF,,,,,,True,https://db.satnogs.org/api/transmitters/?format=json,2023-08-23T11:08:56.291638Z,
TRISAT-R,53108,FWIK-4601-2533-0527-1613,satnogs:fo8gv8AAkTb9zTkVpHnt7Y,Mode U -  GFSK 1kbps TLM,telemetry,unknown,active,,,GFSK,,unknown,,,435612500.0,435612500.0,UHF,,,,1000.0,,True,https://db.satnogs.org/api/transmitters/?format=json,2023-03-19T19:44:42.394251Z,
TRITON,58017,WUYF-8239-9189-0421-5797,satnogs:TyrN35pGZHZR4WCS3E56Xa,Mode U,beacon,unknown,active,,,CW,,unknown,,,400900000.0,400900000.0,UHF,,,,,,True,https://db.satnogs.org/api/transmitters/?format=json,2023-10-09T09:03:06.155220Z,
TRITON-1,39427,APZD-5343-3708-9744-3445,satnogs:TMxTiKcBFxGmTcWv2qYfUC,Mode 1200bps RC-BPSK CW,beacon,unknown,active,,,CW,,unknown,,,145818000.0,145818000.0,VHF,,,,,,True,https://db.satnogs.org/api/transmitters/?format=json,2019-04-18T05:39:53.343316Z,
TRITON-1,39427,APZD-5343-3708-9744-3445,satnogs:KHqPArZQuvGwpC8ymXRmLs,Mode S Beacon,beacon,unknown,active,,,FM,,unknown,,,2408000000.0,2408000000.0,UHF,,,,,,True,https://db.satnogs.org/api/transmitters/?format=json,2023-05-06T09:26:23.035880Z,
TRITON-1,39427,APZD-5343-3708-9744-3445,satnogs:88v7p7asctEGk47ZrqF7yN,Primary TLM - AFSK1k2,telemetry,unknown,active,,,AFSK,,unknown,,,145815000.0,145815000.0,VHF,,,,1200.0,,True,https://db.satnogs.org/api/transmitters/?format=json,2019-06-01T15:30:52.323035Z,
TRITON-1,39427,APZD-5343-3708-9744-3445,satnogs:Ne9UPFJErgJFcEzqADZJWL,Primary TLM - CW,beacon; telemetry,unknown,active,,,CW,,unknown,,,145815000.0,145815000.0,VHF,,,,15.0,,True,https://db.satnogs.org/api/transmitters/?format=json,2019-06-01T15:30:52.325727Z,
TRITON-1,39427,APZD-5343-3708-9744-3445,satnogs:mC6MpttrDi3hxmhzisPoeQ,Secondary TLM - AFSK1k2,telemetry,unknown,active,,,AFSK,,unknown,,,145860000.0,145860000.0,VHF,,,,1200.0,,True,https://db.satnogs.org/api/transmitters/?format=json,2019-06-01T15:30:52.316457Z,
TRITON-1,39427,APZD-5343-3708-9744-3445,satnogs:R5YQu55yNKd48di5HbPfe5,Secondary TLM - CW,beacon; telemetry,unknown,active,,,CW,,unknown,,,145860000.0,145860000.0,VHF,,,,15.0,,True,https://db.satnogs.org/api/transmitters/?format=json,2019-06-01T15:30:52.320626Z,
TURKSAT-3U,39152,OUUD-8724-9347-4069-3787,satnogs:bb36r3aQqHZLGRp3YyqzDa,437.225 CW,beacon,unknown,active,,,CW,,unknown,,,437225000.0,437225000.0,UHF,,,,22.0,,False,https://db.satnogs.org/api/transmitters/?format=json,2022-07-08T02:09:21.523546Z,
TabletSat-Aurora,40017,CLOQ-0995-4096-9502-6975,satnogs:JyshBhGedDtdSeTrqhKcet,Mode U - GMSK D-STAR,data_downlink,unknown,inactive,,,GMSK,,unknown,,,435550000.0,435550000.0,UHF,,,,9600.0,,True,https://db.satnogs.org/api/transmitters/?format=json,2024-10-27T10:11:35.468558Z,
Taurus-1,44530,EJQU-9911-5613-4301-2109,satnogs:xuaBFNz9x9K4aEe7sg5hoG,Mode U BPSK9k6 TLM,telemetry,unknown,active,,,BPSK,,unknown,,,435840000.0,435840000.0,UHF,,,,9600.0,,False,https://db.satnogs.org/api/transmitters/?format=json,2024-06-08T13:35:08.757090Z,
Taurus-1,44530,EJQU-9911-5613-4301-2109,satnogs:mhCq9NoyceojDk88VKWHUM,Mode V/U FM 67.0 PL,two_way_voice,unknown,active,,,FM,,documented_uplink_access_unknown,145820000.0,,436760000.0,,UHF,,,,,,False,https://db.satnogs.org/api/transmitters/?format=json,2024-06-08T13:35:17.185749Z,
TeikyoSat-4,49396,UYHX-6974-4483-5549-8559,satnogs:draCNhr5ZqcN2BTo7yyNko,Mode S - FSK115k2,data_downlink,unknown,active,,,FSK,,unknown,,,5831000000.0,5831000000.0,SHF,,,,1152000.0,,False,https://db.satnogs.org/api/transmitters/?format=json,2021-09-30T18:56:43.464496Z,
TeikyoSat-4,49396,UYHX-6974-4483-5549-8559,satnogs:jgpNrym834V7z2xggrH6wC,Mode U - AFSK1k2,data_downlink,unknown,active,,,AFSK,,unknown,,,437450000.0,437450000.0,UHF,,,,1200.0,,False,https://db.satnogs.org/api/transmitters/?format=json,2021-09-30T18:56:29.012039Z,
TeikyoSat-4,49396,UYHX-6974-4483-5549-8559,satnogs:HBtqoMLghydMdvqp4gj3Bw,Mode U - CW Beacon,beacon,unknown,active,,,CW,,unknown,,,437450000.0,437450000.0,UHF,,,,,,False,https://db.satnogs.org/api/transmitters/?format=json,2021-09-30T18:56:25.140465Z,
TeikyoSat-4,49396,UYHX-6974-4483-5549-8559,satnogs:8z8tqwdY5PKi9qWQ3Mb3LH,Mode U - GMSK9k6,data_downlink,unknown,active,,,GMSK,,unknown,,,437450000.0,437450000.0,UHF,,,,9600.0,,False,https://db.satnogs.org/api/transmitters/?format=json,2021-09-30T18:56:34.202416Z,
TeikyoSat-4,49396,UYHX-6974-4483-5549-8559,satnogs:ctTMohjM4JpvxjSdNhpWbU,Mode U - SSTV,image_downlink,unknown,active,,,,SSTV,unknown,,,437450000.0,437450000.0,UHF,,,,,,False,https://db.satnogs.org/api/transmitters/?format=json,2021-09-30T18:56:38.890659Z,
Ten-Koh,43677,ILWB-0355-7294-3027-0757,satnogs:ttuDCCJHRoYjtEYuJS2otk,CW Beacon,beacon,unknown,active,,,CW,,unknown,,,437390000.0,437390000.0,UHF,,,,,,False,https://db.satnogs.org/api/transmitters/?format=json,2025-03-11T13:14:14.113200Z,
Ten-Koh,43677,ILWB-0355-7294-3027-0757,satnogs:6kVX4aQjDZHGBJYSHGhaga,Telemetry GMSK9k6 AX.25,telemetry,unknown,active,,,GMSK,AX.25,documented_uplink_access_unknown,435280000.0,,437390000.0,,UHF,,,,9600.0,,False,https://db.satnogs.org/api/transmitters/?format=json,2025-03-11T13:14:04.304697Z,
Ten-Koh,43677,ILWB-0355-7294-3027-0757,satnogs:MHUkkmcUrRpxvexXC6R5pC,WSJT,data_downlink,unknown,active,,,,,unknown,,,437510000.0,437510000.0,UHF,,,,,,False,https://db.satnogs.org/api/transmitters/?format=json,2025-03-11T13:14:10.250197Z,
Ten-Koh 2,68261,BLJD-2583-9512-2426-1509,satnogs:PSmeJcMsQY4SJupgwcEaEQ,CW,beacon,unknown,active,,,CW,,unknown,,,435860000.0,435860000.0,UHF,,,,,,False,https://db.satnogs.org/api/transmitters/?format=json,2026-03-11T11:03:14.731332Z,
Ten-Koh 2,68261,BLJD-2583-9512-2426-1509,satnogs:Try7TA5RRXFBqTYUNJgzpo,CW,beacon,unknown,active,,,CW,,unknown,,,5839000000.0,5839000000.0,SHF,,,,,,False,https://db.satnogs.org/api/transmitters/?format=json,2026-03-11T10:59:03.078685Z,
Ten-Koh 2,68261,BLJD-2583-9512-2426-1509,satnogs:E9QnwD6Yv28M5o4WsVh4HL,Mode U - AFSK1k2 - Transmitter,data_downlink,unknown,inactive,,,AFSK,,unknown,,,435860000.0,435860000.0,UHF,,,,1200.0,,False,https://db.satnogs.org/api/transmitters/?format=json,2026-03-13T15:47:32.840553Z,
Ten-Koh 2,68261,BLJD-2583-9512-2426-1509,satnogs:eF4HCziGhsVLzCGQpNv9TW,Mode U - FM - Digitalker,downlink_audio,unknown,inactive,,,FM,,unknown,,,435860000.0,435860000.0,UHF,,,,,,False,https://db.satnogs.org/api/transmitters/?format=json,2026-03-13T15:47:32.853057Z,
Ten-Koh 2,68261,BLJD-2583-9512-2426-1509,satnogs:ENCRjDfgyYm7BHUYrwQdGT,"Mode U - GMSK4k8 - Telemetry, Photos, Pictures",telemetry,unknown,inactive,,,GMSK,,unknown,,,435895000.0,435895000.0,UHF,,,,4800.0,,False,https://db.satnogs.org/api/transmitters/?format=json,2026-03-13T15:46:25.631504Z,
Ten-Koh 2,68261,BLJD-2583-9512-2426-1509,satnogs:hnXPTPSNq2Cqk5Y6WZmwks,Mode U - GMSK9k6 - Transmitter,data_downlink,unknown,inactive,,,GMSK,,unknown,,,435860000.0,435860000.0,UHF,,,,9600.0,,False,https://db.satnogs.org/api/transmitters/?format=json,2026-03-13T15:47:32.846796Z,
Ten-Koh 2,68261,BLJD-2583-9512-2426-1509,satnogs:PYzskXobnUBMfnfBGd3Wag,V/U Linear Transponder,two_way_voice,unknown,inactive,,,USB,,documented_uplink_access_unknown,145895000.0,145935000.0,435875000.0,435915000.0,UHF,,,40000.0,,,False,https://db.satnogs.org/api/transmitters/?format=json,2025-08-31T13:25:59.438880Z,
UKUBE-1,40074,MYVF-9479-6273-3061-0441,satnogs:HWdDcVRpjQJCxMbtRkL5em,BPSK TLM 1k2 callsign UKUBE-1,telemetry,unknown,active,,,BPSK,,unknown,,,145840000.0,145840000.0,VHF,,,,1200.0,,True,https://db.satnogs.org/api/transmitters/?format=json,2019-04-18T05:39:53.343316Z,
UKUBE-1,40074,MYVF-9479-6273-3061-0441,satnogs:VkmkGr2WyemjUFRGmyA6yP,CW Beacon (drifted),beacon,unknown,active,,,CW,,unknown,,,145843800.0,145843800.0,VHF,,,,,,True,https://db.satnogs.org/api/transmitters/?format=json,2019-04-18T05:39:53.343316Z,
UKUBE-1,40074,MYVF-9479-6273-3061-0441,satnogs:7FGfFQtV3iYR8anFpbZKz3,CW TLM beacon (current),beacon; telemetry,unknown,active,,,CW,,unknown,,,145844200.0,145844200.0,VHF,,,,,,True,https://db.satnogs.org/api/transmitters/?format=json,2019-04-18T05:39:53.343316Z,
UKUBE-1,40074,MYVF-9479-6273-3061-0441,satnogs:7AchptE4yLHTtdLHSZQR4o,CW TLM beacon callsign UKUBE-1,beacon; telemetry,unknown,active,,,CW,,unknown,,,145840000.0,145840000.0,VHF,,,,,,True,https://db.satnogs.org/api/transmitters/?format=json,2019-04-18T05:39:53.343316Z,
UKUBE-1,40074,MYVF-9479-6273-3061-0441,satnogs:9UHihpacwFrRmgZNAweK2g,FUNcube-2 telemetry (drifted),telemetry,unknown,active,,,BPSK,,unknown,,,145915000.0,145915000.0,VHF,,,,1200.0,,True,https://db.satnogs.org/api/transmitters/?format=json,2019-04-18T05:39:53.343316Z,
UKUBE-1,40074,MYVF-9479-6273-3061-0441,satnogs:NgyrK6zK9cb9cZVSSfE9m3,Inverting linear transponder,two_way_voice,unknown,active,,,USB,,documented_uplink_access_unknown,435074300.0,435094300.0,145930000.0,145950000.0,VHF,,,20000.0,,,True,https://db.satnogs.org/api/transmitters/?format=json,2019-04-18T05:39:53.343316Z,
UND ROADS 1,64535,CGQM-1404-3051-5125-7571,satnogs:SoC8zJfU6FBUgomkZUZxfV,Mode S - QPSK 1Msps,data_downlink,unknown,active,,,QPSK,,unknown,,,2401875000.0,2401875000.0,UHF,,,,1000000.0,,False,https://db.satnogs.org/api/transmitters/?format=json,2025-06-21T23:44:35.810337Z,
UND ROADS 1,64535,CGQM-1404-3051-5125-7571,satnogs:GTWpg3Xd6zbVgHkTSywu8k,Mode U - GFSK4k8,data_downlink,unknown,inactive,,,FSK,,unknown,,,435400000.0,435400000.0,UHF,,,,4800.0,,False,https://db.satnogs.org/api/transmitters/?format=json,2025-07-24T07:08:14.819591Z,
UND ROADS 1,64535,CGQM-1404-3051-5125-7571,satnogs:ism4mBBuTeSBYsF67yno8j,Mode U - GFSK9k6,data_downlink,unknown,active,,,GFSK,,unknown,,,435400000.0,435400000.0,UHF,,,,9600.0,,True,https://db.satnogs.org/api/transmitters/?format=json,2025-07-24T07:07:29.269665Z,
UND ROADS 1,64535,CGQM-1404-3051-5125-7571,satnogs:eYQfJXnXwv6AKiqiYabGfE,Mode U/U - GMSK1k2 - Digipeater,two_way_data,unknown,inactive,,,FSK,,documented_uplink_access_unknown,435400000.0,,435400000.0,,UHF,,,,1200.0,,False,https://db.satnogs.org/api/transmitters/?format=json,2025-06-21T23:44:35.761029Z,
UND ROADS 1,64535,CGQM-1404-3051-5125-7571,satnogs:LbGdFspGFYakW69oAKrLGh,Mode V - GFSK19k2 - Backup,data_downlink,unknown,active,,,FSK,,unknown,,,145900000.0,145900000.0,VHF,,,,19200.0,,False,https://db.satnogs.org/api/transmitters/?format=json,2025-06-21T23:44:35.822080Z,
UND ROADS 1,64535,CGQM-1404-3051-5125-7571,satnogs:2MTEWaixdNKvwXPzMdtHYJ,Mode V/V - GMSK1k2 - Digipeater,two_way_data,unknown,inactive,,,FSK,,documented_uplink_access_unknown,145900000.0,,145900000.0,,VHF,,,,1200.0,,False,https://db.satnogs.org/api/transmitters/?format=json,2025-06-21T23:44:35.789824Z,
UND ROADS 2,64549,BZMH-1691-0385-6822-7921,satnogs:fZbMoJc2BEqsfGThoHN8Jp,Mode S - QPSK 1Msps,data_downlink,unknown,active,,,QPSK,,unknown,,,2401875000.0,2401875000.0,UHF,,,,1000000.0,,False,https://db.satnogs.org/api/transmitters/?format=json,2025-06-21T23:44:35.794908Z,
UND ROADS 2,64549,BZMH-1691-0385-6822-7921,satnogs:4YXwX26KJprKfmKbbZnwxj,Mode U - GFSK4k8,data_downlink,unknown,inactive,,,FSK,,unknown,,,435400000.0,435400000.0,UHF,,,,4800.0,,False,https://db.satnogs.org/api/transmitters/?format=json,2025-07-24T07:11:43.166998Z,
UND ROADS 2,64549,BZMH-1691-0385-6822-7921,satnogs:kewiEXidkEk9tJFbmhNuD4,Mode U - GFSK9k6,data_downlink,unknown,active,,,FSK,,unknown,,,435400000.0,435400000.0,UHF,,,,9600.0,,False,https://db.satnogs.org/api/transmitters/?format=json,2025-07-24T07:11:09.709431Z,
UND ROADS 2,64549,BZMH-1691-0385-6822-7921,satnogs:2cWL58VZEKbVS3AZitiH4H,Mode U/U - GMSK1k2 - Digipeater,two_way_data,unknown,inactive,,,FSK,,documented_uplink_access_unknown,435400000.0,,435400000.0,,UHF,,,,1200.0,,False,https://db.satnogs.org/api/transmitters/?format=json,2025-06-21T23:44:35.778701Z,
UND ROADS 2,64549,BZMH-1691-0385-6822-7921,satnogs:QVk9iYroPhB4VtdwcbpbRH,Mode V - GFSK19k2 - Backup,data_downlink,unknown,active,,,FSK,,unknown,,,145900000.0,145900000.0,VHF,,,,19200.0,,False,https://db.satnogs.org/api/transmitters/?format=json,2025-06-21T23:44:35.805022Z,
UND ROADS 2,64549,BZMH-1691-0385-6822-7921,satnogs:EwHUZtRbXgGNSfiwYSFJf2,Mode V/V - GMSK1k2 - Digipeater,two_way_data,unknown,inactive,,,FSK,,documented_uplink_access_unknown,145900000.0,,145900000.0,,VHF,,,,1200.0,,False,https://db.satnogs.org/api/transmitters/?format=json,2025-06-21T23:44:35.784658Z,
UNISAT-6,40012,RJRN-2264-7831-8205-7763,satnogs:TfCk7i5Hmy2PEFd2kXvFjh,9k6 FSK TLM,telemetry,unknown,active,,,FSK,,unknown,,,437421500.0,437421500.0,UHF,,,,9600.0,,True,https://db.satnogs.org/api/transmitters/?format=json,2019-04-18T05:39:53.343316Z,
UNISAT-7,47945,QKBK-9080-1354-2848-1016,satnogs:ZTqzyXXsuhvotFW3ku4okj,TLM,telemetry,unknown,active,,,FSK,,unknown,,,437425000.0,437425000.0,UHF,,,,9600.0,,True,https://db.satnogs.org/api/transmitters/?format=json,2021-03-22T11:09:28.266619Z,
UOSAT 2,14781,TDVY-5283-4801-7631-6209,satnogs:93JneXA5yT3kbdK64pnBm3,1k2 AFSK Payload,data_downlink,unknown,inactive,,,AFSK,,unknown,,,435025000.0,435025000.0,UHF,,,,1200.0,,True,https://db.satnogs.org/api/transmitters/?format=json,2019-06-15T10:55:45.931325Z,
UOSAT 2,14781,TDVY-5283-4801-7631-6209,satnogs:aBPWui23BqUhVc62nySNuQ,1k2 AFSK TLM,telemetry,unknown,active,2026-09-23T15:16:00+00:00,https://www.amsat.org/status/,AFSK,,unknown,,,145825000.0,145825000.0,VHF,,,,1200.0,,True,https://db.satnogs.org/api/transmitters/?format=json,2019-06-15T10:55:45.933902Z,
UOSAT 2,14781,TDVY-5283-4801-7631-6209,satnogs:jaeiRatPxdEWT3Yn4wc7nV,4k8 PSK Payload,data_downlink,unknown,inactive,,,PSK,,unknown,,,435025000.0,435025000.0,UHF,,,,4800.0,,True,https://db.satnogs.org/api/transmitters/?format=json,2019-06-15T10:55:45.928704Z,
UOSAT 2,14781,TDVY-5283-4801-7631-6209,satnogs:zzRKwziuZsPKDkFUHg7ooQ,FM Beacon,beacon,unknown,inactive,,,FM,,unknown,,,2401500000.0,2401500000.0,UHF,,,,,,True,https://db.satnogs.org/api/transmitters/?format=json,2019-06-15T10:55:45.926565Z,
UTMN2,57203,ESPB-1611-5692-0685-8383,satnogs:caUuRUfPwWZD4HJQAVPSqB,Mode U - GMSK 2k4 (USP FEC) TLM,telemetry,unknown,active,,,GMSK,,unknown,,,436125000.0,436125000.0,UHF,,,,2400.0,,True,https://db.satnogs.org/api/transmitters/?format=json,2023-08-18T09:02:24.863145Z,
UTMN2,57203,ESPB-1611-5692-0685-8383,satnogs:oSkpmfHTdPWbvQnHn9eNCM,Mode U - GMSK 4k8 (USP FEC) TLM,telemetry,unknown,active,,,GMSK,,unknown,,,436125000.0,436125000.0,UHF,,,,4800.0,,True,https://db.satnogs.org/api/transmitters/?format=json,2023-07-07T13:26:53.277680Z,
UTMN2,57203,ESPB-1611-5692-0685-8383,satnogs:97wGYq6hnNfiey4DX8QswX,Mode U - GMSK 9k6 (USP FEC) TLM,telemetry,unknown,active,,,GMSK,,unknown,,,435680000.0,435680000.0,UHF,,,,9600.0,,True,https://db.satnogs.org/api/transmitters/?format=json,2023-10-14T17:24:04.757966Z,
UTMN2,57203,ESPB-1611-5692-0685-8383,satnogs:JnBA9dq5WnWQugErAnPDcz,Mode U - Robot 36 SSTV,image_downlink,unknown,active,2026-09-23T16:46:00+00:00,https://www.amsat.org/status/,,SSTV,unknown,,,436125000.0,436125000.0,UHF,,,,,,False,https://db.satnogs.org/api/transmitters/?format=json,2025-01-03T22:28:30.584668Z,
UWE-3,39446,AAXX-7141-8998-4196-8344,satnogs:D7iEeEbjNj49tusqHgpL4g,9k6 FSK TLM,telemetry,unknown,active,,,FSK,,unknown,,,437385000.0,437385000.0,UHF,,,,9600.0,,True,https://db.satnogs.org/api/transmitters/?format=json,2026-05-09T10:06:30.388778Z,
UWE-3,39446,AAXX-7141-8998-4196-8344,satnogs:gBpooS3AUqyvkhCpRQvvW5,PE0SAT - 9k6 FSK TLM,telemetry,unknown,active,,,FSK,,unknown,,,437384000.0,437384000.0,UHF,,,,9600.0,,True,https://db.satnogs.org/api/transmitters/?format=json,2019-04-18T05:39:53.343316Z,
UWE-3,39446,AAXX-7141-8998-4196-8344,satnogs:MeaPQ3CNsoHtXVZADFMvbc,Transmitter,data_downlink,unknown,active,,,FSK,,unknown,,,436395000.0,436395000.0,UHF,,,,9600.0,,False,https://db.satnogs.org/api/transmitters/?format=json,2020-10-24T13:38:53.211295Z,
UWE-4,43880,WDIT-2736-3800-1720-7555,satnogs:YyRGE6ftmWay2yxNBJwmbX,FSK9k6 AX.25 TLM - 16K0F2D,telemetry,unknown,inactive,,,FSK,AX.25,unknown,,,437385000.0,437385000.0,UHF,,,,9600.0,,True,https://db.satnogs.org/api/transmitters/?format=json,2019-04-18T05:39:53.343316Z,
UWE-4,43880,WDIT-2736-3800-1720-7555,satnogs:84i7RcGzy3QTCzM9GaRYmP,Mode U - FSK 9600 AX.25,data_downlink,unknown,active,,,FSK,AX.25,unknown,,,435600000.0,435600000.0,UHF,,,,9600.0,,False,https://db.satnogs.org/api/transmitters/?format=json,2021-06-21T09:00:37.467599Z,
UiTMSAT-2,98398,GTCB-7495-2132-2852-9491,satnogs:8hqroy53fJR54texyA4CJ7,CW,beacon,unknown,active,,,CW,,unknown,,,437375000.0,437375000.0,UHF,,,,20.0,,False,https://db.satnogs.org/api/transmitters/?format=json,2026-01-31T11:26:03.602922Z,
UiTMSAT-2,98398,GTCB-7495-2132-2852-9491,satnogs:kbJtZ84JVqrtNZjLi5aqTy,Mode U - GMSK4k8 - TLM,telemetry,unknown,active,,,GMSK,,unknown,,,437375000.0,437375000.0,UHF,,,,4800.0,,False,https://db.satnogs.org/api/transmitters/?format=json,2026-01-31T11:53:54.812513Z,
UiTMSAT-2,98398,GTCB-7495-2132-2852-9491,satnogs:7FrJubDMmSegKM3Z34Sjqz,Mode V/V - AFSK1k2 - Digipeater,data_downlink,unknown,active,,,AFSK,,unknown,,,145825000.0,145825000.0,VHF,,,,1200.0,,False,https://db.satnogs.org/api/transmitters/?format=json,2026-01-31T11:25:58.429223Z,
UmKA-1,57172,SDUV-9624-5611-1090-5908,satnogs:RfdEeNcGQkBFYyZ2KR8Rmr,Mode S - BPSK 2Mbps TLM,telemetry,unknown,active,,,BPSK,,unknown,,,2402400000.0,2402400000.0,UHF,,,,,,False,https://db.satnogs.org/api/transmitters/?format=json,2023-10-13T13:09:43.560083Z,
UmKA-1,57172,SDUV-9624-5611-1090-5908,satnogs:jGntWXMNbeVhZfuHGKXUAj,Mode U - CW,beacon,unknown,active,,,CW,,unknown,,,437625000.0,437625000.0,UHF,,,,,,False,https://db.satnogs.org/api/transmitters/?format=json,2025-11-20T14:43:23.411971Z,
UmKA-1,57172,SDUV-9624-5611-1090-5908,satnogs:jjdyd5tKmnXtMsygbTcBbC,Mode U - GMSK 2k4 (G3RUH) TLM,telemetry,unknown,inactive,,,FSK,,unknown,,,437625000.0,437625000.0,UHF,,,,2400.0,,False,https://db.satnogs.org/api/transmitters/?format=json,2023-07-18T16:05:51.466999Z,
UmKA-1,57172,SDUV-9624-5611-1090-5908,satnogs:apSwp972VrfnsJf6BGQGA8,Mode U - GMSK 2k4 (USP) TLM,telemetry,unknown,inactive,,,GMSK,,unknown,,,437625000.0,437625000.0,UHF,,,,2400.0,,False,https://db.satnogs.org/api/transmitters/?format=json,2023-07-31T09:42:09.527340Z,
UmKA-1,57172,SDUV-9624-5611-1090-5908,satnogs:VzCjUxM38mb74VbXTZsRKB,Mode U - GMSK 4k8 (G3RUH) TLM,telemetry,unknown,inactive,,,FSK,,unknown,,,435825000.0,435825000.0,UHF,,,,4800.0,,True,https://db.satnogs.org/api/transmitters/?format=json,2023-06-27T20:21:15.977855Z,
UmKA-1,57172,SDUV-9624-5611-1090-5908,satnogs:ZjS93aNT7JJrqcN6CCRyoP,Mode U - GMSK 4k8 (USP) TLM,telemetry,unknown,active,,,GMSK,,unknown,,,437625000.0,437625000.0,UHF,,,,4800.0,,False,https://db.satnogs.org/api/transmitters/?format=json,2024-08-10T23:48:07.930674Z,
UmKA-1,57172,SDUV-9624-5611-1090-5908,satnogs:eRAUq7Whot3A5nN3kNvwTr,Mode U - GMSK 9k6 (USP) TLM,telemetry,unknown,active,,,GMSK,,unknown,,,437625000.0,437625000.0,UHF,,,,9600.0,,True,https://db.satnogs.org/api/transmitters/?format=json,2023-07-31T09:42:09.530293Z,
UmKA-1,57172,SDUV-9624-5611-1090-5908,satnogs:AjYqcyjoAjJrmfsYtH7oux,Mode U - SSTV,image_downlink,unknown,active,2026-09-24T20:16:00+00:00,https://www.amsat.org/status/,,SSTV,unknown,,,437625000.0,437625000.0,UHF,,,,,,False,https://db.satnogs.org/api/transmitters/?format=json,2024-03-07T09:11:41.367947Z,
VEERY-0E “Ectobius”,98913,VYYS-2109-0134-2275-9604,satnogs:W2BzDJehYPueaQDyKtnYWP,Mode U - 9k6 FSK,data_downlink,unknown,active,,,FSK,,unknown,,,437125000.0,437125000.0,UHF,,,,9600.0,,False,https://db.satnogs.org/api/transmitters/?format=json,2024-03-09T00:38:41.828899Z,
VEGAFLY-1,98519,LPUU-9270-2724-3685-4470,satnogs:2y3i9kEcJtSro7XcWG3bhv,Mode U - CW Morse Beacon,beacon,unknown,inactive,,,CW,,unknown,,,436655000.0,436655000.0,UHF,,,,20.0,,False,https://db.satnogs.org/api/transmitters/?format=json,2026-04-03T07:35:01.461119Z,
VEGAFLY-1,98519,LPUU-9270-2724-3685-4470,satnogs:YGPzx2MvyyRnnVCjC9zRkm,Mode U - GFSK1k DATA,data_downlink,unknown,inactive,,,GFSK,,unknown,,,436655000.0,436655000.0,UHF,,,,1000.0,,False,https://db.satnogs.org/api/transmitters/?format=json,2026-04-03T07:36:55.121269Z,
VEGAFLY-1,98519,LPUU-9270-2724-3685-4470,satnogs:o6yKCyhM8EdqaoJqg4spbJ,Mode U - GFSK500 TLM,telemetry,unknown,active,,,GFSK,,unknown,,,436655000.0,436655000.0,UHF,,,,500.0,,False,https://db.satnogs.org/api/transmitters/?format=json,2026-03-30T02:15:25.018695Z,
VELOX 1,40057,MBWN-8482-2114-9688-9106,satnogs:nP9SjSXhoLLLi4Xso84aER,CW Beacon,beacon,unknown,active,,,CW,,unknown,,,145980000.0,145980000.0,VHF,,,,,,True,https://db.satnogs.org/api/transmitters/?format=json,2019-04-18T05:39:53.343316Z,
VELOX-AM,57482,BVGM-7941-1194-7387-5450,satnogs:ayuAjFrh4e284tTBLG7j27,Mode U - FSK4k8,data_downlink,unknown,active,,,FSK,,unknown,,,437125000.0,437125000.0,UHF,,,,4800.0,,True,https://db.satnogs.org/api/transmitters/?format=json,2023-07-30T17:24:43.785089Z,
VELOX-PII,39438,FVZE-6295-2194-3210-6337,satnogs:qi4FX8EQ2UsiwwEyhbuYT7,Mode 1200bps BPSK CW,beacon,unknown,active,,,CW,,unknown,,,145980000.0,145980000.0,VHF,,,,,,True,https://db.satnogs.org/api/transmitters/?format=json,2019-04-18T05:39:53.343316Z,
VIZARD-meteo,57189,OYGZ-5054-3166-8092-6448,satnogs:arw4iGWiTZDF8yQ64UBZgE,Mode U - GMSK 2k4 (USP FEC) TLM,telemetry,unknown,active,,,GMSK,,unknown,,,437825000.0,437825000.0,UHF,,,,2400.0,,True,https://db.satnogs.org/api/transmitters/?format=json,2023-07-12T21:55:21.225548Z,
VIZARD-meteo,57189,OYGZ-5054-3166-8092-6448,satnogs:kreKfmt4vs4n22TyJZ4Mft,SSTV - Robot 72,image_downlink,unknown,active,2026-09-23T22:00:00+00:00,https://www.amsat.org/status/,,SSTV,unknown,,,437825000.0,437825000.0,UHF,,,,,,True,https://db.satnogs.org/api/transmitters/?format=json,2024-10-28T09:28:41.057229Z,
Vigoride-5,55056,PDVW-9191-3063-9872-9368,satnogs:XZimiPaNXnAtuqvxpVq2gK,UHF Beacon,beacon,unknown,active,,,FM,,unknown,,,400500000.0,400500000.0,UHF,,,,,,True,https://db.satnogs.org/api/transmitters/?format=json,2023-01-14T02:12:05.651709Z,
Vizard-ion,61749,SQGD-2208-0540-4983-6683,satnogs:X8UGAHRKn2UcnugW3y786G,Mode U - CW Beacon,beacon,unknown,inactive,,,CW,,unknown,,,436870000.0,436870000.0,UHF,,,,,,False,https://db.satnogs.org/api/transmitters/?format=json,2024-10-31T11:36:56.832840Z,
Vizard-ion,61749,SQGD-2208-0540-4983-6683,satnogs:AFd2b9xhFiK36hijkC2dku,Mode U - GFSK9k6 - AX.25 Beacon and Telemetry (Geoscan framing),beacon; telemetry,unknown,active,,,GFSK,AX.25,unknown,,,436870000.0,436870000.0,UHF,,,,9600.0,,False,https://db.satnogs.org/api/transmitters/?format=json,2024-10-31T11:36:52.765809Z,
Vizard-ion,61749,SQGD-2208-0540-4983-6683,satnogs:RNwPFv5ab7mmKK5mW2XTJV,Mode X - DVB-S2,digital_television,unknown,active,,,,DVB-S2,unknown,,,10475000000.0,10475000000.0,SHF,,,,1000000.0,,False,https://db.satnogs.org/api/transmitters/?format=json,2024-10-31T11:37:00.817827Z,
WASEDA-SAT-ZERO-II,98327,HFCT-6543-1597-0098-9086,satnogs:mQFj3NSnbc2gFVKFARME3o,Mode U - CW,beacon,unknown,active,,,CW,,unknown,,,437200000.0,437200000.0,UHF,,,,8.0,,False,https://db.satnogs.org/api/transmitters/?format=json,2026-04-22T19:18:09.429622Z,
WASEDA-SAT-ZERO-II,98327,HFCT-6543-1597-0098-9086,satnogs:BK2ThZF2CcPvX3dVUfTLpj,Mode U - TLM,telemetry,unknown,active,,,FSK,,unknown,,,437200000.0,437200000.0,UHF,,,,1200.0,,False,https://db.satnogs.org/api/transmitters/?format=json,2026-04-22T19:18:09.421563Z,
WREN,39435,XRJJ-0463-2781-5484-1167,satnogs:JGYJ76ZbPFUjqaxe44SC7F,Mode U SSTV,image_downlink,unknown,active,,,FM,SSTV,unknown,,,437405000.0,437405000.0,UHF,,,,,,False,https://db.satnogs.org/api/transmitters/?format=json,2022-11-02T20:13:09.845458Z,
XIWANG-1,36122,JJGC-7637-4682-0934-3692,satnogs:T7QXLn5PryWVdjqDUfGa55,CW Beacon,beacon,unknown,active,,,CW,,unknown,,,435791000.0,435791000.0,UHF,,,,15.0,,True,https://db.satnogs.org/api/transmitters/?format=json,2019-04-18T05:39:53.343316Z,
XIWANG-1,36122,JJGC-7637-4682-0934-3692,satnogs:xVq7syPGptNE56YpFTAgGh,Mode V/U BBS AFSK,two_way_data,unknown,inactive,,,AFSK,,documented_uplink_access_unknown,145825000.0,,435675000.0,,UHF,,,,1200.0,,True,https://db.satnogs.org/api/transmitters/?format=json,2020-02-17T20:41:45.634289Z,
XIWANG-1,36122,JJGC-7637-4682-0934-3692,satnogs:AEzrojCTbvAeZRDtPmqitc,Mode V/U FM,two_way_voice,unknown,active,,,FM,,documented_uplink_access_unknown,145825000.0,,435675000.0,,UHF,,,,,,True,https://db.satnogs.org/api/transmitters/?format=json,2019-04-18T05:39:53.343316Z,
XIWANG-1,36122,JJGC-7637-4682-0934-3692,satnogs:DMfzzRQEHk98K7diJ3wo27,Mode V/U Linear,two_way_voice,unknown,inactive,,,FMN,,documented_uplink_access_unknown,145925000.0,145975000.0,435715000.0,435765000.0,UHF,,,50000.0,,,True,https://db.satnogs.org/api/transmitters/?format=json,2019-04-18T05:39:53.343316Z,
XW-3,50466,WMPC-3806-8308-1122-5138,satnogs:SqMaeqweB8LkyaBcExhxQT,Mode U - GMSK4k8 AX.25 Telemetry,telemetry,unknown,active,,,GMSK,AX.25,unknown,,,435725000.0,435725000.0,UHF,,,,4800.0,,False,https://db.satnogs.org/api/transmitters/?format=json,2021-12-26T05:37:00.827842Z,
XW-3,50466,WMPC-3806-8308-1122-5138,satnogs:d2wKU3qETr3tLdxCGVJ8cb,Mode U - Telemetry,beacon; telemetry,unknown,active,,,CW,,unknown,,,435575000.0,435575000.0,UHF,,,,22.0,,False,https://db.satnogs.org/api/transmitters/?format=json,2021-12-24T14:28:57.111999Z,
XW-3,50466,WMPC-3806-8308-1122-5138,satnogs:JB4Bsj4MUAgjgNojDLB8qe,Mode U Audio,downlink_audio,unknown,active,,,BPSK,,unknown,,,435180000.0,435180000.0,UHF,,,,19200.0,,False,https://db.satnogs.org/api/transmitters/?format=json,2022-12-05T22:04:11.743748Z,
XW-3,50466,WMPC-3806-8308-1122-5138,satnogs:cApMyLxo44XFkf6MhUCNxC,Mode V/U - Transponder,two_way_voice,unknown,inactive,,,USB,,documented_uplink_access_unknown,145855000.0,145885000.0,435165000.0,435195000.0,UHF,,,30000.0,,,False,https://db.satnogs.org/api/transmitters/?format=json,2026-03-16T08:13:23.519047Z,
YOUTHSAT,37388,WQYT-3877-9353-7434-8931,satnogs:iDe9MKxFTLDF6PuzeoSuii,UHF Unknown,beacon,unknown,active,,,CW,,unknown,,,400000000.0,400000000.0,UHF,,,,,,True,https://db.satnogs.org/api/transmitters/?format=json,2022-10-21T08:08:34.588843Z,
YUBELEINY 2,38735,NJCP-8947-9988-6527-2389,satnogs:Vrkbw9ARBqeSpgVGpbMc4C,Mode U - CW,beacon,unknown,active,,,CW,,unknown,,,435365000.0,435365000.0,UHF,,,,,,True,https://db.satnogs.org/api/transmitters/?format=json,2025-07-31T07:39:41.896433Z,
YUBELEINY 2,38735,NJCP-8947-9988-6527-2389,satnogs:dpr97FVSfb9YAheeT5gUwG,Mode U - CW,beacon,unknown,active,,,CW,,unknown,,,435265000.0,435265000.0,UHF,,,,,,True,https://db.satnogs.org/api/transmitters/?format=json,2025-07-31T07:39:41.923355Z,
YUBELEINY 2,38735,NJCP-8947-9988-6527-2389,satnogs:GMngVCTTsJTm4e97tKWUEP,Mode U - DOKA B,data_downlink,unknown,active,,,,,unknown,,,435365000.0,435365000.0,UHF,,,,,,True,https://db.satnogs.org/api/transmitters/?format=json,2025-07-31T07:39:41.888466Z,
YUBELEINY 2,38735,NJCP-8947-9988-6527-2389,satnogs:cghkBrp6ug9jYLiXqBfbph,Mode U - DOKA B,data_downlink,unknown,active,,,,,unknown,,,435265000.0,435265000.0,UHF,,,,,,True,https://db.satnogs.org/api/transmitters/?format=json,2025-07-31T07:39:41.915495Z,
YUBILEINY,32953,QDOI-2741-3962-6115-0959,satnogs:TaNwRs2MhWH3s99LDrRt3m,435.353,downlink_audio,unknown,active,,,FM,,unknown,,,435353000.0,435353000.0,UHF,,,,,,True,https://db.satnogs.org/api/transmitters/?format=json,2022-08-01T17:57:20.589470Z,
YUBILEINY,32953,QDOI-2741-3962-6115-0959,satnogs:4vRcttnce4Z3nhfsQQt8kM,PE0SAT - CW Beacon,beacon,unknown,active,,,CW,,unknown,,,435315700.0,435315700.0,UHF,,,,,,True,https://db.satnogs.org/api/transmitters/?format=json,2019-04-18T05:39:53.343316Z,
YUBILEINY,32953,QDOI-2741-3962-6115-0959,satnogs:h7S7VNjodegJM2AYahtvAN,Telemetry Beacon 1 Beacon,beacon; telemetry,unknown,active,,,PSK,,unknown,,,435215000.0,435215000.0,UHF,,,,2500.0,,True,https://db.satnogs.org/api/transmitters/?format=json,2022-08-01T17:57:11.195344Z,
YUBILEINY,32953,QDOI-2741-3962-6115-0959,satnogs:gFtFgRMUqbmLbR94Jjb2KK,Telemetry Beacon 2 Beacon,beacon; telemetry,unknown,active,,,,,unknown,,,435315000.0,435315000.0,UHF,,,,2500.0,,True,https://db.satnogs.org/api/transmitters/?format=json,2022-08-01T17:57:16.314585Z,
Yarilo No. 4,57200,ZWQX-0507-9428-9365-8363,satnogs:BupyQqhgH2iaM4TQKeyd8A,Mode U - Beacon,beacon,unknown,active,,,FM,,unknown,,,435720000.0,435720000.0,UHF,,,,,,True,https://db.satnogs.org/api/transmitters/?format=json,2023-07-10T09:11:02.136241Z,
Yarilo No. 4,57200,ZWQX-0507-9428-9365-8363,satnogs:bj4KYK6mL8NhHran4rQQT3,Mode U - FSK9k6,data_downlink,unknown,active,,,FSK,,unknown,,,435400000.0,435400000.0,UHF,,,,9600.0,,True,https://db.satnogs.org/api/transmitters/?format=json,2023-07-10T09:10:21.719001Z,
Z-Sat,49399,KMUR-8898-9913-2178-8848,satnogs:ZPUzSHuGzUzwC2ZRKKfjLi,Mode U/V (1k2/9k6) - BBS,two_way_data,unknown,inactive,,,FSK,AX.25,documented_uplink_access_unknown,435480000.0,,145875000.0,,VHF,,,,9600.0,,False,https://db.satnogs.org/api/transmitters/?format=json,2026-06-26T07:31:41.403381Z,
Z-Sat,49399,KMUR-8898-9913-2178-8848,satnogs:PSXKMkfdBXmue7GbeYYHrS,Mode V - 9K6 GMSK,data_downlink,unknown,active,,,FSK,AX.25,unknown,,,145875000.0,145875000.0,VHF,,,,9600.0,,False,https://db.satnogs.org/api/transmitters/?format=json,2025-06-30T22:20:54.642369Z,
Z-Sat,49399,KMUR-8898-9913-2178-8848,satnogs:GNQrSU3cFmoNhhcCGwZMQr,Mode V - CW Beacon,beacon,unknown,inactive,,,CW,,unknown,,,145875000.0,145875000.0,VHF,,,,,,False,https://db.satnogs.org/api/transmitters/?format=json,2025-06-25T08:21:02.604624Z,
ZACUBE-1,39417,GRVM-9505-5712-0753-7014,satnogs:mPUxuDujiHWrmLYvUvxLPu,14.099 MHz CW Beacon,beacon,unknown,active,,,CW,,unknown,,,14099000.0,14099000.0,HF,,,,22.0,,False,https://db.satnogs.org/api/transmitters/?format=json,2022-07-08T02:05:15.395443Z,
ZACUBE-1,39417,GRVM-9505-5712-0753-7014,satnogs:feUjHrNeVPFjigkjaisKsg,FSK1k2 TLM,telemetry,unknown,active,,,FSK,,unknown,,,437356000.0,437356000.0,UHF,,,,1200.0,,True,https://db.satnogs.org/api/transmitters/?format=json,2020-11-09T15:42:41.229070Z,
ZACUBE-1,39417,GRVM-9505-5712-0753-7014,satnogs:SceFq4oXTQbAsaugQsnwuG,FSK9K6 TLM,telemetry,unknown,active,,,FSK,,unknown,,,437356000.0,437356000.0,UHF,,,,9600.0,,False,https://db.satnogs.org/api/transmitters/?format=json,2020-11-30T17:07:29.830528Z,
