{"type":"FeatureCollection","features":[{"type":"Feature","id":88,"geometry":{"type":"LineString","coordinates":[[-122.21243054145627,37.901462249347688],[-122.21249540178583,37.901449848809548],[-122.21265444491235,37.901398069807627]]},"properties":{"LENGTH_MILES":0.013042070000000001,"GLOBALID":"{5487634E-C5C8-460D-8B97-B280CAA7422A}","MILE":3.8100000000000001,"ELEVATION_GAIN":null,"HOUR":1.3,"SHAPE.LEN":68.862152590683294,"OBJECTID":88,"SURFACE_TY":"Dirt","TRAIL_NAME":"Bear Creek Trail","TRAIL_TYPE":"Hikers and Equestrians","REGIONAL_TRAIL_NAME":"Mokelumne Coast to Crest/American Discovery","WIDTH":"Narrow","TRAIL_NAME_1":"Bear Creek","TRAIL_START":"Bear Creek Staging","TRAIL_END":"Briones Overlook Staging","DISTANCE":"3.81 One way","DOG":"No","HORSE":"Yes","BICYCLE":"No","SUNEXPO":"Full shade","DIFFICULTY":"Moderate","TRAIL_DESC":"At the Bear Creek Staging Area, head through the south gate and cross the creek to get on the trail. This trail traverses the southeast slopes of Briones Reservoir. It is moderately steep in a few sections, mostly forested, and botanically fascinating. If you hike past the Briones Overlook Staging Area, the trail continues downhill along the Briones Dam spillway to the Orinda Connector trail.","WAY":"One way","LABEL":"Bear Creek","DOG_PIC":"no-dog","HORSE_PIC":"horse","BIKE_PIC":"no-bike","SUN_PIC":"shade"}},{"type":"Feature","id":30,"geometry":{"type":"LineString","coordinates":[[-122.21243054145627,37.901462249347688],[-122.21215446710278,37.901533467717847],[-122.21202532569566,37.901574107714644],[-122.21197408991756,37.901607447098812],[-122.21179940874713,37.902043584049323],[-122.21183187904118,37.902109625007157],[-122.21195921966246,37.902250776326113],[-122.21197260357485,37.902443331468973],[-122.21225527884265,37.902700201790289],[-122.21240182678156,37.902950916959526],[-122.21283965910898,37.903341259122278],[-122.21315771173273,37.903660318455692],[-122.21369974097472,37.903972719793636],[-122.21377171807164,37.90406796654414],[-122.21387283231149,37.904399428561788],[-122.21387018642443,37.904411757825692],[-122.21374059040821,37.904553608723781],[-122.21364971568252,37.904763084475285],[-122.21360799894988,37.905000591038707],[-122.21348204092276,37.905350122342412],[-122.21338072461863,37.905694636997964],[-122.21297749540823,37.906231564261255],[-122.21285551428159,37.906353503426139],[-122.21280759883255,37.906380291300792],[-122.21277009796759,37.906407614798447],[-122.21271511194662,37.906436292166319],[-122.21267611703706,37.906508639194982],[-122.21266459670183,37.906567769753195],[-122.21262384424435,37.90664862572396],[-122.21260981822648,37.906695741459927],[-122.21263182182059,37.906775467499365],[-122.21271992701598,37.906850237421402],[-122.21287056054081,37.906897164898602],[-122.21290210190574,37.906916366143982],[-122.21298319345873,37.907232154248611],[-122.2129585561856,37.907299268267927],[-122.21220977796175,37.907738975006893],[-122.21220885942869,37.907738798179622],[-122.21206286249578,37.90774125711993],[-122.21190262979539,37.907731779163662],[-122.21139145351927,37.908281307831615],[-122.2113199676684,37.908389113388544],[-122.21120112237897,37.908469290808398],[-122.21114761823475,37.908506973699573],[-122.21104809589367,37.90855098792192],[-122.21099696858063,37.908588811131878],[-122.21094955910142,37.908637565534363],[-122.21092677003119,37.908669044078749],[-122.21089669158928,37.90875026110492],[-122.21080490215208,37.90883549274389],[-122.21020270349609,37.909039328646983],[-122.20978136750668,37.909201753089143],[-122.20943971207411,37.909239258227515],[-122.20917088155836,37.909236994927348],[-122.20887693923328,37.909322204424114],[-122.20870536885823,37.909262659409912],[-122.20859714100126,37.909229891180111],[-122.20826079908161,37.909377585738923],[-122.20787011242989,37.909574132724011],[-122.20772964495917,37.909654149710661],[-122.20752136496043,37.90977292600811],[-122.20734771799073,37.909891983480087],[-122.20726160395371,37.909950668744379],[-122.20708646690208,37.910190732638],[-122.20711832556395,37.910276474713527],[-122.20728717928763,37.910455332591901],[-122.20738250636894,37.91068055775758],[-122.20736945949542,37.910820398131456],[-122.20734234956088,37.910894010554721],[-122.20725031313312,37.910977894738771],[-122.2071208609035,37.911025966219491],[-122.20681418316789,37.911066538325827],[-122.20641153487624,37.911036049807542]]},"properties":{"LENGTH_MILES":1.00018871,"GLOBALID":"{743BDAEE-2E0F-4C23-99B8-C87620F4D600}","MILE":3.8100000000000001,"ELEVATION_GAIN":96,"HOUR":1.3,"SHAPE.LEN":5280.99646022651,"OBJECTID":30,"SURFACE_TY":"Dirt","TRAIL_NAME":"Bear Creek Trail","TRAIL_TYPE":"Hikers and Equestrians","REGIONAL_TRAIL_NAME":"Mokelumne Coast to Crest/American Discovery","WIDTH":"Narrow","TRAIL_NAME_1":"Bear Creek","TRAIL_START":"Bear Creek Staging","TRAIL_END":"Briones Overlook Staging","DISTANCE":"3.81 One way","DOG":"No","HORSE":"Yes","BICYCLE":"No","SUNEXPO":"Full shade","DIFFICULTY":"Moderate","TRAIL_DESC":"At the Bear Creek Staging Area, head through the south gate and cross the creek to get on the trail. This trail traverses the southeast slopes of Briones Reservoir. It is moderately steep in a few sections, mostly forested, and botanically fascinating. If you hike past the Briones Overlook Staging Area, the trail continues downhill along the Briones Dam spillway to the Orinda Connector trail.","WAY":"One way","LABEL":"Bear Creek","DOG_PIC":"no-dog","HORSE_PIC":"horse","BIKE_PIC":"no-bike","SUN_PIC":"shade"}},{"type":"Feature","id":31,"geometry":{"type":"LineString","coordinates":[[-122.13962707165638,37.888007788905966],[-122.1396504499377,37.887947789448653],[-122.13977037143957,37.887860968436613],[-122.13981763323947,37.887836857026215],[-122.13999792083918,37.887783473387287],[-122.14006054094148,37.887677621834612],[-122.14008069537749,37.887590121717707],[-122.14010918451226,37.887498465079233],[-122.14014448223557,37.88737123120854],[-122.14025253615375,37.887239020668432],[-122.14041977518289,37.88688886007052],[-122.14039995500072,37.886770915811084],[-122.14030864400713,37.886663059133689],[-122.14012979313722,37.886472997494103],[-122.14015324142082,37.886381036863696],[-122.14019824302243,37.886337241387601],[-122.1403304619685,37.886286830050317],[-122.14043576743448,37.886139529918104],[-122.14051978011722,37.885962089301415],[-122.14066874656926,37.885608281923446],[-122.14068553277382,37.885559369606213]]},"properties":{"LENGTH_MILES":0.19903672,"GLOBALID":"{F378C8DC-4A19-4FC1-95FF-6DDECC887F18}","MILE":null,"ELEVATION_GAIN":29,"HOUR":null,"SHAPE.LEN":1050.9138756442401,"OBJECTID":31,"SURFACE_TY":"Paved","TRAIL_NAME":"Entrance Trail","TRAIL_TYPE":"Hikers, Bicycles and Leashed Dogs","REGIONAL_TRAIL_NAME":null,"WIDTH":"Narrow","TRAIL_NAME_1":"Entrance","TRAIL_START":null,"TRAIL_END":null,"DISTANCE":null,"DOG":null,"HORSE":null,"BICYCLE":null,"SUNEXPO":null,"DIFFICULTY":null,"TRAIL_DESC":null,"WAY":null,"LABEL":"Entrance","DOG_PIC":"no-dog","HORSE_PIC":"no-horse","BIKE_PIC":"no-bike","SUN_PIC":null}},{"type":"Feature","id":32,"geometry":{"type":"LineString","coordinates":[[-122.14439825519312,37.883339997342532],[-122.14426988697163,37.883054639761447],[-122.14439297778517,37.882939106824161],[-122.1445702989071,37.882830096938804],[-122.14478429461556,37.882777158954404],[-122.14491515380048,37.882742141153628],[-122.14495618133975,37.882703630294316],[-122.14493141417134,37.882666035223338],[-122.14480517039878,37.882639339394302],[-122.14462551333295,37.882632357558016],[-122.14437428757995,37.882635856849873],[-122.14377456099778,37.882843387147474],[-122.14321706580775,37.883116774517056],[-122.143001591879,37.883192380549225],[-122.14278397383309,37.883171206611898],[-122.14263812225727,37.883173235934848],[-122.14256187929045,37.883201714999281],[-122.14244097659162,37.883310437103205],[-122.14230583566773,37.88333652003594],[-122.14213766915755,37.883556682735289],[-122.14236763456039,37.883697841534129],[-122.14246306537029,37.883775816786745],[-122.14253529340536,37.883881807028629],[-122.1426130027351,37.883991322854634],[-122.14284147464529,37.883937968088297],[-122.14284072203345,37.883903991777451],[-122.14299718257686,37.883869086710568],[-122.14337736459042,37.884114038833587]]},"properties":{"LENGTH_MILES":0.33628067,"GLOBALID":"{E849A413-92E8-4D17-816E-A53FB599B71D}","MILE":null,"ELEVATION_GAIN":11,"HOUR":null,"SHAPE.LEN":1775.5619815856701,"OBJECTID":32,"SURFACE_TY":"Paved","TRAIL_NAME":"None","TRAIL_TYPE":"Hikers, Bicycles and Leashed Dogs","REGIONAL_TRAIL_NAME":null,"WIDTH":"Narrow","TRAIL_NAME_1":"None","TRAIL_START":null,"TRAIL_END":null,"DISTANCE":null,"DOG":null,"HORSE":null,"BICYCLE":null,"SUNEXPO":null,"DIFFICULTY":null,"TRAIL_DESC":null,"WAY":null,"LABEL":"None","DOG_PIC":"no-dog","HORSE_PIC":"no-horse","BIKE_PIC":"no-bike","SUN_PIC":null}},{"type":"Feature","id":35,"geometry":{"type":"LineString","coordinates":[[-122.20466673358347,37.983000444438233],[-122.20473530158742,37.982933276169135],[-122.20472999135757,37.982687133853418],[-122.20493681271094,37.982554754301198],[-122.20502574792641,37.98243979943512],[-122.20501000317424,37.982298346832486],[-122.20491269450015,37.982139948591538],[-122.20488378345154,37.981969032075689],[-122.20492175772335,37.981810331055428],[-122.20504681871358,37.981637194011519],[-122.20516017629924,37.981371476836273],[-122.20521984580061,37.980978664149724],[-122.20516456387631,37.98037322674918],[-122.20485437360412,37.979814663439534],[-122.20475837512674,37.979697353386022],[-122.20475241726648,37.979662422845394],[-122.20473173353963,37.979633491765235],[-122.20449634539436,37.979319048733998],[-122.20447317742132,37.97929599190585],[-122.20443136952879,37.979268592687717],[-122.20362053670384,37.978407003542948],[-122.20374719470222,37.97815310262424],[-122.20355132251674,37.977705729814211],[-122.20324245483425,37.977400210093357],[-122.20333325179205,37.977074881978034],[-122.20380179505413,37.976904282138193],[-122.20390304718194,37.976739571484138],[-122.2037876154218,37.97659419539756],[-122.20366600962237,37.97605247262053],[-122.20342964786747,37.97519799393941],[-122.20330403672631,37.97458118415986],[-122.20334723765136,37.974064888948817],[-122.20422447416296,37.973159420938082],[-122.204500577724,37.972874628523861],[-122.2047677835171,37.972456462488459],[-122.20522359570967,37.971962099751117],[-122.20539287674532,37.971476848092088],[-122.20527771681006,37.970678111701197],[-122.20536217049448,37.970154484777858],[-122.20542729623125,37.970128109573587],[-122.2056673603645,37.969754770579314],[-122.20573364768843,37.969509436270144],[-122.20564344791947,37.969070460069062],[-122.20561099374953,37.968917855101488],[-122.20528970505543,37.968591149158847],[-122.20507514536145,37.968778924280016],[-122.20487966583035,37.968600579377934],[-122.20419030079697,37.968461623892438],[-122.20404014114251,37.968325931260857],[-122.2036270426062,37.968204944862102],[-122.20341587728993,37.96805563494803],[-122.20336070564584,37.967641850119087],[-122.20307336942309,37.967415654303686],[-122.20264057581885,37.9673138199975],[-122.2024393620073,37.967137492093784],[-122.20231391024625,37.967036229994207],[-122.2021791010783,37.966779715144597],[-122.20180425860738,37.966452371657148],[-122.20160749494525,37.966352098587556],[-122.20121662094635,37.966191929472664],[-122.20111396478144,37.966086288299287],[-122.20105272165836,37.965873586627687],[-122.20110832845927,37.965447791023259],[-122.20115318096052,37.964873213079734],[-122.2015002776637,37.964546176012014],[-122.20203005281483,37.964000244203326],[-122.20205530666139,37.96398656166555],[-122.20200870745579,37.96398171411164],[-122.20195800170822,37.96394947689474],[-122.20169701650687,37.964007885323781]]},"properties":{"LENGTH_MILES":1.6160504800000002,"GLOBALID":"{E5A07BBF-66A7-49B1-A018-05E840532B93}","MILE":2.96,"ELEVATION_GAIN":167,"HOUR":1,"SHAPE.LEN":8532.7462361243288,"OBJECTID":35,"SURFACE_TY":"Dirt","TRAIL_NAME":"Pinole Ridge Trail","TRAIL_TYPE":"Hikers and Equestrians","REGIONAL_TRAIL_NAME":"Bay Area Ridge Trail","WIDTH":"Narrow","TRAIL_NAME_1":"Pinole Ridge","TRAIL_START":"Pereira","TRAIL_END":"Pinole Valley Multi-Use Trail at Fernandez Ranch access","DISTANCE":"2.96 One way","DOG":"No","HORSE":"Yes","BICYCLE":"No","SUNEXPO":"Mostly sun","DIFFICULTY":"Difficult","TRAIL_DESC":"From the Pereira trailhead, cross the creek and make a right at the trail junction. The single track trail continues up a steep hill through grasslands and coyote brush scrub to Pinole Peak. The trail has nice views of the Pinole Valley and the Bay. It continues along the Pinole Valley Multi-Use trail along the Bay Area Ridge Trail alignment. ","WAY":"One way","LABEL":"Pinole Ridge","DOG_PIC":"no-dog","HORSE_PIC":"horse","BIKE_PIC":"no-bike","SUN_PIC":"sun"}},{"type":"Feature","id":36,"geometry":{"type":"LineString","coordinates":[[-122.24485367685884,37.971648289396178],[-122.24506685957969,37.971486085321366],[-122.24569847818623,37.97106686027626],[-122.24605436422847,37.970765598393029],[-122.24619122928874,37.970691669513215],[-122.24643639634346,37.970597213581087],[-122.24677681691682,37.970544787606102],[-122.247015669755,37.970521344134099],[-122.24724300658652,37.970558453650462],[-122.24785186453512,37.970708174247406],[-122.24797767444032,37.970738545257753],[-122.24810688839256,37.970810798034734],[-122.24826107296721,37.970879989629111],[-122.24855569604087,37.970878319005394],[-122.24884259111541,37.970897537963424],[-122.249170433404,37.970965516132701],[-122.24940062876971,37.971036987791564],[-122.25033815259171,37.971440734751994],[-122.25058207802897,37.971526074973774],[-122.25084025541472,37.971638249782728],[-122.25114246280737,37.971784302895507],[-122.25136071861743,37.971892063906708],[-122.25161534008312,37.972007951101844],[-122.25190009205598,37.972103831773772],[-122.2521182788058,37.972133506978729],[-122.25233266876563,37.97221171537479],[-122.25246250567434,37.972068840963495],[-122.25254564745011,37.971990013993469],[-122.25261806510713,37.971907364688022],[-122.25280830892808,37.971799343705577],[-122.25294327606228,37.97170948475862],[-122.25316721090699,37.971643638375177],[-122.25328686634415,37.971635397012562],[-122.25355694652228,37.971650385192596],[-122.25391400772965,37.971704248219154],[-122.25401653501812,37.971684599386641],[-122.25413424166639,37.971636847253286],[-122.25441948626683,37.971470875700518],[-122.25457771669531,37.971469301224168],[-122.2551471971201,37.971640417128313],[-122.25536605940779,37.971605306183498],[-122.25542467484983,37.971550395589368],[-122.25548730662467,37.971457404912343],[-122.25555686142717,37.971383709527743],[-122.25572805884202,37.971351976797159],[-122.25587208670234,37.971442651365784],[-122.25595517937533,37.971644830876777],[-122.25595791992183,37.971783539282796],[-122.25632317888896,37.971830156008437],[-122.25649644117597,37.97182699939944],[-122.25665827154043,37.971821617169226],[-122.25682876098331,37.971757513261188],[-122.256905042152,37.971682219392122],[-122.25696778231986,37.971584464620591],[-122.25699510265271,37.971444737157825],[-122.25705288692522,37.971337275813788],[-122.25707406424549,37.971274567203011],[-122.2572129679712,37.971242649087245],[-122.25756168298562,37.971176537923711],[-122.25763741880709,37.971108253596796],[-122.25776209451833,37.970936291374187],[-122.25821934839763,37.970935685445781],[-122.25833725012909,37.970941823057309],[-122.25854586368945,37.971063173053658],[-122.2588455012623,37.971250688819836],[-122.25907507984623,37.971479911747103],[-122.25955008107547,37.971854846048878],[-122.25964697580852,37.971922371434914],[-122.25977275851592,37.972003908520534],[-122.25996235991066,37.972041655523114],[-122.26044581527553,37.971896654340547]]},"properties":{"LENGTH_MILES":1.0249178400000001,"GLOBALID":"{7F571808-C4DC-44FB-ADC0-D88DB0DFFFD3}","MILE":null,"ELEVATION_GAIN":162,"HOUR":null,"SHAPE.LEN":5411.5664758092607,"OBJECTID":36,"SURFACE_TY":"Dirt","TRAIL_NAME":"Sobrante Ridge Trail Connector","TRAIL_TYPE":"Hikers and Equestrians","REGIONAL_TRAIL_NAME":"Bay Area Ridge Trail","WIDTH":"Wide","TRAIL_NAME_1":"Sobrante Ridge Trail Connector","TRAIL_START":null,"TRAIL_END":null,"DISTANCE":null,"DOG":null,"HORSE":null,"BICYCLE":null,"SUNEXPO":null,"DIFFICULTY":null,"TRAIL_DESC":null,"WAY":null,"LABEL":"Sobrante Ridge Trail Connector","DOG_PIC":"no-dog","HORSE_PIC":"no-horse","BIKE_PIC":"no-bike","SUN_PIC":null}},{"type":"Feature","id":37,"geometry":{"type":"LineString","coordinates":[[-122.25793303016825,37.935522397842597],[-122.2580437994111,37.935424015779873],[-122.25811765979236,37.935384278675066],[-122.25824181592394,37.935408189774414],[-122.25832824080247,37.935486755175759],[-122.25842766990124,37.93556512787179],[-122.25839161468082,37.93541626335243],[-122.25836972434615,37.935316129883255],[-122.25847289861019,37.935295848430414],[-122.25862856382231,37.935271896457415],[-122.25853474363279,37.934827622633442],[-122.25858801460133,37.934766353014076],[-122.25870086840565,37.934781071526267],[-122.25872168275158,37.934749594240138],[-122.25888093366524,37.934669477936978],[-122.25898251133917,37.93471409144869],[-122.25908847275025,37.934757444669451],[-122.25937808309712,37.934748307499717],[-122.25963818813307,37.934819590448953],[-122.2597435369815,37.934750053325146],[-122.25969488218327,37.934396440830241],[-122.25969262259447,37.934295715088751],[-122.25975547665192,37.93420400254012],[-122.25982727796371,37.934032022084772],[-122.25995002729927,37.933676844034181],[-122.25999926993853,37.933639493711254],[-122.26012039500949,37.933437418511581],[-122.26005129616216,37.933194976543625],[-122.26054470101012,37.933006412841806],[-122.26082699660466,37.932804380763351],[-122.26078858391257,37.932582629302011],[-122.26068973659133,37.932532995052931],[-122.26068978217307,37.932405362361017],[-122.26066190321649,37.932363681109777],[-122.26066698611848,37.93211326525433],[-122.26063033363273,37.931923955338917],[-122.26036193090241,37.931520753715255],[-122.26029086611003,37.931361818142975],[-122.26033072431393,37.931135597490737],[-122.26035624888044,37.930716180939655],[-122.26044864844052,37.930479429457947],[-122.26055230585519,37.930272926038569],[-122.26067014365962,37.930132098529896],[-122.26088417493952,37.929916526940467],[-122.2608804699897,37.929782753699385],[-122.26092960270843,37.929668643796496],[-122.26105729161969,37.929516520776843],[-122.26131720427107,37.929348496234233],[-122.26150628964032,37.929324326738652],[-122.26181464195071,37.929334961819109],[-122.26190942768717,37.929377327455356],[-122.26194455429382,37.929368119997982],[-122.26191519660605,37.929530652118721],[-122.26203234508928,37.929729053343479],[-122.26209629623796,37.929855235083259],[-122.26212533298953,37.929985865720447],[-122.26238458191982,37.930138717406116],[-122.26266111122776,37.930177877250905],[-122.26290951484117,37.930242908507388],[-122.26304590611944,37.930321540459872],[-122.26319232509262,37.930323340223268],[-122.26331582436011,37.930259285416071],[-122.26340026931358,37.930192298901964],[-122.26353524425086,37.930144731404368],[-122.26359492408218,37.930158127498302],[-122.26379543486453,37.930186598073284],[-122.2639508688313,37.930250107094018],[-122.26416177291651,37.930233108849698],[-122.26429400627667,37.930241971496535],[-122.26436612929473,37.930214630084194],[-122.26451753676353,37.930118352562708]]},"properties":{"LENGTH_MILES":0.82656282000000003,"GLOBALID":"{6FC7C838-1780-4164-A470-E4EDD1A52B68}","MILE":0.83000000000000007,"ELEVATION_GAIN":175,"HOUR":0.29999999999999999,"SHAPE.LEN":4364.25180803273,"OBJECTID":37,"SURFACE_TY":"Dirt","TRAIL_NAME":"Eagle's Nest Trail","TRAIL_TYPE":"Hikers, Equestrians and Bicycles","REGIONAL_TRAIL_NAME":"Bay Area Ridge Trail","WIDTH":"Wide","TRAIL_NAME_1":"Eagles Nest","TRAIL_START":"San Pablo Rec Area","TRAIL_END":"Nimitz Way","DISTANCE":"0.83 One way","DOG":"No","HORSE":"Yes","BICYCLE":"Yes","SUNEXPO":"Mostly shade","DIFFICULTY":"Difficult","TRAIL_DESC":"The trail takes off from Old San Pablo Trail, on the north side of the San Pablo Recreation Area. The trail crosses San Pablo Dam Road at a crosswalk and heads uphill into a pungent eucalyptus forest. Hike steadily uphill to Nimitz Way, then head north to Wildcat Canyon or south into Tilden Regional Park. Bicycles are allowed on the Eagle¿s Nest trail. ","WAY":"One way","LABEL":"Eagles Nest","DOG_PIC":"no-dog","HORSE_PIC":"horse","BIKE_PIC":"bike","SUN_PIC":"shade"}},{"type":"Feature","id":39,"geometry":{"type":"LineString","coordinates":[[-122.22083035205438,37.875703237285336],[-122.22082857608196,37.875703132504896],[-122.22082185651294,37.875667090226841],[-122.22082557699726,37.875518783013931],[-122.22066527676107,37.87530668702005],[-122.22016416141851,37.874945421687713],[-122.21973703532009,37.874614768519038],[-122.21955087276159,37.874419430040014],[-122.21948176531521,37.87435314053554],[-122.21939228553711,37.874305003354209],[-122.21923580798875,37.874249840437059],[-122.21918667166055,37.874098914685845],[-122.21891483563066,37.873672350843037],[-122.21884381244118,37.873589908491802],[-122.21873901769267,37.873553665679538],[-122.21861348934472,37.873519786489155],[-122.21827172716685,37.873408794546044],[-122.21807365945935,37.873267780644227],[-122.21790484270426,37.873133160740835],[-122.21696390252269,37.872341135134128],[-122.21693972185949,37.872202967323801],[-122.21699405295537,37.872068089485673],[-122.21711626711337,37.871958646286068],[-122.21711658927157,37.871949236164482],[-122.21709751541232,37.871857344492938],[-122.21701443117956,37.871741665896216],[-122.2169942747618,37.871671657568442],[-122.21698692654206,37.871511951342306],[-122.2168535472082,37.871222573299967],[-122.21682123478264,37.87115687266779],[-122.21663931111284,37.870940473655189],[-122.21647676701409,37.870838856646188],[-122.216419648166,37.870701793965331],[-122.21632290600796,37.870585458278136],[-122.21552666431997,37.869653043995392],[-122.21547473093256,37.869446972847491],[-122.21522837632156,37.86922524496638],[-122.21515933112673,37.869196815342811],[-122.2151845373286,37.869144221292558],[-122.21527263457517,37.869137187247311],[-122.21550523718729,37.869220734118464],[-122.21578874146985,37.86929559871907],[-122.21585263861952,37.869365413924776],[-122.21599673041985,37.869425637443243],[-122.21607400169607,37.869383344476404],[-122.2160755251665,37.869336670019564],[-122.21601787349505,37.869250596372375],[-122.21609069189363,37.868940404577238],[-122.21621426474104,37.868818608212322],[-122.21631108090634,37.868772870526293],[-122.21642552381992,37.868729785404618],[-122.21644249122883,37.868680503686591],[-122.21630688621264,37.868569168605589],[-122.21625313865823,37.868557341007815],[-122.21611827558036,37.868566748091709],[-122.21609115926833,37.868541160881158],[-122.21612021248666,37.868458982267782],[-122.21609823110197,37.868422047754272],[-122.21603326326381,37.868398405821026],[-122.21601610190388,37.868325502482847],[-122.21590088693227,37.868136258740712],[-122.21590183487162,37.868033689881386],[-122.21606736035687,37.867878888750923],[-122.21618261610514,37.867799842814065],[-122.21641867886417,37.867522664027831],[-122.21649062169335,37.867446156248327],[-122.21658816560515,37.867339745890746],[-122.21668420526099,37.867310110321704],[-122.21675221201232,37.867307226101737],[-122.21682450324768,37.86734358918099],[-122.21690323402625,37.867447572880991],[-122.21698129109885,37.867597632005996],[-122.21713051259705,37.867760823953553],[-122.21721455704764,37.867794075326835],[-122.2175421262707,37.867836470035094],[-122.21765112164582,37.867799262839497],[-122.21775842246576,37.867710284920754],[-122.21792595132291,37.867494781107297],[-122.21797491754589,37.867439820192146],[-122.21799898112077,37.867322636784763],[-122.21806512695656,37.867204261412773],[-122.2180899161521,37.867129264411453],[-122.21814040323194,37.866936006703547],[-122.21812675302559,37.866806381025484],[-122.21813058883383,37.866656557162628],[-122.21816526886897,37.8664614748498],[-122.21821221102314,37.866440778493185],[-122.21826507708541,37.866407338134067],[-122.21829809515208,37.866336287333461],[-122.21835952326784,37.866221640057283],[-122.21845251554096,37.866147107225345],[-122.21846780169051,37.866034950189643],[-122.21845265957138,37.865829848514338],[-122.21845523045633,37.865791359314223],[-122.21829392537946,37.865259462365692],[-122.2182491043974,37.865194193778237],[-122.21824230317685,37.865124937386071],[-122.21823439025245,37.865082477072519],[-122.21820548701501,37.865031395379312],[-122.218133627835,37.864995362095364],[-122.21807576255938,37.864890452761109],[-122.21801737065573,37.864688042390945],[-122.21786638819034,37.864451961249578],[-122.21779778118267,37.86433210189788],[-122.2176963985017,37.864143364079375],[-122.21764071293131,37.863982802951341],[-122.21762348776551,37.863912323030839],[-122.217614018929,37.863802591769392],[-122.21762137211107,37.863746175511949],[-122.21765289599396,37.863685974979241],[-122.21763367012323,37.863603852290915],[-122.21760721649783,37.863508788620727],[-122.21747885967974,37.863501729470002],[-122.21735333182419,37.863467159727584],[-122.21720306832695,37.863411666026323],[-122.21702971813649,37.863331785443194],[-122.2169562847949,37.863302636728108],[-122.21689283128613,37.863255494341381],[-122.21666813271653,37.863052753742629],[-122.21654125709966,37.862959837044599],[-122.21632715178981,37.862808968669476]]},"properties":{"LENGTH_MILES":1.30393326,"GLOBALID":"{990E3FB0-1493-4E93-BBEF-BFAAF3580BD4}","MILE":1.73,"ELEVATION_GAIN":137,"HOUR":0.59999999999999998,"SHAPE.LEN":6884.7676852032901,"OBJECTID":39,"SURFACE_TY":"Dirt","TRAIL_NAME":"Skyline Trail","TRAIL_TYPE":"Hikers and Equestrians","REGIONAL_TRAIL_NAME":"Bay Area Ridge Trail","WIDTH":"Narrow","TRAIL_NAME_1":"Skyline","TRAIL_START":"Lomas Cantadas Trailhead","TRAIL_END":"Sibley Park","DISTANCE":"1.73 One way","DOG":"No","HORSE":"Yes","BICYCLE":"No","SUNEXPO":"Equal parts shade and sun","DIFFICULTY":"Moderate","TRAIL_DESC":"Skyline Trail begins near the Tilden steam trains and continues off EBMUD land into Sibley Park Volcanic Regional Preserve. The trail has beautiful ridgeline views and a wide assortment of native flora in the spring. The Skyline Trail is also accessible from the Skyline Gardens trailhead on Grizzly Peak Blvd.","WAY":"One way","LABEL":"Skyline","DOG_PIC":"no-dog","HORSE_PIC":"horse","BIKE_PIC":"no-bike","SUN_PIC":"sunTree"}},{"type":"Feature","id":40,"geometry":{"type":"LineString","coordinates":[[-122.22030276764046,37.876023563382944],[-122.22028431806478,37.876141840368525],[-122.2197708016877,37.87654752524373],[-122.21949477029791,37.876649266318594],[-122.21940767708136,37.876735539667571],[-122.21942757706348,37.876811100654784],[-122.21991176747548,37.877060104673482],[-122.21996120252786,37.877091584780814],[-122.21999049062508,37.877220977704027],[-122.21999195335063,37.877276161592],[-122.2199235946503,37.877319710404635],[-122.21983249716189,37.877400992275561],[-122.21965458829604,37.877439075310292],[-122.21960968334025,37.877499180883198],[-122.21961092118117,37.877552572028257],[-122.21979541088992,37.877668259423594],[-122.22013007576915,37.877939853876541],[-122.22024765055988,37.878230011785242],[-122.22039667118283,37.878323165170045],[-122.22065078467918,37.878484957495722],[-122.22071975069589,37.878459864242672],[-122.22069294084203,37.878288439427791],[-122.22073553762991,37.878256960966226],[-122.22095596249474,37.878390100085639],[-122.22118590305433,37.878900482459272],[-122.22121065870878,37.879021152117829],[-122.22135234426246,37.879265674929599],[-122.22141280532783,37.879471993950247],[-122.22146846257247,37.87955352427602],[-122.22146551283716,37.879622081738475],[-122.22145982231564,37.879821446787098],[-122.22145815686854,37.879879796079599]]},"properties":{"LENGTH_MILES":0.38670292000000001,"GLOBALID":"{FE01C6BE-68E4-4060-A662-CFED7A4FC7F3}","MILE":1.73,"ELEVATION_GAIN":42,"HOUR":0.59999999999999998,"SHAPE.LEN":2041.7914741084999,"OBJECTID":40,"SURFACE_TY":"Dirt","TRAIL_NAME":"Skyline Trail","TRAIL_TYPE":"Hikers and Equestrians","REGIONAL_TRAIL_NAME":"Bay Area Ridge Trail","WIDTH":"Narrow","TRAIL_NAME_1":"Skyline","TRAIL_START":"Lomas Cantadas Trailhead","TRAIL_END":"Sibley Park","DISTANCE":"1.73 One way","DOG":"No","HORSE":"Yes","BICYCLE":"No","SUNEXPO":"Equal parts shade and sun","DIFFICULTY":"Moderate","TRAIL_DESC":"Skyline Trail begins near the Tilden steam trains and continues off EBMUD land into Sibley Park Volcanic Regional Preserve. The trail has beautiful ridgeline views and a wide assortment of native flora in the spring. The Skyline Trail is also accessible from the Skyline Gardens trailhead on Grizzly Peak Blvd.","WAY":"One way","LABEL":"Skyline","DOG_PIC":"no-dog","HORSE_PIC":"horse","BIKE_PIC":"no-bike","SUN_PIC":"sunTree"}},{"type":"Feature","id":41,"geometry":{"type":"LineString","coordinates":[[-122.13276222812787,37.820855355460267],[-122.13279148154666,37.821121570572878],[-122.13285411269129,37.821798441514659],[-122.13299595515868,37.822144569882155]]},"properties":{"LENGTH_MILES":0.090332709999999997,"GLOBALID":"{1B51D085-F658-409B-8896-96907C2BACC3}","MILE":7.25,"ELEVATION_GAIN":11,"HOUR":2.3999999999999999,"SHAPE.LEN":476.95668610089001,"OBJECTID":41,"SURFACE_TY":"Gravel","TRAIL_NAME":"Rocky Ridge Trail","TRAIL_TYPE":"Hikers, Equestrians and Leashed Dogs","REGIONAL_TRAIL_NAME":null,"WIDTH":"Wide","TRAIL_NAME_1":"Rocky Ridge","TRAIL_START":"Valle Vista Staging","TRAIL_END":"Las Trampas","DISTANCE":"7.25","DOG":"Yes","HORSE":"Yes","BICYCLE":"No","SUNEXPO":"Equal parts shade and sun","DIFFICULTY":"Difficult","TRAIL_DESC":"This is a fairly strenuous hike through scenic countryside. The trail begins at the Valle Vista Staging Area and ends at Las Trampas Park on Rocky Ridge. The trail is also accessible from the Rancho Laguna trailhead. There are a number of loops to choose from along the trail that will extend the length of your adventure. ","WAY":null,"LABEL":"Rocky Ridge","DOG_PIC":"dog","HORSE_PIC":"horse","BIKE_PIC":"no-bike","SUN_PIC":"sunTree"}},{"type":"Feature","id":45,"geometry":{"type":"LineString","coordinates":[[-122.14110173277142,37.88517639943661],[-122.14095436677663,37.885305230955211],[-122.14077203140945,37.885592102981882]]},"properties":{"LENGTH_MILES":0.034144519999999998,"GLOBALID":"{5D196D18-8193-44A5-BB83-A466E8BD1DF4}","MILE":null,"ELEVATION_GAIN":6,"HOUR":null,"SHAPE.LEN":180.28308308259901,"OBJECTID":45,"SURFACE_TY":"Paved","TRAIL_NAME":"Entrance Trail","TRAIL_TYPE":"Hikers, Bicycles and Leashed Dogs","REGIONAL_TRAIL_NAME":null,"WIDTH":"Wide","TRAIL_NAME_1":"Entrance","TRAIL_START":null,"TRAIL_END":null,"DISTANCE":null,"DOG":null,"HORSE":null,"BICYCLE":null,"SUNEXPO":null,"DIFFICULTY":null,"TRAIL_DESC":null,"WAY":null,"LABEL":"Entrance","DOG_PIC":"no-dog","HORSE_PIC":"no-horse","BIKE_PIC":"no-bike","SUN_PIC":null}},{"type":"Feature","id":46,"geometry":{"type":"LineString","coordinates":[[-122.20249885184943,37.913347331188831],[-122.20263223566806,37.913391991758665],[-122.20281489425774,37.913387371500804],[-122.20289929892903,37.913372295801807],[-122.20324083754566,37.913220872623427],[-122.20351451032818,37.913125512013082],[-122.20365590982426,37.913057904697773],[-122.20379389035216,37.912987298830089]]},"properties":{"LENGTH_MILES":0.078341279999999999,"GLOBALID":"{C2BCE4B7-3A37-46A9-8AB9-B2FCE54A9B47}","MILE":3.8100000000000001,"ELEVATION_GAIN":26,"HOUR":1.3,"SHAPE.LEN":413.64196375436802,"OBJECTID":46,"SURFACE_TY":"Dirt","TRAIL_NAME":"Bear Creek Trail","TRAIL_TYPE":"Hikers, Equestrians and Leashed Dogs","REGIONAL_TRAIL_NAME":null,"WIDTH":"Narrow","TRAIL_NAME_1":"Bear Creek","TRAIL_START":"Bear Creek Staging","TRAIL_END":"Briones Overlook Staging","DISTANCE":"3.81 One way","DOG":"No","HORSE":"Yes","BICYCLE":"No","SUNEXPO":"Full shade","DIFFICULTY":"Moderate","TRAIL_DESC":"At the Bear Creek Staging Area, head through the south gate and cross the creek to get on the trail. This trail traverses the southeast slopes of Briones Reservoir. It is moderately steep in a few sections, mostly forested, and botanically fascinating. If you hike past the Briones Overlook Staging Area, the trail continues downhill along the Briones Dam spillway to the Orinda Connector trail.","WAY":"One way","LABEL":"Bear Creek","DOG_PIC":"no-dog","HORSE_PIC":"horse","BIKE_PIC":"no-bike","SUN_PIC":"shade"}},{"type":"Feature","id":47,"geometry":{"type":"LineString","coordinates":[[-122.20249885184943,37.913347331188831],[-122.20251015403684,37.913641507105069],[-122.20250096546495,37.913765623665256],[-122.20231815689711,37.913930391121568],[-122.20218162450341,37.914013424651934],[-122.20216453928644,37.914213993354352]]},"properties":{"LENGTH_MILES":0.067267759999999996,"GLOBALID":"{9BCE3089-5976-4B37-AE3F-5682E34206D7}","MILE":3.8100000000000001,"ELEVATION_GAIN":6,"HOUR":1.3,"SHAPE.LEN":355.17379579016398,"OBJECTID":47,"SURFACE_TY":"Dirt","TRAIL_NAME":"Bear Creek Trail","TRAIL_TYPE":"Hikers and Equestrians","REGIONAL_TRAIL_NAME":null,"WIDTH":"Narrow","TRAIL_NAME_1":"Bear Creek","TRAIL_START":"Bear Creek Staging","TRAIL_END":"Briones Overlook Staging","DISTANCE":"3.81 One way","DOG":"No","HORSE":"Yes","BICYCLE":"No","SUNEXPO":"Full shade","DIFFICULTY":"Moderate","TRAIL_DESC":"At the Bear Creek Staging Area, head through the south gate and cross the creek to get on the trail. This trail traverses the southeast slopes of Briones Reservoir. It is moderately steep in a few sections, mostly forested, and botanically fascinating. If you hike past the Briones Overlook Staging Area, the trail continues downhill along the Briones Dam spillway to the Orinda Connector trail.","WAY":"One way","LABEL":"Bear Creek","DOG_PIC":"no-dog","HORSE_PIC":"horse","BIKE_PIC":"no-bike","SUN_PIC":"shade"}},{"type":"Feature","id":48,"geometry":{"type":"LineString","coordinates":[[-122.13146082427923,37.882728712789863],[-122.1313665546915,37.882740667852403],[-122.131277072948,37.882864489820967],[-122.13101680839881,37.883615166045224],[-122.13093856874336,37.883721306927178],[-122.13090538129502,37.883827513907995],[-122.1309518728752,37.883873221213598],[-122.1311548741546,37.88390509289237],[-122.13181866544144,37.883907396456522],[-122.13238719657963,37.88395879034838],[-122.13257721152456,37.88397126985712],[-122.13378302058801,37.884213306568583],[-122.1339852862093,37.88431572530336],[-122.13539108426836,37.884630061318347],[-122.13614692614672,37.884371454317467],[-122.13714766184398,37.88406227725234]]},"properties":{"LENGTH_MILES":0.44276267000000002,"GLOBALID":"{155558D4-DDD8-4DEE-B5E9-08897EF537BD}","MILE":null,"ELEVATION_GAIN":79,"HOUR":null,"SHAPE.LEN":2337.7868436499903,"OBJECTID":48,"SURFACE_TY":"Dirt","TRAIL_NAME":"Sunset Trail","TRAIL_TYPE":"Hikers and Leashed Dogs","REGIONAL_TRAIL_NAME":null,"WIDTH":"Wide","TRAIL_NAME_1":"Sunset","TRAIL_START":null,"TRAIL_END":null,"DISTANCE":null,"DOG":null,"HORSE":null,"BICYCLE":null,"SUNEXPO":null,"DIFFICULTY":null,"TRAIL_DESC":null,"WAY":null,"LABEL":"Sunset","DOG_PIC":"no-dog","HORSE_PIC":"no-horse","BIKE_PIC":"no-bike","SUN_PIC":null}},{"type":"Feature","id":50,"geometry":{"type":"LineString","coordinates":[[-122.07932308912741,37.814454261888869],[-122.07918357777915,37.814588601445159],[-122.07897943222665,37.814730054623446],[-122.07776460318878,37.815266780831557],[-122.07745697176932,37.81537978291432],[-122.07732408090821,37.815518222886951],[-122.07696348144668,37.815539678600985],[-122.07613099491648,37.81551648040417],[-122.07584670348544,37.815488905247015],[-122.07557986800227,37.815381149021711],[-122.07523591077306,37.815118909082727],[-122.07478418028288,37.814754100958673],[-122.07446393402283,37.814387570403404],[-122.07432866995403,37.814172387299202],[-122.07415113374461,37.813372382748867]]},"properties":{"LENGTH_MILES":0.39558293999999999,"GLOBALID":"{9A046E15-5BFA-4D7F-B0B3-5485973722BD}","MILE":7.25,"ELEVATION_GAIN":115,"HOUR":2.3999999999999999,"SHAPE.LEN":2088.67797702384,"OBJECTID":50,"SURFACE_TY":"Dirt","TRAIL_NAME":"Rocky Ridge Trail","TRAIL_TYPE":"Hikers, Equestrians and Leashed Dogs","REGIONAL_TRAIL_NAME":null,"WIDTH":"Wide","TRAIL_NAME_1":"Rocky Ridge","TRAIL_START":"Valle Vista Staging","TRAIL_END":"Las Trampas","DISTANCE":"7.25","DOG":"Yes","HORSE":"Yes","BICYCLE":"No","SUNEXPO":"Equal parts shade and sun","DIFFICULTY":"Difficult","TRAIL_DESC":"This is a fairly strenuous hike through scenic countryside. The trail begins at the Valle Vista Staging Area and ends at Las Trampas Park on Rocky Ridge. The trail is also accessible from the Rancho Laguna trailhead. There are a number of loops to choose from along the trail that will extend the length of your adventure. ","WAY":null,"LABEL":"Rocky Ridge","DOG_PIC":"dog","HORSE_PIC":"horse","BIKE_PIC":"no-bike","SUN_PIC":"sunTree"}},{"type":"Feature","id":51,"geometry":{"type":"LineString","coordinates":[[-122.13895833551852,37.822692405939613],[-122.13902692267887,37.822794277858392],[-122.13908887996833,37.82283343474252],[-122.13914406254233,37.822862487322524],[-122.13920444709369,37.822884848587734],[-122.13927833098693,37.822895047647577],[-122.13933456433156,37.822895747720281],[-122.13938880586964,37.822891650645573],[-122.13943042965261,37.822891894953045],[-122.13946751000475,37.822889243886443],[-122.13950948828263,37.82288352388052],[-122.13954417531801,37.822877083339037],[-122.13957984321326,37.822872360279604],[-122.13961615680047,37.82286277009117],[-122.13965947431251,37.822857043132721],[-122.13969946539116,37.822850336876286],[-122.1397454387798,37.822838326141905],[-122.1397932120986,37.822825306304885],[-122.13984614911935,37.822807056439153],[-122.13989463966585,37.822780119916629],[-122.1399423270136,37.822743774732224],[-122.13998312897134,37.822697364689134],[-122.14001494026162,37.822642373531892],[-122.14003285372162,37.822584586437351],[-122.14006417483924,37.822531477389454],[-122.14011302202984,37.822491643842945],[-122.14017844485629,37.822460684216296],[-122.14025408393741,37.822434701983134],[-122.14032561841873,37.822408617269907],[-122.14039911518881,37.822382241186297],[-122.14046539295889,37.822360058506234],[-122.14053279706883,37.822335125108829],[-122.14060799222463,37.822316927617713],[-122.14068825846735,37.822297230311953],[-122.14075816007491,37.822267081288302],[-122.14082909774595,37.822241867874887],[-122.1408924730612,37.822199969223981],[-122.14095250374575,37.822154625974591],[-122.14100999792231,37.822116184806205],[-122.14106365604258,37.822078842317119],[-122.14111542518333,37.822047063700943],[-122.14117903515687,37.822041124160911],[-122.14125346284946,37.822018294159115],[-122.1413164427159,37.82197954401579],[-122.1413560235156,37.821938333027113],[-122.1413943827108,37.821894847375297],[-122.14144510820925,37.821859347828365],[-122.14149968628475,37.821834495909208],[-122.14156499355204,37.82181356789895],[-122.14162827847467,37.82178836946818],[-122.14169582188072,37.821752259084441],[-122.14176851296092,37.821721762429512],[-122.14183341823528,37.82169011517226],[-122.14190580235136,37.82164949548082],[-122.14199020229569,37.821624283220537],[-122.14206247243317,37.821602859699354],[-122.14213121484808,37.821553796234916],[-122.14220429423779,37.821511752758447],[-122.14225104211778,37.821446741203914],[-122.14226050170569,37.82138377981488],[-122.14222861848806,37.821321375052662],[-122.14218007977279,37.82127174987879],[-122.14211725276436,37.82122323375512],[-122.14205276405632,37.821175190407544],[-122.14199547078418,37.821128058871182],[-122.14194842974372,37.82107443233869],[-122.14193107081198,37.821012734602988],[-122.14195541422484,37.820966126666519],[-122.14201516190002,37.820944423279016],[-122.14209885625731,37.820938757872753],[-122.14219287480327,37.820940793272193],[-122.14228247407931,37.820925057086647],[-122.14235316916414,37.820904004050057],[-122.14241740493702,37.820884294415684],[-122.14250688679563,37.820882150071604],[-122.14259935587359,37.820867917370272],[-122.14269215197224,37.82084058890478],[-122.14275966211737,37.820794721500242],[-122.14282659879551,37.820767808911441],[-122.14289262209672,37.820730837650537],[-122.14296488584478,37.820694496759451],[-122.14302115911251,37.820714676655456],[-122.14311456140693,37.82075082787194],[-122.14319928807083,37.820755834147938],[-122.14328816327274,37.820752413507478],[-122.14335773656906,37.820727507713784],[-122.14341601886503,37.820686490552397],[-122.14346210417207,37.820643498529847],[-122.14351767074572,37.820604870275467],[-122.14355154538336,37.820571806090932],[-122.14358261008837,37.820522967504317],[-122.14364654953326,37.820467227564663],[-122.14369341712428,37.82041453167701],[-122.14372054579417,37.820370843049261],[-122.14378740922474,37.820325213844768],[-122.14384479552936,37.820276951910053],[-122.14391170614894,37.820232332174058],[-122.14397014096097,37.82018664008865],[-122.14403343843165,37.820154771574849],[-122.14411087892319,37.820124990347914],[-122.14418054123351,37.82008295988318],[-122.1442558303158,37.820054783772044],[-122.14432517884921,37.820017621150505],[-122.14435133381123,37.819962154268403],[-122.14437177701237,37.819902079168351],[-122.144402035204,37.819842100643179],[-122.14443766862642,37.819778107307215],[-122.14446066632122,37.819727967907639],[-122.14452832859901,37.819655269811285],[-122.14454119745417,37.819587795413021],[-122.14453025978234,37.819517845793023],[-122.14448434850844,37.819477410086023],[-122.14441142032618,37.819427929361566],[-122.1443760824247,37.819350539256511],[-122.14442133531281,37.819288853063078],[-122.14448417958353,37.819245082683189],[-122.1445458279786,37.819205484187634],[-122.14464188310414,37.819179810996175],[-122.14473302279804,37.819149272411934],[-122.14479318802221,37.819087914334595],[-122.14483679138877,37.819025992338865],[-122.14490002733366,37.818975874806277],[-122.14494143341608,37.818905181780934],[-122.14500368819336,37.818848986932387],[-122.14505187638051,37.818807477967006],[-122.14512510282883,37.81877651931903],[-122.1451919624232,37.818742198881843],[-122.14525537931873,37.818689759941357],[-122.14529647435944,37.818628581058796],[-122.14534364590622,37.818583604066347],[-122.14536195801637,37.818518714752983],[-122.14533624067707,37.818442983129344],[-122.14532669981992,37.818370579142687],[-122.14530976290351,37.81830316260173],[-122.14528755129892,37.818234603963745],[-122.14527033755573,37.818189905914721],[-122.145232628259,37.818130852578633],[-122.14516485045385,37.818072459204167],[-122.14511756459923,37.818006777991229],[-122.14513230710698,37.817976572770561],[-122.14522232093455,37.81798634034169],[-122.14527819724927,37.81801568497891],[-122.14532962402616,37.81804662182293],[-122.14538040281583,37.818080354070126],[-122.1454393866078,37.81809716160533],[-122.14550650724537,37.818128665268219],[-122.14555947539031,37.818159125426405],[-122.14560012147626,37.818165601867044],[-122.14568978963989,37.818187844159525],[-122.14571675649627,37.81824419145147],[-122.14572905481052,37.81830998748633],[-122.14573010445588,37.818323411841028],[-122.14577230225265,37.818417396244115],[-122.1457643746398,37.818394616484525],[-122.14577170208923,37.818437875367508],[-122.14577117882055,37.818485289990534],[-122.1458079245778,37.818516637823166],[-122.14589206069702,37.818534053038533],[-122.14597923271114,37.818522595021108],[-122.14605338962275,37.81851333985766],[-122.14611558744308,37.8185011434337],[-122.1461627386855,37.818502968134212],[-122.14621595355401,37.818513077267447],[-122.14626716039854,37.818558292055563],[-122.14627905955459,37.818587574097165],[-122.14629353736724,37.818605584485816],[-122.1463354355751,37.818562732625509],[-122.1463796464886,37.818532577356734],[-122.14641156452926,37.818503025302377],[-122.14645524299813,37.818477190387632],[-122.14648786046982,37.81844685715609],[-122.14653546877838,37.818415564903042],[-122.14660400480291,37.818394845790301],[-122.14666612741664,37.818362111782371],[-122.14674475794169,37.818345752966906],[-122.14683494583588,37.818350534371532],[-122.14689205923987,37.818325151549772],[-122.14694924221537,37.818293843501209],[-122.14701502129296,37.818251993483692],[-122.14710932109244,37.818224252066337],[-122.14716228073014,37.818197673596686],[-122.14719350511045,37.81814092588148],[-122.14725789476132,37.818101847268991],[-122.1473754309672,37.818088851249385],[-122.14741781473893,37.818059524931044],[-122.14738139548776,37.817977543140707],[-122.1473625139793,37.817922809016586],[-122.14734485872998,37.817854583614832],[-122.14727043126584,37.81776601792086],[-122.14724052998439,37.817694964453523],[-122.14728107128575,37.817656025998751],[-122.14734307641146,37.817660116472879],[-122.14739395431688,37.817728843944941],[-122.14747048319389,37.817749013682317],[-122.14750322528559,37.817724737817535],[-122.14747739976832,37.817682965659422],[-122.14749139061961,37.817621958149367],[-122.14751596531551,37.81758971384258],[-122.1475983570224,37.817618949290051],[-122.14767964671746,37.817653141136546],[-122.14776742649278,37.817734677551435],[-122.14781124703933,37.817781351106653],[-122.1478490166116,37.817781984180343],[-122.1478881220002,37.817760864392994],[-122.14789367497107,37.817742915905178],[-122.14793040182883,37.817785822537644],[-122.14795961261481,37.817762545701044],[-122.14800667187292,37.817738038133861],[-122.14804662421054,37.817711526532072],[-122.1480061958802,37.817573171164966],[-122.14801739149081,37.817520031018532],[-122.14806684707564,37.817491667221532],[-122.148123487403,37.817495064449794],[-122.14819361027683,37.817583988952251],[-122.14822527970705,37.817601512881573],[-122.14821932876326,37.817617700672947],[-122.1482038768993,37.817637949376234],[-122.14824151265628,37.817723779908754],[-122.14830076481275,37.817750762680106],[-122.1483592852049,37.817808941208796],[-122.14841119978594,37.817817849151488],[-122.14848557910865,37.817852465941222],[-122.148545985723,37.817873468577403],[-122.14864972645432,37.817888114329435],[-122.14872044077696,37.817905369972188],[-122.14878247211564,37.817911803245863],[-122.14884075931199,37.817932405503306],[-122.14887776961388,37.817951579427003],[-122.14889081527484,37.817947795130998],[-122.14889264797254,37.817898817568278],[-122.1489229229423,37.817869149001986],[-122.14888452774781,37.817841683046922],[-122.14878218103188,37.817802443367349],[-122.14869163258095,37.817769334206822],[-122.14861032795415,37.817730303125359],[-122.14859997051167,37.817694722271625],[-122.14865969766632,37.817627389066203],[-122.148688537349,37.817598208320959],[-122.14876532263014,37.817589915886821],[-122.14879553791684,37.817560274318311],[-122.1488467670905,37.817583795857814],[-122.14878162609618,37.817566793118019],[-122.14869162990477,37.817549892626225],[-122.1486720503017,37.817505502061351],[-122.14865626452679,37.817409741876361],[-122.14865589084366,37.817352048486669],[-122.14867497599084,37.817302877554027],[-122.14871806675104,37.81726681010025],[-122.14871917297386,37.817200053777405],[-122.14869418575555,37.81712827862853],[-122.14864137163359,37.817104933276262],[-122.14854704753651,37.817088166163785],[-122.14850254909561,37.817046316349021],[-122.14853996072749,37.817009312717012],[-122.14854136964756,37.816961397236838],[-122.14845793670861,37.816907407697805],[-122.14838924570759,37.816892722581315],[-122.14837585669684,37.816879553581252],[-122.14841574495904,37.816860874724803],[-122.14844099296405,37.816806136842736],[-122.14839243834088,37.816793042936702],[-122.1482918695888,37.816778802332806],[-122.14822239481022,37.816736586800481],[-122.1481323390324,37.816693159261099],[-122.14805655556225,37.816718139411329],[-122.14801268021853,37.816752227826143],[-122.147973158597,37.816778418004596],[-122.14794572993269,37.816820191511255],[-122.14789323564487,37.816840554859581],[-122.14783208809135,37.816840371850574],[-122.14774458884371,37.816802493696891],[-122.14768710900262,37.816779622225297],[-122.14763134929962,37.816745604575431],[-122.14758570657519,37.816707185804141],[-122.14759363727553,37.816671433228855],[-122.14766727495207,37.816656225797672],[-122.14777484481739,37.816632309512947],[-122.14778979788842,37.816638364596763],[-122.14777366648468,37.816647800703514],[-122.14777127384352,37.816647787266469],[-122.14777240664509,37.816653325295],[-122.1477718205343,37.816656551527082],[-122.14776911159466,37.816657999685091],[-122.14777109445443,37.816657719661194],[-122.14776670310039,37.816643966212482],[-122.14776217841205,37.81662497347601],[-122.14773998052976,37.816579170268575],[-122.14773967520232,37.816573961319421],[-122.14774746983399,37.816582747793035],[-122.14777470698365,37.816570113331892],[-122.14780346826561,37.816483925567759],[-122.14786360798242,37.816478891429398],[-122.14791576976167,37.816471039943636],[-122.14797941327426,37.816427190665785],[-122.14803558998619,37.816398382413404],[-122.14805697198256,37.816355034324957],[-122.14810295599327,37.816316060069965],[-122.14816985550098,37.816280985753025],[-122.14822294196043,37.816258305224459],[-122.14826152020817,37.816245869937426],[-122.14830647283617,37.816225017035414],[-122.14842829764061,37.816243280734859],[-122.14845532499331,37.816240392394931],[-122.14843949835928,37.816212594680394],[-122.14837381584081,37.816182554093139],[-122.14829367171697,37.816158509115823],[-122.14821676740846,37.81612832516538],[-122.14813651898784,37.816110577950219],[-122.14804924582566,37.816164106109476],[-122.14795244171785,37.816165741546136],[-122.14788024285474,37.816180853366355],[-122.14780247430517,37.816161419452555],[-122.14771495328125,37.816156147383928],[-122.14767938469943,37.816097008118007],[-122.14767756215544,37.816035162585884],[-122.14764849288493,37.81599636093668],[-122.14763844142263,37.815947613369197],[-122.14761403584393,37.815885804818535],[-122.14759595634584,37.815835252613489],[-122.14757137151157,37.815771403626123],[-122.1475350959122,37.815702454243372],[-122.14749965503157,37.815631803514464],[-122.14745269385116,37.815604884798084],[-122.14739975702304,37.81555178248761],[-122.14734081785016,37.815492226961354],[-122.14730473186472,37.815435338699764],[-122.14730540943498,37.815392721455751],[-122.14728950372591,37.815338091732578],[-122.14729166264239,37.815278686803097],[-122.14728093571503,37.815233117117558],[-122.14726095317096,37.815175672324408],[-122.14725438650346,37.815121315893848],[-122.14725495657025,37.815075951608776],[-122.14727162545441,37.815030599505498],[-122.14728725864435,37.814980807425165],[-122.14732042256036,37.814933565915446],[-122.14733105290787,37.814876857896884],[-122.14736873538506,37.814831914307646],[-122.14738820103099,37.814789898872775],[-122.14741058834308,37.814756997521982],[-122.147443057914,37.814771277110886],[-122.14746482902733,37.814805816422478],[-122.14751409038551,37.814830961960908],[-122.14757293265819,37.814868817900845],[-122.14761063195361,37.814901615345534],[-122.14765616479036,37.814930219294418],[-122.1477072883838,37.814942378244801],[-122.14776701415691,37.814954779272384],[-122.14783687980446,37.814981632015524],[-122.14790198224776,37.81500141136479],[-122.14797270536586,37.814986753588215],[-122.14803546810234,37.814987971899114],[-122.14811242697827,37.815006650973565],[-122.1481769815519,37.81503720579979],[-122.14823476883821,37.81508446625363],[-122.14828782269775,37.815117656312019],[-122.14834264440607,37.815140013117876],[-122.14839567657405,37.815159944650283],[-122.14843895845091,37.815154633024356],[-122.1484257241503,37.815143711165611],[-122.1483992652427,37.815093246435239],[-122.14837575582645,37.815046643409268],[-122.1483453317972,37.815006478476128],[-122.14832090241421,37.814984128624957],[-122.14828989487476,37.81494203343459],[-122.14826111907635,37.814866869587021],[-122.14824325159113,37.814816205465611],[-122.14820077860594,37.814742262126394],[-122.14816543288303,37.814660249315487],[-122.1481446339139,37.814618038478358],[-122.14809294446566,37.8145601230636],[-122.14803151754508,37.814526190200198],[-122.1479940196887,37.814479082339737],[-122.1479312710221,37.814443937807205],[-122.147902977643,37.814395854231314],[-122.14791042356838,37.814339202351263],[-122.14792681402808,37.814294791238453],[-122.14790167351589,37.814257941643618],[-122.14790453382274,37.814232817865069],[-122.14792165952601,37.814217640057556],[-122.14795104232815,37.814250173293829],[-122.14799297700516,37.814284387546635],[-122.14805821660545,37.814319273754556],[-122.14812004791419,37.814329575212923],[-122.14822287037072,37.814318744769025],[-122.14832090666518,37.81433812856212],[-122.14837656780415,37.814381535554645],[-122.14841431464856,37.814415497283854],[-122.14845668197128,37.814463912133668],[-122.14848069025291,37.81449769005927],[-122.14853916221405,37.814512670217546],[-122.14860946806184,37.81451188314648],[-122.14867144519511,37.814505620741272],[-122.14873043446848,37.814502769508458],[-122.14878161818838,37.814480765033856],[-122.14881247122858,37.814455396828983],[-122.14883711520065,37.814431356309029],[-122.14884408884693,37.814436375619891]]},"properties":{"LENGTH_MILES":1.5370124600000001,"GLOBALID":"{522FE5FA-22B3-4243-A21C-9324AF2FCBF3}","MILE":1.54,"ELEVATION_GAIN":162,"HOUR":0.5,"SHAPE.LEN":8115.4260650972301,"OBJECTID":51,"SURFACE_TY":"Dirt","TRAIL_NAME":"Redwood Trail ","TRAIL_TYPE":"Hikers and Equestrians","REGIONAL_TRAIL_NAME":null,"WIDTH":"Narrow","TRAIL_NAME_1":"Redwood","TRAIL_START":"Valle Vista Staging","TRAIL_END":"East Ridge Trail","DISTANCE":"1.54 One way","DOG":"No","HORSE":"Yes","BICYCLE":"No","SUNEXPO":"Mostly shade","DIFFICULTY":"Moderate","TRAIL_DESC":"From Valle Vista Staging Area, follow the dirt fire road to the right (west), leading to a foot trail that descends into a redwood forest. After crossing Indian Creek, the trail emerges onto Canyon Road. It picks up again across Pinehurst Road, crosses San Leandro Creek, and winds steadily upslope to East Ridge Trail in Redwood Regional Park. ","WAY":"One way","LABEL":"Redwood","DOG_PIC":"no-dog","HORSE_PIC":"horse","BIKE_PIC":"no-bike","SUN_PIC":"shade"}},{"type":"Feature","id":53,"geometry":{"type":"LineString","coordinates":[[-122.23204606330199,37.911761145966402],[-122.23210493305351,37.91202079202143],[-122.23221401122407,37.912246842779354],[-122.23234830999212,37.91238514367334],[-122.2325232013831,37.912521928906187],[-122.23279893508979,37.912601802468942],[-122.2330582067723,37.91267499965852],[-122.23322652735882,37.912807283478628],[-122.23317167451013,37.91301323064755],[-122.23313621193444,37.913150097976924],[-122.2332327375787,37.913280753417624],[-122.23326524571203,37.913427119110153],[-122.23350457321999,37.91367136027808],[-122.23358586562554,37.913735261368252],[-122.23360978747101,37.913849068902891],[-122.23379078930176,37.914077232813298],[-122.23373010877499,37.91413873088031],[-122.23367505403954,37.914230868601372],[-122.23365454470452,37.914282596893415],[-122.2336872331642,37.914471055579519],[-122.23375858645747,37.914598685409665],[-122.23387783617324,37.914727823545704],[-122.23393692206038,37.914850193962842],[-122.23409712926606,37.915209061951103],[-122.23423196369961,37.915570453316221]]},"properties":{"LENGTH_MILES":0.31454936,"GLOBALID":"{D5CD9384-E806-4386-A0D2-6DF37EA517FB}","MILE":3.6000000000000001,"ELEVATION_GAIN":17,"HOUR":1.2,"SHAPE.LEN":1660.82056861509,"OBJECTID":53,"SURFACE_TY":"Dirt","TRAIL_NAME":"Old San Pablo Trail","TRAIL_TYPE":"Hikers and Equestrians","REGIONAL_TRAIL_NAME":null,"WIDTH":"Narrow","TRAIL_NAME_1":"Old San Pablo","TRAIL_START":"San Pablo Boat Launch","TRAIL_END":"Kennedy Grove","DISTANCE":"3.6 One way","DOG":"Limited to Park Hours","HORSE":"Yes","BICYCLE":"Yes","SUNEXPO":"Equal parts shade and sun","DIFFICULTY":"Easy","TRAIL_DESC":"This was once the main road through the San Pablo Valley before the construction of the modern San Pablo Dam Road. Biking is allowed on the paved and gravel portions of the old roadbed. The trail takes a leisurely route along the west side of the San Pablo Reservoir.","WAY":"One way","LABEL":"Old San Pablo","DOG_PIC":"dog","HORSE_PIC":"horse","BIKE_PIC":"bike","SUN_PIC":"sunTree"}},{"type":"Feature","id":55,"geometry":{"type":"LineString","coordinates":[[-122.25793303016825,37.935522397842597],[-122.25795548355121,37.93556848688911],[-122.2579658559587,37.935614108657695],[-122.25801769657788,37.935765136387602],[-122.25802089272428,37.935949998250649],[-122.25806413103606,37.936091498050523],[-122.25813974959519,37.93624556115261],[-122.25826322835823,37.936589812272317],[-122.25832840761116,37.936815449131871],[-122.25851440610936,37.93720201967777],[-122.25873246167004,37.93758297164451],[-122.25880426824344,37.937728320992363],[-122.25883004112025,37.937897735196444],[-122.25882292838516,37.938121775954741],[-122.2587882824206,37.938233028595725],[-122.25883111397883,37.938335744727702],[-122.25888682670143,37.938424962600941],[-122.25910411148297,37.938483530040813],[-122.25965460135265,37.938552928801336],[-122.25977795058687,37.93859915672018],[-122.25992175629951,37.938703451373605],[-122.26017979608042,37.939017541235202],[-122.26046861759598,37.939494733754607],[-122.26048311205494,37.939608838598836],[-122.26048749977663,37.939669433720397],[-122.26044109047186,37.9398241068358],[-122.26041263214117,37.939990178851929],[-122.26040686826202,37.94040057237212],[-122.26040214397759,37.940639607977609],[-122.26046046822412,37.940795303308626],[-122.26055223324012,37.940918095637535],[-122.26114409884242,37.941103049268534],[-122.26139052108302,37.941183151224372],[-122.26154486899934,37.941256386118184],[-122.26176649389514,37.941351277305309],[-122.26195647873509,37.941464494527914],[-122.26209486390279,37.941559253883575],[-122.2623782235583,37.941725030175931],[-122.26270292929784,37.941916733486721],[-122.26310102287765,37.94207925362138],[-122.26317420628725,37.942090286663408],[-122.26335936990637,37.942110182184265],[-122.26343825147148,37.942074519469095]]},"properties":{"LENGTH_MILES":0.61461294,"GLOBALID":"{181224E7-99AC-4EEE-9FB1-BEA1488D037B}","MILE":3.6000000000000001,"ELEVATION_GAIN":35,"HOUR":1.2,"SHAPE.LEN":3245.15616491637,"OBJECTID":55,"SURFACE_TY":"Paved","TRAIL_NAME":"Old San Pablo Trail","TRAIL_TYPE":"Hikers, Equestrians and Bicycles","REGIONAL_TRAIL_NAME":"Bay Area Ridge Trail","WIDTH":"Wide","TRAIL_NAME_1":"Old San Pablo","TRAIL_START":"San Pablo Boat Launch","TRAIL_END":"Kennedy Grove","DISTANCE":"3.6 One way","DOG":"Limited to Park Hours","HORSE":"Yes","BICYCLE":"Yes","SUNEXPO":"Equal parts shade and sun","DIFFICULTY":"Easy","TRAIL_DESC":"This was once the main road through the San Pablo Valley before the construction of the modern San Pablo Dam Road. Biking is allowed on the paved and gravel portions of the old roadbed. The trail takes a leisurely route along the west side of the San Pablo Reservoir.","WAY":"One way","LABEL":"Old San Pablo","DOG_PIC":"dog","HORSE_PIC":"horse","BIKE_PIC":"bike","SUN_PIC":"sunTree"}},{"type":"Feature","id":56,"geometry":{"type":"LineString","coordinates":[[-122.07471315142634,37.738832115430142],[-122.07463456072868,37.738815914756067],[-122.07457061259122,37.738808638116247],[-122.07447087984639,37.738806612143819],[-122.07436812766585,37.738798058768573],[-122.07427276532189,37.738837726824336],[-122.07416165426557,37.738899768343835],[-122.07406287385484,37.738994513079817],[-122.07397608465845,37.739113172067114],[-122.07390018898462,37.739227171566583],[-122.07382900259283,37.739391655122837],[-122.07373695774265,37.739589633087277],[-122.07365724096093,37.739820316165201],[-122.07358026884719,37.739978337985022],[-122.07356842823268,37.740174407525075],[-122.07367574382224,37.740301644809556],[-122.07377516390981,37.740367474224442],[-122.07380235819993,37.740498819252821],[-122.07380639626493,37.740612275510045],[-122.07381550277631,37.740664563581831],[-122.07381200371512,37.740825981138492],[-122.07379895070106,37.740903751703812],[-122.07380395089223,37.741058188896034],[-122.07379627482301,37.741226529070985],[-122.07368292385756,37.741508897660978],[-122.07354866373321,37.741702275480399],[-122.07340501683596,37.741860758474168],[-122.07336228864841,37.741941400682492],[-122.07335644085188,37.742005335882219],[-122.07336114908335,37.742055820001447],[-122.07342109018848,37.742102791072242],[-122.07350809618305,37.74213371782448],[-122.07357918481178,37.742182623445032],[-122.07361473918668,37.742243373491],[-122.07360260054804,37.742287659101251],[-122.07359360827459,37.742315899889391],[-122.07359184394137,37.742312162907908],[-122.07357659720805,37.742449703335438],[-122.07357728236873,37.742645400061313],[-122.07360834871001,37.742887384697944],[-122.07364415155602,37.743108019763142],[-122.07364876007613,37.743325637064984],[-122.07359889653675,37.743421065329507],[-122.07354702767026,37.743503473351012],[-122.073600934734,37.743762320962496],[-122.07355880093681,37.743896100280708],[-122.07348180296542,37.743976097076207],[-122.07341364573585,37.74402438921819],[-122.07345963967072,37.744113730697094],[-122.07356791492107,37.744244814924002],[-122.07354323766313,37.744345400292715],[-122.07345210264678,37.744492881748272],[-122.07350763560015,37.744583469207036],[-122.07350689508931,37.744630173598182],[-122.07344191911118,37.744665375371007],[-122.07336149081736,37.744828506610901],[-122.07325909465662,37.7450159659031],[-122.07310295213659,37.74511555946296],[-122.07299541850792,37.745264631893065],[-122.07294646835544,37.745403309605095],[-122.07286007484669,37.745570640180986],[-122.07285200269962,37.745720444959758],[-122.07288045386235,37.745899410413266],[-122.0729016956051,37.746019897607795],[-122.07291983381324,37.746131658839055],[-122.07288801507222,37.746240209164675],[-122.07279921038258,37.746378713106132],[-122.07266471385475,37.746480906238681],[-122.07258393155159,37.746540023437092],[-122.07255213829174,37.746559612654004],[-122.07252497103789,37.746571491992597],[-122.07247091059001,37.746621555443227],[-122.07249137022164,37.746659149160429],[-122.0725110509095,37.746730989217113],[-122.07253754620454,37.746797930650729],[-122.07267064836611,37.746835295424631],[-122.07320679271228,37.746834319460568],[-122.07331277486084,37.746856938514647],[-122.07349409947713,37.747170392947965],[-122.07356664321766,37.747369935923302],[-122.07367332939967,37.747834083683337],[-122.07363644665065,37.748011740532839],[-122.07358047770605,37.748145705373489],[-122.07353657638794,37.748318649108768],[-122.07346513111379,37.748456939722757],[-122.07337388914472,37.7485996155904],[-122.07330609163135,37.748746784277294],[-122.07329878398241,37.748891772024059],[-122.07331876367935,37.748936826393575],[-122.07336635183307,37.749146713585979]]},"properties":{"LENGTH_MILES":0.84060580000000007,"GLOBALID":"{FDD56231-F612-4BAE-8609-127EE6AFAEE6}","MILE":8.1600000000000001,"ELEVATION_GAIN":54,"HOUR":2.7000000000000002,"SHAPE.LEN":4438.3987302103205,"OBJECTID":56,"SURFACE_TY":"Dirt","TRAIL_NAME":"Ramage Peak Trail","TRAIL_TYPE":"Hikers and Equestrians","REGIONAL_TRAIL_NAME":"Bay Area Ridge Trail","WIDTH":"Narrow","TRAIL_NAME_1":"Ramage Peak","TRAIL_START":"Chabot Staging","TRAIL_END":"Rocky Ridge Loop Trail","DISTANCE":"8.16 One way","DOG":"No","HORSE":"Yes","BICYCLE":"No","SUNEXPO":"Equal parts shade and sun","DIFFICULTY":"Difficult","TRAIL_DESC":"This spectacular route passes through some of the most remote watershed lands in the East Bay. Start early and carry water. From Chabot Staging Area, cross the service road and follow the path above the Christmas tree farm. The trail zigzags along fire roads and narrow foot trails through ranch lands, old homesteads and a number of different ecosystems. The trail climbs up to Ramage Peak and connects to the Rocky Ridge Loop Trail. ","WAY":"One way","LABEL":"Ramage Peak","DOG_PIC":"no-dog","HORSE_PIC":"horse","BIKE_PIC":"no-bike","SUN_PIC":"sunTree"}},{"type":"Feature","id":57,"geometry":{"type":"LineString","coordinates":[[-122.22302108156362,37.995564503955272],[-122.22320389045154,37.996020917862232]]},"properties":{"LENGTH_MILES":0.033020180000000003,"GLOBALID":"{058EBEC1-AADA-4562-A6EF-67C53A930158}","MILE":null,"ELEVATION_GAIN":2,"HOUR":null,"SHAPE.LEN":174.34655727697503,"OBJECTID":57,"SURFACE_TY":"Dirt","TRAIL_NAME":"Franklin Ridge Connector","TRAIL_TYPE":"Hikers, Equestrians and Bicycles","REGIONAL_TRAIL_NAME":null,"WIDTH":"Wide","TRAIL_NAME_1":"Franklin Ridge Connector","TRAIL_START":null,"TRAIL_END":null,"DISTANCE":null,"DOG":null,"HORSE":null,"BICYCLE":null,"SUNEXPO":null,"DIFFICULTY":null,"TRAIL_DESC":null,"WAY":null,"LABEL":"Franklin Ridge Connector","DOG_PIC":"no-dog","HORSE_PIC":"no-horse","BIKE_PIC":"no-bike","SUN_PIC":null}},{"type":"Feature","id":59,"geometry":{"type":"LineString","coordinates":[[-122.21265444491235,37.901398069807627],[-122.21264444145476,37.901565723620273],[-122.21267996359211,37.901616303118708],[-122.21284342264613,37.901618958154351],[-122.21296318039823,37.901620622079427],[-122.21304747209363,37.901689284063671],[-122.21314183641205,37.901799372014324],[-122.2133622570681,37.901804845183058],[-122.21352807431403,37.901954403118815],[-122.21382392536246,37.902047134807631],[-122.21406069629212,37.902157191018489],[-122.21464397360302,37.902592680262266],[-122.21478331532221,37.902768883273957],[-122.21500982033189,37.902982298833884],[-122.21516237229895,37.903206387161362],[-122.21542068924634,37.903426983536001],[-122.2156211596708,37.903734144927398],[-122.21554919069648,37.904029226017308],[-122.21571505382013,37.90429865930281],[-122.2161264566344,37.904601399012599],[-122.21648428273764,37.904802577111909],[-122.2166255135466,37.904743454103205],[-122.21671051505989,37.904757442668362]]},"properties":{"LENGTH_MILES":0.35404827999999999,"GLOBALID":"{A6F83930-9CAC-4D2A-8543-4EF62D6F5FC9}","MILE":2.0300000000000002,"ELEVATION_GAIN":11,"HOUR":0.70000000000000007,"SHAPE.LEN":1869.3748662917201,"OBJECTID":59,"SURFACE_TY":"Dirt","TRAIL_NAME":"Orinda Connector","TRAIL_TYPE":"Hikers and Equestrians","REGIONAL_TRAIL_NAME":"Mokelumne Coast to Crest/American Discovery","WIDTH":"Narrow","TRAIL_NAME_1":"Orinda Connector","TRAIL_START":"Bear Creek Rd.","TRAIL_END":"San Pablo Boat Launch","DISTANCE":"2.03 One way","DOG":"No","HORSE":"Yes","BICYCLE":"No","SUNEXPO":"Mostly shade","DIFFICULTY":"Moderate","TRAIL_DESC":"The Orinda Connector Trail is a short but important link between the City of Orinda and EBMUD¿s trail system. From the Orinda Connector trailhead, the trail winds down a steep slope to San Pablo Creek. At the junction, make a right (northeast) and cross San Pablo Creek to continue onto Bear Creek Trail. Or, continue (northwest) on the Orinda Connector to the EBMUD ranger station, where the trail becomes the Old San Pablo trail, leading to the San Pablo Reservoir Boat Launch and beyond. ","WAY":"One way","LABEL":"Orinda Connector","DOG_PIC":"no-dog","HORSE_PIC":"horse","BIKE_PIC":"no-bike","SUN_PIC":"shade"}},{"type":"Feature","id":60,"geometry":{"type":"LineString","coordinates":[[-122.11324706288137,37.803944663100886],[-122.11325827233054,37.803996125336546],[-122.1133616243513,37.803998935271721],[-122.11341480068963,37.804011158346341]]},"properties":{"LENGTH_MILES":0.012289390000000001,"GLOBALID":"{56258189-6A03-48C2-9BDE-C819642ECF81}","MILE":7.25,"ELEVATION_GAIN":0,"HOUR":2.3999999999999999,"SHAPE.LEN":64.887986239816698,"OBJECTID":60,"SURFACE_TY":"Dirt","TRAIL_NAME":"Rocky Ridge Trail","TRAIL_TYPE":"Hikers, Equestrians and Leashed Dogs","REGIONAL_TRAIL_NAME":null,"WIDTH":"Wide","TRAIL_NAME_1":"Rocky Ridge","TRAIL_START":"Valle Vista Staging","TRAIL_END":"Las Trampas","DISTANCE":"7.25","DOG":"Yes","HORSE":"Yes","BICYCLE":"No","SUNEXPO":"Equal parts shade and sun","DIFFICULTY":"Difficult","TRAIL_DESC":"This is a fairly strenuous hike through scenic countryside. The trail begins at the Valle Vista Staging Area and ends at Las Trampas Park on Rocky Ridge. The trail is also accessible from the Rancho Laguna trailhead. There are a number of loops to choose from along the trail that will extend the length of your adventure. ","WAY":null,"LABEL":"Rocky Ridge","DOG_PIC":"dog","HORSE_PIC":"horse","BIKE_PIC":"no-bike","SUN_PIC":"sunTree"}},{"type":"Feature","id":61,"geometry":{"type":"LineString","coordinates":[[-122.21220891157222,37.907738987567399],[-122.21231684033113,37.908362440476687],[-122.21244500092109,37.909371034593107],[-122.21249301594042,37.909642931397663],[-122.21256154568263,37.909950923838835],[-122.21266933735403,37.910230364248157],[-122.21288148668735,37.910661135062334],[-122.2127777036284,37.910883950174799],[-122.21254170068538,37.911218775524574],[-122.21228240746129,37.911559495415972],[-122.21210239415713,37.911875957184073],[-122.21211764506806,37.912210926702372],[-122.21220760224126,37.912430587452455],[-122.21242565975638,37.912946207049536],[-122.21270714186747,37.91341318414154],[-122.21299468255961,37.913848175454248],[-122.21299861621316,37.91401841396835],[-122.21290634675437,37.914676608545356],[-122.2127178866929,37.915070935984353]]},"properties":{"LENGTH_MILES":0.53264052000000006,"GLOBALID":"{240516C0-E107-44B4-A7D2-139C6B87127E}","MILE":null,"ELEVATION_GAIN":90,"HOUR":null,"SHAPE.LEN":2812.3418275112504,"OBJECTID":61,"SURFACE_TY":"Dirt","TRAIL_NAME":"None","TRAIL_TYPE":"Hikers and Equestrians","REGIONAL_TRAIL_NAME":null,"WIDTH":"Wide","TRAIL_NAME_1":"None","TRAIL_START":null,"TRAIL_END":null,"DISTANCE":null,"DOG":null,"HORSE":null,"BICYCLE":null,"SUNEXPO":null,"DIFFICULTY":null,"TRAIL_DESC":null,"WAY":null,"LABEL":"None","DOG_PIC":"no-dog","HORSE_PIC":"no-horse","BIKE_PIC":"no-bike","SUN_PIC":null}},{"type":"Feature","id":63,"geometry":{"type":"LineString","coordinates":[[-122.1422383475918,37.88596645628575],[-122.14231799990542,37.886021817853738]]},"properties":{"LENGTH_MILES":0.0057905300000000003,"GLOBALID":"{F7844C44-150E-4138-AF06-332458716B2F}","MILE":4.9699999999999998,"ELEVATION_GAIN":null,"HOUR":1.7,"SHAPE.LEN":30.574000319959897,"OBJECTID":63,"SURFACE_TY":"Dirt","TRAIL_NAME":"Rim Trail","TRAIL_TYPE":"Hikers and Leashed Dogs","REGIONAL_TRAIL_NAME":null,"WIDTH":"Wide","TRAIL_NAME_1":"Rim","TRAIL_START":"Parking lot entrance kiosk","TRAIL_END":"Starting point","DISTANCE":"4.97\nLoop\n","DOG":"Yes","HORSE":"No","BICYCLE":"No","SUNEXPO":"Full Sun","DIFFICULTY":"Moderate","TRAIL_DESC":"This dirt fire road traverses the ridgetops surrounding the Lafayette reservoir. It leads through brushland and oak forests overlooking the reservoir. Well-graded fire roads connect the Rim Trail with the Lakeside Nature Trail in several locations. ","WAY":"\nLoop\n","LABEL":"Rim","DOG_PIC":"dog","HORSE_PIC":"no-horse","BIKE_PIC":"no-bike","SUN_PIC":"sun"}},{"type":"Feature","id":34,"geometry":{"type":"MultiLineString","coordinates":[[[-122.23779776232267,37.982528179449289],[-122.23774537461168,37.982533638144119]],[[-122.23774537461168,37.982533638144119],[-122.23758290107708,37.982079072224316],[-122.23742910111666,37.98182769655029],[-122.23738702137577,37.98173916385776],[-122.23742578399884,37.981686290892199],[-122.23747113180644,37.981622452432639],[-122.23763750405942,37.98137151037119],[-122.23768360093675,37.981276482116719],[-122.23773586989626,37.981174772147916],[-122.23784892350346,37.980752375903926],[-122.23796185272168,37.980380578785393],[-122.23844400248565,37.979660663513187],[-122.23852637313266,37.979565456492907],[-122.2387207975877,37.97938474988932],[-122.23882187064032,37.979287802316499],[-122.23895098830246,37.97921091344211],[-122.23915942616658,37.979168567217549],[-122.2393233152311,37.979108769355491],[-122.23951099202439,37.979035960154029],[-122.23979341337215,37.978857002727452],[-122.23983694271797,37.978815556449028],[-122.23992792525999,37.978700227939058],[-122.23996190700427,37.978621261465804],[-122.24001872187523,37.978503189832082],[-122.24003297769114,37.978138515348547],[-122.24003509136455,37.978059746653415],[-122.24012352039307,37.977834180559888],[-122.24014906389692,37.977826085350358],[-122.24099555238969,37.977691579867539],[-122.24122951543787,37.977643500274411],[-122.24139825938127,37.977588826641814],[-122.24162910873943,37.977542513303163],[-122.24203412917927,37.977330195815703],[-122.24221899517117,37.977228454457588],[-122.24254230267607,37.976976071404074],[-122.24275707573857,37.976809518551072],[-122.24294103921697,37.976682340050594],[-122.24329179317661,37.976510306406396],[-122.24347670716782,37.976418065788678],[-122.2436436703632,37.976201607070806],[-122.24380912712509,37.975911385331464],[-122.24415727123238,37.975466841081179],[-122.24421202559618,37.975396630482358],[-122.24423477592789,37.975295402406772],[-122.24421027384422,37.975102122800017],[-122.24411023981845,37.974766383282912],[-122.24409334518039,37.974491834098963],[-122.24407149371996,37.974365992313686],[-122.24396905202555,37.974166441566958],[-122.24392454104303,37.974056412145714],[-122.24376397059203,37.973831489976085],[-122.24339763293756,37.973412507212196],[-122.24337946186041,37.973342756076917],[-122.24337645159677,37.973177997791105],[-122.24339983596774,37.972992249997915],[-122.24339624015903,37.972920293261843],[-122.24330754421224,37.972776052570282],[-122.24285408842717,37.972444910791495],[-122.24274569281292,37.972151808558941],[-122.24264477927396,37.972089418473729],[-122.24227855545011,37.971910774682648],[-122.24214069099264,37.971842176499607]],[[-122.23774537461168,37.982533638144119],[-122.2372798858293,37.982678618365227],[-122.23711867960526,37.98273714101834],[-122.23683760047979,37.982981759836655],[-122.23667997585733,37.983064883648304],[-122.23603763966697,37.983312124841078],[-122.23592629206505,37.983366066705116],[-122.23555621451263,37.983981832762481],[-122.23541645615423,37.984080368831293],[-122.23527313543946,37.98415628334709],[-122.23492963045757,37.984232736617756],[-122.23473445296307,37.984287291066117],[-122.23448652131658,37.984413845492909],[-122.23433644122107,37.984492073919363],[-122.23423245918164,37.9846730591604],[-122.23425110295361,37.984859325882837],[-122.23425847844094,37.984988996696245],[-122.23423543818762,37.985087935018562],[-122.23406866240255,37.985404472781504],[-122.23396402731346,37.985641535496669],[-122.23392021123614,37.98569711085716],[-122.23384410075619,37.98574423578642],[-122.23379520657107,37.985768348277347],[-122.23331127321597,37.985781815059795],[-122.23264514743583,37.985625898477302],[-122.23255116017081,37.985616791022174],[-122.23211192390748,37.985687910827757],[-122.23193236177474,37.985726247309969],[-122.23173476704835,37.98576328506369],[-122.23165418770071,37.985800100968596],[-122.23173120708076,37.985957198145435],[-122.23181318262226,37.986071429230996],[-122.23184107179607,37.986197228388491],[-122.23183721354874,37.986398191856829],[-122.23190481290537,37.986800323987545],[-122.23186679828235,37.986886974149101],[-122.23175886616127,37.9869888314823],[-122.23169015855288,37.986996031381437],[-122.23144990334391,37.986904861651993],[-122.23073916195631,37.986548521257745],[-122.23043132346839,37.986362451884766],[-122.22995166748592,37.986096247655126],[-122.22937628341597,37.985831264262266],[-122.22911456205274,37.98551394058665],[-122.22906767060131,37.985423893994614],[-122.2289995377669,37.985316275762038],[-122.22894287293404,37.98519154471358],[-122.22888733253359,37.985434001710942],[-122.22884477900105,37.98564531904389],[-122.22881015147904,37.985694629426824],[-122.2287436342589,37.985738508117038],[-122.22865219705265,37.985772880021621],[-122.22854933047036,37.98579943573997],[-122.2284296983298,37.985854046602135],[-122.22836866214618,37.985892521901974],[-122.22830065929955,37.985951748669699],[-122.22823524495108,37.986021735938621],[-122.22818212718012,37.986126269822023],[-122.22814054446468,37.986292538091533],[-122.22809799437937,37.986360021122117],[-122.22805600435387,37.986411643067875],[-122.22794979286805,37.986601980934118],[-122.22794960298435,37.98688688677921],[-122.22796631818646,37.987048929037073],[-122.22846774338356,37.987863592835943],[-122.22860190654428,37.988078610910982],[-122.22864006953145,37.988194713797768],[-122.22867226027853,37.98836597272858],[-122.22867268055587,37.988515780403986],[-122.22868009147037,37.98863395764085],[-122.22861138601441,37.989348070204215],[-122.22853634960533,37.989863588906189],[-122.22846994273641,37.990096332224113],[-122.22811337871549,37.991182557855751],[-122.22801721330178,37.991490819657329],[-122.22779172241839,37.991764563329376],[-122.22766596085313,37.991927672633004],[-122.22761941316446,37.992037935011496],[-122.22764680277504,37.992110707400208],[-122.227635194546,37.992253155330353],[-122.22762511172166,37.992333989839949],[-122.22758190982948,37.992411382878331],[-122.22751478787364,37.992490203139312],[-122.22689352071266,37.992882205099193],[-122.22655315571096,37.992982745052878],[-122.22628133832896,37.993037199243268],[-122.22528920461617,37.993252610509941],[-122.22505342498687,37.993415582894841],[-122.22496059491689,37.993484543350633],[-122.22489557255651,37.993558677034926],[-122.2247993779911,37.993721191359235],[-122.22469449046287,37.993922978779779],[-122.22454177864461,37.99425417691382],[-122.22452315481482,37.994300812143884],[-122.22445852154492,37.994416446349724],[-122.22440338671856,37.994507707661256],[-122.22429237309372,37.994632182458105],[-122.22395320618168,37.994976414776403],[-122.22392787891907,37.995019169100736],[-122.22382362195737,37.995135373384805],[-122.22372895904844,37.995181993250888],[-122.22364348892607,37.995225188979937],[-122.22357027445877,37.995266414541007],[-122.22348402346044,37.995299453984707],[-122.22339002464864,37.995346345948398],[-122.22302012722905,37.995562493903975],[-122.2228379937965,37.995190518261722],[-122.22247274396699,37.994942625751705],[-122.22128571486989,37.994584591556908],[-122.22052524324306,37.994431395295656],[-122.22002582059868,37.994417810608688],[-122.21991960953834,37.994462213687029],[-122.21988967492558,37.994493483345877],[-122.21986629329768,37.994528075700913],[-122.21974902615037,37.994680934620703],[-122.21960160675854,37.994788445080395],[-122.21949432185775,37.994847984475953],[-122.21939386861014,37.994862531533421],[-122.21931875374861,37.994873291161348],[-122.21921845105078,37.994876276080234],[-122.21883920927733,37.994911316135592],[-122.21868021123936,37.994930286603029],[-122.21774536416467,37.994722365734816],[-122.21718241245642,37.994514652332199],[-122.21666474174741,37.994422987057469],[-122.21654371722659,37.99434687401051],[-122.21652041532555,37.994227279858407],[-122.21644591717396,37.994150266908292],[-122.21636620932944,37.994044255224587],[-122.21631046847769,37.993949714930892],[-122.21617566289954,37.993799876709232],[-122.21596724816899,37.993581245883668],[-122.21591942617515,37.993539562070502],[-122.21585785526658,37.993482184386636],[-122.21570410397159,37.993378558765471],[-122.21569183623519,37.993254087783619],[-122.21557050760947,37.992660716020708],[-122.21556599304087,37.992541092380677]]]},"properties":{"LENGTH_MILES":3.1464409799999999,"GLOBALID":"{15299181-3A3A-4CD2-ABF0-42C2270B72DD}","MILE":6.6600000000000001,"ELEVATION_GAIN":175,"HOUR":2.2000000000000002,"SHAPE.LEN":16613.208467578101,"OBJECTID":34,"SURFACE_TY":"Dirt","TRAIL_NAME":"Pinole Valley Multi-Use Trail","TRAIL_TYPE":"Hikers, Equestrians and Bicycles","REGIONAL_TRAIL_NAME":"Bay Area Ridge Trail","WIDTH":"Wide","TRAIL_NAME_1":"Pinole Valley MultiUse","TRAIL_START":"Pereira","TRAIL_END":"Alhambra Valley and Castro Ranch Intersection","DISTANCE":"6.66 One way","DOG":"No","HORSE":"Yes","BICYCLE":"Yes","SUNEXPO":"Mostly sun","DIFFICULTY":"Difficult","TRAIL_DESC":"From the Pereira trailhead, cross the creek and make a left (west) at the trail junction. The trail passes through open grassland, skirting rolling grassy hills, before climbing to the top of the Pinole Ridgeline. Once you reach the crest, you will connect with the Fernandez Ranch Windmill Trail access. From here, you can continue west to the Franklin Canyon trail junction or follow along the Bay Area Ridge Trail alignment, back down steep terrain to Alhambra Valley Road below. Bicycles are allowed along the multi-use trail, which consists of fire roads that may be muddy well into spring. ","WAY":"One way","LABEL":"Pinole Valley MultiUse","DOG_PIC":"no-dog","HORSE_PIC":"horse","BIKE_PIC":"bike","SUN_PIC":"sun"}},{"type":"Feature","id":38,"geometry":{"type":"LineString","coordinates":[[-122.21152194453272,37.969990219767169],[-122.21166102672073,37.970097264795804],[-122.21223750242395,37.97055336803534],[-122.21253712415566,37.97085813643816],[-122.21292153807642,37.971188199625409],[-122.21349813012236,37.971684548266687],[-122.21408249179241,37.971998600283797],[-122.21417133107028,37.972021343688127],[-122.21431694589872,37.971993015059404],[-122.21448247871797,37.971990614291983],[-122.21458346980243,37.972061245361587],[-122.21462730776898,37.972138194233231],[-122.21464835882513,37.972241635582904],[-122.21472813518533,37.972349712128477],[-122.21485852415594,37.972405588358185],[-122.21504312349244,37.972456149701223],[-122.21535030642295,37.972519453893732],[-122.21576173131719,37.972595766210588],[-122.2161510716177,37.972721758706207],[-122.21653424071521,37.972786234749634],[-122.21668781585309,37.972825206593114],[-122.21687207432871,37.972878149975934],[-122.21706386360735,37.972994157377265],[-122.21731359745475,37.973177306676632],[-122.2174574516454,37.973320790880877],[-122.21778091429157,37.97372809323025],[-122.21808640147695,37.974183037130373],[-122.21823704481109,37.974432168082714],[-122.21844360903033,37.974922885111596],[-122.21849596821029,37.975048468614766],[-122.21864127284653,37.975441193469855],[-122.21875383538358,37.975656546567869],[-122.21882229099674,37.975765417600911],[-122.21892707975522,37.975907409836765],[-122.21907576312633,37.976034340891843],[-122.21920700196341,37.976194486539498],[-122.21954273239167,37.976643493489753],[-122.21971440614428,37.976776625323431],[-122.21982904472648,37.976850527366992],[-122.2199191460617,37.976901699034805],[-122.22028722175786,37.977174445716265],[-122.22037151259559,37.977249854011795],[-122.22044128843058,37.977307715583891],[-122.22050462245988,37.977344476906943],[-122.22056184720097,37.97737425945558],[-122.22065357646336,37.977410137927912],[-122.22081085307455,37.977458660448178],[-122.22090366361557,37.977488001423531],[-122.2211694223345,37.977583220216097],[-122.22194967330447,37.977972187390989],[-122.22264328294753,37.978291000124045],[-122.22330485686837,37.978649412461976],[-122.22371796439776,37.978893144071804],[-122.2237814969297,37.978920254045434],[-122.22383893417955,37.978938463069035],[-122.22390854343747,37.978953566757774],[-122.22396968349527,37.978961082835689],[-122.22406903303906,37.978962685262395],[-122.22417379373535,37.978953087687557],[-122.22427584250065,37.978932043612389],[-122.22436135409883,37.978904557790671],[-122.22449052404244,37.978857283976957],[-122.22462226792271,37.978782581340383],[-122.22477409080115,37.978721083821824],[-122.22501198452866,37.978663137808319],[-122.22568779895671,37.978504869872275],[-122.22629646860734,37.978358616636633],[-122.22652774531537,37.978298167966905],[-122.22675620603397,37.978273017192244],[-122.22686783452598,37.978281762391774],[-122.2270130630736,37.978324663786083],[-122.22720458331369,37.978376666979479],[-122.22732507580153,37.978399459027415],[-122.22740054762251,37.978403545941113],[-122.227506122286,37.9783879436022],[-122.22772174598485,37.978358852212196],[-122.22803194902124,37.978310219026859],[-122.22835544152993,37.97826917390347],[-122.22858082896225,37.978237341994657],[-122.22865927339492,37.978228411777629],[-122.22887731049561,37.978176867032012],[-122.22880612808967,37.978283531941706],[-122.22871186592972,37.978440948767933],[-122.22859165443141,37.978684227395192],[-122.22855517282464,37.9787664035033],[-122.22850010663871,37.97889140781681],[-122.22845758900331,37.978987795758854],[-122.22840429545376,37.97914364906579],[-122.2283692223377,37.979305816105125],[-122.22835845421827,37.979425282177367],[-122.22835858553378,37.979856882715694],[-122.22838563578124,37.980051587400816],[-122.22843581481986,37.980575218016405],[-122.22847573270847,37.980863974237174],[-122.22858796741747,37.981468925772297],[-122.22859034385557,37.98159792113853],[-122.22859154141608,37.981662940895745],[-122.22855648154419,37.981799902728838],[-122.22846256827671,37.981906184121364],[-122.22801238436581,37.982310699665746],[-122.2276734708143,37.982658301416322],[-122.22734744830737,37.983037989080827],[-122.2269932346413,37.983436627664638],[-122.22681543930328,37.98366239067601],[-122.22678834219317,37.983749518655266],[-122.22678332271587,37.983836017780526],[-122.22679925020454,37.983921685592634],[-122.2268355355469,37.984003373087887],[-122.22704986843829,37.984377224194944],[-122.22709842677426,37.984480638180884],[-122.22712961898083,37.984567117462184],[-122.22718468618761,37.984687206574492],[-122.22721483177472,37.984849484436381],[-122.22720427165099,37.9850749421526],[-122.22710083869556,37.985307541913123],[-122.22702161825254,37.985500750431548],[-122.22682905482725,37.985750958892126],[-122.22664793979084,37.986111495059951],[-122.22660723786205,37.986147589929331],[-122.22656402099948,37.98618408557136],[-122.22651776292005,37.986188882905651],[-122.22629784830835,37.9862035521165],[-122.22614878484814,37.986207109962088],[-122.22601823497763,37.986203691954465],[-122.22585166479871,37.98616377081656],[-122.22575951455447,37.986137375198659],[-122.2256750391229,37.986107736024081],[-122.22531244726373,37.985988512631153],[-122.22481146306382,37.985790797425025],[-122.22463483124629,37.985737212291433],[-122.22447768467187,37.985697391479427],[-122.22431812137266,37.98566413627627],[-122.22410236875332,37.985630159310432],[-122.22397696011132,37.985618400629406],[-122.22385927672734,37.985615837963323],[-122.22374176206634,37.985621404615983],[-122.22362530314217,37.985635056115967],[-122.22298092323696,37.985719981235455],[-122.22235166980865,37.985784082386651],[-122.22200868275144,37.985808994562532],[-122.22191871306563,37.985833211018608],[-122.22184360765769,37.98585988551563],[-122.22171832841222,37.985946110770698],[-122.2216310587503,37.986012773753977],[-122.22149977145649,37.986123277368293],[-122.22143105603416,37.986190492775755],[-122.22136197464258,37.986241820957204],[-122.22131946880783,37.986284820436879],[-122.22126602852236,37.986329607450386],[-122.221228548472,37.986399216491456],[-122.22108718858952,37.986625815070468],[-122.22105232689854,37.986685033632028],[-122.22097004393351,37.986801086187839],[-122.220875982026,37.986929587256569],[-122.22078817734069,37.98703945981962],[-122.2207555843179,37.987077013395165],[-122.22071028948743,37.987143889281661],[-122.22060910227027,37.98725395375881],[-122.22052743699544,37.987339897104853],[-122.22047867125401,37.987401524698939],[-122.22041986636475,37.987463298351983],[-122.22040406398159,37.987503255947942],[-122.22037908247917,37.987580429011587],[-122.22035094247865,37.987665593375738],[-122.22032577750319,37.987734823742983],[-122.22010818913502,37.988164416059178],[-122.21999107389311,37.988309143317608],[-122.21990016917638,37.988429652233854],[-122.21980082700777,37.988619147986242],[-122.21973766873043,37.988781632856643],[-122.21966927941739,37.988923379246003],[-122.21953162532576,37.98909436744507],[-122.21938847666617,37.989236859339712],[-122.21921641781485,37.989419627010548],[-122.21916379455436,37.989542188350789],[-122.21911636430892,37.989690986520799],[-122.21909033471803,37.989812028418264],[-122.21907289635499,37.98996486824997],[-122.21893872214989,37.99020394920953],[-122.2187597177582,37.990564764110886],[-122.21870715341589,37.990666528751568],[-122.21865583740664,37.990762624177037],[-122.21862044819727,37.990824056462493],[-122.21858202303594,37.990898775098302],[-122.21816513540077,37.991676196783217],[-122.21801374643174,37.991804251364634],[-122.21786639059398,37.991903758552205],[-122.21767900167698,37.992003687614805],[-122.21750713703027,37.992074409360946],[-122.21678311445521,37.992267747804064],[-122.21648720077332,37.992355648816854],[-122.21591103944954,37.99247375296526],[-122.2155446974056,37.992554949967165],[-122.21553914410958,37.992556180391077]]},"properties":{"LENGTH_MILES":2.7277414800000002,"GLOBALID":"{F7CA71DE-8385-4A67-9404-5C28E4BA4FC3}","MILE":6.6600000000000001,"ELEVATION_GAIN":125,"HOUR":2.2000000000000002,"SHAPE.LEN":14402.475438179401,"OBJECTID":38,"SURFACE_TY":"Dirt","TRAIL_NAME":"Pinole Valley Multi-Use Trail","TRAIL_TYPE":"Hikers, Equestrians and Bicycles","REGIONAL_TRAIL_NAME":null,"WIDTH":"Wide","TRAIL_NAME_1":"Pinole Valley MultiUse","TRAIL_START":"Pereira","TRAIL_END":"Alhambra Valley and Castro Ranch Intersection","DISTANCE":"6.66 One way","DOG":"No","HORSE":"Yes","BICYCLE":"Yes","SUNEXPO":"Mostly sun","DIFFICULTY":"Difficult","TRAIL_DESC":"From the Pereira trailhead, cross the creek and make a left (west) at the trail junction. The trail passes through open grassland, skirting rolling grassy hills, before climbing to the top of the Pinole Ridgeline. Once you reach the crest, you will connect with the Fernandez Ranch Windmill Trail access. From here, you can continue west to the Franklin Canyon trail junction or follow along the Bay Area Ridge Trail alignment, back down steep terrain to Alhambra Valley Road below. Bicycles are allowed along the multi-use trail, which consists of fire roads that may be muddy well into spring. ","WAY":"One way","LABEL":"Pinole Valley MultiUse","DOG_PIC":"no-dog","HORSE_PIC":"horse","BIKE_PIC":"bike","SUN_PIC":"sun"}},{"type":"Feature","id":42,"geometry":{"type":"LineString","coordinates":[[-122.09215893437076,37.809832822453032],[-122.09211715493505,37.809965841419448],[-122.09210454724686,37.810174325611129],[-122.09210930313439,37.810218024981424],[-122.09197779635797,37.810307821001409],[-122.09186864664991,37.810386135436595],[-122.09170990556835,37.810644174370964],[-122.09174166550896,37.81083553440515],[-122.09173306023649,37.811045910982401],[-122.09168224487131,37.811221323833209],[-122.09159002348915,37.811309378078256],[-122.09163059613515,37.811411228512739],[-122.0916881403911,37.811511931635096],[-122.09169228793377,37.8115923755864],[-122.09173921127174,37.811618189377981],[-122.09174123504647,37.811741451393196],[-122.09182978478061,37.811741718951474],[-122.09180441647032,37.811814313887822],[-122.09186319363339,37.811867337449463],[-122.09177612854684,37.812128093810571],[-122.09168276029423,37.812343787428603],[-122.09168855461031,37.812450229909473],[-122.09161491931832,37.812535948057743],[-122.09153410145511,37.812643594378322],[-122.09141305133983,37.812731114639803],[-122.09137462860976,37.812751727820135],[-122.0913637241454,37.812834079815907]]},"properties":{"LENGTH_MILES":0.23411219999999999,"GLOBALID":"{2D2A4B70-AE80-42DA-AB22-D8E17479A147}","MILE":7.25,"ELEVATION_GAIN":19,"HOUR":2.3999999999999999,"SHAPE.LEN":1236.1124244094799,"OBJECTID":42,"SURFACE_TY":"Dirt","TRAIL_NAME":"Rocky Ridge Trail","TRAIL_TYPE":"Hikers, Equestrians and Leashed Dogs","REGIONAL_TRAIL_NAME":null,"WIDTH":"Narrow","TRAIL_NAME_1":"Rocky Ridge","TRAIL_START":"Valle Vista Staging","TRAIL_END":"Las Trampas","DISTANCE":"7.25","DOG":"Yes","HORSE":"Yes","BICYCLE":"No","SUNEXPO":"Equal parts shade and sun","DIFFICULTY":"Difficult","TRAIL_DESC":"This is a fairly strenuous hike through scenic countryside. The trail begins at the Valle Vista Staging Area and ends at Las Trampas Park on Rocky Ridge. The trail is also accessible from the Rancho Laguna trailhead. There are a number of loops to choose from along the trail that will extend the length of your adventure. ","WAY":null,"LABEL":"Rocky Ridge","DOG_PIC":"dog","HORSE_PIC":"horse","BIKE_PIC":"no-bike","SUN_PIC":"sunTree"}},{"type":"Feature","id":65,"geometry":{"type":"LineString","coordinates":[[-122.06401355415146,37.817000747447658],[-122.06438728960424,37.817022255504156],[-122.06496884495942,37.817218467361108],[-122.06519553565457,37.817244449536886],[-122.06565187736012,37.817236605626576],[-122.06616174456144,37.817273200369186],[-122.06653562814576,37.817347866454149],[-122.06674308475678,37.817478808082832],[-122.0669940282469,37.81799937916859],[-122.06712390509782,37.818187514677263],[-122.067391554305,37.818379447164183],[-122.0675916047696,37.818575558468851],[-122.06765761497506,37.818663975000256],[-122.06780151031687,37.818722103336611],[-122.06816727169529,37.818750420869662],[-122.06820554667836,37.818735006168509],[-122.06858658792062,37.818969737890171],[-122.06875557512593,37.819172356575734],[-122.06895269142481,37.819374271981012],[-122.06923986863214,37.81956616320366],[-122.06962879554608,37.819646596838041],[-122.06983048265452,37.819547503772291],[-122.06990019460832,37.819452080839895],[-122.06991529883922,37.819134796738723],[-122.0698570983337,37.818662074237267],[-122.0698933125561,37.818436272995555],[-122.06989892133463,37.818116693819917],[-122.06976208301661,37.817884665298259],[-122.06958010121875,37.817784103747854],[-122.06951603082426,37.817719272511276],[-122.06947694618123,37.817605499106783],[-122.06941517918756,37.817355859575564],[-122.06931440503757,37.817203265376712],[-122.06921760612789,37.81709952438851],[-122.06919281152143,37.816888595504878],[-122.06913059957472,37.81678765288531],[-122.06883640824813,37.816571498512559],[-122.06878615031934,37.8164635002449],[-122.06867969166429,37.816358779782448],[-122.06862015601885,37.816228861853908],[-122.06862337838145,37.816115256381615],[-122.06886169220833,37.815801209077534],[-122.06914312686473,37.815613319650041],[-122.06936594901416,37.815482148107911],[-122.06946269660183,37.815368633729278],[-122.0693312011488,37.815186516651572],[-122.06908220537505,37.814801258653638],[-122.0690438349496,37.814662860715451],[-122.06907943786598,37.814592395860792],[-122.06905457088887,37.814525993937501],[-122.06905478483374,37.814477320991536],[-122.06925677995592,37.814327762048691],[-122.06961105817804,37.814206312622737],[-122.06979503211387,37.814218586415244],[-122.0703772195384,37.814362050537348],[-122.07076758933209,37.814440180134739],[-122.07102263514471,37.814583434569819],[-122.07109535895518,37.814572489341636],[-122.07113303989877,37.814510672417114],[-122.07108676638809,37.814400602516542],[-122.07111065751087,37.814279596208777],[-122.07103829960194,37.814129990694774],[-122.07103530728723,37.814061055753768],[-122.0710808488685,37.814009668565447],[-122.07117485363706,37.814008719227793],[-122.0712726096599,37.814104662685274],[-122.07146936487371,37.814324708105147],[-122.07167165599269,37.814402596276445],[-122.07190973848763,37.814390651067015],[-122.07217413872688,37.814238811756098],[-122.07298112743108,37.814083771842199],[-122.07322868891697,37.814079967387933],[-122.07335651104825,37.814043487150201],[-122.07393326894709,37.813575261324516],[-122.07409213707818,37.813446350581067],[-122.07415113374461,37.813372382748867]]},"properties":{"LENGTH_MILES":1.1691750299999999,"GLOBALID":"{202B62A9-86CD-4D59-B5B4-C88E7A56387A}","MILE":7.25,"ELEVATION_GAIN":216,"HOUR":2.3999999999999999,"SHAPE.LEN":6173.2441287030097,"OBJECTID":65,"SURFACE_TY":"Dirt","TRAIL_NAME":"Rocky Ridge Trail","TRAIL_TYPE":"Hikers, Equestrians and Leashed Dogs","REGIONAL_TRAIL_NAME":null,"WIDTH":"Wide","TRAIL_NAME_1":"Rocky Ridge","TRAIL_START":"Valle Vista Staging","TRAIL_END":"Las Trampas","DISTANCE":"7.25","DOG":"Yes","HORSE":"Yes","BICYCLE":"No","SUNEXPO":"Equal parts shade and sun","DIFFICULTY":"Difficult","TRAIL_DESC":"This is a fairly strenuous hike through scenic countryside. The trail begins at the Valle Vista Staging Area and ends at Las Trampas Park on Rocky Ridge. The trail is also accessible from the Rancho Laguna trailhead. There are a number of loops to choose from along the trail that will extend the length of your adventure. ","WAY":null,"LABEL":"Rocky Ridge","DOG_PIC":"dog","HORSE_PIC":"horse","BIKE_PIC":"no-bike","SUN_PIC":"sunTree"}},{"type":"Feature","id":68,"geometry":{"type":"LineString","coordinates":[[-122.2155446974056,37.992554949967165],[-122.21550351761648,37.992360076188533],[-122.21579863381578,37.992263262553251],[-122.21615081484943,37.992119863748357],[-122.21635185592676,37.991954815569038],[-122.21662943179018,37.99171236012954],[-122.21687396103145,37.991603901923767],[-122.21691435693239,37.991527018670546],[-122.21694038431278,37.99135020503482],[-122.21682947779711,37.990984638460276],[-122.21674575903761,37.990752195116308],[-122.21677278111083,37.990618283769479],[-122.21686092182249,37.990521633761929],[-122.21693718002855,37.990172422872241],[-122.21692402869103,37.990124929186862],[-122.21678074759988,37.990043778712746],[-122.21652599567875,37.989849364750064],[-122.21642061644363,37.989722143472221],[-122.2164789710441,37.989640231694224],[-122.2166565436622,37.98950153305703],[-122.21666431845772,37.989426387752033],[-122.21674708352677,37.989315147994063],[-122.21678879393383,37.989238139304149],[-122.21671160372546,37.989087719159564],[-122.21666421770617,37.988995378091204],[-122.21653135344238,37.988959984607874],[-122.21615542392129,37.989017692459392],[-122.21585438963024,37.989090557066199],[-122.21559928284842,37.988984776895819]]},"properties":{"LENGTH_MILES":0.37126555999999999,"GLOBALID":"{8AFB8E21-08FC-4229-8EE9-E7766F0F0536}","MILE":2.96,"ELEVATION_GAIN":38,"HOUR":1,"SHAPE.LEN":1960.2821683851801,"OBJECTID":68,"SURFACE_TY":"Dirt","TRAIL_NAME":"Pinole Ridge Trail","TRAIL_TYPE":"Hikers and Equestrians","REGIONAL_TRAIL_NAME":"Bay Area Ridge Trail","WIDTH":"Narrow","TRAIL_NAME_1":"Pinole Ridge","TRAIL_START":"Pereira","TRAIL_END":"Pinole Valley Multi-Use Trail at Fernandez Ranch access","DISTANCE":"2.96 One way","DOG":"No","HORSE":"Yes","BICYCLE":"No","SUNEXPO":"Mostly sun","DIFFICULTY":"Difficult","TRAIL_DESC":"From the Pereira trailhead, cross the creek and make a right at the trail junction. The single track trail continues up a steep hill through grasslands and coyote brush scrub to Pinole Peak. The trail has nice views of the Pinole Valley and the Bay. It continues along the Pinole Valley Multi-Use trail along the Bay Area Ridge Trail alignment. ","WAY":"One way","LABEL":"Pinole Ridge","DOG_PIC":"no-dog","HORSE_PIC":"horse","BIKE_PIC":"no-bike","SUN_PIC":"sun"}},{"type":"Feature","id":69,"geometry":{"type":"LineString","coordinates":[[-122.20083858082077,37.963571716221367],[-122.20089730837543,37.963587507983029],[-122.20103987243183,37.963649705900295],[-122.20117826762032,37.963837668403627],[-122.20124297620656,37.963889812474378],[-122.20132519343467,37.9639361174101],[-122.20138515632669,37.963935254275043],[-122.20149392392831,37.963908547592375],[-122.20169382266286,37.964009027094917],[-122.20170205236006,37.964006758484857],[-122.20195800170822,37.96394947689474],[-122.20200870745579,37.96398171411164],[-122.20205530666139,37.96398656166555],[-122.20228503407441,37.963875480320645],[-122.20236907868642,37.963846240733965],[-122.20280433153336,37.964121532728512],[-122.20285236859553,37.964215817408736],[-122.20297351768937,37.964420787568756],[-122.20334619711537,37.96466962048946],[-122.20351326331972,37.964723081740914],[-122.20381160975809,37.964808171990178],[-122.20471138897803,37.964809164955035],[-122.20542872278641,37.965008326115843],[-122.20572977304569,37.965210696755058],[-122.20594989904939,37.965366196570642],[-122.20605886965424,37.965501502723832],[-122.20614955181809,37.965665556968993],[-122.20629149118568,37.965853462478734],[-122.20637377809315,37.965902557394294],[-122.20675622128229,37.966114924569531],[-122.20696421755069,37.96625997321685],[-122.20753568740318,37.966712637861789],[-122.20768097966506,37.967045752900503],[-122.20769219304533,37.967119778318462],[-122.20771011285574,37.967238079978415],[-122.20813734275887,37.967555946636615],[-122.20826376395505,37.96768261888954],[-122.20846740392663,37.967791412778617],[-122.20881523265332,37.968032208236316],[-122.20898835042794,37.9681945188605],[-122.20907218679812,37.968310631797834],[-122.20952040089858,37.968619810421281],[-122.20993994675253,37.968909847316141],[-122.20997676859736,37.968976356907724],[-122.2100208391229,37.96905114314518],[-122.21062201288042,37.969260333516189],[-122.21062924195499,37.969272788115781],[-122.21063722579366,37.969315462406755],[-122.21081245022724,37.969460545231328],[-122.21102615073686,37.969606466727591],[-122.21106890464219,37.969664502288502],[-122.21125610507637,37.969794714381244],[-122.21152194453272,37.969990219767169]]},"properties":{"LENGTH_MILES":0.78905915999999998,"GLOBALID":"{D0C5D6C4-F3AD-4CC2-9088-DD63BEFBDDCD}","MILE":6.6600000000000001,"ELEVATION_GAIN":35,"HOUR":2.2000000000000002,"SHAPE.LEN":4166.23241897139,"OBJECTID":69,"SURFACE_TY":"Dirt","TRAIL_NAME":"Pinole Valley Multi-Use Trail","TRAIL_TYPE":"Hikers, Equestrians and Bicycles","REGIONAL_TRAIL_NAME":null,"WIDTH":"Narrow","TRAIL_NAME_1":"Pinole Valley MultiUse","TRAIL_START":"Pereira","TRAIL_END":"Alhambra Valley and Castro Ranch Intersection","DISTANCE":"6.66 One way","DOG":"No","HORSE":"Yes","BICYCLE":"Yes","SUNEXPO":"Mostly sun","DIFFICULTY":"Difficult","TRAIL_DESC":"From the Pereira trailhead, cross the creek and make a left (west) at the trail junction. The trail passes through open grassland, skirting rolling grassy hills, before climbing to the top of the Pinole Ridgeline. Once you reach the crest, you will connect with the Fernandez Ranch Windmill Trail access. From here, you can continue west to the Franklin Canyon trail junction or follow along the Bay Area Ridge Trail alignment, back down steep terrain to Alhambra Valley Road below. Bicycles are allowed along the multi-use trail, which consists of fire roads that may be muddy well into spring. ","WAY":"One way","LABEL":"Pinole Valley MultiUse","DOG_PIC":"no-dog","HORSE_PIC":"horse","BIKE_PIC":"bike","SUN_PIC":"sun"}},{"type":"Feature","id":71,"geometry":{"type":"LineString","coordinates":[[-122.16507566656581,37.921465828044639],[-122.16507134464186,37.921593335970847],[-122.16507845386417,37.921681984033924],[-122.16507019134957,37.922054656866166],[-122.16504440610083,37.922078476196475],[-122.16502011896341,37.922095759133946],[-122.16489404717744,37.922122294989997],[-122.16477591703016,37.922326631627712],[-122.16465022536963,37.922687578130606]]},"properties":{"LENGTH_MILES":0.093023069999999999,"GLOBALID":"{790BDC3F-E24D-4D10-AB28-D11D54A870DC}","MILE":3.8100000000000001,"ELEVATION_GAIN":17,"HOUR":1.3,"SHAPE.LEN":491.16181255774302,"OBJECTID":71,"SURFACE_TY":"Dirt","TRAIL_NAME":"Bear Creek Trail","TRAIL_TYPE":"Hikers and Equestrians","REGIONAL_TRAIL_NAME":"Mokelumne Coast to Crest/American Discovery","WIDTH":"Narrow","TRAIL_NAME_1":"Bear Creek","TRAIL_START":"Bear Creek Staging","TRAIL_END":"Briones Overlook Staging","DISTANCE":"3.81 One way","DOG":"No","HORSE":"Yes","BICYCLE":"No","SUNEXPO":"Full shade","DIFFICULTY":"Moderate","TRAIL_DESC":"At the Bear Creek Staging Area, head through the south gate and cross the creek to get on the trail. This trail traverses the southeast slopes of Briones Reservoir. It is moderately steep in a few sections, mostly forested, and botanically fascinating. If you hike past the Briones Overlook Staging Area, the trail continues downhill along the Briones Dam spillway to the Orinda Connector trail.","WAY":"One way","LABEL":"Bear Creek","DOG_PIC":"no-dog","HORSE_PIC":"horse","BIKE_PIC":"no-bike","SUN_PIC":"shade"}},{"type":"Feature","id":1,"geometry":{"type":"LineString","coordinates":[[-122.14267155552101,37.885584219010447],[-122.14270389181014,37.885613402444584],[-122.14270846317314,37.88568626869251],[-122.14264407493651,37.885750290782759],[-122.14247054112836,37.885819689930642],[-122.14231532037864,37.885898403371215],[-122.1422383475918,37.88596645628575]]},"properties":{"LENGTH_MILES":0.04035482,"GLOBALID":"{C4B044E4-849C-4110-8B07-E742FE0039DC}","MILE":4.9699999999999998,"ELEVATION_GAIN":7,"HOUR":1.7,"SHAPE.LEN":213.07344876678701,"OBJECTID":1,"SURFACE_TY":"Dirt","TRAIL_NAME":"Rim Trail","TRAIL_TYPE":"Hikers and Leashed Dogs","REGIONAL_TRAIL_NAME":null,"WIDTH":"Wide","TRAIL_NAME_1":"Rim","TRAIL_START":"Parking lot entrance kiosk","TRAIL_END":"Starting point","DISTANCE":"4.97\nLoop\n","DOG":"Yes","HORSE":"No","BICYCLE":"No","SUNEXPO":"Full Sun","DIFFICULTY":"Moderate","TRAIL_DESC":"This dirt fire road traverses the ridgetops surrounding the Lafayette reservoir. It leads through brushland and oak forests overlooking the reservoir. Well-graded fire roads connect the Rim Trail with the Lakeside Nature Trail in several locations. ","WAY":"\nLoop\n","LABEL":"Rim","DOG_PIC":"dog","HORSE_PIC":"no-horse","BIKE_PIC":"no-bike","SUN_PIC":"sun"}},{"type":"Feature","id":2,"geometry":{"type":"LineString","coordinates":[[-122.26554535399417,37.944582214991883],[-122.26543200575337,37.944271497193171],[-122.26548057827935,37.942970107682349],[-122.26540862105689,37.942829757858398],[-122.26526814191843,37.942710623042046],[-122.26505365147428,37.942584839200201],[-122.2647333490103,37.942455762792626],[-122.26439943217244,37.942315536946587],[-122.26383520575588,37.942176542352193],[-122.26351060223135,37.942081498708546],[-122.26343825147148,37.942074519469095]]},"properties":{"LENGTH_MILES":0.24378325000000001,"GLOBALID":"{DEC0046E-F41A-4BE1-999F-257848C13A02}","MILE":null,"ELEVATION_GAIN":43,"HOUR":null,"SHAPE.LEN":1287.1755766405402,"OBJECTID":2,"SURFACE_TY":"Dirt","TRAIL_NAME":"Kennedy Grove Connector Trail","TRAIL_TYPE":"Hikers and Equestrians","REGIONAL_TRAIL_NAME":"Bay Area Ridge Trail","WIDTH":"Narrow","TRAIL_NAME_1":"Kennedy Grove Connector Trail","TRAIL_START":null,"TRAIL_END":null,"DISTANCE":null,"DOG":null,"HORSE":null,"BICYCLE":null,"SUNEXPO":null,"DIFFICULTY":null,"TRAIL_DESC":null,"WAY":null,"LABEL":"Kennedy Grove Connector Trail","DOG_PIC":"no-dog","HORSE_PIC":"no-horse","BIKE_PIC":"no-bike","SUN_PIC":null}},{"type":"Feature","id":3,"geometry":{"type":"LineString","coordinates":[[-122.24232931830574,37.920458286388786],[-122.24237820283814,37.920455310633457],[-122.2425483617598,37.920474094951992],[-122.24264979831395,37.920511739420476],[-122.24275024543253,37.920580986688691],[-122.2429029515023,37.920697529673319],[-122.24307317287968,37.920784975150141],[-122.24329813925893,37.9209148707479],[-122.2434963405896,37.921049281969992],[-122.2436314311354,37.921113503268522],[-122.24383999416075,37.921259590477078],[-122.24480168407834,37.921768411696007],[-122.2454536420839,37.922207262075673],[-122.24581876508353,37.922573280512992],[-122.24586174588183,37.922696719428458],[-122.24586064403817,37.922990502407615],[-122.24590434615118,37.923060560461074],[-122.2459367667271,37.92309082699542],[-122.24598042881135,37.923123875055225],[-122.24602307090917,37.923144722077978],[-122.24613215569497,37.923164942025842],[-122.24627203314809,37.923149359652264],[-122.24658448163542,37.923084628604123],[-122.24665751587875,37.923083579371024],[-122.24672869649818,37.923096559696553],[-122.24679544173291,37.923124560285906],[-122.24684896116683,37.923160723557643],[-122.24690376198261,37.923322601039779],[-122.24686206583276,37.923707138005192],[-122.24702955009725,37.923981849264223],[-122.24720742300708,37.924164894042157],[-122.24733117541531,37.924216359893066],[-122.24742745407663,37.924238774970206],[-122.24751003364159,37.924247496766299],[-122.2476820403178,37.924210999192155],[-122.24790404152711,37.924104025511951],[-122.24802506948421,37.924051476026897],[-122.24817111082325,37.924031070037024],[-122.24842230509825,37.924063592481176],[-122.24851920658112,37.924105893224322],[-122.24857467996293,37.924210062451017],[-122.24857440291734,37.924325825730008],[-122.24863601269311,37.924437795536832],[-122.24868969527873,37.924590982679916],[-122.24875720145691,37.924855793475501],[-122.24898613415228,37.925795130917471],[-122.24906112046604,37.92610198692234],[-122.24909260064992,37.92618784454546],[-122.2491860771503,37.926279784396719],[-122.24929716403726,37.926369128505101],[-122.24941975473534,37.926446638466686],[-122.24953555659472,37.926518483236784],[-122.2495885244398,37.926595508360627],[-122.24965447636394,37.926708522647246],[-122.24970554250248,37.926851968692731],[-122.24977348616933,37.926975939428068],[-122.24991471992745,37.927156504017944],[-122.25011688870181,37.927310759387559],[-122.2502263559557,37.927422507792123],[-122.25028311744424,37.927496657582715],[-122.25032251578766,37.927558624120586],[-122.25036393245696,37.927638897500628],[-122.25039060869462,37.927704981561689],[-122.25049054207334,37.927971994491877],[-122.25052147737996,37.92801757625265],[-122.25055944019147,37.928056796231161],[-122.25063255072524,37.928107178867272],[-122.250718881485,37.928142055772589],[-122.25081329686402,37.928159355570202],[-122.25091019200546,37.928158045677101],[-122.25126326401623,37.928038691388828],[-122.25132143114941,37.928012650743973],[-122.25137300196073,37.927979005663893],[-122.25141248396282,37.927943065202825],[-122.25144437925849,37.927902672840936],[-122.2514699724086,37.927853788572634],[-122.25150912768575,37.927803545234724],[-122.25156995248331,37.92776485515445],[-122.25164381836764,37.927744979803563],[-122.25171796129443,37.927745734114083],[-122.25197056974109,37.927759842799489],[-122.25203291573321,37.927774255891777],[-122.25209901882189,37.927809814776268],[-122.25213445204814,37.927847923702721],[-122.25215525464542,37.927892291882358],[-122.25215954046887,37.927942445352031],[-122.25220313983388,37.928044643358113],[-122.25226474187571,37.928132533378367],[-122.25234467711763,37.928210614471269],[-122.25244051169607,37.928276513908962],[-122.25254934265007,37.928328229990939],[-122.25266785396192,37.928364192496467],[-122.25279244957693,37.928383306675194],[-122.25293201306846,37.928384197993893],[-122.25325671794796,37.928317846626626],[-122.2533301888038,37.928315750533173],[-122.25342727037217,37.928337220696804],[-122.25348748267146,37.9283708152144],[-122.2535360051923,37.928419415381263],[-122.25356446836392,37.92847712751086],[-122.25372439357588,37.929153883500121],[-122.25373233617776,37.929238471755497],[-122.25372333550897,37.929329004143895],[-122.25372067986552,37.929473245983367],[-122.2537728905442,37.92988447948116],[-122.25382489635372,37.930140528458622],[-122.25385071868234,37.930425806773158],[-122.25389069432377,37.930670877057935],[-122.25394122928095,37.93081477887074],[-122.25397442807802,37.930972933924934],[-122.25398324246684,37.931096455430996],[-122.25398101411339,37.931318781608837],[-122.25396947820789,37.931549922305138],[-122.25397964057115,37.931606603842376],[-122.2540129794357,37.931698208993637],[-122.25405976525259,37.931775622212804],[-122.25412126293425,37.931846282684859],[-122.2542050002227,37.931914770941972],[-122.2543928387946,37.932012235511252],[-122.25463828648721,37.932126013053839],[-122.25505650340087,37.93228666478457],[-122.25551253723232,37.932481435992557],[-122.25556265748068,37.93249956958941],[-122.25571997555441,37.932552854861534],[-122.25597411252099,37.932630793963902],[-122.25620975359433,37.932733039548523],[-122.25625918312846,37.932770072291589],[-122.25628305163578,37.932826024519692],[-122.25624286582291,37.933142497544452],[-122.25614726423159,37.933425459252199],[-122.25601692017584,37.933559240539715],[-122.25592695445698,37.933640917695506],[-122.25583144586015,37.933708260435452],[-122.25573482277505,37.933801712674267],[-122.25572867752639,37.933908237012801],[-122.25577650873338,37.934024263044392],[-122.25590189236208,37.934229779413144],[-122.25592380887942,37.934389665068942],[-122.25589249380762,37.934565019007692],[-122.25579788612426,37.934709102578203],[-122.25578080699428,37.934858674565135],[-122.25585157706496,37.934985941329941],[-122.25597256810735,37.935119463642856],[-122.25616786040361,37.935156221773532],[-122.25641838221034,37.935161830084375],[-122.2568833161415,37.935140918725722],[-122.25713522145111,37.935204830563102],[-122.25740162751148,37.935259197393364],[-122.25760619533662,37.93531447996741],[-122.25779838669018,37.935378554186165],[-122.25791629388908,37.935488043310706],[-122.25793303016825,37.935522397842597]]},"properties":{"LENGTH_MILES":1.6573149,"GLOBALID":"{D64581DE-5390-48FC-8657-AEE3E96A32C5}","MILE":3.6000000000000001,"ELEVATION_GAIN":26,"HOUR":1.2,"SHAPE.LEN":8750.6223450035413,"OBJECTID":3,"SURFACE_TY":"Paved","TRAIL_NAME":"Old San Pablo Trail","TRAIL_TYPE":"Hikers, Equestrians and Bicycles","REGIONAL_TRAIL_NAME":"\u003cNull\u003e","WIDTH":"Wide","TRAIL_NAME_1":"Old San Pablo","TRAIL_START":"San Pablo Boat Launch","TRAIL_END":"Kennedy Grove","DISTANCE":"3.6 One way","DOG":"Limited to Park Hours","HORSE":"Yes","BICYCLE":"Yes","SUNEXPO":"Equal parts shade and sun","DIFFICULTY":"Easy","TRAIL_DESC":"This was once the main road through the San Pablo Valley before the construction of the modern San Pablo Dam Road. Biking is allowed on the paved and gravel portions of the old roadbed. The trail takes a leisurely route along the west side of the San Pablo Reservoir.","WAY":"One way","LABEL":"Old San Pablo","DOG_PIC":"dog","HORSE_PIC":"horse","BIKE_PIC":"bike","SUN_PIC":"sunTree"}},{"type":"Feature","id":5,"geometry":{"type":"MultiLineString","coordinates":[[[-122.11147354758003,37.804822680445447],[-122.11126690920517,37.804822013512165],[-122.11081639965273,37.804876493766024],[-122.10990938880867,37.805065972584387],[-122.10935849392563,37.805299006401391],[-122.10857926863248,37.805689320847733],[-122.10749409905328,37.80623661107748],[-122.10714549290732,37.806581897795375],[-122.10659393545032,37.806859858098115],[-122.10631357535082,37.806969322832892],[-122.10598733350851,37.807131983247885],[-122.10569711208045,37.807255495500392],[-122.10557031317509,37.807296978857387],[-122.10528702233111,37.807430210212061],[-122.10497569973811,37.80743771559731],[-122.10480025034343,37.807384906341191],[-122.10474433950326,37.807405803389535],[-122.10401579084528,37.807459550497711],[-122.10389435155049,37.807463327818979],[-122.10378464831759,37.807415089376349],[-122.10363331726504,37.807413002656716],[-122.10337174592821,37.807341842314415],[-122.10306535766489,37.807145355076891],[-122.10294648498332,37.807158511808396],[-122.1029105331463,37.807128155695359],[-122.10292003980918,37.807086066025889],[-122.10292530925641,37.80706809387268],[-122.10284109436827,37.807079390791309],[-122.10277372202215,37.807051632519212],[-122.10269016900935,37.807052076740959],[-122.10260387493395,37.80709628307585],[-122.10248456303758,37.807084880734813],[-122.10235956219418,37.807045809912537],[-122.10233489390212,37.807124450884146],[-122.10216718178442,37.807111787204271],[-122.10221195054953,37.807153193576738],[-122.10226069309041,37.807186946511884],[-122.10224799304399,37.807239077814401],[-122.10205697980805,37.807309593481513],[-122.10196186208016,37.807385857908365],[-122.10187281063745,37.807293091414849],[-122.10162329218241,37.807199910525675],[-122.10150928224361,37.807327936616545],[-122.10137607719453,37.807215705991304],[-122.10110014862632,37.807437214257732],[-122.10100713341576,37.807274937222111],[-122.10075993506823,37.807048459416585],[-122.10056858483672,37.807008075774874],[-122.1001386417803,37.807212811502531],[-122.09986170508986,37.807266211172774],[-122.09974703569956,37.807387655222044],[-122.09945733141883,37.807335236058975],[-122.09929179139203,37.807282303205376],[-122.09908728034108,37.807128521370259],[-122.09889136886544,37.807064376653905],[-122.09881749786562,37.807012305494453],[-122.09869503093472,37.806877554281272],[-122.09869076103982,37.806740972867352],[-122.09875033798608,37.806653498600255],[-122.09875663339167,37.806344554391494],[-122.09878322097451,37.806270487678347],[-122.0987124469013,37.806156222771818],[-122.09860214028288,37.806062038796817],[-122.09856391480125,37.805865311371832],[-122.09849800731635,37.805992031920532],[-122.09833176265643,37.806140024132837],[-122.09820454296029,37.806337281454972],[-122.09789967734204,37.806618586484511],[-122.09770216704487,37.806591293445237],[-122.09733701253298,37.80660194735291],[-122.09725890489894,37.806624978005132],[-122.09724467538909,37.806565574700386],[-122.09717071161246,37.806314818270714],[-122.09682775454735,37.806261697245965],[-122.09679200946887,37.806337511353426],[-122.09681558962649,37.80664770718716],[-122.09670299612299,37.80688904567409],[-122.09663863369303,37.806941608072613],[-122.09647859608948,37.80722228321406],[-122.09640627508301,37.807424198662325],[-122.09629572577522,37.807376785723974],[-122.09622600174308,37.80720504401588],[-122.09627463252379,37.807032085266776],[-122.09612944241002,37.806795351744199],[-122.09612038353204,37.806714849020196],[-122.09603026876276,37.806881376141206],[-122.09585525320892,37.807083152537295],[-122.09577318924676,37.807239907433512],[-122.09554249854057,37.807477067028216],[-122.09528865572608,37.807652837322536],[-122.09537179218276,37.807767606536942],[-122.09535722132256,37.807902894629883],[-122.09544536797085,37.808125737127639],[-122.09541932807458,37.808397889822857],[-122.09534955812158,37.808531381496834],[-122.09460323604519,37.80880494325924],[-122.09488593387297,37.80914180092924],[-122.09498614864265,37.809287230087264]],[[-122.09215893437076,37.809832822453032],[-122.09217387514431,37.809839116275498],[-122.0921978219895,37.80979636314904],[-122.09221512238005,37.809756231077721],[-122.09223580201702,37.809719970695056],[-122.09226820571685,37.809640541826624],[-122.09225579305996,37.809571899187539],[-122.09230067953456,37.809565868283848],[-122.09232179019681,37.809525612662114],[-122.09233812898826,37.809487361640151],[-122.09235344381634,37.809448661247124],[-122.09238579595552,37.809371182228297],[-122.09242442676469,37.809301107908432],[-122.09249429211226,37.809346688426807],[-122.09253238995572,37.809433925571483],[-122.09254968342692,37.809479686902073],[-122.09256385007799,37.809520053795822],[-122.09259540306303,37.809592716636232],[-122.09260664353762,37.80962491623869],[-122.09261331205313,37.809651865279676],[-122.09262466019443,37.809689347785465],[-122.092680121266,37.809738637190215],[-122.09270510864087,37.809740112893948],[-122.0927292234491,37.809748989826758],[-122.09275848493459,37.809757132203501],[-122.09279534914431,37.80976063820497],[-122.09280378544435,37.809760178235749],[-122.09283386389195,37.809758539264585],[-122.09287217362841,37.809763349514057],[-122.09289341848553,37.809766205821774],[-122.09291214130174,37.809768723109414],[-122.09295885940473,37.809770606374556],[-122.09300953046808,37.809774722456446],[-122.09305082304923,37.809781812829591],[-122.09309098378189,37.809785542758107],[-122.09312950876786,37.809793871721695],[-122.09314006557732,37.809795311553131],[-122.09318227472863,37.809797475514657],[-122.0932137113967,37.809805351394694],[-122.09333517557651,37.809821911194625],[-122.09338736622769,37.809825169416143],[-122.0934430071173,37.809830733912477],[-122.09349559346579,37.809840943639507],[-122.09349742756207,37.809841300048078],[-122.0935736616003,37.809850206193431],[-122.0937931667236,37.809882050911206],[-122.09372450986038,37.810000607904037],[-122.09398197957698,37.810091673100281],[-122.09415706501049,37.810042338729019],[-122.0943672186006,37.810026223266249],[-122.09483971438129,37.810181742758168],[-122.09511151612759,37.810174267099576],[-122.0952986218894,37.810037032210765],[-122.09548179687793,37.809923420743097],[-122.09558742287537,37.809700172156781],[-122.09556052883275,37.80947452587511],[-122.09536509137978,37.809384163342799],[-122.09498795183517,37.809287205702745]]]},"properties":{"LENGTH_MILES":1.74806368,"GLOBALID":"{9DB7C3A5-DC5C-48D2-BE31-1D3E95140C84}","MILE":7.25,"ELEVATION_GAIN":148,"HOUR":2.3999999999999999,"SHAPE.LEN":9229.776447571001,"OBJECTID":5,"SURFACE_TY":"Dirt","TRAIL_NAME":"Rocky Ridge Trail","TRAIL_TYPE":"Hikers, Equestrians and Leashed Dogs","REGIONAL_TRAIL_NAME":null,"WIDTH":"Narrow","TRAIL_NAME_1":"Rocky Ridge","TRAIL_START":"Valle Vista Staging","TRAIL_END":"Las Trampas","DISTANCE":"7.25","DOG":"Yes","HORSE":"Yes","BICYCLE":"No","SUNEXPO":"Equal parts shade and sun","DIFFICULTY":"Difficult","TRAIL_DESC":"This is a fairly strenuous hike through scenic countryside. The trail begins at the Valle Vista Staging Area and ends at Las Trampas Park on Rocky Ridge. The trail is also accessible from the Rancho Laguna trailhead. There are a number of loops to choose from along the trail that will extend the length of your adventure. ","WAY":null,"LABEL":"Rocky Ridge","DOG_PIC":"dog","HORSE_PIC":"horse","BIKE_PIC":"no-bike","SUN_PIC":"sunTree"}},{"type":"Feature","id":6,"geometry":{"type":"LineString","coordinates":[[-122.17499457321446,37.921861220619988],[-122.17485109534795,37.921798882548487],[-122.17462035183772,37.921764200342658],[-122.17443262346048,37.92172511684339],[-122.17435470891999,37.921669294072828],[-122.1741865691226,37.92164890615387],[-122.17399003353503,37.921644100198371],[-122.1738737175652,37.921585026577326],[-122.17359575381296,37.92152054286155]]},"properties":{"LENGTH_MILES":0.081519800000000003,"GLOBALID":"{20ADB079-B89F-49DE-82F0-62B63AE69167}","MILE":3.8100000000000001,"ELEVATION_GAIN":3,"HOUR":1.3,"SHAPE.LEN":430.424523038198,"OBJECTID":6,"SURFACE_TY":"Paved","TRAIL_NAME":"Bear Creek Trail","TRAIL_TYPE":"Hikers and Equestrians","REGIONAL_TRAIL_NAME":null,"WIDTH":"Wide","TRAIL_NAME_1":"Bear Creek","TRAIL_START":"Bear Creek Staging","TRAIL_END":"Briones Overlook Staging","DISTANCE":"3.81 One way","DOG":"No","HORSE":"Yes","BICYCLE":"No","SUNEXPO":"Full shade","DIFFICULTY":"Moderate","TRAIL_DESC":"At the Bear Creek Staging Area, head through the south gate and cross the creek to get on the trail. This trail traverses the southeast slopes of Briones Reservoir. It is moderately steep in a few sections, mostly forested, and botanically fascinating. If you hike past the Briones Overlook Staging Area, the trail continues downhill along the Briones Dam spillway to the Orinda Connector trail.","WAY":"One way","LABEL":"Bear Creek","DOG_PIC":"no-dog","HORSE_PIC":"horse","BIKE_PIC":"no-bike","SUN_PIC":"shade"}},{"type":"Feature","id":74,"geometry":{"type":"LineString","coordinates":[[-122.19095002263377,37.879607355020688],[-122.19084462555135,37.879682586400008],[-122.1907829566496,37.87973444894385],[-122.19067745896537,37.879819048229528],[-122.1906053126671,37.879900977314762],[-122.19052374519583,37.879992919735386],[-122.19046744597732,37.880066397854115],[-122.19035710780028,37.880359935293313],[-122.19023709766799,37.880571596826947],[-122.19020450714916,37.880658767273346],[-122.19016473963697,37.880695127824133],[-122.19014060822524,37.880744142942149],[-122.19009465229011,37.880780508252663],[-122.19004319932664,37.88081124431077],[-122.18989377064851,37.880867351745245],[-122.18973430805742,37.880882286385116],[-122.18961043593582,37.880877122131075],[-122.18953701712157,37.880837204469088],[-122.18942855094164,37.880744245192325],[-122.18932386440426,37.880633271691572],[-122.18911689671134,37.88055274719828],[-122.1890262994565,37.880476447505941],[-122.18902726857074,37.880398881939847],[-122.18904793128443,37.88028099895471],[-122.18901856017875,37.880180085036464],[-122.18889727380996,37.879939812842082],[-122.18893836451122,37.879762785814691],[-122.18892295996432,37.879680746837607],[-122.18879920476654,37.879662251084916],[-122.1886445789318,37.879675192034519],[-122.18856125697934,37.879648964313475],[-122.18836011228137,37.879702217498128],[-122.18829417390643,37.879783113749042],[-122.18826003904934,37.879897973928443],[-122.18822724997847,37.880084800103432],[-122.18817038299369,37.880134035099694],[-122.1880540880456,37.880171045830373],[-122.1879976780754,37.880212693680491],[-122.18797156346631,37.880351920790716],[-122.18806098482588,37.880714301057147],[-122.18802950198126,37.880749644864721]]},"properties":{"LENGTH_MILES":0.33660081000000003,"GLOBALID":"{D9A6A375-C6C1-4D1B-A3DF-F0E5FDAD21EF}","MILE":2.8500000000000001,"ELEVATION_GAIN":68,"HOUR":1,"SHAPE.LEN":1777.2523208888001,"OBJECTID":74,"SURFACE_TY":"Dirt","TRAIL_NAME":"De Laveaga","TRAIL_TYPE":"Hikers and Equestrians","REGIONAL_TRAIL_NAME":null,"WIDTH":"Narrow","TRAIL_NAME_1":"De Laveaga","TRAIL_START":"de Laveaga Trail Head","TRAIL_END":"Skyline Gardens trailhead","DISTANCE":"2.85 One way","DOG":"No","HORSE":"Yes","BICYCLE":"No","SUNEXPO":"Mostly sun","DIFFICULTY":"Difficult","TRAIL_DESC":"The de Laveaga Trail gives access to the National Skyline Trail from the City of Orinda. The trail is a challenging climb with several steep sections and leads to spectacular ridgetop views. The trail ends at the Skyline Trail, just below Grizzly Peak Boulevard near Tilden Park's steam train. ","WAY":"One way","LABEL":"De Laveaga","DOG_PIC":"no-dog","HORSE_PIC":"horse","BIKE_PIC":"no-bike","SUN_PIC":"sun"}},{"type":"Feature","id":76,"geometry":{"type":"LineString","coordinates":[[-122.11668832491043,37.806021127754093],[-122.11662919572606,37.805726741683628],[-122.11675276483747,37.805271744986911],[-122.116726382827,37.805026493495575],[-122.11677847990427,37.804820104572222],[-122.11674962969154,37.804748789561863],[-122.11622548955097,37.804700646949726],[-122.11604706586847,37.804693492793717],[-122.11563538193134,37.804705527754763],[-122.11541269442155,37.804693028657503],[-122.11536686702443,37.804665205013094],[-122.11525193861668,37.804563224415105],[-122.11488357483404,37.804451656401945],[-122.11458268132922,37.804430071427412],[-122.11384882817097,37.804795281419274],[-122.11370465801726,37.804826985991248],[-122.11353051683591,37.804760280461615],[-122.11343492509764,37.804650092584723],[-122.11338757491271,37.804059802173292],[-122.11341480068963,37.804011158346341]]},"properties":{"LENGTH_MILES":0.33326380999999999,"GLOBALID":"{9918A818-88A4-43B4-AF6B-2B6589A9DBE2}","MILE":7.25,"ELEVATION_GAIN":53,"HOUR":2.3999999999999999,"SHAPE.LEN":1759.63288445079,"OBJECTID":76,"SURFACE_TY":"Dirt","TRAIL_NAME":"Rocky Ridge Trail","TRAIL_TYPE":"Hikers, Equestrians and Leashed Dogs","REGIONAL_TRAIL_NAME":null,"WIDTH":"Narrow","TRAIL_NAME_1":"Rocky Ridge","TRAIL_START":"Valle Vista Staging","TRAIL_END":"Las Trampas","DISTANCE":"7.25","DOG":"Yes","HORSE":"Yes","BICYCLE":"No","SUNEXPO":"Equal parts shade and sun","DIFFICULTY":"Difficult","TRAIL_DESC":"This is a fairly strenuous hike through scenic countryside. The trail begins at the Valle Vista Staging Area and ends at Las Trampas Park on Rocky Ridge. The trail is also accessible from the Rancho Laguna trailhead. There are a number of loops to choose from along the trail that will extend the length of your adventure. ","WAY":null,"LABEL":"Rocky Ridge","DOG_PIC":"dog","HORSE_PIC":"horse","BIKE_PIC":"no-bike","SUN_PIC":"sunTree"}},{"type":"Feature","id":77,"geometry":{"type":"LineString","coordinates":[[-122.11106296752385,37.808355825924423],[-122.11114280653882,37.808475594760253],[-122.11131908593875,37.80859624577387],[-122.11151964827069,37.808624559433468],[-122.11180072748947,37.808628528047429],[-122.11212752676589,37.808751409421298]]},"properties":{"LENGTH_MILES":0.068395960000000006,"GLOBALID":"{F2D9EAB8-C256-46AE-AEB7-CD9BEF46A5E1}","MILE":null,"ELEVATION_GAIN":17,"HOUR":null,"SHAPE.LEN":361.13070352883801,"OBJECTID":77,"SURFACE_TY":"Dirt","TRAIL_NAME":"Rancho Laguna Connector","TRAIL_TYPE":"Hikers, Equestrians and Leashed Dogs","REGIONAL_TRAIL_NAME":null,"WIDTH":"Narrow","TRAIL_NAME_1":"Rancho Laguna Connector","TRAIL_START":null,"TRAIL_END":null,"DISTANCE":null,"DOG":null,"HORSE":null,"BICYCLE":null,"SUNEXPO":null,"DIFFICULTY":null,"TRAIL_DESC":null,"WAY":null,"LABEL":"Rancho Laguna Connector","DOG_PIC":"no-dog","HORSE_PIC":"no-horse","BIKE_PIC":"no-bike","SUN_PIC":null}},{"type":"Feature","id":80,"geometry":{"type":"LineString","coordinates":[[-122.07519497052348,37.784172720230082],[-122.07469575242703,37.783852906817124],[-122.0744704472838,37.783812130405529],[-122.07435033748384,37.783827134405477],[-122.07406294915452,37.783929528836161],[-122.07369264503539,37.783984239892739],[-122.07340838748379,37.784010883191087],[-122.07324494812786,37.783972489662688],[-122.07309737418075,37.783972030071133],[-122.07285091840706,37.784077188028675],[-122.07247537456462,37.784192749746481],[-122.07230051100733,37.784284337361022],[-122.07205508105055,37.784611050142132],[-122.07193145699763,37.78478878823455],[-122.07193127775743,37.784975267189864],[-122.07186715977383,37.785072343533322],[-122.07149612278167,37.785181620379966],[-122.07112168697731,37.785365107137295],[-122.07089797022505,37.78549031493818],[-122.07073260794968,37.785667748960876],[-122.07077264100022,37.786059468632054],[-122.07115747502924,37.786549763680092],[-122.07120244587205,37.786668150868039],[-122.07120971277733,37.786832799208945],[-122.07125159302574,37.786899716757048],[-122.07135776155978,37.787033601933587],[-122.0714908688341,37.787207990765516],[-122.07192958674949,37.787421697935685],[-122.0720528378518,37.787501903778342],[-122.07206117513864,37.787596653387453],[-122.07186489165179,37.787749331056069],[-122.07156848368805,37.78788553072544],[-122.0715920300094,37.788216076038246],[-122.07183067736629,37.78864348021461],[-122.07183013375723,37.788803689885128],[-122.07175521444461,37.789063750127433],[-122.07182626809433,37.789089193241608],[-122.07194601867846,37.789105451414208],[-122.07206521056588,37.789185806893371],[-122.07213219614066,37.789234811531017],[-122.07213003165218,37.789410040688786],[-122.07206566704093,37.789712182985909],[-122.0719184241178,37.789907773004543],[-122.07171521340302,37.790095607364179],[-122.07216441548003,37.790699584833739],[-122.07226095884747,37.79084009754159]]},"properties":{"LENGTH_MILES":0.73933715,"GLOBALID":"{2E64DABB-68AD-498C-946E-764633048A67}","MILE":8.1600000000000001,"ELEVATION_GAIN":66,"HOUR":2.7000000000000002,"SHAPE.LEN":3903.7002586868502,"OBJECTID":80,"SURFACE_TY":"Dirt","TRAIL_NAME":"Ramage Peak Trail","TRAIL_TYPE":"Hikers and Equestrians","REGIONAL_TRAIL_NAME":null,"WIDTH":"Wide","TRAIL_NAME_1":"Ramage Peak","TRAIL_START":"Chabot Staging","TRAIL_END":"Rocky Ridge Loop Trail","DISTANCE":"8.16 One way","DOG":"No","HORSE":"Yes","BICYCLE":"No","SUNEXPO":"Equal parts shade and sun","DIFFICULTY":"Difficult","TRAIL_DESC":"This spectacular route passes through some of the most remote watershed lands in the East Bay. Start early and carry water. From Chabot Staging Area, cross the service road and follow the path above the Christmas tree farm. The trail zigzags along fire roads and narrow foot trails through ranch lands, old homesteads and a number of different ecosystems. The trail climbs up to Ramage Peak and connects to the Rocky Ridge Loop Trail. ","WAY":"One way","LABEL":"Ramage Peak","DOG_PIC":"no-dog","HORSE_PIC":"horse","BIKE_PIC":"no-bike","SUN_PIC":"sunTree"}},{"type":"Feature","id":81,"geometry":{"type":"LineString","coordinates":[[-122.22030276764046,37.876023563382944],[-122.22061211365114,37.875894490066059],[-122.22078718144571,37.87580366222678],[-122.22082636309695,37.875746915310266],[-122.22083035205438,37.875703237285336]]},"properties":{"LENGTH_MILES":0.038028989999999999,"GLOBALID":"{0433A3FC-3AAF-452D-8638-505F8AEB04A8}","MILE":1.73,"ELEVATION_GAIN":6,"HOUR":0.59999999999999998,"SHAPE.LEN":200.793046010284,"OBJECTID":81,"SURFACE_TY":"Dirt","TRAIL_NAME":"Skyline Trail","TRAIL_TYPE":"Hikers and Equestrians","REGIONAL_TRAIL_NAME":"Bay Area Ridge Trail","WIDTH":"Wide","TRAIL_NAME_1":"Skyline","TRAIL_START":"Lomas Cantadas Trailhead","TRAIL_END":"Sibley Park","DISTANCE":"1.73 One way","DOG":"No","HORSE":"Yes","BICYCLE":"No","SUNEXPO":"Equal parts shade and sun","DIFFICULTY":"Moderate","TRAIL_DESC":"Skyline Trail begins near the Tilden steam trains and continues off EBMUD land into Sibley Park Volcanic Regional Preserve. The trail has beautiful ridgeline views and a wide assortment of native flora in the spring. The Skyline Trail is also accessible from the Skyline Gardens trailhead on Grizzly Peak Blvd.","WAY":"One way","LABEL":"Skyline","DOG_PIC":"no-dog","HORSE_PIC":"horse","BIKE_PIC":"no-bike","SUN_PIC":"sunTree"}},{"type":"Feature","id":83,"geometry":{"type":"LineString","coordinates":[[-122.06401355415146,37.817000747447658],[-122.06371658238145,37.817286258681634],[-122.06407529600915,37.817588224386398],[-122.06420630996986,37.817824674627339],[-122.06410308424338,37.818027473086055],[-122.06379872239546,37.818184419419765],[-122.06349771492324,37.818148711252888],[-122.0628163483416,37.817653430002231],[-122.06219630468794,37.81760577204215],[-122.06194631516951,37.817528216324426],[-122.06162514925336,37.817255563414342],[-122.06141215247953,37.817051888040886]]},"properties":{"LENGTH_MILES":0.26685348000000003,"GLOBALID":"{9D98DE97-A58E-4B74-ABEF-A411CB508499}","MILE":7.25,"ELEVATION_GAIN":55,"HOUR":2.3999999999999999,"SHAPE.LEN":1408.9863070374799,"OBJECTID":83,"SURFACE_TY":"Dirt","TRAIL_NAME":"Rocky Ridge Trail","TRAIL_TYPE":"Hikers, Equestrians and Leashed Dogs","REGIONAL_TRAIL_NAME":null,"WIDTH":"Wide","TRAIL_NAME_1":"Rocky Ridge","TRAIL_START":"Valle Vista Staging","TRAIL_END":"Las Trampas","DISTANCE":"7.25","DOG":"Yes","HORSE":"Yes","BICYCLE":"No","SUNEXPO":"Equal parts shade and sun","DIFFICULTY":"Difficult","TRAIL_DESC":"This is a fairly strenuous hike through scenic countryside. The trail begins at the Valle Vista Staging Area and ends at Las Trampas Park on Rocky Ridge. The trail is also accessible from the Rancho Laguna trailhead. There are a number of loops to choose from along the trail that will extend the length of your adventure. ","WAY":null,"LABEL":"Rocky Ridge","DOG_PIC":"dog","HORSE_PIC":"horse","BIKE_PIC":"no-bike","SUN_PIC":"sunTree"}},{"type":"Feature","id":44,"geometry":{"type":"MultiLineString","coordinates":[[[-122.0913637241454,37.812834079815907],[-122.09107759949922,37.813022092821321],[-122.09075345442028,37.813241310195345],[-122.09025427739124,37.813416848534573],[-122.08935833561344,37.813582384969102],[-122.08900942574505,37.813548720203812],[-122.08818723554421,37.813997157288092]],[[-122.08813353370655,37.814004782257904],[-122.08813318481853,37.814045288292057],[-122.08804607272687,37.814086013558743],[-122.08772751839386,37.814125321530312],[-122.08757778913365,37.814125964416313],[-122.0874849653077,37.814116227787103],[-122.08731756204456,37.814059426432742],[-122.08730927121339,37.813874134291979],[-122.08729721301412,37.813796015370805],[-122.08714867479078,37.813730719792716],[-122.08698944084286,37.813691659861092],[-122.08679370342992,37.813726567939199],[-122.08667751562425,37.813717144987791],[-122.08650992554141,37.813763149215333],[-122.08628134090192,37.813776698495467],[-122.08608313131741,37.813729256323718],[-122.08577229456176,37.8136839948898],[-122.08558861231126,37.813715991281725],[-122.08540921443388,37.813786384604882],[-122.08522627965695,37.813836275342986],[-122.0850493066888,37.813793260853238],[-122.08483103720906,37.813706258894449],[-122.08463637377268,37.813629220634105],[-122.08434479039087,37.813593996947304],[-122.08408744341043,37.813540458265535],[-122.08384732755022,37.813483256071834],[-122.08384095706178,37.813484997026471],[-122.08365972845162,37.813534528998339],[-122.08351696514799,37.813618161094439],[-122.08332577469093,37.81366329980262],[-122.08307902932107,37.813619919471606],[-122.08295477223335,37.813638066421809],[-122.08290759329813,37.813657926504227],[-122.08272043285393,37.813689278414479],[-122.08248876002718,37.813743889346668],[-122.08221936851631,37.813786696967775],[-122.0820563208416,37.813799833832654],[-122.08168045750266,37.813757425339261],[-122.08143412362634,37.813640279626611],[-122.08115395273551,37.813454157885012],[-122.08087783254375,37.813413222260927],[-122.08071278112806,37.81334470839915],[-122.08059577432759,37.813337348677436],[-122.08045932153595,37.813311022462656],[-122.08035600443776,37.813255414437066],[-122.08023571280778,37.813215823684402],[-122.08002166475038,37.813163072151305],[-122.07978861509817,37.812990403682115],[-122.07974256719105,37.812996282226315],[-122.07963237687999,37.813010350625035],[-122.07956373663708,37.813038735087964],[-122.07954585157641,37.813104435925425],[-122.07952921599751,37.81316554669133],[-122.07954096801886,37.813270452578955],[-122.07956748631435,37.813418418618824],[-122.0797413424084,37.813738142334913],[-122.07977064601045,37.813894998711447],[-122.07970661339057,37.814058597629902],[-122.07959044687165,37.814172081538707],[-122.07942545220595,37.814309567937613],[-122.07931428098168,37.814454570866275],[-122.07929551495224,37.814473814754876]]]},"properties":{"LENGTH_MILES":0.82871764999999997,"GLOBALID":"{6939E53A-9D22-46E6-BA84-2EFE301A95A7}","MILE":7.25,"ELEVATION_GAIN":68,"HOUR":2.3999999999999999,"SHAPE.LEN":4375.62903637405,"OBJECTID":44,"SURFACE_TY":"Dirt","TRAIL_NAME":"Rocky Ridge Trail","TRAIL_TYPE":"Hikers, Equestrians and Leashed Dogs","REGIONAL_TRAIL_NAME":null,"WIDTH":"Wide","TRAIL_NAME_1":"Rocky Ridge","TRAIL_START":"Valle Vista Staging","TRAIL_END":"Las Trampas","DISTANCE":"7.25","DOG":"Yes","HORSE":"Yes","BICYCLE":"No","SUNEXPO":"Equal parts shade and sun","DIFFICULTY":"Difficult","TRAIL_DESC":"This is a fairly strenuous hike through scenic countryside. The trail begins at the Valle Vista Staging Area and ends at Las Trampas Park on Rocky Ridge. The trail is also accessible from the Rancho Laguna trailhead. There are a number of loops to choose from along the trail that will extend the length of your adventure. ","WAY":null,"LABEL":"Rocky Ridge","DOG_PIC":"dog","HORSE_PIC":"horse","BIKE_PIC":"no-bike","SUN_PIC":"sunTree"}},{"type":"Feature","id":49,"geometry":{"type":"LineString","coordinates":[[-122.16366771600464,37.924196080290081],[-122.16336193363234,37.924653399102901],[-122.16327995337666,37.925024116699646],[-122.16351278530342,37.926010314006007],[-122.1634590225453,37.926297184824108],[-122.16340017783547,37.926357620399621],[-122.16317396134701,37.926336962099313],[-122.16296397961727,37.926379654060185]]},"properties":{"LENGTH_MILES":0.18038286000000001,"GLOBALID":"{2D421462-E395-4A15-8C02-F939D0EF4D61}","MILE":3.8100000000000001,"ELEVATION_GAIN":13,"HOUR":1.3,"SHAPE.LEN":952.42153133505508,"OBJECTID":49,"SURFACE_TY":"Dirt","TRAIL_NAME":"Bear Creek Trail","TRAIL_TYPE":"Hikers and Equestrians","REGIONAL_TRAIL_NAME":"Mokelumne Coast to Crest/American Discovery","WIDTH":"Narrow","TRAIL_NAME_1":"Bear Creek","TRAIL_START":"Bear Creek Staging","TRAIL_END":"Briones Overlook Staging","DISTANCE":"3.81 One way","DOG":"No","HORSE":"Yes","BICYCLE":"No","SUNEXPO":"Full shade","DIFFICULTY":"Moderate","TRAIL_DESC":"At the Bear Creek Staging Area, head through the south gate and cross the creek to get on the trail. This trail traverses the southeast slopes of Briones Reservoir. It is moderately steep in a few sections, mostly forested, and botanically fascinating. If you hike past the Briones Overlook Staging Area, the trail continues downhill along the Briones Dam spillway to the Orinda Connector trail.","WAY":"One way","LABEL":"Bear Creek","DOG_PIC":"no-dog","HORSE_PIC":"horse","BIKE_PIC":"no-bike","SUN_PIC":"shade"}},{"type":"Feature","id":33,"geometry":{"type":"LineString","coordinates":[[-122.21265444491235,37.901398069807627],[-122.21259328858982,37.901229461823434],[-122.21251741334127,37.901123657968654],[-122.21247526721226,37.90104517014106],[-122.21211177131045,37.900916530643528],[-122.21193784148971,37.900865488327611],[-122.21172806942107,37.900773542740779],[-122.21152261196706,37.900773306206275],[-122.21138662035911,37.900788804321195],[-122.21111456936336,37.900800656898987],[-122.21089723220273,37.900916354824311],[-122.21064719544228,37.900941593061162],[-122.21049127153336,37.900886099227073],[-122.21057563633728,37.900799332286411],[-122.21062364693772,37.900741199854536],[-122.21054820621156,37.900679967768447],[-122.21082246875704,37.900468244058835],[-122.21103686312287,37.900252670477322],[-122.21096309811909,37.90021323947591],[-122.21036507661073,37.900229235074036]]},"properties":{"LENGTH_MILES":0.23807089000000001,"GLOBALID":"{DE7582FF-F4AF-45B8-9B8D-2F64693B8A2D}","MILE":2.0300000000000002,"ELEVATION_GAIN":29,"HOUR":0.70000000000000007,"SHAPE.LEN":1257.01428152979,"OBJECTID":33,"SURFACE_TY":"Dirt","TRAIL_NAME":"Orinda Connector","TRAIL_TYPE":"Hikers and Equestrians","REGIONAL_TRAIL_NAME":null,"WIDTH":"Narrow","TRAIL_NAME_1":"Orinda Connector","TRAIL_START":"Bear Creek Rd.","TRAIL_END":"San Pablo Boat Launch","DISTANCE":"2.03 One way","DOG":"No","HORSE":"Yes","BICYCLE":"No","SUNEXPO":"Mostly shade","DIFFICULTY":"Moderate","TRAIL_DESC":"The Orinda Connector Trail is a short but important link between the City of Orinda and EBMUD¿s trail system. From the Orinda Connector trailhead, the trail winds down a steep slope to San Pablo Creek. At the junction, make a right (northeast) and cross San Pablo Creek to continue onto Bear Creek Trail. Or, continue (northwest) on the Orinda Connector to the EBMUD ranger station, where the trail becomes the Old San Pablo trail, leading to the San Pablo Reservoir Boat Launch and beyond. ","WAY":"One way","LABEL":"Orinda Connector","DOG_PIC":"no-dog","HORSE_PIC":"horse","BIKE_PIC":"no-bike","SUN_PIC":"shade"}},{"type":"Feature","id":52,"geometry":{"type":"LineString","coordinates":[[-122.13096597114732,37.815062419124857],[-122.13010844653482,37.815094500380283],[-122.12942590008382,37.815226411859371],[-122.12803832665662,37.815110980910738],[-122.12766701934854,37.815076062233786],[-122.12720371103646,37.815034112832073],[-122.12685148690382,37.814990630485433],[-122.12665013893599,37.814924533673725]]},"properties":{"LENGTH_MILES":0.23912139000000002,"GLOBALID":"{8795A4C5-2C04-485F-90A8-5B20025EC50B}","MILE":7.25,"ELEVATION_GAIN":62,"HOUR":2.3999999999999999,"SHAPE.LEN":1262.5609499805898,"OBJECTID":52,"SURFACE_TY":"Dirt","TRAIL_NAME":"Rocky Ridge Trail","TRAIL_TYPE":"Hikers, Equestrians and Leashed Dogs","REGIONAL_TRAIL_NAME":null,"WIDTH":"Wide","TRAIL_NAME_1":"Rocky Ridge","TRAIL_START":"Valle Vista Staging","TRAIL_END":"Las Trampas","DISTANCE":"7.25","DOG":"Yes","HORSE":"Yes","BICYCLE":"No","SUNEXPO":"Equal parts shade and sun","DIFFICULTY":"Difficult","TRAIL_DESC":"This is a fairly strenuous hike through scenic countryside. The trail begins at the Valle Vista Staging Area and ends at Las Trampas Park on Rocky Ridge. The trail is also accessible from the Rancho Laguna trailhead. There are a number of loops to choose from along the trail that will extend the length of your adventure. ","WAY":null,"LABEL":"Rocky Ridge","DOG_PIC":"dog","HORSE_PIC":"horse","BIKE_PIC":"no-bike","SUN_PIC":"sunTree"}},{"type":"Feature","id":18,"geometry":{"type":"LineString","coordinates":[[-122.12665013893599,37.814924533673725],[-122.12664730678418,37.81404317678151],[-122.12664873133268,37.813373036547162],[-122.1266871822,37.812843146434886],[-122.12673237697072,37.812658941988218],[-122.12679749382045,37.811994571868254],[-122.12676045713535,37.811844094577964],[-122.12664237769836,37.811592122811078],[-122.12659900802792,37.811369385140438],[-122.12652552352851,37.811191096920922],[-122.12630478562019,37.811113861950616],[-122.12572176229696,37.811120979273781],[-122.12542530138985,37.810964634678029],[-122.12521453435176,37.810681644904932],[-122.12489433805465,37.810687747942197],[-122.12443984325218,37.810603676286348],[-122.12384331711127,37.810307717279983],[-122.12345137349894,37.810098784982401],[-122.12331583055841,37.809901142354803],[-122.12294891356856,37.809598792413901],[-122.12239922780051,37.809387439323451],[-122.1218563205893,37.809284807969647],[-122.12164243020199,37.809190263531328],[-122.12128890300684,37.80761383724235],[-122.12100115911473,37.806895291820766],[-122.12076146432622,37.806495960372814],[-122.12025714852015,37.806477041729131],[-122.11967517228204,37.806319781075103],[-122.11917887857607,37.806235374999901],[-122.11889009722891,37.806385302424431],[-122.11869535234698,37.806394668270855],[-122.11827518284701,37.806257781848011],[-122.11753059416552,37.806078798940511],[-122.11668832491043,37.806021127754093]]},"properties":{"LENGTH_MILES":1.00172675,"GLOBALID":"{4AB1B3CB-0840-46A8-AD39-8609A60EA57E}","MILE":7.25,"ELEVATION_GAIN":85,"HOUR":2.3999999999999999,"SHAPE.LEN":5289.1174383023099,"OBJECTID":18,"SURFACE_TY":"Dirt","TRAIL_NAME":"Rocky Ridge Trail","TRAIL_TYPE":"Hikers, Equestrians and Leashed Dogs","REGIONAL_TRAIL_NAME":null,"WIDTH":"Wide","TRAIL_NAME_1":"Rocky Ridge","TRAIL_START":"Valle Vista Staging","TRAIL_END":"Las Trampas","DISTANCE":"7.25","DOG":"Yes","HORSE":"Yes","BICYCLE":"No","SUNEXPO":"Equal parts shade and sun","DIFFICULTY":"Difficult","TRAIL_DESC":"This is a fairly strenuous hike through scenic countryside. The trail begins at the Valle Vista Staging Area and ends at Las Trampas Park on Rocky Ridge. The trail is also accessible from the Rancho Laguna trailhead. There are a number of loops to choose from along the trail that will extend the length of your adventure. ","WAY":null,"LABEL":"Rocky Ridge","DOG_PIC":"dog","HORSE_PIC":"horse","BIKE_PIC":"no-bike","SUN_PIC":"sunTree"}},{"type":"Feature","id":85,"geometry":{"type":"LineString","coordinates":[[-122.13625101740523,37.876079133827822],[-122.13684375219736,37.876139714145779],[-122.13696993526875,37.876165432414602],[-122.13709678166865,37.87622135504531],[-122.13723064845301,37.876320437993336],[-122.13733638649742,37.876440512972067],[-122.13745090655989,37.876605100815965],[-122.137556147645,37.876741664493061],[-122.13776994307445,37.876929594320082],[-122.13796702392196,37.877145221769482],[-122.13819455446925,37.877405747806705],[-122.13857026848017,37.87778575912985],[-122.1386564419672,37.877882757549948],[-122.13875314902941,37.878024932933378],[-122.13896054676843,37.878393544928727],[-122.13904163470842,37.87849542039698],[-122.13916283251149,37.878609099962219],[-122.13931770180487,37.878795784257733],[-122.1393553019951,37.878890025069012],[-122.13933808443745,37.878973351797633],[-122.1392370379691,37.879105221267572],[-122.13919932513811,37.879201880264297],[-122.1392293872056,37.879386179255832],[-122.13930785959309,37.879565685996539],[-122.13937126411612,37.879683649859174],[-122.13939322237242,37.879855123548651],[-122.139406398847,37.87998662170294],[-122.13947921946378,37.880145606565073],[-122.13951220293872,37.88026600415705],[-122.13960553876632,37.880475534181436],[-122.13968297486494,37.880521056186446]]},"properties":{"LENGTH_MILES":0.39068705000000004,"GLOBALID":"{7EF7C737-8955-4FDA-8430-CA165FC3029B}","MILE":null,"ELEVATION_GAIN":85,"HOUR":null,"SHAPE.LEN":2062.8275725776398,"OBJECTID":85,"SURFACE_TY":"Dirt","TRAIL_NAME":"Big Oak Trail","TRAIL_TYPE":"Hikers and Leashed Dogs","REGIONAL_TRAIL_NAME":null,"WIDTH":"Wide","TRAIL_NAME_1":"Big Oak","TRAIL_START":null,"TRAIL_END":null,"DISTANCE":null,"DOG":null,"HORSE":null,"BICYCLE":null,"SUNEXPO":null,"DIFFICULTY":null,"TRAIL_DESC":null,"WAY":null,"LABEL":"Big Oak","DOG_PIC":"no-dog","HORSE_PIC":"no-horse","BIKE_PIC":"no-bike","SUN_PIC":null}},{"type":"Feature","id":86,"geometry":{"type":"LineString","coordinates":[[-122.14753349315561,37.873585163002204],[-122.14736768145733,37.873544902155473],[-122.14720314047125,37.873500115793149],[-122.14704091259857,37.873451055216414],[-122.14688099790276,37.873397722236447],[-122.14678226159276,37.873361980365033],[-122.1466778609085,37.873321748593298],[-122.14643782766667,37.87322223029647],[-122.14629495306067,37.87316573644182],[-122.14625758182295,37.873147337961676],[-122.14622674605179,37.873128213921163],[-122.14620308823415,37.87310970438763],[-122.14615406253468,37.873066421827858],[-122.14608092059606,37.873009939352158],[-122.14605060314332,37.872983071664216],[-122.14601729559341,37.872944101760709],[-122.14595662874123,37.872857720820761],[-122.14581926339686,37.872675863567217],[-122.14577425662134,37.872620836001182],[-122.14573154119695,37.872572752278245],[-122.14568526896213,37.872525140764594],[-122.14563161454879,37.872473903184144],[-122.14546938728846,37.872330015137031],[-122.14542750048342,37.872295541543451],[-122.14529529300835,37.872194153904736],[-122.14525717654728,37.872159600667814],[-122.14522707058553,37.872126503777956],[-122.14520844756431,37.872100734502148],[-122.14519097397927,37.872070766965706],[-122.14513169417384,37.871940336977389],[-122.14511606213523,37.871911080005297],[-122.14509990772453,37.87188589720212],[-122.14505465139978,37.871824235872758],[-122.14501163265541,37.871770532042305],[-122.14496914461871,37.871722661156092],[-122.14492670976466,37.871680108102879],[-122.14488362726166,37.871642232918838],[-122.14484002949726,37.871609213087524],[-122.14479576846047,37.871580936224625],[-122.1447507565945,37.871557350381408],[-122.14433502622731,37.871610912039216],[-122.14408237657246,37.871589516072298],[-122.14375478698405,37.871445785739404],[-122.14363834928625,37.87145848217618],[-122.14335685296733,37.871603909806289],[-122.1431974955251,37.871801997617389],[-122.14312963399522,37.871812735921736],[-122.14275031329569,37.871634231082524],[-122.14256926807994,37.871435463241227],[-122.14232590746587,37.87127498056352],[-122.14220779390752,37.871175980647259],[-122.14219830699388,37.870959939369683],[-122.14212523349654,37.870888651248059]]},"properties":{"LENGTH_MILES":0.40597907,"GLOBALID":"{E4E00A51-7C12-471C-A0A4-5CB64963669C}","MILE":null,"ELEVATION_GAIN":94,"HOUR":null,"SHAPE.LEN":2143.5695439737901,"OBJECTID":86,"SURFACE_TY":"Dirt","TRAIL_NAME":"Rheem Trail","TRAIL_TYPE":"Hikers and Leashed Dogs","REGIONAL_TRAIL_NAME":null,"WIDTH":"Wide","TRAIL_NAME_1":"Rheem","TRAIL_START":null,"TRAIL_END":null,"DISTANCE":null,"DOG":null,"HORSE":null,"BICYCLE":null,"SUNEXPO":null,"DIFFICULTY":null,"TRAIL_DESC":null,"WAY":null,"LABEL":"Rheem","DOG_PIC":"no-dog","HORSE_PIC":"no-horse","BIKE_PIC":"no-bike","SUN_PIC":null}},{"type":"Feature","id":87,"geometry":{"type":"LineString","coordinates":[[-122.06648162165385,37.754797254663572],[-122.06641842702778,37.754718605296183],[-122.06624219800293,37.754523182992067],[-122.06613975848002,37.754422914470652],[-122.06603359052549,37.754350850259186],[-122.06599633223594,37.75426551009177],[-122.06596708751457,37.754026933387273],[-122.06597230452036,37.753864119567652],[-122.06596499375826,37.753640358412248],[-122.06603501698376,37.75351582435156],[-122.06617690056966,37.753353942085838],[-122.06621489394205,37.753268975312004],[-122.06618630990477,37.753184893283439],[-122.06609536297192,37.75313734741426],[-122.06597231336004,37.753125935494054],[-122.06587915592753,37.753178674395159],[-122.06583540042199,37.753277451251407],[-122.0657457445545,37.753332203566139],[-122.06557797958591,37.753333058864555],[-122.06544508631376,37.753305983468124],[-122.06528206187039,37.753285488242206],[-122.0650585713704,37.753268542483077],[-122.06489498321372,37.753221273619268],[-122.06485464135348,37.753112625959872],[-122.06489254529775,37.752982339813379],[-122.0648990196032,37.752838050659456],[-122.0648264417509,37.752718158322736],[-122.06464091617875,37.75257367066714],[-122.06449346704956,37.752512453365995],[-122.06432541336576,37.752458376192465],[-122.06423258032785,37.752403300442346],[-122.06410674306291,37.752259394000824],[-122.06397430738105,37.752130681090293],[-122.0639097431521,37.75202166876911],[-122.06372005478792,37.75184358842472],[-122.06363792814216,37.751762962032466],[-122.06349593815671,37.751591115303981],[-122.06335726482433,37.751453558503613],[-122.06324088445427,37.751347979892387],[-122.06301423306235,37.751057085314997],[-122.06292540245775,37.750863244844034],[-122.06288781191648,37.750638511702583],[-122.06287134874911,37.750472553011882],[-122.06272022343995,37.750236277514439],[-122.06256577351694,37.750047427859016],[-122.06261091243786,37.749890951669592],[-122.06274928339657,37.749767574201151],[-122.06297395281862,37.749676699495794],[-122.06323226769366,37.749581944658324],[-122.06340059567901,37.749484948727748],[-122.0635506195528,37.749340128549875],[-122.0635925722073,37.74919674206695],[-122.06356339934526,37.749043311420046],[-122.06340779841408,37.748881945390714],[-122.06323619124318,37.748781906188853],[-122.06304406730509,37.748693125772157],[-122.06279126944398,37.748679998002615],[-122.06252186904757,37.748617647810875],[-122.06230382409613,37.748529896558885],[-122.06219477008253,37.748402245993091],[-122.06224764795323,37.748284809087913],[-122.0623222405106,37.748171890157806],[-122.0623578687571,37.748015540991481],[-122.06231829546154,37.747860875464674],[-122.06235801229002,37.747611082411971],[-122.06236392810247,37.747440020124152],[-122.06231785884469,37.747346555420691],[-122.06222676129791,37.747250253307776],[-122.06207669813016,37.7470640915909],[-122.06197424418215,37.746880045398441],[-122.06191317046893,37.746607554454847],[-122.06186731371842,37.74635958235676],[-122.06179565369176,37.746200535118305],[-122.06196396954094,37.745938737518337],[-122.06204449507723,37.745779046558489],[-122.06211545391373,37.745616735619301],[-122.06226567601958,37.745522728781054],[-122.06239163184706,37.745385094896541],[-122.06243071825101,37.745269900712479],[-122.06257425408539,37.745186969029888],[-122.06272079198074,37.745205626364523],[-122.06285437906485,37.74530754385421],[-122.06305946374955,37.74543735355369],[-122.06329059539488,37.745448707982128],[-122.06344094567096,37.745360878061632],[-122.06356963707523,37.745230074315749],[-122.06380918499588,37.745025011026165],[-122.06391843681864,37.744874550143571],[-122.06383092599022,37.74474318172836],[-122.06361995250279,37.74470340692789],[-122.06338166053021,37.744639273605891],[-122.06315206873126,37.744536569274736],[-122.06299418971237,37.744430854222806],[-122.06282051719974,37.744273160539812],[-122.06260296768212,37.744043945856248],[-122.0622661770213,37.743819059291447],[-122.06187437291352,37.743486404199686],[-122.06169947101591,37.743462008297513],[-122.06160101265493,37.743457064453452],[-122.06153415128669,37.74345795046478],[-122.06146270028059,37.74342765680322],[-122.06141391236214,37.743376163150892]]},"properties":{"LENGTH_MILES":1.1801394199999999,"GLOBALID":"{86FF6EB7-E2C0-4C7E-9160-2E410BFD4B29}","MILE":2.3100000000000001,"ELEVATION_GAIN":80,"HOUR":0.80000000000000004,"SHAPE.LEN":6231.1364217136106,"OBJECTID":87,"SURFACE_TY":"Dirt","TRAIL_NAME":"Dinosaur Trail","TRAIL_TYPE":"Hikers and Equestrians","REGIONAL_TRAIL_NAME":"Bay Area Ridge Trail","WIDTH":"Wide","TRAIL_NAME_1":"Dinosaur","TRAIL_START":"Ramage Peak Trail ","TRAIL_END":"EBRPD Chabot to Garin Trail","DISTANCE":"2.31 One way","DOG":"No","HORSE":"Yes","BICYCLE":"No","SUNEXPO":"Mostly sun","DIFFICULTY":"Difficult","TRAIL_DESC":"The trail follows unpaved fire roads to connect the Ramage Peak Trail (0.84 miles from the Chabot Staging Area) with the Chabot-to-Garin Trail, off EBMUD property. The trail provides some challenging climbs, but it offers spectacular views that make the effort worthwhile. When you reach Dinosaur Peak, you will see the stegosaurus-back rock outcroppings that inspired the trails name.","WAY":"One way","LABEL":"Dinosaur","DOG_PIC":"no-dog","HORSE_PIC":"horse","BIKE_PIC":"no-bike","SUN_PIC":"sun"}},{"type":"Feature","id":7,"geometry":{"type":"MultiLineString","coordinates":[[[-122.20379389035216,37.912987298830089],[-122.20375238659381,37.913258410876459],[-122.20371838933376,37.913380177466586],[-122.20365787841807,37.913426788279608],[-122.20343075137714,37.913603014189832],[-122.20312112899926,37.913848773484084],[-122.20298893988708,37.913954904947623],[-122.20288207728544,37.914013150663628],[-122.20280162634265,37.914026272413125],[-122.20272659949458,37.914036154672452],[-122.20252451868461,37.914083393555671],[-122.20234844252965,37.914081842901069],[-122.20222048036671,37.914140140686165],[-122.20216453928644,37.914213993354352]],[[-122.20216184790183,37.914223350952781],[-122.20212573358148,37.914275090169468],[-122.20202233425496,37.914378554545038],[-122.20188567289176,37.914440610751328],[-122.20175771764325,37.914510549897301],[-122.20167946272127,37.914554010750727],[-122.20156263148967,37.91474426980129],[-122.20154320274195,37.914786021594217],[-122.20151331852034,37.914911639193363],[-122.20157432329981,37.915189625370864],[-122.20165799287079,37.915258334050534],[-122.20173749108574,37.91531845531884],[-122.20187057119693,37.915335631517074],[-122.20190998974175,37.915380917753261],[-122.20196383243353,37.91544768866018],[-122.20197722584254,37.915504592641696],[-122.2019863561179,37.915576169323714],[-122.20205991923964,37.915600211782611],[-122.20209338420096,37.915614575120422],[-122.20215066347392,37.915679259818674],[-122.20215211529515,37.915783311100483],[-122.20214472226016,37.915842393509067],[-122.20210872117026,37.915923820400216],[-122.20218904182049,37.915956252449874],[-122.20230456725537,37.916081822955057],[-122.20230852314803,37.916182564256538],[-122.20241101265283,37.916334852435007],[-122.20251088068814,37.916332263142124],[-122.20262022384887,37.916324807941223],[-122.20273140124642,37.916255078245307],[-122.20279663514857,37.916234542300806],[-122.20302958804285,37.916170479511102],[-122.20313101679686,37.916187757409148],[-122.20326878137323,37.916276497965498],[-122.20346363053805,37.916378244194036],[-122.20356501699281,37.916478011064221],[-122.20369710314897,37.916638325903023],[-122.20383852699597,37.916759511263884],[-122.20395841694703,37.916856888679398],[-122.20398092614032,37.916913456377337],[-122.20395807471871,37.917049750001397],[-122.20389171756749,37.91710665614174],[-122.20384679772975,37.917138558755582],[-122.2037428593089,37.917188990539103],[-122.20361542300385,37.917239421403245],[-122.20352873242351,37.9172280735973],[-122.20345949115931,37.917232506471557],[-122.20339891484518,37.9172368116445],[-122.2033403058887,37.917251390380827],[-122.20324810043871,37.917312216724099],[-122.20314055481749,37.917485855851247],[-122.2030646614916,37.917561062615327],[-122.20300865667224,37.91761845158355],[-122.20293118450377,37.917723828138179],[-122.20285665739287,37.917819656834915],[-122.20269784875222,37.917961067707957],[-122.20260565889951,37.917976920438591],[-122.20241827928972,37.917907276784447],[-122.20229794215778,37.917927625272299],[-122.20217171056922,37.918059103838637],[-122.20199118837768,37.918093908647499],[-122.20186733870447,37.918073899684252],[-122.20160078553965,37.918099220589284],[-122.20137405874944,37.918039460006497],[-122.20132177478771,37.918028075474489],[-122.20111936486281,37.917959417646635],[-122.2009794300854,37.917914928044915],[-122.20083091505984,37.917874006027212],[-122.2007686296573,37.917973065244617],[-122.20060838398774,37.918139290902879],[-122.20053687232505,37.918223607518954],[-122.2003001663798,37.918416673946155],[-122.2002614889964,37.918449802778774],[-122.20019400789931,37.918521067461818],[-122.20012062198479,37.918551622898292],[-122.20016217883814,37.918615568784602],[-122.20016118351788,37.918658422915598],[-122.20017521270296,37.918734998129281],[-122.2002714678738,37.918818758776432],[-122.20028139447709,37.91887060327528],[-122.20027398841101,37.918893487365509],[-122.20033187739065,37.918953469140995],[-122.20038388118628,37.91903156853359],[-122.20038566815327,37.919108529915903],[-122.20036293409464,37.919193176039613],[-122.2003297558759,37.919234564971461],[-122.20026842656996,37.919308780703489],[-122.20025911703982,37.919389480273828],[-122.20024821901889,37.919511424037545],[-122.20018891001955,37.919562392495045],[-122.19992234188858,37.919780478440323],[-122.19975968788474,37.919814442265817],[-122.19941867199496,37.919864405504747],[-122.19936413901472,37.919844128360857],[-122.19922593340463,37.919845802051185],[-122.19914630305018,37.919871849007066],[-122.19903743027967,37.919801946607699],[-122.19893806271421,37.919848616275125],[-122.19882417240814,37.91989536134993],[-122.19876809639342,37.919941720952814],[-122.19877880565822,37.920109760320152],[-122.19875355723788,37.920179344374155],[-122.19875998236137,37.920393793299255],[-122.19889917804252,37.920522930403486],[-122.1989485032327,37.920585231205564],[-122.19901395139308,37.920685653939167],[-122.19904090327768,37.920876757977688],[-122.19909139366155,37.921066009501381],[-122.19895241080239,37.921387857297454],[-122.19887736278197,37.921530184700991],[-122.1988870045751,37.921680415514366],[-122.19875458566489,37.921793819154338],[-122.19863467225144,37.921911657600091],[-122.1984452507204,37.92215640667893],[-122.19842136925325,37.922244932052784],[-122.19837336681478,37.922380455837995],[-122.19829934322787,37.92246202699323],[-122.19818820393411,37.922651638821485],[-122.19807099570957,37.922713907112716],[-122.19795621046775,37.922866664529934],[-122.1980290459487,37.922822533624519],[-122.19809945293441,37.922842130832123],[-122.19824408146394,37.922883413217299],[-122.19848134784841,37.92281746850238],[-122.19862617931257,37.922836572014553],[-122.19872003570242,37.922880633102132],[-122.19887481255338,37.922917318907807],[-122.1991049096922,37.92277927862748],[-122.19937085096284,37.922688789569975],[-122.19954897680024,37.922644094587845],[-122.19970424810637,37.922681211954817],[-122.19977422246789,37.922719185235216],[-122.19975156989025,37.922769610612235],[-122.19959106914764,37.922925807503709],[-122.19946821727406,37.923040988290303],[-122.19935150588573,37.923176169035344],[-122.19918468880088,37.92342746170069],[-122.19916821780403,37.923604007636342],[-122.19920302069056,37.923658787148057],[-122.19929386753172,37.923726284924477],[-122.19939677558466,37.923852732644427],[-122.19937807757204,37.923938771241154],[-122.19923136533883,37.924028339161438],[-122.19911378952951,37.924069070857719],[-122.19902057544181,37.92422493255021],[-122.19910448732652,37.924308487767476],[-122.19918337873386,37.924390242551972],[-122.19927512947497,37.924451823912982],[-122.19933846606368,37.92456095487892],[-122.19932280313405,37.924631467141843],[-122.1992676782428,37.924643880424242],[-122.19902802309888,37.924675221694933],[-122.19883577428429,37.924785943348027],[-122.19876981657761,37.924866507495857],[-122.1986906457275,37.924931512219224],[-122.19861250033938,37.924947544507802],[-122.1984413537388,37.924958438249163],[-122.19826826411436,37.9249181933275],[-122.19818084133183,37.92493427940034],[-122.19797884223661,37.925022406499757],[-122.19785435479875,37.925075780240391],[-122.19779913087066,37.925127204091893],[-122.1976891021713,37.925201175578408],[-122.1975939633875,37.92529832501144],[-122.19755764126685,37.925299091176086],[-122.19742960752519,37.92521090346505],[-122.19733376100622,37.925153306745479],[-122.19733842448201,37.925119188926089],[-122.19728414392929,37.924977079041994],[-122.19712659517324,37.92485411168488],[-122.19699576319164,37.924805684557676],[-122.1968160518543,37.924780315994369],[-122.19677321697058,37.924730238927566],[-122.19675826210677,37.924617643400303],[-122.19673126307444,37.9244731850156],[-122.19675045398836,37.924378273409459],[-122.19680074134168,37.924214311565407],[-122.19678085493719,37.924146890275573],[-122.19660804554259,37.924072689942037],[-122.19656434568297,37.924064422316654],[-122.1964715748104,37.924055521188734],[-122.19633477772443,37.924054909269685],[-122.19617212601923,37.924054848657946],[-122.19597685145543,37.924062227475588],[-122.19581001580248,37.924027120375584],[-122.19569971998379,37.923966996595645],[-122.19570104208286,37.923909617687848],[-122.1957402636246,37.923875795971867],[-122.19583443838847,37.923792425096579],[-122.19588403960186,37.923758909402743],[-122.19604043245694,37.923667082687516],[-122.19602563586747,37.923601469796651],[-122.19596886601821,37.923541131972812],[-122.19596040325315,37.923395197938419],[-122.19592453301384,37.92330325231876],[-122.19577454024092,37.923236567725063],[-122.19581481651649,37.923145039269052],[-122.19575915141554,37.923128245230465],[-122.19567624598088,37.923115016036562],[-122.19561035813373,37.923105321936255],[-122.19552403342858,37.923078927266594],[-122.19544817411573,37.92300421050696],[-122.195410783848,37.92293679059653],[-122.19538970230806,37.92287046400358],[-122.1953596971956,37.922819097489047],[-122.19524752648593,37.922738528806775],[-122.19510541897048,37.922741286309353],[-122.19500856816995,37.92271362661041],[-122.19493899515231,37.922672548435763],[-122.19446355395766,37.922443902638207],[-122.19422537026132,37.922288091369843],[-122.19400598409071,37.922255435931952],[-122.1938488511784,37.922219967097227],[-122.19371285723464,37.922102750929717],[-122.19359882744024,37.922105143704812],[-122.19354538391642,37.922012154384916],[-122.19344816121531,37.922009228084093],[-122.19296885345774,37.921778598803122],[-122.19289356526889,37.921718555571786],[-122.19283746011131,37.921677433661344],[-122.19275972959899,37.921616437687476],[-122.19276128592674,37.921545655374445],[-122.19283070878978,37.921398939334892],[-122.19283219078757,37.921292477089928],[-122.19284753819404,37.921179217926763],[-122.19270264863762,37.921081036909783],[-122.19262479698128,37.921020332755539],[-122.19246265331239,37.920960216299584],[-122.19239335879064,37.920964335194597],[-122.19229341373675,37.920944796438221],[-122.19215061480008,37.920905654214216],[-122.19202374654581,37.920890133435748],[-122.19179884793137,37.92090291675445],[-122.19142656740935,37.920878000036012],[-122.19123113437847,37.920874638913183],[-122.1911554011144,37.920850829850082],[-122.19085509596303,37.921084378339827],[-122.19075060230138,37.921085100834922],[-122.19059898318991,37.920995630382286],[-122.19050816001229,37.920909664771479],[-122.19047543667749,37.920785011294335],[-122.19034749925599,37.920775157830391],[-122.19020352806635,37.920783125872482],[-122.19011256821366,37.920739530320638],[-122.18997896832295,37.920772098842129],[-122.18992848365323,37.920744285330279],[-122.18984416648318,37.920689970001],[-122.18975921462446,37.920662001559684],[-122.18971303328803,37.92063727140706],[-122.18967531000759,37.920623230429264],[-122.18958252694775,37.92065384039546],[-122.18944768544615,37.920642315758577],[-122.1892271716472,37.920655208099134],[-122.18913754526129,37.920631758636091],[-122.18902004775745,37.920607426193925],[-122.18891158854412,37.920554994565791],[-122.18887142658225,37.92052542807204],[-122.18851749362727,37.920378811063266],[-122.18843767241405,37.920351513592074],[-122.18831005523627,37.920331999355668],[-122.18809125320415,37.920290697097201],[-122.18783756617994,37.920194403795243],[-122.18750491909535,37.920086346168652],[-122.18733312605049,37.920077248438105],[-122.18717930431887,37.920142525964799],[-122.18700999700327,37.920213564705939],[-122.18693021600627,37.920216044091013],[-122.18668979343131,37.920127842270851],[-122.1865285134074,37.920145829554052],[-122.18633253008328,37.920158879922546],[-122.18625362395933,37.920143358546063],[-122.18621423203599,37.920068073043446],[-122.18605606522097,37.920040934411446],[-122.18597521376108,37.920019548011489],[-122.18584630084948,37.919911940780679],[-122.1858128117741,37.919940127225559],[-122.18566580067524,37.920139118828125],[-122.18557870580635,37.920156731917629],[-122.1855072177533,37.920162767787282],[-122.18535103017051,37.920081183256116],[-122.18528923594958,37.920097654755317],[-122.18518847043536,37.920156825281971],[-122.1851860156592,37.920318955166145],[-122.18507655169861,37.920389623969335],[-122.18501666544137,37.920479736029392],[-122.18490593818588,37.920724160355569],[-122.18486312973462,37.920842597813568],[-122.18477738061053,37.920906652468773],[-122.18465884668888,37.92091580451509],[-122.18456919797704,37.920867291909182],[-122.18437990024691,37.920784471501996],[-122.18429853930216,37.920746483068868],[-122.1841026582787,37.920896508077227],[-122.18397845055797,37.921048493802331],[-122.18392093133278,37.921088499266979],[-122.18380214609155,37.921141792229754],[-122.18371698221962,37.921135108495875],[-122.18359442182546,37.921063565944266],[-122.18352578930559,37.920998180017421],[-122.18391056076911,37.920821820046605],[-122.18319720405994,37.920582120461177],[-122.18288237351078,37.92059022876844],[-122.18272351679346,37.92055223307834],[-122.18257176443426,37.920709396575752],[-122.18248174021601,37.920758489211472],[-122.18245284549342,37.920710552409794],[-122.18241582135607,37.920769957994388],[-122.18228271582062,37.920847309452448],[-122.18215319811299,37.920864915873402],[-122.18187941054552,37.92082146452745],[-122.18168992781881,37.920764294541044],[-122.18158118437074,37.920800152891054],[-122.18151455913318,37.92084367601349],[-122.18139165939894,37.921025719712915],[-122.18135251041036,37.921266228056311],[-122.18129279952086,37.921320314995882],[-122.18110938420347,37.921444140477746],[-122.18093483692853,37.921472303490113],[-122.18082273075831,37.921450928472076],[-122.18062767227785,37.921429695450158],[-122.18044051740804,37.921338945151469],[-122.18020954784318,37.921262735094039],[-122.18009664754769,37.921235861077868],[-122.17993607051633,37.921227612239939],[-122.17974248135451,37.921287848465724],[-122.17957508550863,37.921321817494622],[-122.1791962019018,37.921369612895496],[-122.17905893136104,37.921345543547233],[-122.17868319387807,37.92130442691932],[-122.17834186756902,37.921298741689718],[-122.17805400799553,37.921319817870177],[-122.17783770265527,37.921278812650137],[-122.17768658527609,37.921296319931727],[-122.17760009748119,37.921309278464108],[-122.17751224927477,37.92133455960191],[-122.17740217966016,37.921384727775731],[-122.17692044893305,37.921363554375567],[-122.17666675118349,37.921415202003068],[-122.17631167077771,37.92150703079826],[-122.17527581326706,37.921729941066701],[-122.17481846893401,37.921619415169452],[-122.17461961869692,37.921602890336899],[-122.17453268381981,37.921591764422551],[-122.17445065473044,37.921567517611869],[-122.1743769789412,37.921529421585142],[-122.17430189685486,37.921505765578942],[-122.17421703004612,37.921492414029949],[-122.17390812238843,37.921495553625725],[-122.17378154851484,37.921505218675534],[-122.17359575381296,37.92152054286155]]]},"properties":{"LENGTH_MILES":3.23710275,"GLOBALID":"{71879BFE-D2B5-496A-99D4-FA231100270A}","MILE":3.8100000000000001,"ELEVATION_GAIN":114,"HOUR":1.3,"SHAPE.LEN":17091.902846294601,"OBJECTID":7,"SURFACE_TY":"Dirt","TRAIL_NAME":"Bear Creek Trail","TRAIL_TYPE":"Hikers and Equestrians","REGIONAL_TRAIL_NAME":"Mokelumne Coast to Crest/American Discovery","WIDTH":"Narrow","TRAIL_NAME_1":"Bear Creek","TRAIL_START":"Bear Creek Staging","TRAIL_END":"Briones Overlook Staging","DISTANCE":"3.81 One way","DOG":"No","HORSE":"Yes","BICYCLE":"No","SUNEXPO":"Full shade","DIFFICULTY":"Moderate","TRAIL_DESC":"At the Bear Creek Staging Area, head through the south gate and cross the creek to get on the trail. This trail traverses the southeast slopes of Briones Reservoir. It is moderately steep in a few sections, mostly forested, and botanically fascinating. If you hike past the Briones Overlook Staging Area, the trail continues downhill along the Briones Dam spillway to the Orinda Connector trail.","WAY":"One way","LABEL":"Bear Creek","DOG_PIC":"no-dog","HORSE_PIC":"horse","BIKE_PIC":"no-bike","SUN_PIC":"shade"}},{"type":"Feature","id":8,"geometry":{"type":"LineString","coordinates":[[-122.2330643960226,37.914101439512748],[-122.23290962342506,37.914432746361427],[-122.23293302352363,37.914661297009879],[-122.23309983238724,37.914844826779287],[-122.23364104568671,37.915208837919529],[-122.23405423153645,37.915503195996621],[-122.23423196369961,37.915570453316221],[-122.23428956769007,37.915610657956599],[-122.23434608354029,37.915658852888669],[-122.235351371484,37.916498851648917],[-122.23554810416221,37.916634002233636],[-122.23620205865309,37.916963573779171],[-122.23644964698926,37.917006595289202],[-122.23682652770233,37.917120407096547],[-122.23698946615762,37.917229663638324],[-122.23701853934986,37.917306233702824],[-122.23707682585834,37.917374373670853],[-122.23706188335345,37.917493845391967],[-122.23705171238186,37.917534124410167],[-122.23700835105528,37.917585786507949],[-122.23683873997443,37.917736706644718],[-122.23679109411545,37.917794473015618],[-122.23676590504316,37.917842270396292],[-122.2367516842551,37.917886920065442],[-122.2367454470736,37.917932703153831],[-122.2367481190248,37.917984456083531],[-122.23673343199475,37.918286984172781],[-122.2367428075882,37.918369718547162],[-122.23673431528908,37.918428980052873],[-122.23674574845482,37.918505245403637],[-122.23678308656478,37.918588775281258],[-122.2368391726891,37.918649097731439],[-122.23699009347875,37.918774739204721],[-122.23712454966468,37.91885061560631],[-122.23728897616463,37.918947464366838],[-122.23737658489127,37.919016245297691],[-122.23746209783972,37.91910062989033],[-122.23755675532381,37.919155681511803],[-122.23766082416689,37.919193077916148],[-122.23784254044718,37.919194857211139],[-122.23832825632012,37.919197903209572],[-122.2384310792179,37.919193841508417],[-122.23852121888802,37.919197611809984],[-122.23859474935567,37.919178693855052],[-122.23869078199633,37.919159445536643],[-122.23878621832077,37.919114728393168],[-122.23891576445287,37.919016004605929],[-122.23902804510693,37.91882260692114],[-122.23909348249308,37.918679557086371],[-122.23913423574028,37.918636136762565],[-122.23917870998935,37.918542054424833],[-122.23919621335416,37.918450317489501],[-122.2392154413396,37.918327411145206],[-122.23925064432538,37.91825340069186],[-122.23930675344091,37.918188088557734],[-122.23937380888077,37.918138090787814],[-122.23968409902453,37.918030620700542],[-122.23992989612833,37.917936258219598],[-122.24007920997214,37.91790585335665],[-122.24026191518513,37.917875943119142],[-122.24057001021903,37.917843049502331],[-122.24068307554876,37.917858596376206],[-122.24079894313907,37.917886079136068],[-122.24090971881596,37.917924540843757],[-122.24099936048313,37.917965820071437],[-122.24104630547185,37.918028635442397],[-122.24107392089128,37.918094671685118],[-122.24108358030618,37.918169621007117],[-122.24107338065079,37.918238715348309],[-122.24102788348314,37.918298530765668],[-122.24099357782873,37.918357250314628],[-122.24096720875666,37.9184184878618],[-122.24094906313165,37.918481573228831],[-122.24095801436117,37.918564442454901],[-122.24096982371948,37.918646077321498],[-122.24101331318289,37.918719400669538],[-122.24107399534921,37.918792467883485],[-122.24121364143075,37.918879944905683],[-122.24142520052618,37.918995553709195],[-122.24146841639194,37.919057202821129],[-122.2414785032942,37.919118561745059],[-122.24146620209447,37.919174358065213],[-122.24144421884769,37.919228254198806],[-122.24140378398704,37.91928634689296],[-122.24134393131307,37.919336126980234],[-122.24126984946355,37.919371938875713],[-122.24119231807751,37.919390590357935],[-122.24105812768144,37.91943581038921],[-122.24095044260382,37.919478088440428],[-122.24074418648536,37.919575734420391],[-122.24052473356706,37.919754073096819],[-122.24034287150795,37.91990919519975],[-122.24023594504342,37.920038831331389],[-122.24018205711256,37.920150570325511],[-122.24017269997181,37.920275275175953],[-122.24018444252278,37.920356851589155],[-122.24020851228916,37.920440190191961],[-122.24028355199621,37.920594692043124],[-122.24039846544748,37.920763297036565],[-122.24047631860545,37.920830131467611],[-122.24055849845179,37.920859820367312],[-122.24067856200891,37.920878651635043],[-122.2408087523127,37.920885659949398],[-122.24096971884825,37.92087436079867],[-122.24162483238845,37.920791228646912],[-122.24179473483871,37.920754389375681],[-122.24197895359875,37.920626011805446],[-122.24211845183494,37.920512711115748],[-122.24222913755248,37.920464382449168],[-122.24232931830574,37.920458286388786]]},"properties":{"LENGTH_MILES":1.0867224900000001,"GLOBALID":"{81B20867-C930-4528-AB85-83A3090EEBD2}","MILE":3.6000000000000001,"ELEVATION_GAIN":21,"HOUR":1.2,"SHAPE.LEN":5737.89471804394,"OBJECTID":8,"SURFACE_TY":"Gravel","TRAIL_NAME":"Old San Pablo Trail","TRAIL_TYPE":"Hikers, Equestrians and Bicycles","REGIONAL_TRAIL_NAME":null,"WIDTH":"Wide","TRAIL_NAME_1":"Old San Pablo","TRAIL_START":"San Pablo Boat Launch","TRAIL_END":"Kennedy Grove","DISTANCE":"3.6 One way","DOG":"Limited to Park Hours","HORSE":"Yes","BICYCLE":"Yes","SUNEXPO":"Equal parts shade and sun","DIFFICULTY":"Easy","TRAIL_DESC":"This was once the main road through the San Pablo Valley before the construction of the modern San Pablo Dam Road. Biking is allowed on the paved and gravel portions of the old roadbed. The trail takes a leisurely route along the west side of the San Pablo Reservoir.","WAY":"One way","LABEL":"Old San Pablo","DOG_PIC":"dog","HORSE_PIC":"horse","BIKE_PIC":"bike","SUN_PIC":"sunTree"}},{"type":"Feature","id":9,"geometry":{"type":"LineString","coordinates":[[-122.24488380400588,37.904923403487032],[-122.24488282476352,37.905102166915071],[-122.24486317503904,37.905202211286465],[-122.2449123023174,37.905253377915137],[-122.24554152761637,37.906340474667203],[-122.24570167665688,37.90642745136995],[-122.24636737053231,37.907038235761412],[-122.24669816297417,37.907332934949643],[-122.24680078147317,37.90746177288603],[-122.24686780359885,37.907584619149617],[-122.24694175660507,37.907801472921477],[-122.24694420725574,37.90797329801913],[-122.24688171489275,37.908098716875088],[-122.24680987226657,37.908263545684655],[-122.24680056940747,37.90853257260941],[-122.24707762294491,37.909135378576494],[-122.24708227671674,37.909291548511362],[-122.24708299405246,37.909339123701926],[-122.24697486921137,37.909373754243944],[-122.24669326257988,37.909397103236117],[-122.2464599417933,37.909441873662757],[-122.24619156221307,37.909518847683628],[-122.24610131225694,37.909546089458921],[-122.24605189883555,37.909570488069477],[-122.24601281857802,37.909598790924996],[-122.24598899069433,37.909630752291307],[-122.24595213101647,37.909677039202855],[-122.24593792091574,37.909717447340455],[-122.24590325975542,37.909780106462293],[-122.24598380781279,37.909964206972617],[-122.24607044859088,37.910014882535556],[-122.24612517566808,37.910047635371427],[-122.24634930291212,37.910188737093463],[-122.24643491606653,37.910211749341663],[-122.24648284944794,37.910259365285441],[-122.24650793641311,37.910339321068562],[-122.24650969415369,37.910403264862161],[-122.2467549101721,37.910477176146856],[-122.24704457250732,37.910449136325937],[-122.24723092603278,37.910432060196413],[-122.24747051408761,37.910430801836014],[-122.24775429994345,37.910453706026225],[-122.24805599597155,37.910609080043216],[-122.24827641512407,37.910673352316898],[-122.24837749912643,37.910742017672192],[-122.24840887240293,37.91080137049827],[-122.24844651695592,37.91089098698184],[-122.24911234572362,37.911173175663727],[-122.24909436012638,37.911220933196766],[-122.24895490678252,37.911300623400699],[-122.24873661171915,37.911287977256713],[-122.24817466687256,37.91099303033311],[-122.24741644783644,37.910793120409359],[-122.24735048734846,37.91077633440392],[-122.24722353606708,37.910784951396998],[-122.24718856398222,37.910807365150127],[-122.24703611836016,37.910857351072401],[-122.24688395698396,37.910919263955975],[-122.24668986001856,37.910991342819806],[-122.24651032988224,37.911041746620121],[-122.24623779438751,37.911098549235682],[-122.24580576291922,37.911167141334325],[-122.24535220789761,37.91126485729469],[-122.24511470488956,37.911246469462654],[-122.24491968655643,37.911239059542332],[-122.24481025647088,37.91124303723268],[-122.24462568187622,37.911257125617318],[-122.24437151843141,37.911312334113127],[-122.24432890662449,37.911336601775034],[-122.24422586807624,37.911448747182973],[-122.244345655209,37.911501392860039],[-122.24454095420361,37.911654258531357],[-122.24456297625615,37.911674754553346],[-122.24470901599075,37.911924973514772],[-122.24474722447509,37.912127309765943],[-122.24450848946316,37.912350230742959],[-122.24427463421907,37.912488323261961],[-122.24405878177591,37.912536629162673],[-122.24353383813937,37.912494264168799],[-122.24334117307417,37.912499506989377],[-122.24312581014442,37.912502140392895],[-122.24276285653218,37.912584746538833],[-122.2425085700401,37.912607481260174],[-122.2421257143903,37.912558964776132],[-122.24203497237144,37.912524967817234],[-122.24178717254811,37.912546771740374],[-122.24170361804612,37.912572945278235],[-122.24154007467119,37.91266823570912],[-122.24149387617885,37.912788727815368],[-122.24141566973202,37.913033440801534],[-122.24136727149526,37.913185093113178],[-122.24133169734996,37.913329695807796],[-122.2412688342767,37.913430626907406],[-122.24136944082754,37.913639422831785],[-122.2413558102898,37.913688129575377],[-122.24136895741616,37.91379888644169],[-122.24123335591885,37.913912219253575],[-122.24047560898914,37.914486725350493],[-122.24022591902963,37.914499730493446],[-122.2399788192176,37.91435475178028],[-122.23956925773966,37.914190490727393],[-122.23932187710423,37.914150138409283],[-122.23898458489028,37.914213854063149],[-122.23840697786564,37.914343452599034],[-122.23819123621244,37.914407684778759],[-122.23791198914257,37.914480436933218],[-122.23779979820641,37.914496606198419],[-122.23762322973209,37.914491841434234],[-122.23733247246555,37.914410330064484],[-122.23708908834089,37.914184391067025],[-122.23654589690948,37.913751890609241],[-122.23636081966929,37.913512652388611],[-122.23590593460283,37.913048208755129],[-122.23548158870609,37.912692296242817],[-122.23521697581849,37.912508226809024],[-122.23431744388249,37.912100682678201],[-122.23384269780581,37.911155861383307],[-122.23379551476435,37.911076240102837],[-122.23364294013507,37.911032526989288],[-122.23353966213233,37.910813172635116],[-122.23345759369367,37.910824569268463],[-122.23345672750415,37.91082468921924],[-122.23336151518829,37.91083950213789]]},"properties":{"LENGTH_MILES":1.8536311400000001,"GLOBALID":"{3748A625-E575-4C4C-90AE-2566D763BD7A}","MILE":1.98,"ELEVATION_GAIN":209,"HOUR":0.70000000000000007,"SHAPE.LEN":9787.1721625849805,"OBJECTID":9,"SURFACE_TY":"Dirt","TRAIL_NAME":"Inspiration Trail","TRAIL_TYPE":"Hikers and Equestrians","REGIONAL_TRAIL_NAME":"Mokelumne Coast to Crest/American Discovery","WIDTH":"Wide","TRAIL_NAME_1":"Inspiration","TRAIL_START":"Inspiration Point","TRAIL_END":"Old San Pablo Trail","DISTANCE":"1.98 One way","DOG":"No","HORSE":"Yes","BICYCLE":"No","SUNEXPO":"Mostly sun","DIFFICULTY":"Difficult","TRAIL_DESC":"The trail begins at Inspiration Point in Tilden Regional Park and drops down the broad shoulders of San Pablo Ridge through grassy pastures to the San Pablo Reservoir below. Use the pedestrian crosswalk at San Pablo Dam Road to connect with Old San Pablo Trail. ","WAY":"One way","LABEL":"Inspiration","DOG_PIC":"no-dog","HORSE_PIC":"horse","BIKE_PIC":"no-bike","SUN_PIC":"sun"}},{"type":"Feature","id":4,"geometry":{"type":"LineString","coordinates":[[-122.16480273160145,37.923115146551389],[-122.16484839821776,37.923090020687425],[-122.16492455152635,37.923056647704684],[-122.16495852046593,37.923023433088709],[-122.16501697510689,37.922976850912562],[-122.16505141127084,37.922894449759568],[-122.16512229862809,37.922777884276726],[-122.16515974550975,37.922683316657292],[-122.16523450687603,37.922583247797732],[-122.16539707043503,37.922525698812336],[-122.16565429987087,37.922528158386022],[-122.16574990318577,37.922536516526286],[-122.16585756090863,37.922560587260961],[-122.16597590966857,37.922592447102254],[-122.16604228175085,37.922683315981395],[-122.16609050803213,37.922731105639336],[-122.1662217791569,37.922790245344665],[-122.16635387410604,37.922798830819083],[-122.16657474071233,37.92284447411695],[-122.16668973097374,37.922898192826594],[-122.16677051525595,37.922928702990504],[-122.16691334517472,37.922991934948875],[-122.16699903841713,37.923021282600665],[-122.16708582378691,37.923019267578788],[-122.16722147284995,37.922973469247886],[-122.16741143813876,37.922547192541401],[-122.16744844228913,37.922469489005799],[-122.16749558785816,37.922433550918335],[-122.16755085946004,37.922407789168886],[-122.16759091759045,37.922383474023832],[-122.16763045188814,37.922361209153927],[-122.16769288300866,37.922349993464657],[-122.16774409635337,37.922344946749455],[-122.16783724213082,37.922361630227407],[-122.16786908976758,37.922388007638347],[-122.16805613615877,37.922495351228179],[-122.16824312507597,37.922542290726938],[-122.1683488200966,37.922585463247373],[-122.16854585416091,37.92266771863418],[-122.16876120412132,37.922732093076114],[-122.16958872650004,37.92273285928502],[-122.16974429480652,37.922741134438219],[-122.16995065948592,37.922737914514833],[-122.1700724657441,37.92270637813877],[-122.17015618117492,37.92268031665845],[-122.17031382433616,37.922628309384876],[-122.17047765352304,37.922641724041718],[-122.1705631712321,37.922686000872872],[-122.17063366631523,37.922742962846776],[-122.17064155574694,37.922804248067266],[-122.17062976702751,37.922830756152464],[-122.17044490191687,37.923045809014319],[-122.17039333210006,37.923100526723239],[-122.1703708912618,37.923184406287739],[-122.17034898686119,37.923240650967905],[-122.17037365679273,37.923308392622197],[-122.17045852393348,37.923406708660892],[-122.17054143460015,37.923540005003851],[-122.17090860275238,37.923851358084981],[-122.17099254139835,37.923938907388219],[-122.17101216713679,37.924078169313773],[-122.17100763868807,37.924136724863551],[-122.17098230902666,37.92428324610362],[-122.17093017580595,37.924359924776503],[-122.17077989286447,37.924447145461528],[-122.1705926656653,37.924588696647803],[-122.17048174167077,37.92465689677767],[-122.17038418120345,37.924728985518108],[-122.17031874027133,37.924772750335684],[-122.17033165797442,37.924864023021577],[-122.17044051435828,37.924881394307086],[-122.17056518288172,37.924955055352079],[-122.17076860130108,37.925170866447068],[-122.1708598590439,37.925228157329414],[-122.17092016253045,37.925259587881705],[-122.17098561620588,37.925303183094684],[-122.17103100205429,37.925336584535131],[-122.1711076030515,37.925390501406007],[-122.17137178094733,37.925708372560223],[-122.17139274169051,37.925813399948211],[-122.17134774888567,37.925897397766875],[-122.17128252888962,37.925996089222977],[-122.17122072472803,37.926052784952567],[-122.17117787645037,37.92613195646954],[-122.17119393311805,37.926170855202855],[-122.17128077875455,37.926223471771472],[-122.17137704251058,37.926240441836647],[-122.17147082996202,37.926293799920408],[-122.17158256012436,37.926395263049997],[-122.17161484349204,37.926444204264705],[-122.17165733384999,37.926484768184082],[-122.17181758404324,37.926515196681123],[-122.17195856729431,37.926476388786703],[-122.17199925440313,37.926451679390254],[-122.17213084341708,37.926280474751749],[-122.17222673031607,37.926093543919421],[-122.17232713356385,37.9259108655422],[-122.17240836210907,37.925638773015557],[-122.17241912826623,37.925266948030675],[-122.17240683550762,37.925075572057388],[-122.17224622453554,37.924908204350842],[-122.17239569714916,37.9245305732533],[-122.17250412171974,37.924348559656188],[-122.17249473249068,37.924124277791236],[-122.17246297757579,37.923878859009164],[-122.17252641253793,37.923727425538466],[-122.17275329977359,37.923502782727532],[-122.17287273052834,37.923440635473675],[-122.173127350985,37.923310406835256],[-122.17343201998759,37.92324712212384],[-122.17391090333022,37.923425742472375],[-122.1740724827466,37.923512051560927],[-122.17420188884741,37.92366550837076],[-122.17434280750285,37.923902993160006],[-122.17435679635108,37.924048473116194],[-122.17430665825341,37.924210296789596],[-122.17426076900686,37.924298236605281],[-122.17417523934542,37.92458553890711],[-122.17414772239694,37.924773562588932],[-122.17415481644103,37.924874643513128],[-122.17415770764363,37.92500406192579],[-122.17425348882284,37.925200916723739],[-122.17435331535985,37.925291983674093],[-122.17438793652771,37.925335272388828],[-122.17460099147411,37.925500869236835],[-122.17464997643341,37.925701097712498],[-122.17460152292465,37.925842537097182],[-122.17458305144027,37.925903034163262],[-122.17454900167641,37.926000875610782],[-122.17444955860095,37.926204570551718],[-122.1743718083346,37.926405672629258],[-122.17432658848016,37.926567975292606],[-122.17428338297938,37.926687709046746],[-122.17420353335785,37.926811926238855],[-122.17416976317369,37.926917149362851],[-122.17412113406739,37.927016739120681],[-122.17418805994491,37.927205897033261],[-122.17427158416358,37.927317819573908],[-122.17440763285866,37.92739571293648],[-122.17454048567815,37.927401827523397],[-122.17463282523613,37.927405786695253],[-122.17471594227284,37.927388269792083],[-122.17479574437415,37.927362859840294],[-122.17487104214169,37.927329936870024],[-122.17495014465123,37.927283742818211],[-122.17501211864369,37.927236503837179],[-122.17504687391107,37.927196060601467],[-122.17511206751404,37.927125923786129],[-122.17520282479406,37.927003056209649],[-122.17523450319099,37.926884573253361],[-122.17531478259754,37.926717784574727],[-122.17542762962117,37.926532739942957],[-122.1755432333608,37.92624496071096],[-122.17568069829515,37.926092043896439],[-122.17573775080935,37.926017795803901],[-122.17575143315241,37.925927212365785],[-122.17585472423818,37.925564105873548],[-122.17585983545118,37.925461298313174],[-122.17563822383119,37.925107890341472],[-122.17555355113673,37.924745346784604],[-122.17559115789528,37.924601978244212],[-122.17559044782307,37.9244525531943],[-122.17569858680815,37.924246329527804],[-122.17576286968016,37.924033798973987],[-122.17584559830968,37.923953843643964],[-122.17592433089911,37.92388015293546],[-122.17602328974527,37.923857916275729],[-122.17612186656898,37.92382351678453],[-122.17629875069693,37.923796150587862],[-122.17682420473342,37.923818357000854],[-122.17721077900173,37.923797216158569],[-122.177385014934,37.923794660226832],[-122.17766819762373,37.923852712471763],[-122.17783518021953,37.923844576262788],[-122.17810831570499,37.923833569369513],[-122.17831363552139,37.923837830131781],[-122.1785201873072,37.923908048629421],[-122.1788593337139,37.924267798600582],[-122.17907390335316,37.924388608779232],[-122.17928396631989,37.924348776776093],[-122.17936428979159,37.9243537699179],[-122.1794452204938,37.924401178523212],[-122.17954551008337,37.924495272357888],[-122.17962769715393,37.924679947160101],[-122.17970849835042,37.924958571653498],[-122.17979740626932,37.92501679028706],[-122.17986052658091,37.925009958675673],[-122.17991557989403,37.924959957005285],[-122.17994170568166,37.924903239522806],[-122.17999313417089,37.924786521652408],[-122.18003718075764,37.924687686546932],[-122.180098252888,37.924601747989875],[-122.18015869956589,37.924503329309701],[-122.18018980406701,37.924427927777458],[-122.18021955445207,37.924333242043687],[-122.180333483814,37.924212545879293],[-122.1803838202097,37.924181035898897],[-122.18043928347704,37.92415929618528],[-122.18053052148282,37.924150855781733],[-122.18077041327901,37.924168450353427],[-122.18095957979963,37.924253865605465],[-122.18106750226103,37.924394306356312],[-122.18110051091723,37.924542051750684],[-122.18110423576624,37.924759007369047],[-122.18121714978726,37.924821744104293],[-122.18126223297462,37.924814874663561],[-122.18212445594034,37.924691379894057],[-122.18234324913566,37.924643460105109],[-122.18249354104191,37.924600955508446],[-122.18269178938971,37.924570376466264],[-122.18293043668992,37.924568496208565],[-122.18312764064143,37.924606613097943],[-122.18327944210645,37.924700337549403],[-122.18336654483258,37.924794520588861],[-122.18340121557746,37.924838716190187],[-122.18342882649813,37.924885929398634],[-122.18345122062583,37.924942675377572],[-122.18345767580159,37.925025786249243],[-122.18346099743016,37.925097804504276],[-122.1834483015931,37.925148854248093],[-122.18342690212648,37.925200174005404],[-122.18339389436356,37.925256160404054],[-122.18337660038982,37.925278719229894],[-122.18330700114633,37.925349065026182],[-122.18321523658581,37.925427101585576],[-122.182966907612,37.925481397612259],[-122.18291564655965,37.925482094543774],[-122.18285084849205,37.925513347519342],[-122.18278287017354,37.925567028433001],[-122.18275103409101,37.925619431210706],[-122.18273703234422,37.925665098896189],[-122.18274814025351,37.925751589490602],[-122.1827941673624,37.925810030121362],[-122.18283404633971,37.925832626910307],[-122.18291706912667,37.925894543369452],[-122.18306718144922,37.926099151179038],[-122.18313427127501,37.926255527350627],[-122.18312340666002,37.926350015034721],[-122.18292197246785,37.926697249699991],[-122.18285379204991,37.926761667055807],[-122.18269482985228,37.926900464934796],[-122.18273947831334,37.927038211650917],[-122.18278435796039,37.927026281910734],[-122.18285045538839,37.927072493732183],[-122.18290675842435,37.927037468853101],[-122.18331197754777,37.926843405596038],[-122.18345603257387,37.926783286605144],[-122.18387291047334,37.926637423357832],[-122.18431859099215,37.926411101824925],[-122.18467620860149,37.926237474581598],[-122.18481300104175,37.926146481453195],[-122.1849788081406,37.92604919884225],[-122.18512354008512,37.925990156696287],[-122.18530548611584,37.925922089266031],[-122.18548217452096,37.925841003802731],[-122.18559143843373,37.925792217516765],[-122.18590708469328,37.925685160066259],[-122.18611430233298,37.925644312107337],[-122.1864326702956,37.925604037132779],[-122.18692728315681,37.92557622983967],[-122.18733131751483,37.925597539046457],[-122.18742593768717,37.92559429510915],[-122.18748422264562,37.925664907291875],[-122.18749594387496,37.92574641262356],[-122.18731897727999,37.925943411542903],[-122.1872679423457,37.926138022250456],[-122.18742103237796,37.926302367580767],[-122.18747407540629,37.926667652193828],[-122.18746299228273,37.926943292914366],[-122.18741446834434,37.927024086268304],[-122.18733875094182,37.927116386358463],[-122.18708966429278,37.927382333420226],[-122.18690063989835,37.927507735545412],[-122.18707709639892,37.927626997599752],[-122.18729210852264,37.927646521315715],[-122.18742807145408,37.927583530249088],[-122.187545693974,37.927530843391054],[-122.18770508752016,37.927458588732094],[-122.18788804077856,37.927343868625869],[-122.18806271783939,37.927267102940803],[-122.18820952315018,37.927180961454333],[-122.18825871893223,37.927020212009459],[-122.18826450529809,37.926774427980305],[-122.18835279813308,37.926661354531085],[-122.18841515955239,37.926497566503379],[-122.18850998119014,37.926447483514657],[-122.18880091546238,37.92649068278142],[-122.1890456415196,37.926463125195554],[-122.18910863666767,37.926474592740973],[-122.18926672465305,37.926477799522132],[-122.18959510408573,37.9262451410479],[-122.18974201799143,37.926176703576601],[-122.18989658420881,37.926104106695419],[-122.19010503976631,37.926048036165291],[-122.19035434089858,37.926063788021892],[-122.19042534475479,37.926078687185544],[-122.19051523712064,37.926133942445787],[-122.19054772880159,37.926189922659006],[-122.19057647133174,37.926315955854534],[-122.19040971821562,37.926547111887572],[-122.19032285093451,37.926808808987495],[-122.19021975259822,37.926850619472127],[-122.19010592326056,37.926973936265739],[-122.18991284572922,37.927133819713752],[-122.18987827198252,37.927265853841782],[-122.19001262863895,37.927350185159618],[-122.19047465801165,37.927433022491215],[-122.19054317332055,37.927453479439265],[-122.19058635629983,37.9275002311851],[-122.1906150022418,37.927553072740459],[-122.19068441820832,37.927616350052084],[-122.19114206787484,37.927666384440826],[-122.19122304825009,37.927709091215675],[-122.19126500038912,37.927736926332415],[-122.19132301688833,37.92778372138018],[-122.19136189910458,37.927840399281607],[-122.19139757449676,37.927896090368627],[-122.19142773602773,37.927936694080159],[-122.19148423521611,37.927969285262421],[-122.19156128377203,37.927980662945608],[-122.19170197586867,37.927978155410557],[-122.19183725389792,37.927948142021563],[-122.19207208177912,37.927986532581322],[-122.19212256293027,37.928027544371488],[-122.19212464616844,37.928086105337094],[-122.19202600631323,37.928153064014325],[-122.19190378732016,37.92820888869101],[-122.19184072812732,37.928262934240109],[-122.19172004622115,37.9283353745912],[-122.19160359975581,37.928397997445842],[-122.19149234583553,37.928471552447867],[-122.19083966576487,37.928691601027751],[-122.19021719237537,37.92886191472337],[-122.19011476797635,37.928998418745053],[-122.19020470727355,37.929150029614931],[-122.19028565886225,37.929167880209285],[-122.19043231871271,37.929265911801032],[-122.19046994799653,37.92940183493927],[-122.19046325681349,37.929491608315629],[-122.19041026502684,37.929616526579636],[-122.19034133852153,37.929632651166962],[-122.190301785904,37.929677138975165],[-122.19029513817614,37.929752165345469],[-122.19032784046344,37.92977995290719],[-122.19038436007108,37.929808510789961],[-122.19065120892304,37.92998115399164],[-122.19074808035074,37.929989476622225],[-122.19083547041882,37.929939811802747],[-122.19090328608571,37.929897777735938],[-122.1910136711265,37.929873186988303],[-122.19110279149437,37.929869503451371],[-122.19118708895866,37.929882168106722],[-122.19125615924646,37.929905199407798],[-122.19132815837543,37.929939911759185],[-122.19137946592458,37.929997354357887],[-122.19148274359627,37.930146446551589],[-122.19152647884925,37.930252946001644],[-122.19157299690164,37.930320404853674],[-122.19158136633003,37.930375007162162],[-122.19157405118997,37.930434295624998],[-122.19155742755001,37.930470268624866],[-122.19149930150792,37.930573962273783],[-122.19140986462573,37.930609529598414],[-122.19134963989256,37.930633534163562],[-122.19129441523681,37.930658428640534],[-122.1912491478642,37.930675145022278],[-122.19118129320485,37.930702229806535],[-122.19112376122899,37.930737200511203],[-122.19110332961991,37.930804998778065],[-122.19109805800416,37.930966235312141],[-122.19115424232204,37.931025569992407],[-122.19119720626055,37.931106940395352],[-122.19118990076416,37.931186463028176],[-122.19113465074763,37.931254046000788],[-122.19107250293214,37.931304890656456],[-122.19102745822923,37.93135003583334],[-122.19093951984929,37.931423209606123],[-122.19083718889243,37.931484511228128],[-122.19074751445653,37.931500300356646],[-122.19053237584843,37.93156440556811],[-122.19029697345592,37.931495595542174],[-122.19013404319966,37.931486621636154],[-122.18999205251788,37.93155501687847],[-122.18995976178056,37.931680280342981],[-122.18988921664608,37.931998601959926],[-122.18986792578437,37.932068748935471],[-122.18981348720187,37.932147251448683],[-122.18974681807197,37.932243434527287],[-122.18968878103846,37.932343068954935],[-122.18963966075634,37.932445664054562],[-122.18959736860398,37.932553526903448],[-122.18960476009498,37.932675231816148],[-122.18960847127089,37.932838023944619],[-122.18958566589171,37.932902895571857],[-122.18952245914937,37.933144918203759],[-122.18943356373113,37.933241750529611],[-122.18935619383687,37.933336595863807],[-122.18928491663789,37.933429950943228],[-122.18914490404249,37.93359936317119],[-122.18904375309155,37.933644291380332],[-122.18895887431894,37.933688917494386],[-122.18873930217069,37.933841613932437],[-122.18872895506232,37.933957600501174],[-122.18872045718126,37.934100068733564],[-122.18869481163034,37.934348539600855],[-122.1886751688666,37.934436668531326],[-122.18861581549984,37.934567006057783],[-122.18849773731533,37.934695437032673],[-122.18842683248829,37.934796651407339],[-122.18840468029467,37.934880427561083],[-122.18841358802689,37.93493161959406],[-122.18847469302229,37.934959643377724],[-122.18857229407305,37.934985184642265],[-122.18869594828791,37.934963488481202],[-122.18900149186635,37.9347400641769],[-122.18909007431373,37.934661347039743],[-122.18919872594999,37.934528368780278],[-122.18923408726941,37.934445712961889],[-122.18937714286689,37.934364514477465],[-122.18946426456027,37.934348380870553],[-122.18957122434547,37.93435879151378],[-122.18966324416238,37.934352540868083],[-122.18986261222302,37.934399335390339],[-122.19014445915587,37.934463634071477],[-122.19024691112295,37.934507960135193],[-122.19034463899158,37.934479445595194],[-122.19038321095965,37.934436996762393],[-122.19039691917702,37.934324817038139],[-122.19039820368066,37.934018673087671],[-122.19037248770336,37.93378780246168],[-122.19044174738792,37.933636566140535],[-122.19047670991868,37.933564090453572],[-122.19051155722283,37.933489159878704],[-122.19063676710516,37.933410102153154],[-122.19082060762288,37.933310683691658],[-122.19097822783372,37.933176552291506],[-122.19108741599123,37.933137489162952],[-122.19142602264802,37.933161976096166],[-122.19161481984939,37.933301232409221],[-122.19167269334517,37.933331641994435],[-122.19184051027219,37.933334744982162],[-122.19195541241118,37.933318622613633],[-122.19216369946297,37.933300393064101],[-122.19229757032132,37.933281433111738],[-122.19239505480915,37.933241068441696],[-122.19244927417668,37.933214682072233],[-122.19255158922083,37.933188258195763],[-122.19266384533269,37.933191349436861],[-122.19280535547085,37.933260638674497],[-122.1929558016278,37.933399102370501],[-122.19312801886444,37.933574591987131],[-122.19319077976863,37.933588858850058],[-122.19336183302455,37.933611823236809],[-122.19343634374043,37.933593574005464],[-122.19352560676946,37.93355526100575],[-122.19360481072428,37.933523968782808],[-122.19366467546658,37.933507340547976],[-122.19375792565151,37.933487625748931],[-122.19382178969768,37.933498334055422],[-122.19399707665562,37.933555101015756],[-122.19407150299614,37.933561392616532],[-122.19419905818825,37.933614306415009],[-122.19441054510179,37.933696459825264],[-122.1945430972859,37.933682168865026],[-122.1946048857958,37.933631299623748],[-122.19464137067776,37.933586618309995],[-122.19473498146063,37.933448534637378],[-122.19502956326096,37.933221511799829],[-122.19525776525312,37.933025177640957],[-122.19535731690927,37.932980612128816],[-122.1954324905697,37.932985571962178],[-122.19558717534164,37.933039317800493],[-122.19575251439367,37.933107537034751],[-122.19582960631782,37.933179518931567],[-122.19590486797034,37.93325981490095],[-122.19590301409748,37.933447498172342],[-122.19580036492668,37.933584295931077],[-122.19560433698044,37.933786469277166],[-122.19561486206405,37.933832700253582],[-122.19565526490257,37.933880764300611],[-122.19573402469889,37.933902585210582],[-122.19585249121674,37.933866854810113],[-122.19588961769259,37.933834577193849],[-122.19611903352806,37.93370233607304],[-122.19624941585998,37.933634163223729],[-122.19630481588655,37.933634253646261],[-122.19638691335741,37.933647603178343],[-122.19646813024093,37.933659462184799],[-122.19651635551817,37.933689325798532],[-122.19655521105095,37.933724049556439],[-122.19660258637427,37.933757188394388],[-122.19662396379739,37.933839189477759],[-122.19674334821062,37.93388691194049],[-122.19680594107086,37.933905672428658],[-122.19692520122338,37.93388867430815],[-122.19699168201414,37.933869426144746],[-122.19707592434378,37.933835511669301],[-122.19721482936488,37.9337931863869],[-122.19739349695384,37.933773312188833],[-122.19747776354428,37.933816971430673],[-122.19754622092876,37.93397185386749],[-122.1976260980048,37.934383472106923],[-122.19783019923659,37.934566264774148],[-122.19827451567302,37.934705322265451],[-122.19857919381988,37.934876430879115],[-122.19869264021922,37.934956989868205],[-122.19892342713854,37.935214093995299],[-122.1990623922206,37.935399988447521],[-122.19921493597251,37.935696178003695],[-122.19926813654847,37.935882584725896],[-122.19926191333812,37.936024386819057],[-122.19925533403205,37.936091804339313],[-122.19922492571183,37.936217884100458],[-122.19944347483808,37.936391298876771],[-122.19945526993857,37.936394845548833],[-122.199515215405,37.936567506356198],[-122.1994746416605,37.936741102085186],[-122.19947848766,37.936749247201867],[-122.19959189715966,37.93685586254395],[-122.19978602205578,37.936783900574611],[-122.19981430497505,37.93673707829749],[-122.19993089015487,37.936160565520368],[-122.20007474917276,37.935851414366276],[-122.20037072373152,37.935570772371271],[-122.20054007991506,37.935402889659542],[-122.20080235859729,37.935217190677143],[-122.20095163658048,37.935115684730683],[-122.20100645490439,37.935103615847297],[-122.2012611355301,37.935228202005348],[-122.20135055455839,37.935331978290982],[-122.2014095544674,37.935360603406998],[-122.20153658664425,37.935418712931508],[-122.20176974953588,37.93556710983102],[-122.20207603829022,37.935775085654953],[-122.20245323409659,37.936164820574369],[-122.20292752217016,37.936588559228326],[-122.20305532750413,37.936728296375961],[-122.20319904931939,37.936908193380646],[-122.20327660677449,37.937100736450567],[-122.20322129903877,37.937423566931486],[-122.20325623755245,37.937659339628489],[-122.20372214940296,37.938193499050072],[-122.20375647653218,37.93825317187158]]},"properties":{"LENGTH_MILES":5.3830127699999997,"GLOBALID":"{7207E451-56CE-4BDD-8D51-7F63F9F0F3D7}","MILE":9.5400000000000009,"ELEVATION_GAIN":64,"HOUR":3.2000000000000002,"SHAPE.LEN":28422.308233187199,"OBJECTID":4,"SURFACE_TY":"Dirt","TRAIL_NAME":"Oursan Trail","TRAIL_TYPE":"Hikers, Equestrians and Leashed Dogs","REGIONAL_TRAIL_NAME":null,"WIDTH":"Wide","TRAIL_NAME_1":"Oursan","TRAIL_START":"Briones  Overlook Staging","TRAIL_END":"Bear Creek Staging","DISTANCE":"9.54 One way","DOG":"Yes","HORSE":"Yes","BICYCLE":"No","SUNEXPO":"Mostly sun","DIFFICULTY":"Moderate","TRAIL_DESC":"This is a long, dog-friendly trail that follows unpaved fire roads. Head south from the Briones Overlook Staging area and make a right (northwest) across the Briones Reservoir Dam. The trail follows the crest of Sobrante Ridge to the north side of the reservoir. Past the Hampton trail intersection, the trail continues along the reservoir margin for another five and a half miles to the Bear Creek staging area. If you are traveling without a furry companion, you can make a very long loop (roughly 13 miles) by continuing onto Bear Creek Trail, which circles back to the Briones Overlook Staging area.","WAY":"One way","LABEL":"Oursan","DOG_PIC":"dog","HORSE_PIC":"horse","BIKE_PIC":"no-bike","SUN_PIC":"sun"}},{"type":"Feature","id":10,"geometry":{"type":"LineString","coordinates":[[-122.13702244925852,37.883612795768258],[-122.13711283839581,37.883697358659553],[-122.13716072037782,37.883800421206075],[-122.13905440013872,37.884443914010134],[-122.13960825424954,37.884638580946294],[-122.14110173277142,37.88517639943661],[-122.14120037615868,37.885144727219512],[-122.14131610569441,37.885088872115858],[-122.14147034125956,37.885011191959627],[-122.14177400540115,37.884991176293788],[-122.14189763495426,37.885018298337449],[-122.14200912480412,37.885084042840724],[-122.14211833213839,37.885164235540479],[-122.14221433046919,37.885349617150517],[-122.14226731551651,37.88543578140478],[-122.1423458915469,37.885528003130638],[-122.14243188501764,37.885576142933779],[-122.14249872196417,37.88559645139852],[-122.14258172641155,37.885595667937586],[-122.14267155552101,37.885584219010447],[-122.14278221542756,37.885530912058194],[-122.14280676517238,37.885485347298577],[-122.14281109276892,37.885412206738415],[-122.14281969916323,37.885263569792571],[-122.14279799304326,37.884955051300814],[-122.1428278314725,37.884824976326151],[-122.14284123589654,37.884768473502334],[-122.14293243510555,37.884563058526339],[-122.14304346188234,37.884412503354781],[-122.14348382543561,37.884018876335013],[-122.14412883254043,37.883401842925124],[-122.14418317976639,37.883375550265882],[-122.14441452495468,37.883337307900597],[-122.14475485558781,37.883213084054759],[-122.14500015861763,37.883101172770914],[-122.1451376959966,37.883033975402327],[-122.14528425022142,37.882978501413682],[-122.14542685299946,37.882978570513529],[-122.1456670178883,37.883011539448525],[-122.14600860108069,37.883021884582924],[-122.14617550397362,37.883047022774619],[-122.14631386164197,37.883113074405699],[-122.14642190355602,37.883218690015639],[-122.14653648844315,37.883423783064671],[-122.14668943151679,37.883756746545011],[-122.1467584533205,37.883821706467891],[-122.14684289500087,37.883839755564409],[-122.14692671173108,37.883829659642025],[-122.14718121838109,37.88370319436256],[-122.14740799875904,37.883576426017541],[-122.14755803121045,37.88354411966391],[-122.14766035621672,37.883548184214447],[-122.14777451810781,37.883578179836832],[-122.1478377740729,37.88357866944137],[-122.14791601236543,37.883551484689185],[-122.14796525129888,37.883467023943979],[-122.14803813121992,37.88331562387819],[-122.14814983682609,37.883235096901274],[-122.14832967863421,37.883140570836922],[-122.14840795734891,37.883076303813631],[-122.14841688367781,37.883010256549383],[-122.14840113516517,37.882925329586044],[-122.1483090705307,37.882759067057634],[-122.14808243035355,37.882501978325379],[-122.14808127758354,37.882331754791075],[-122.14807406084162,37.882221167419992],[-122.1480227443047,37.882125663580346],[-122.14795309802368,37.882023111759281],[-122.14771236865363,37.881677637853358],[-122.14758392691324,37.881472741942183],[-122.14758818335075,37.8813518880362],[-122.14759445372901,37.881276961914367],[-122.14761745455078,37.881154241469289],[-122.14761699949122,37.881057088640517],[-122.1475815199172,37.880992810986349],[-122.14743251518004,37.880740797821666],[-122.14741445741441,37.880668947965589],[-122.14743174440407,37.880611658601872],[-122.14748960464868,37.880580691543656],[-122.14761776742263,37.88057821633894],[-122.14807970186155,37.880631003161369],[-122.14815101159725,37.880627650279351],[-122.14821569384696,37.880593743597906],[-122.14821800403041,37.880493616200098],[-122.148188227272,37.880363806831824],[-122.14799787907018,37.880100476338839],[-122.14791814532434,37.87991895700349],[-122.14791667922673,37.879852970987983],[-122.14796883708416,37.879790949468124],[-122.14809006016119,37.87972632461306],[-122.14819203392696,37.879662888439107],[-122.14825295420009,37.879593674038141],[-122.14828419498986,37.879527228681198],[-122.14827859962971,37.87940943465707],[-122.1482683073027,37.879213912678921],[-122.14828999854991,37.879119313556245],[-122.14834880696934,37.879050454791539],[-122.14853280224828,37.878987459093885],[-122.14859284690274,37.878960525142311],[-122.14864173588197,37.878899415850277],[-122.14865623088264,37.878772178374668],[-122.14865358303203,37.878614898960642],[-122.14864888572116,37.87840357287439],[-122.14863690881738,37.878175725829621],[-122.14865372241314,37.878074548744848],[-122.14866294801595,37.877943950549046],[-122.1486613764075,37.87787324575784],[-122.14864297203897,37.877824748769441],[-122.14849901114718,37.877545220065699],[-122.14842085898542,37.877419962023232],[-122.1483135233329,37.877345928137771],[-122.14821378739646,37.877302000002651],[-122.1480549339668,37.877287735675701],[-122.14789134861702,37.877333280711525],[-122.14767320510323,37.877457868056005],[-122.14747283308868,37.877524524396151],[-122.14732856683807,37.877543019574929],[-122.14717754138935,37.877530018184956],[-122.14704904119026,37.877478252996433],[-122.14693398969625,37.877407756199112],[-122.14679581427585,37.877349254447481],[-122.14656321041232,37.877324118985612],[-122.14632679844679,37.877357491936884],[-122.14622298119674,37.877408433490885],[-122.14598341051259,37.87755354095259],[-122.14575336025506,37.877711603484698],[-122.14570331463428,37.877744941660147],[-122.14555869785622,37.877856107430652],[-122.14543380732769,37.877967028718018],[-122.14531367342454,37.878057969980112],[-122.14516673426097,37.878112205976727],[-122.14493794647493,37.878147669556697],[-122.14466630952721,37.878165184889191],[-122.14449280930901,37.878154556783784],[-122.1442326451555,37.878181525662228],[-122.14396871126053,37.878233955253677],[-122.14382282114765,37.878252429076724],[-122.1437142858901,37.878238920820806],[-122.14364630571903,37.878191417025015],[-122.14333774121098,37.877947470437064],[-122.14325669288738,37.877927832521706],[-122.14317395907696,37.877925870615137],[-122.14288924861758,37.878037486960167],[-122.14278842317388,37.87806155120181],[-122.14252790612365,37.878111868191105],[-122.14229364629794,37.878174181294725],[-122.14219009958066,37.878192789473232],[-122.14211586742385,37.878194016678528],[-122.14205296114284,37.878173675916891],[-122.14200851621204,37.878130081940881],[-122.14182910456996,37.87800897383341],[-122.14170335962859,37.877964030405685],[-122.14148564369239,37.87795195092415],[-122.14133545260763,37.878015838081964],[-122.14120578568661,37.878146051715419],[-122.14109562940054,37.878296589730333],[-122.1410109620892,37.87844958942334],[-122.14094035138574,37.878669967174581],[-122.14089537738835,37.878883288507225],[-122.14089839728565,37.879019791219491],[-122.14093331618839,37.879100709298143],[-122.14094409230351,37.879212291082013],[-122.14091099491208,37.879270803078043],[-122.14077600935607,37.87939559398604],[-122.14043884710678,37.879623450486385],[-122.1401310663298,37.879848149307847],[-122.14001622717379,37.879960446158776],[-122.1399615664245,37.88003210597423],[-122.1399067932017,37.880110664709918],[-122.13987930289754,37.880212413076023],[-122.13984523726918,37.880285966634382],[-122.13979025414542,37.880355096810234],[-122.13976140553277,37.880395572440086],[-122.13972984754297,37.880447875408677],[-122.13968297486494,37.880521056186446],[-122.13972660790091,37.880570505335257],[-122.13976343414453,37.880621858513528],[-122.13982446387891,37.880691732021745],[-122.13985278934328,37.880762061563495],[-122.13981262269755,37.880828626733759],[-122.13972430600469,37.880869930117441],[-122.13959326952777,37.880862322170863],[-122.13941977274311,37.88081758075672],[-122.13910225873377,37.88068988295025],[-122.13872927095585,37.880473263092476],[-122.13846938703546,37.880434984760051],[-122.13823059141609,37.880410144020495],[-122.13790558614973,37.880365212851075],[-122.13765061878911,37.88027944073162],[-122.13752994661017,37.880206476111866],[-122.13734264415459,37.880085956437718],[-122.13714688573366,37.880061237564355],[-122.13697262461905,37.880016275202017],[-122.13683794848571,37.879880804927389],[-122.13656542431593,37.87966210145148],[-122.13648739062209,37.879615902646499],[-122.13636537826346,37.8796128799641],[-122.1362739329478,37.879647151029751],[-122.13612478923035,37.879762375097116],[-122.13598832026939,37.879912784347617],[-122.13592154340343,37.879986790010769],[-122.13583939812148,37.88001412819856],[-122.13555381587526,37.880028384091737],[-122.13525116654988,37.879936441206119],[-122.13504219388562,37.879849382105313],[-122.13485110820069,37.879670060621585],[-122.13469934686755,37.8795067060571],[-122.13457186244777,37.879421229341901],[-122.13441249668209,37.879344469096189],[-122.13425286621633,37.879334316983424],[-122.13408603216824,37.879351046452122],[-122.13397886036222,37.879441110745276],[-122.1339414273953,37.879511671374559],[-122.13395440331927,37.879668053454715],[-122.13397805634389,37.87981293330445],[-122.13403616706816,37.879918930251463],[-122.13410135007285,37.880085579197434],[-122.13413684227545,37.880241649589564],[-122.13418337533422,37.880348126621413],[-122.13425810152873,37.88047618603715],[-122.13429001286684,37.880586953028413],[-122.13425191733573,37.880747785374837],[-122.13418018016087,37.880866649266764],[-122.13404344105211,37.881005271991079],[-122.13394165826476,37.88111040807145],[-122.13379667533454,37.881279790776219],[-122.13368716452682,37.881439253751317],[-122.1336507428326,37.881541125002506],[-122.13361995524146,37.881628775687197],[-122.13368836473292,37.881898932709859],[-122.13367286145561,37.882107584211383],[-122.13366395107158,37.882226304683442],[-122.13365290125205,37.882314329267608],[-122.13363426766713,37.882413599657141],[-122.13362439737821,37.882505675687973],[-122.13364363939708,37.882569059208002],[-122.13370466500821,37.882638937652452],[-122.13378045511088,37.882703896056249],[-122.1339758842504,37.882766719295738],[-122.13422305859352,37.882778405038287],[-122.13449788771315,37.882826102914372],[-122.1347518174983,37.882908422313669],[-122.13494629105999,37.882966155804048],[-122.13511618315121,37.88297973080185],[-122.1352580540544,37.882972866368441],[-122.13542737434079,37.88298824662666],[-122.1355698420039,37.883025663104426],[-122.13579139622567,37.883101398043273],[-122.13626531598671,37.883258947760147],[-122.13658097068809,37.883350705208684],[-122.13674458592278,37.88342328636363],[-122.1368972169001,37.883508378812003],[-122.13702244925852,37.883612795768258]]},"properties":{"LENGTH_MILES":2.7863733800000001,"GLOBALID":"{A866F491-17FD-4C10-B049-D37FB9AEAA8A}","MILE":2.79,"ELEVATION_GAIN":19,"HOUR":0.90000000000000002,"SHAPE.LEN":14712.051236288402,"OBJECTID":10,"SURFACE_TY":"Paved","TRAIL_NAME":"Lakeside Nature Trail","TRAIL_TYPE":"Hikers, Bicycles and Leashed Dogs","REGIONAL_TRAIL_NAME":null,"WIDTH":"Wide","TRAIL_NAME_1":"Lakeside Nature","TRAIL_START":"Visitor Center","TRAIL_END":"Starting point","DISTANCE":"2.79 Loop","DOG":"Yes","HORSE":"No","BICYCLE":"Yes L","SUNEXPO":"Equal parts shade and sun","DIFFICULTY":"Easy","TRAIL_DESC":"This is a winding, easy, paved trail that encircles the reservoir. It is a great favorite with dog owners, fishing enthusiasts, joggers, and Sunday strollers. The Lakeside Nature Trail is open to bicyclists during limited hours. Trails within the Lafayette Reservoir Park are the only trails maintained by EBMUD where horses are not allowed. Trail use permits are not required within the park. ","WAY":"Loop","LABEL":"Lakeside Nature","DOG_PIC":"dog","HORSE_PIC":"no-horse","BIKE_PIC":"bike","SUN_PIC":"sunTree"}},{"type":"Feature","id":54,"geometry":{"type":"LineString","coordinates":[[-122.20375647653218,37.93825317187158],[-122.20386363012932,37.938239003406778],[-122.20394376037014,37.938141712526175],[-122.20411886712384,37.937876189894759],[-122.20420290142727,37.937737917795005],[-122.20433078463384,37.937603481910649],[-122.20449181959347,37.937542579786275],[-122.20470237465882,37.9374990291793],[-122.20487801612461,37.937474363597595],[-122.2054258518011,37.937515367110677],[-122.20562505428218,37.937542421445166],[-122.20579540460973,37.937517456902746],[-122.20585769079348,37.937480292746166],[-122.20618307403178,37.937227556181938],[-122.20634426503882,37.937148673138722],[-122.20686630514746,37.937167757997415],[-122.20724749641661,37.93726162284765],[-122.20739167560448,37.937226040137269],[-122.20748042310775,37.937164328424458],[-122.20748870974049,37.937117949122573],[-122.2074649747576,37.936725578898916],[-122.20753605711333,37.936669354483719],[-122.20757245826643,37.936643185322403],[-122.20766043464354,37.93664399005587],[-122.20811522908292,37.93671911404109],[-122.20855434401766,37.936881440081635],[-122.20894565383131,37.936955035005006],[-122.20930009868648,37.936957578332859],[-122.2096172740535,37.936880308959914],[-122.20980332646609,37.936862275520106],[-122.20985068687612,37.93686389167523],[-122.20989944979523,37.936868004422557],[-122.20999229023482,37.936913220437567],[-122.21005365977749,37.93699759081052],[-122.21012458486196,37.937079000447255],[-122.21015593376471,37.937210486590949],[-122.21020768480585,37.937385198388704],[-122.21035983040079,37.93750409870713],[-122.21047794492131,37.937629353475884],[-122.21054474327654,37.937766430690601],[-122.21064162403248,37.937999287073374],[-122.21065150708579,37.938229086479026],[-122.21062451496586,37.938388742674015],[-122.21059580045088,37.938611614129648],[-122.2105817481079,37.938888858559906],[-122.21058261804795,37.93914325278832],[-122.21079957184145,37.939387279534586],[-122.21109034574707,37.939721677301463],[-122.21113049883348,37.939814229496513],[-122.21118044392904,37.940046855846788],[-122.21122311377378,37.940177674868686],[-122.21128244110231,37.940285185927841],[-122.21185279242556,37.940639207314575],[-122.21207184540914,37.940752380747163],[-122.21219711676339,37.940868153672156],[-122.21226694888492,37.940865602565111],[-122.21266247319733,37.940951744079875],[-122.21308191773592,37.941199872168006],[-122.21340326698734,37.941531597933619],[-122.21357055111034,37.941595181168452],[-122.21381697114973,37.941692005105757],[-122.21456624353689,37.941719918636281],[-122.21505468838664,37.941833656859593],[-122.21515905742666,37.941830650514348],[-122.21529901503261,37.941816715574781],[-122.21570635763983,37.941725739385653],[-122.21585159477353,37.941697354703521],[-122.2161089835856,37.941691554898362],[-122.21634326788443,37.941694423970006],[-122.21652439140328,37.941715740907981],[-122.21675123668567,37.941787690281927],[-122.21695139717913,37.941853337752946],[-122.21719387326861,37.941794457430355],[-122.21763146256031,37.941594995318816],[-122.21794224999432,37.941516445880566],[-122.21807147989156,37.941423354367537],[-122.21814693066391,37.94133096001827],[-122.21822282289953,37.94116368089491],[-122.21824966146663,37.9411034290614],[-122.21838966162228,37.940992333289415],[-122.21874734301143,37.940837511254699],[-122.21913402784757,37.940688490366014],[-122.21938329297345,37.940557033516185],[-122.21954799101216,37.940423947522476],[-122.21964413097747,37.940291283264564],[-122.2196760139756,37.940131317522088],[-122.21968671473009,37.940024576480496],[-122.21964138208364,37.939906847699177],[-122.21958056358596,37.939809388551076],[-122.21907349731777,37.939515556844476],[-122.21878177869357,37.93921918531673],[-122.21859477745411,37.939070280688028],[-122.21834303372698,37.938876847133834],[-122.21817433947717,37.938725711101831],[-122.21812123252555,37.938619698908504],[-122.21825001876978,37.938455090146356],[-122.21867743357578,37.938456537053483],[-122.21998210302372,37.938171473782731],[-122.22008968423238,37.937909850981058],[-122.22004272855482,37.937836539305422],[-122.21985979775708,37.937653242658776],[-122.21980080697051,37.937574314381614],[-122.2196147162099,37.937476083291266],[-122.21936119100864,37.937350181174395],[-122.21924483591037,37.937191685853101],[-122.21908198730192,37.936955876844472],[-122.21896800147351,37.936807055775603],[-122.21883725686958,37.936702523030299],[-122.21871118168656,37.936612341525198],[-122.21851568836702,37.936502525154246],[-122.21817722650101,37.93611192015797],[-122.21762918104933,37.935285460485822],[-122.21651266380604,37.933489521277075],[-122.2162138232349,37.933148753560765],[-122.21592118783757,37.932646130322695],[-122.21584439388702,37.932478749396644],[-122.21580408899725,37.932273224460239],[-122.21576257585427,37.931922117216118],[-122.21545817282211,37.931220708517039],[-122.21540447244722,37.931071843134227],[-122.21519192761077,37.930542437189196],[-122.21504529773661,37.930162770754762],[-122.21508912036107,37.930212377345832],[-122.21482626479965,37.92975898865496],[-122.21447520508518,37.92931613068491],[-122.21429961615848,37.929139301042213],[-122.21423173371905,37.92890971663374],[-122.21419459572023,37.92866331035836],[-122.21399536955651,37.928135826647321],[-122.21386889121351,37.927767239763227],[-122.21382930774037,37.927642261109305],[-122.21369569910611,37.927509871010841],[-122.21364151051098,37.92742809448302],[-122.21354970186175,37.927386249334624],[-122.21343984188589,37.927355578876934],[-122.21337942295284,37.927332333161239],[-122.21313696173466,37.92701766284128],[-122.21307216043554,37.926936904161835],[-122.21296688875339,37.926801295251522],[-122.21296484914703,37.926663664943575],[-122.21294957559705,37.926595565619209],[-122.2129238620018,37.926476378202715],[-122.21278100035494,37.926283300744892],[-122.21266071476902,37.926108376631937],[-122.21267633170943,37.925998348521759],[-122.21274563288117,37.925913360971855],[-122.21280523077412,37.925865343226477],[-122.21288164038371,37.925821392796223],[-122.21291884343505,37.925792130957447],[-122.21296066557278,37.925756184972435],[-122.21297678703397,37.925722111161754],[-122.21299598427902,37.925682998565662],[-122.21300812098961,37.925642151801881],[-122.21301296409888,37.925600364562349],[-122.21300216262124,37.925522312946988],[-122.21290932551169,37.925372733339287],[-122.21283051062093,37.925253300233706],[-122.21278805849626,37.925145833426086],[-122.21276521509149,37.925071904325918],[-122.21268903333716,37.925024555721201],[-122.21256775595141,37.924961463478255],[-122.21251078388697,37.924944859320519],[-122.21233984095299,37.924894818179467],[-122.21230147309639,37.924822775746058],[-122.21226953826397,37.924783909673231],[-122.21223686687384,37.924720937647685],[-122.21224480984408,37.924703011256788],[-122.21226088528795,37.924649901375453],[-122.21229338649857,37.924597213045743],[-122.21233905692942,37.924556295702686],[-122.21243311817476,37.924524019113854],[-122.21249788736809,37.924487202643377],[-122.2128682802761,37.9243811298008],[-122.21305066143515,37.92436314846902],[-122.21312248503976,37.92436592508971],[-122.213206064763,37.924333698948686],[-122.21324189215322,37.924302789805495],[-122.21324983461355,37.924019364163343],[-122.21325801695906,37.923899145365446],[-122.21327017490184,37.923708823258835],[-122.21328735177532,37.923629234908127],[-122.213367699655,37.923580270648927],[-122.21343766493023,37.923559972086302],[-122.2135545993775,37.92353201364535],[-122.21359056044084,37.923515718230462],[-122.21365016156069,37.923491123598069],[-122.21370274028291,37.923457973440527],[-122.21373677870272,37.923412548192211],[-122.21377690831054,37.923375555859231],[-122.21380848418252,37.923335317300037],[-122.21382849266183,37.92327244109434],[-122.21384673521692,37.923182588379007],[-122.21387059661876,37.922996359709572],[-122.21391229067819,37.922947139418348],[-122.21404587924863,37.922775506924552],[-122.21435831322323,37.922583854176537],[-122.21448541457215,37.922527751126552],[-122.21456971510725,37.922488538586848],[-122.21492836918334,37.922391872556268],[-122.21515923732612,37.922332831243551],[-122.21524960625774,37.922301921631274],[-122.21545866915622,37.922184908884077],[-122.21557121397586,37.922111132654045],[-122.2156865586374,37.922009704325639],[-122.21575359393414,37.921929604955089],[-122.21581543916412,37.921799907582468],[-122.21587578229516,37.921645282670653],[-122.21586587102315,37.921426318515884],[-122.21578955651081,37.92094425762744],[-122.21569413377958,37.920723904106403],[-122.21568650666454,37.920586889127279],[-122.21570282696158,37.920487883001258],[-122.21572331360844,37.920324273064317],[-122.21575408891269,37.920234459599229],[-122.21580325755905,37.920043999497835],[-122.21584153131336,37.919927346173822],[-122.21586676133769,37.919851222433373],[-122.21592705788444,37.919720998608391],[-122.21601758565515,37.919590270685447],[-122.21610454450474,37.919435117406543],[-122.2161478694358,37.919318860973547],[-122.21618810550889,37.919205000506807],[-122.21623094231083,37.918882141861495],[-122.21618627280992,37.918690254915177],[-122.21608056326102,37.918431251911379],[-122.21591722757481,37.918209233922674],[-122.21586903973292,37.918120253827126],[-122.21568440717813,37.917903240798601],[-122.21538867156151,37.917741650712273],[-122.21515620827026,37.917590413699216],[-122.21500781550299,37.917458978635707],[-122.21423240980434,37.917153419497126],[-122.21388975608163,37.916831554302739],[-122.21343166510292,37.91656465785622],[-122.21322006652116,37.916467988375459],[-122.21293433439871,37.916331029780721],[-122.21288620471988,37.916189368029002],[-122.21289365174964,37.915978852411705],[-122.21293724995309,37.915830775219128],[-122.21294395946158,37.9155353302408],[-122.21292706833086,37.915429320175839],[-122.21289692516945,37.915328761418714],[-122.2128495665422,37.915236538354847],[-122.21280942992979,37.915155342495893],[-122.2127178866929,37.915070935984353],[-122.21258511517811,37.914920832018957],[-122.21250296464804,37.914858729684944],[-122.21244197182743,37.91482111759592],[-122.21240105592236,37.914797601325908],[-122.21232486609405,37.914769774343448],[-122.21182584103127,37.914637114423847],[-122.21127066378116,37.914471581759464],[-122.21021490286304,37.914106337701384],[-122.20960608214915,37.913826709406969],[-122.20925554479831,37.913645332232448],[-122.20890267039937,37.913464688044705],[-122.20852156734524,37.913239632298456],[-122.20822101064141,37.913036036611928],[-122.20774360106964,37.912704399537056],[-122.20748736997186,37.912487299862036],[-122.20726113219801,37.912304119865702],[-122.20692186907773,37.911959489422799],[-122.2067484685962,37.911752017544771],[-122.20654170429518,37.911420200636464],[-122.20641153487624,37.911036049807542]]},"properties":{"LENGTH_MILES":3.8808324299999999,"GLOBALID":"{D23C94F7-9ACE-4132-BF07-5C11D98340FE}","MILE":9.5400000000000009,"ELEVATION_GAIN":214,"HOUR":3.2000000000000002,"SHAPE.LEN":20490.7958304208,"OBJECTID":54,"SURFACE_TY":"Dirt","TRAIL_NAME":"Oursan Trail","TRAIL_TYPE":"Hikers, Equestrians and Leashed Dogs","REGIONAL_TRAIL_NAME":null,"WIDTH":"Wide","TRAIL_NAME_1":"Oursan","TRAIL_START":"Briones  Overlook Staging","TRAIL_END":"Bear Creek Staging","DISTANCE":"9.54 One way","DOG":"Yes","HORSE":"Yes","BICYCLE":"No","SUNEXPO":"Mostly sun","DIFFICULTY":"Moderate","TRAIL_DESC":"This is a long, dog-friendly trail that follows unpaved fire roads. Head south from the Briones Overlook Staging area and make a right (northwest) across the Briones Reservoir Dam. The trail follows the crest of Sobrante Ridge to the north side of the reservoir. Past the Hampton trail intersection, the trail continues along the reservoir margin for another five and a half miles to the Bear Creek staging area. If you are traveling without a furry companion, you can make a very long loop (roughly 13 miles) by continuing onto Bear Creek Trail, which circles back to the Briones Overlook Staging area.","WAY":"One way","LABEL":"Oursan","DOG_PIC":"dog","HORSE_PIC":"horse","BIKE_PIC":"no-bike","SUN_PIC":"sun"}},{"type":"Feature","id":58,"geometry":{"type":"LineString","coordinates":[[-122.07336635183307,37.749146713585979],[-122.07314668241682,37.74938684200243],[-122.07299250677764,37.749498083478876],[-122.07274469457273,37.749598213184129],[-122.07245300770956,37.749709228020684],[-122.07221443534749,37.749837387310933],[-122.07196574302016,37.749936841303004],[-122.07173868553262,37.749996177709782],[-122.07163943386897,37.750005741544761],[-122.07163188623072,37.749935113846981],[-122.07173336281815,37.749785436101625],[-122.07178623436981,37.749627480539928],[-122.07185194368407,37.74954488886334],[-122.071981513477,37.749455951879263],[-122.07208586597839,37.749278768112667],[-122.07212807116464,37.749107220991405],[-122.07206290393252,37.748888350788334],[-122.07205438287677,37.748771728310331],[-122.07215699757971,37.748635082838945],[-122.07230063118087,37.748475228568154],[-122.07239545773315,37.748379201092334],[-122.0724374728334,37.748198729470793],[-122.07241808982459,37.748100105694725],[-122.07233613853717,37.747987208785162],[-122.0721469328787,37.747995913173341],[-122.07200677338248,37.748074692308649],[-122.07183191435497,37.748230155030356],[-122.07170426326566,37.748327993187374],[-122.07149882414392,37.748468756192111],[-122.07129281809085,37.748582746642775],[-122.07109904470489,37.748702752891347],[-122.07092534537898,37.748831418106519],[-122.07076067671649,37.74893730214999],[-122.07057655077928,37.749022845673608],[-122.07022814404897,37.749109890302087],[-122.06992847006264,37.74921139173447],[-122.06967891218632,37.749310851528108],[-122.06946141397658,37.749413317250159],[-122.06927372673661,37.749494099343522],[-122.06912069430177,37.749577852238957],[-122.0689281997555,37.749717751588726],[-122.0687044940659,37.749853945967047],[-122.06845750205413,37.749993197452859],[-122.06813484550084,37.750153368115335],[-122.06790254462224,37.750251221070215],[-122.06768334102316,37.750355079478972],[-122.06756372829267,37.750506368200561],[-122.06750140478111,37.750626679899256],[-122.06734999851287,37.75086972001035],[-122.06730870974955,37.750962284549431],[-122.06732847343397,37.751038243456868],[-122.06738640500235,37.751078673953458],[-122.06751205968357,37.751090736392769],[-122.06771408322957,37.751074315549197],[-122.06789295231867,37.751067129273814],[-122.06805568754108,37.751115091987202],[-122.06816496819421,37.751211833532089],[-122.06824971218839,37.751334309635553],[-122.06839109918714,37.751436117199319],[-122.0686353596095,37.751535868714925],[-122.06877617281886,37.751651417112008],[-122.06886008271825,37.751775277255227],[-122.06888419503029,37.751811350443951],[-122.06903920863566,37.752189709778634],[-122.06911838139315,37.752334919061639],[-122.06916733686992,37.752482590666119],[-122.06925153453433,37.752701895558346],[-122.06938523823212,37.752972041450157],[-122.06943919927349,37.753151921256809],[-122.06948548603177,37.753377910051441],[-122.06949705247631,37.753556981016004],[-122.06949289633394,37.753728706944848],[-122.0694670231898,37.753895915291181],[-122.06943477857769,37.754048102361416],[-122.06937205993343,37.754231595005741],[-122.06926304809325,37.754475446253402],[-122.0691924348959,37.75457183525576],[-122.06904833627304,37.754628688293749],[-122.06888650176279,37.754705691027397],[-122.06876863255478,37.754775928200978],[-122.06869509431408,37.754840691847534],[-122.06867933193941,37.754849641969564],[-122.06858868114723,37.754899839906813],[-122.06851208917162,37.754986954934644],[-122.06839547105712,37.755021113450724],[-122.06827895115113,37.755059929527228],[-122.06806573525131,37.754964944910697],[-122.06793679691444,37.754971318387774],[-122.06777185747383,37.755034930017246],[-122.06760735643989,37.754929118891532],[-122.06751428557277,37.754904081711906],[-122.06730925657831,37.754893291031415],[-122.06714526608238,37.754978069962711],[-122.0669940234838,37.755065210522474],[-122.06692489959622,37.755158274666549],[-122.06684326427259,37.755231476875792],[-122.06671977584203,37.755077084007283],[-122.06660867437276,37.75495004229834],[-122.06655699197262,37.754888894552145],[-122.06648162165385,37.754797254663572]]},"properties":{"LENGTH_MILES":1.12965202,"GLOBALID":"{05EE81EA-8259-430C-A9D7-9B76315104E3}","MILE":2.3100000000000001,"ELEVATION_GAIN":223,"HOUR":0.80000000000000004,"SHAPE.LEN":5947.7391520951005,"OBJECTID":58,"SURFACE_TY":"Dirt","TRAIL_NAME":"Dinosaur Trail","TRAIL_TYPE":"Hikers and Equestrians","REGIONAL_TRAIL_NAME":"Bay Area Ridge Trail","WIDTH":"Wide","TRAIL_NAME_1":"Dinosaur","TRAIL_START":"Ramage Peak Trail ","TRAIL_END":"EBRPD Chabot to Garin Trail","DISTANCE":"2.31 One way","DOG":"No","HORSE":"Yes","BICYCLE":"No","SUNEXPO":"Mostly sun","DIFFICULTY":"Difficult","TRAIL_DESC":"The trail follows unpaved fire roads to connect the Ramage Peak Trail (0.84 miles from the Chabot Staging Area) with the Chabot-to-Garin Trail, off EBMUD property. The trail provides some challenging climbs, but it offers spectacular views that make the effort worthwhile. When you reach Dinosaur Peak, you will see the stegosaurus-back rock outcroppings that inspired the trails name.","WAY":"One way","LABEL":"Dinosaur","DOG_PIC":"no-dog","HORSE_PIC":"horse","BIKE_PIC":"no-bike","SUN_PIC":"sun"}},{"type":"Feature","id":62,"geometry":{"type":"LineString","coordinates":[[-122.13819992521675,37.822223163812993],[-122.13814383257801,37.822196178978672],[-122.13780416399699,37.821958750538471],[-122.13743195836204,37.821825006732361],[-122.1372936779471,37.821732084588653]]},"properties":{"LENGTH_MILES":0.060621800000000003,"GLOBALID":"{E2C725F7-01E6-40C8-A7C7-9D6A41429E51}","MILE":7.25,"ELEVATION_GAIN":7,"HOUR":2.3999999999999999,"SHAPE.LEN":320.08308418897803,"OBJECTID":62,"SURFACE_TY":"Dirt","TRAIL_NAME":"Rocky Ridge Trail","TRAIL_TYPE":"Hikers, Equestrians and Leashed Dogs","REGIONAL_TRAIL_NAME":null,"WIDTH":"Wide","TRAIL_NAME_1":"Rocky Ridge","TRAIL_START":"Valle Vista Staging","TRAIL_END":"Las Trampas","DISTANCE":"7.25","DOG":"Yes","HORSE":"Yes","BICYCLE":"No","SUNEXPO":"Equal parts shade and sun","DIFFICULTY":"Difficult","TRAIL_DESC":"This is a fairly strenuous hike through scenic countryside. The trail begins at the Valle Vista Staging Area and ends at Las Trampas Park on Rocky Ridge. The trail is also accessible from the Rancho Laguna trailhead. There are a number of loops to choose from along the trail that will extend the length of your adventure. ","WAY":null,"LABEL":"Rocky Ridge","DOG_PIC":"dog","HORSE_PIC":"horse","BIKE_PIC":"no-bike","SUN_PIC":"sunTree"}},{"type":"Feature","id":64,"geometry":{"type":"LineString","coordinates":[[-122.22083039913488,37.875702718430475],[-122.2209315229973,37.875709193469007],[-122.22121386107388,37.875814987584207]]},"properties":{"LENGTH_MILES":0.022617419999999999,"GLOBALID":"{E818E431-648C-43C8-8BF3-3D0BD38B227B}","MILE":1.73,"ELEVATION_GAIN":1,"HOUR":0.59999999999999998,"SHAPE.LEN":119.41999893511502,"OBJECTID":64,"SURFACE_TY":"Dirt","TRAIL_NAME":"Skyline Trail","TRAIL_TYPE":"Hikers and Equestrians","REGIONAL_TRAIL_NAME":"Bay Area Ridge Trail","WIDTH":"Wide","TRAIL_NAME_1":"Skyline","TRAIL_START":"Lomas Cantadas Trailhead","TRAIL_END":"Sibley Park","DISTANCE":"1.73 One way","DOG":"No","HORSE":"Yes","BICYCLE":"No","SUNEXPO":"Equal parts shade and sun","DIFFICULTY":"Moderate","TRAIL_DESC":"Skyline Trail begins near the Tilden steam trains and continues off EBMUD land into Sibley Park Volcanic Regional Preserve. The trail has beautiful ridgeline views and a wide assortment of native flora in the spring. The Skyline Trail is also accessible from the Skyline Gardens trailhead on Grizzly Peak Blvd.","WAY":"One way","LABEL":"Skyline","DOG_PIC":"no-dog","HORSE_PIC":"horse","BIKE_PIC":"no-bike","SUN_PIC":"sunTree"}},{"type":"Feature","id":89,"geometry":{"type":"LineString","coordinates":[[-122.16465022536963,37.922687578130606],[-122.16469136094319,37.922814932928034],[-122.16472254340489,37.92298598385473],[-122.16480273160145,37.923115146551389]]},"properties":{"LENGTH_MILES":0.0309112,"GLOBALID":"{F9B79835-E541-497A-A0ED-1C366C42D995}","MILE":3.8100000000000001,"ELEVATION_GAIN":3,"HOUR":1.3,"SHAPE.LEN":163.21113682997003,"OBJECTID":89,"SURFACE_TY":"Dirt","TRAIL_NAME":"Bear Creek Trail","TRAIL_TYPE":"Hikers, Equestrians and Leashed Dogs","REGIONAL_TRAIL_NAME":"Mokelumne Coast to Crest/American Discovery","WIDTH":"Wide","TRAIL_NAME_1":"Bear Creek","TRAIL_START":"Bear Creek Staging","TRAIL_END":"Briones Overlook Staging","DISTANCE":"3.81 One way","DOG":"No","HORSE":"Yes","BICYCLE":"No","SUNEXPO":"Full shade","DIFFICULTY":"Moderate","TRAIL_DESC":"At the Bear Creek Staging Area, head through the south gate and cross the creek to get on the trail. This trail traverses the southeast slopes of Briones Reservoir. It is moderately steep in a few sections, mostly forested, and botanically fascinating. If you hike past the Briones Overlook Staging Area, the trail continues downhill along the Briones Dam spillway to the Orinda Connector trail.","WAY":"One way","LABEL":"Bear Creek","DOG_PIC":"no-dog","HORSE_PIC":"horse","BIKE_PIC":"no-bike","SUN_PIC":"shade"}},{"type":"Feature","id":13,"geometry":{"type":"LineString","coordinates":[[-122.22030276764046,37.876023563382944],[-122.22018961823198,37.876063890981342],[-122.2195858632526,37.876162214782106],[-122.21946908741126,37.876184580268138],[-122.21943034678968,37.876272078759719],[-122.21960932644517,37.876477234773525],[-122.21956675733149,37.876492032832068],[-122.21933874732262,37.876537762514353],[-122.21906172342435,37.876544411969483],[-122.21887539434495,37.876477814015473],[-122.21863419806512,37.876321777577274],[-122.21846952117473,37.876283552271794],[-122.21839588680655,37.876273344283028],[-122.21833811163943,37.876298056138246],[-122.21829744894889,37.876353488225249],[-122.21830750257942,37.876481380805011],[-122.21837324977784,37.876573804930459],[-122.21846376910953,37.876715891028553],[-122.21855452720678,37.87686821799263],[-122.21852150105398,37.876928070923626],[-122.21837998078475,37.877094592129836],[-122.21811769504421,37.877429798413388],[-122.21808322271524,37.877581851197959],[-122.2180155806751,37.877648595172154],[-122.21778651143902,37.877643872135195],[-122.21741537778782,37.87761194029612],[-122.21714948219655,37.877639399651692],[-122.21689999489395,37.87760504520547],[-122.21627743172932,37.877194072552797],[-122.21617270069135,37.876900178094871],[-122.21613313723608,37.876798447954599],[-122.21604183198851,37.876680039669544],[-122.21592671695498,37.876620945811339],[-122.21581598954793,37.876604517551954],[-122.21576771706975,37.876642321772586],[-122.21572203480713,37.876763451181816],[-122.21565584795101,37.876870063463976],[-122.21553144107283,37.876991220314217],[-122.2154693504644,37.877012959240083],[-122.21530393251507,37.877028958674202],[-122.2151003125862,37.876974321131236],[-122.21509270709325,37.876901570919863],[-122.21508382131734,37.87682650349663],[-122.21502317060161,37.876676175128843],[-122.21494897889494,37.876593914415636],[-122.21485349204734,37.876578034350977],[-122.21477127711856,37.876626662118703],[-122.21475290541878,37.876658356978524],[-122.2147098163062,37.876719260636207],[-122.21453666112527,37.876976158094919],[-122.21438326321109,37.876987764230989],[-122.21417836018058,37.87694752447392],[-122.21408590417727,37.87690262473852],[-122.21388331000837,37.876751212536263],[-122.21379734112278,37.876699601172852],[-122.21368095651691,37.876681335371643],[-122.21360037316613,37.876686012423527],[-122.21333939104139,37.876729022550599],[-122.21297137393313,37.876725951661506],[-122.21281218760342,37.876723148180147],[-122.21257889802146,37.876749880877824],[-122.2124825125928,37.876774788570806],[-122.21209145391167,37.876805362390826],[-122.21189361245062,37.877138782664879],[-122.21177001187269,37.877143479362815],[-122.21167763249764,37.877060315164243],[-122.21148476140201,37.876948773985262],[-122.21138322650404,37.876893570138293],[-122.21118529503035,37.876886510324148],[-122.2108345678992,37.876893073285544],[-122.21068830762066,37.876943394980231],[-122.21048530017464,37.876988755065526],[-122.21023207122104,37.877051090285107],[-122.21009697610954,37.877205718321882],[-122.20994180244995,37.877309346568588],[-122.2098282710283,37.87727917186799],[-122.20962726705362,37.877248792247258],[-122.20954524155823,37.877263691242092],[-122.20916955364554,37.877347990616812],[-122.20886239029137,37.877209362750911],[-122.2086292517761,37.877120772946107],[-122.20836318695856,37.87711881639504],[-122.2080995198327,37.877141639800605],[-122.2078784503659,37.877194691275513],[-122.20755160959044,37.87718205924309],[-122.2073243431652,37.877187187302503],[-122.20709890647043,37.877216540482941],[-122.20686284364024,37.877235746608179],[-122.20644165141057,37.877282229157366],[-122.20608826837508,37.877353622380546],[-122.2060108625228,37.877407373235798],[-122.20593205721474,37.877481201372646],[-122.2058811967359,37.877559664040987],[-122.20602595244173,37.87770758920643],[-122.20670500803294,37.877985765905585],[-122.20689444576188,37.878184761622173],[-122.20700289194522,37.878354988914282],[-122.20699204969212,37.878596631257629],[-122.20696119178972,37.878731718797894],[-122.20684740289902,37.878829913337462],[-122.20659371243597,37.878885436302816],[-122.20639979951495,37.878817329742354],[-122.2062281331185,37.878572087537137],[-122.20598021410889,37.878557616528298],[-122.20594693902842,37.878534602335058],[-122.20574044041979,37.878496390506648],[-122.20559823060945,37.878502133586927],[-122.20527396193732,37.878497162928262],[-122.20500652676218,37.87845652005069],[-122.20487338262855,37.878424564698513],[-122.20464920769321,37.878370013192217],[-122.20447053147791,37.878326094096089],[-122.20421776658715,37.878303835763255],[-122.20410078601309,37.878318811087809],[-122.20399073985033,37.878348945535656],[-122.20375364408073,37.878383604351278],[-122.20361046204687,37.878352459305525],[-122.20339181965981,37.87823217524614],[-122.20333540048539,37.878211998586515],[-122.20300313253368,37.87817388705983],[-122.20278310414166,37.878124596270403],[-122.20259417250904,37.878077709672624],[-122.2023551085656,37.878103085998617],[-122.20225754336155,37.878146951845025],[-122.20201031692675,37.878144523655266],[-122.20191551155293,37.878091508188156],[-122.20170390986866,37.878033495962455],[-122.20127841259281,37.877970975503622],[-122.20116344482314,37.877856842331532],[-122.20112067682899,37.877789594136516],[-122.20106181449982,37.87767712337962],[-122.2009268815418,37.877578377476773],[-122.20080229013276,37.877484831712621],[-122.20062151855539,37.877320914396101],[-122.20069239792903,37.877155459776503],[-122.2006852064998,37.877042287705372],[-122.2006277745599,37.876943554119293],[-122.20053514568868,37.876892778935911],[-122.20018647337638,37.876599700304759],[-122.19983654930049,37.876223950152877],[-122.19969908223355,37.87616728653925],[-122.19952875894207,37.876132437026413],[-122.19932199534239,37.876090101418562],[-122.19911573402698,37.876067547669514],[-122.1989483841909,37.8758351529641],[-122.19887431951278,37.875770121547376],[-122.19867879394914,37.87553431733204],[-122.19857081604754,37.87546225444143],[-122.19843480486867,37.875416388646784],[-122.19833734553484,37.875404196795486],[-122.19806284741114,37.87540819507953],[-122.19787016951729,37.875368952593959],[-122.19768000646442,37.875307302366686],[-122.19704688470513,37.875186909908727],[-122.19672990915407,37.875158647775741],[-122.196568410628,37.87516564767084],[-122.19628639876764,37.875211955576049],[-122.19616724812481,37.875266561994138],[-122.19606469558806,37.875331108406499],[-122.19589492706429,37.875460778319557],[-122.19580295528016,37.875558357649446],[-122.19571823118332,37.875738152702468],[-122.19556436526146,37.875883550487622],[-122.19546161328485,37.875905760097673],[-122.19534051810788,37.875929333357803],[-122.19515502384752,37.876020102405718],[-122.19495559052102,37.87607687414021],[-122.19475431689617,37.876034855468113],[-122.1945211291428,37.876001556370497],[-122.19428159661024,37.875981892279356],[-122.19419787682433,37.87599609299297],[-122.19402480847312,37.876047692416208],[-122.19376787743099,37.87607972224562],[-122.19352920855097,37.876142051399633],[-122.19337396592648,37.876198884889504],[-122.19329286086116,37.876211554230295],[-122.1931294804704,37.876140108065499],[-122.1928749298861,37.876031787941685],[-122.19269841023335,37.875974192057328],[-122.19253245581692,37.875987439441154],[-122.19236584659231,37.875992469309942],[-122.19217941447634,37.876005714176422],[-122.19196031613683,37.875991544216433],[-122.19184144536881,37.875941530411012],[-122.1917564542845,37.875882264517614],[-122.1916077944839,37.875797171763139],[-122.19148294470178,37.87574538148624],[-122.191297612247,37.875737078756593],[-122.19099659277259,37.875995147000452],[-122.19085751011778,37.876110162306297],[-122.19080142388304,37.876246703332853],[-122.19087265806095,37.876476769538542],[-122.19093138956387,37.876632649479021],[-122.19102056902356,37.876930123742547],[-122.19113147823934,37.877136122888935],[-122.19131291497897,37.877342329903911],[-122.19138691124125,37.877443625009839],[-122.19155858553438,37.877587262696807],[-122.19174891076473,37.877725833307416],[-122.19184352597038,37.87782787890324],[-122.19190045408742,37.87800170371677],[-122.19191303273415,37.878071672224543],[-122.19186958841912,37.878249934535859],[-122.19184004178663,37.878369090821614],[-122.19173775174787,37.878470318363803],[-122.19159156722408,37.878621600525356],[-122.19151481417468,37.878777318976432],[-122.19146613185033,37.878986642423406],[-122.19141438272553,37.879176911557906],[-122.19137745418533,37.879254494945272],[-122.1912837296356,37.879388702427953],[-122.19118787118575,37.879472769393885],[-122.19095002263377,37.879607355020688]]},"properties":{"LENGTH_MILES":2.4987433000000001,"GLOBALID":"{039079C1-2100-45D1-9F53-D91A96B99BF8}","MILE":2.8500000000000001,"ELEVATION_GAIN":276,"HOUR":1,"SHAPE.LEN":13193.3641062069,"OBJECTID":13,"SURFACE_TY":"Dirt","TRAIL_NAME":"De Laveaga","TRAIL_TYPE":"Hikers and Equestrians","REGIONAL_TRAIL_NAME":null,"WIDTH":"Wide","TRAIL_NAME_1":"De Laveaga","TRAIL_START":"de Laveaga Trail Head","TRAIL_END":"Skyline Gardens trailhead","DISTANCE":"2.85 One way","DOG":"No","HORSE":"Yes","BICYCLE":"No","SUNEXPO":"Mostly sun","DIFFICULTY":"Difficult","TRAIL_DESC":"The de Laveaga Trail gives access to the National Skyline Trail from the City of Orinda. The trail is a challenging climb with several steep sections and leads to spectacular ridgetop views. The trail ends at the Skyline Trail, just below Grizzly Peak Boulevard near Tilden Park's steam train. ","WAY":"One way","LABEL":"De Laveaga","DOG_PIC":"no-dog","HORSE_PIC":"horse","BIKE_PIC":"no-bike","SUN_PIC":"sun"}},{"type":"Feature","id":20,"geometry":{"type":"LineString","coordinates":[[-122.11284196211214,37.803256545336012],[-122.1130096294476,37.803342626949771],[-122.11310976435776,37.803389936072122],[-122.11320025857464,37.803623992186445],[-122.11324830194884,37.80381021876115],[-122.11324706288137,37.803944663100886]]},"properties":{"LENGTH_MILES":0.056568970000000003,"GLOBALID":"{F2347AC9-77D5-42D8-8C96-581A688DBC0C}","MILE":7.25,"ELEVATION_GAIN":2,"HOUR":2.3999999999999999,"SHAPE.LEN":298.68418060436699,"OBJECTID":20,"SURFACE_TY":"Gravel","TRAIL_NAME":"Rocky Ridge Trail","TRAIL_TYPE":"Hikers, Equestrians and Leashed Dogs","REGIONAL_TRAIL_NAME":null,"WIDTH":"Wide","TRAIL_NAME_1":"Rocky Ridge","TRAIL_START":"Valle Vista Staging","TRAIL_END":"Las Trampas","DISTANCE":"7.25","DOG":"Yes","HORSE":"Yes","BICYCLE":"No","SUNEXPO":"Equal parts shade and sun","DIFFICULTY":"Difficult","TRAIL_DESC":"This is a fairly strenuous hike through scenic countryside. The trail begins at the Valle Vista Staging Area and ends at Las Trampas Park on Rocky Ridge. The trail is also accessible from the Rancho Laguna trailhead. There are a number of loops to choose from along the trail that will extend the length of your adventure. ","WAY":null,"LABEL":"Rocky Ridge","DOG_PIC":"dog","HORSE_PIC":"horse","BIKE_PIC":"no-bike","SUN_PIC":"sunTree"}},{"type":"Feature","id":11,"geometry":{"type":"MultiLineString","coordinates":[[[-122.13511618315121,37.88297973080185],[-122.13505778441993,37.883071732891374],[-122.13495002884835,37.88313571332656],[-122.13465547664079,37.88309721721901],[-122.13451593991202,37.883134169427336],[-122.13417341821162,37.883238480326945],[-122.13406216685812,37.883301132271356],[-122.13394280615393,37.883349479797893],[-122.1338251664932,37.883357973623085],[-122.13369300325847,37.883297314282629],[-122.13358062399217,37.883269342286681],[-122.13337570314738,37.883287970031006],[-122.13321033416348,37.883293006209541],[-122.13311521805532,37.883262046473099],[-122.13304362441161,37.883197803690457],[-122.13298681044542,37.883096275182815],[-122.1329169550616,37.882992867901208],[-122.13284435615275,37.882961597422387],[-122.13273554209596,37.882977522418273],[-122.13260432375634,37.883077531266544],[-122.1325240399817,37.883188045941417],[-122.13242825078088,37.883295454219322],[-122.13234326356535,37.883353207713263],[-122.1322160289355,37.883383253730265],[-122.13211988987136,37.883339791322861],[-122.13209827803267,37.883258361549672],[-122.13210801744211,37.883183807577765],[-122.13207594415806,37.883099942434193],[-122.13195521673387,37.882990369287924],[-122.13177058113112,37.882907088924938],[-122.13155239595217,37.882795428029532],[-122.13146082427923,37.882728712789863],[-122.1315657581828,37.882473822625514],[-122.13167063863851,37.882262996422526],[-122.13177349370595,37.882015744037645],[-122.131832582081,37.881887194390231],[-122.13190050950725,37.881796235499714],[-122.13198546308219,37.881602210516007],[-122.1320297260049,37.881421939830425],[-122.13205422374344,37.881119308947504],[-122.13207310629925,37.881031271757436],[-122.13207271252425,37.880964550916374],[-122.13206968527854,37.880826979599966],[-122.13208053265524,37.88066246053836],[-122.13203733629477,37.880452816606365],[-122.13199222429279,37.880262387245757],[-122.13188136254725,37.880066842540494],[-122.13176461899812,37.879879621814119],[-122.13159927539326,37.879649123725542],[-122.13151485601099,37.879513642323275],[-122.13093459572569,37.878734044188427],[-122.13080777508503,37.878600519584687],[-122.13068666444551,37.878490264686086],[-122.13046349046745,37.878308630967879],[-122.13025403986069,37.878120628167899],[-122.13005041799707,37.877961384820495],[-122.12983154921531,37.877847632435596],[-122.1296158102563,37.877686240589284],[-122.12949640851261,37.877519694212452],[-122.12943528076508,37.877371460343092],[-122.12941172914674,37.877202499604849],[-122.12939241130346,37.877072297315983],[-122.12939523788802,37.876885483037256],[-122.12940451232852,37.876755572782301],[-122.12944524741286,37.876559308505243],[-122.12949619826981,37.876433631505414],[-122.12966497151234,37.876229417888958],[-122.12977462362416,37.876133829826429],[-122.12996395883638,37.875972750044269],[-122.13011454393762,37.875873008113828],[-122.13032290721351,37.875775367968465],[-122.1304917006329,37.875729775430557],[-122.13070397187394,37.87569182397506],[-122.13085136851595,37.875658201737664],[-122.13101494896584,37.87561199468422],[-122.13114648734182,37.875566230133217],[-122.13122911729332,37.875500389630396],[-122.13142291069509,37.875321872599329],[-122.13156112086318,37.875247334554842],[-122.13169027813818,37.875199678339648],[-122.13182467665519,37.875171061066006],[-122.13194723098361,37.875185730882031],[-122.13202653863181,37.875207295666314],[-122.1321531832988,37.875254299567246],[-122.1325314425774,37.875476356697796],[-122.13300108830909,37.875717752381966],[-122.1332555513749,37.875825474339202],[-122.13348176135841,37.875908866411343],[-122.13386789173231,37.876016137585296],[-122.13413549163367,37.876051574131523],[-122.13439920526358,37.876067836990991],[-122.1346341421055,37.876075570054724],[-122.13510956138144,37.876106754192136],[-122.13542930692279,37.876149703854075],[-122.13567299098712,37.876200574183244],[-122.13590724216057,37.876255696578816],[-122.136046675983,37.876253764321596],[-122.1361146384411,37.876232222204102],[-122.13619030493166,37.876167312761915],[-122.13625101740523,37.876079133827822],[-122.13626963484374,37.875914891174993],[-122.13627059824655,37.875605185672164],[-122.13628963158661,37.875289738992763],[-122.13624742565212,37.875065094619707],[-122.13623673573233,37.874934086972601],[-122.13625296981,37.874845280893219],[-122.13628317899334,37.874761774504499],[-122.13639133347499,37.874638047202779],[-122.13649675272518,37.874547315409373],[-122.13657624705377,37.874498835509307],[-122.13672201636047,37.87443089196789],[-122.13683390011423,37.874397754545107],[-122.13689583024191,37.874338528453016],[-122.13691930842275,37.874264039285194],[-122.13690276077106,37.874063759597846],[-122.13692924963098,37.873968632025544],[-122.13699621114981,37.873862640387017],[-122.13708712592467,37.873664304753227],[-122.13706611944045,37.873576014959262],[-122.1370198953576,37.873444127645804],[-122.13698747815515,37.873388268906794],[-122.13697767968303,37.873336905038272],[-122.1369917235254,37.873266667612739],[-122.13709358411927,37.873171867223078],[-122.13728009544938,37.87310541974454],[-122.13742813670191,37.87306216767152],[-122.13760797950404,37.873046625240789],[-122.13787235213988,37.873053943391525],[-122.13802538684143,37.873079974599236],[-122.13811475170985,37.873125429384267],[-122.13831599137896,37.873255165056136],[-122.13841238557937,37.873344466589884],[-122.13853775520444,37.873412083434644],[-122.13865708199968,37.873441326599362],[-122.13877686199518,37.873452023115298],[-122.13890992402021,37.873436444147671],[-122.13909351874626,37.873394754605648],[-122.13953004149138,37.873183911131804],[-122.13972905660675,37.873085458407424],[-122.13989630976161,37.873067187459966],[-122.14001087012248,37.873092175362657],[-122.14023434124201,37.87319007495298],[-122.14041688316289,37.873256647612301],[-122.14050147724389,37.873258149371374],[-122.14061674718,37.873222472276225],[-122.14076718248276,37.873122240898603],[-122.14087979443775,37.873043767053453],[-122.1409826516412,37.872915988036532],[-122.14120166054099,37.872556557717225],[-122.14128342651543,37.872454478645047],[-122.14138629730174,37.872366528960825],[-122.14154120027321,37.872241609605602],[-122.1416738724544,37.872175971335523],[-122.14179431268715,37.872163664557135],[-122.14189452324617,37.872146323145387],[-122.14194051019055,37.87210315645644],[-122.14192463187415,37.871991741080869],[-122.14190040275618,37.871806016795276],[-122.14187335070891,37.87149275057871],[-122.14190038846971,37.871367128205591],[-122.14203739720347,37.871099479678342],[-122.14212523349654,37.870888651248059],[-122.14214674774517,37.870837010744076],[-122.14222270863549,37.87062721522949],[-122.1422614523723,37.870233210672957],[-122.14232429867542,37.870057520403805],[-122.14236572188128,37.869962636914529],[-122.14236729094188,37.869841016580658],[-122.14236153134721,37.869776549128119],[-122.14231859614057,37.869668866079088],[-122.14212942003972,37.869465278694108],[-122.14207333221047,37.869357564052038],[-122.14203131099931,37.869180986060293],[-122.14200424287489,37.868969377798685],[-122.14194419301737,37.868747092785213],[-122.1419552701098,37.868641627571009],[-122.14197493066236,37.86859054092595],[-122.14205752830891,37.86856535827004],[-122.14214556048614,37.868556185487229],[-122.1423215195472,37.868556192216118],[-122.14245513549254,37.868566005730244],[-122.14267486280603,37.868621588754742],[-122.1428498680819,37.868651048558284],[-122.1432763257,37.868606079201015],[-122.14352601064654,37.868599109266498],[-122.14373418475353,37.868612158275965],[-122.14396000740572,37.868645428965607],[-122.14414298591264,37.868665423674649],[-122.14428404363375,37.868659341508213],[-122.144410745088,37.868630794324837],[-122.14456437937451,37.868566852154679],[-122.14466427136229,37.868554102301921],[-122.14471313062705,37.868556982886155],[-122.14486427925968,37.868601814123899],[-122.14499802420184,37.868683038273318],[-122.14505930082497,37.868789995307154],[-122.14533785675792,37.868888453054169],[-122.14563543658261,37.868961363150888],[-122.14593711472426,37.869039381657622],[-122.14617838398438,37.869099191527198],[-122.14645994283202,37.869177584808625],[-122.14672356282777,37.869230984635436],[-122.1468900664395,37.869200507084074],[-122.14709222964098,37.869230869480532],[-122.14729632094827,37.869274847153115],[-122.14753966874251,37.869361822900949],[-122.14772973784868,37.869465490443389],[-122.14785253377583,37.869559465040844],[-122.14798850136607,37.869642621140244],[-122.14809911414497,37.869698640569872],[-122.14827591222868,37.869741494510968],[-122.14845252396826,37.869776107060446],[-122.14887415610697,37.86996516254942],[-122.14917137475069,37.870062015164692],[-122.14967700552099,37.870182534100088],[-122.14985954851414,37.870249092200581],[-122.1499882247392,37.870305767580774],[-122.15016454077009,37.870393675823564],[-122.15034767588176,37.870486804363999],[-122.15046964906682,37.870543573842042],[-122.1505982046891,37.87059493796604],[-122.15084743548603,37.870644611674685],[-122.15101544783502,37.870674646593812],[-122.15114395264445,37.870711953778574],[-122.15124655370627,37.870758822132316],[-122.15133185606602,37.870826311032246],[-122.15153798984971,37.870937966310933],[-122.151672425832,37.87095203305504],[-122.15183919787447,37.870912488230353],[-122.15203195555966,37.87083536554411],[-122.15215791213966,37.870769811996283],[-122.15229104578208,37.870725418724348],[-122.15246546791617,37.870728293075032],[-122.15272152387449,37.870783185904379],[-122.15297793541554,37.870854018184062],[-122.15327204680776,37.870934427432687],[-122.15348957093644,37.871019551214637],[-122.15370047099415,37.871112456927328],[-122.15397546869595,37.871273818645669],[-122.15414012093427,37.871370421068271],[-122.15433954662022,37.87146755063943],[-122.15457103845098,37.871623785763859],[-122.1546809129034,37.871739198079673],[-122.15479138046199,37.871881181457219],[-122.15486185836977,37.872034359836405],[-122.15497754375016,37.872410173779372],[-122.15503075618611,37.872691175578218],[-122.15505549616877,37.872898154013278],[-122.15512882309224,37.873011020706834],[-122.15527524728833,37.873128977624987],[-122.15540654194594,37.873302565560635],[-122.15545643569529,37.873434765946868],[-122.15548081788872,37.873625801616448],[-122.1554782154401,37.873782118544518],[-122.15545512280498,37.873932896864758],[-122.15542091889438,37.873999386772638],[-122.15532998742438,37.874189257586259],[-122.15524681652076,37.874327153724039],[-122.15518164607023,37.874471869650229],[-122.15511704934973,37.874642512627929],[-122.1550993403354,37.874781848233106],[-122.15511646816915,37.874882978621329],[-122.15516274622844,37.874957766967945],[-122.15528706576175,37.87506446481639],[-122.15543861133366,37.875192000162109],[-122.15546726502824,37.875276463382264],[-122.15547547186986,37.87537771881702],[-122.15540571885845,37.875583794504244],[-122.15528860801038,37.875799962022263],[-122.15521664524169,37.875907055459756],[-122.15520590859519,37.875959070855906],[-122.15518839171415,37.876204330459053],[-122.15516430320169,37.876360417754633],[-122.15514622690235,37.876483257483699],[-122.15513346692242,37.876577732834022],[-122.1551327516873,37.876679113348864],[-122.15516182638267,37.876782432710868],[-122.15522173614177,37.876934824469679],[-122.15530151064141,37.877044506968936],[-122.1553774717476,37.877116522506419],[-122.15542943711472,37.877179443933258],[-122.15544003869961,37.877254733329025],[-122.15539665172537,37.877309560371096],[-122.15530808492896,37.877339092073413],[-122.15511619583286,37.877340401918389],[-122.15493854061235,37.87737589893549],[-122.15471265326022,37.877456587685231],[-122.15462010884232,37.877563264466154],[-122.15456227456232,37.877637155661134],[-122.15444439779294,37.877685955863669],[-122.15425845020643,37.877749854268856],[-122.15403235001101,37.877880322428247],[-122.15390983764286,37.877988125887917],[-122.15382300351679,37.878095426708278],[-122.15376356213238,37.878230632657491],[-122.15376013899341,37.878343835381024],[-122.15376052530956,37.878494705096749],[-122.15379988364421,37.878659174236738],[-122.15384435016568,37.878785854148241],[-122.15395516863272,37.878954035159765],[-122.15397148495555,37.878990658219074],[-122.15411627630564,37.879179224755852],[-122.15428641055972,37.879388336387628],[-122.15444860774566,37.879552239250557],[-122.15464840054108,37.879764706955307],[-122.15475562266191,37.879904651420837],[-122.15485879038422,37.880129518460713],[-122.15504381354876,37.880423962019037],[-122.15508691243284,37.880489364385312],[-122.15515469432087,37.880594498455409],[-122.15520473826763,37.88070459779393],[-122.15523131577751,37.88082916786788],[-122.15527870217716,37.880953446184364],[-122.15533453766891,37.881056390235273],[-122.15543878804327,37.881180209117261],[-122.15567446801458,37.881336897149772],[-122.15575160306322,37.881454613142452],[-122.15570272679385,37.881554865786718],[-122.15555136520973,37.88168265107889],[-122.15536290833407,37.881856276029978],[-122.1552469275064,37.882061882881274],[-122.15506375812727,37.882250689656736],[-122.15493774068604,37.88233496455026],[-122.15472236574432,37.882413423109099],[-122.15445622997423,37.882483160266659],[-122.15427908432366,37.882542221213008],[-122.15390216564298,37.882712521341773],[-122.15369639067332,37.882821488007046],[-122.15361199851101,37.882905178398715],[-122.15340295525303,37.883134421688368],[-122.1533016674867,37.883260782681795],[-122.15320075050695,37.883403640237695],[-122.153103225732,37.883565312160513],[-122.15301983011071,37.883693781575175],[-122.15293941102179,37.883822207449349],[-122.15283227969402,37.883953366423576],[-122.15277956749613,37.884010464021131],[-122.15254263166433,37.884295035574517],[-122.15239324593041,37.884488519655164],[-122.15229875960809,37.884720728107091],[-122.15225327261207,37.884915798391972],[-122.15218002737066,37.885247037707884],[-122.15212371217312,37.885363874797875],[-122.15202325942417,37.885430920972134],[-122.15184874637006,37.885512350143316],[-122.15148712525921,37.885568483288623],[-122.15121729015614,37.885590111760223],[-122.15077831080524,37.885642256507246],[-122.15050060260944,37.885649685874967],[-122.15014131479437,37.885633995862115],[-122.14985556204691,37.8856414198953],[-122.14968604375633,37.885654778071796],[-122.14936569855779,37.885723265750222],[-122.14898930146562,37.885862195968357],[-122.14871044292752,37.885965733824747],[-122.14853951792125,37.886071810198736],[-122.14837421648768,37.886197032899886],[-122.14824549945689,37.886253077164234],[-122.14811649234255,37.886296076709939],[-122.14793191427967,37.886333676174949],[-122.14750372954821,37.886370534016791],[-122.14707408101124,37.886447272094905],[-122.14695941594805,37.886457115312076],[-122.14684307609377,37.88642302919294],[-122.14648753399418,37.88633116573736],[-122.14627977963737,37.886300415635226],[-122.14620054493858,37.886327176975634],[-122.14609316355758,37.886363443082594],[-122.14593928381029,37.886434886578648],[-122.14578908149262,37.886599094112086],[-122.14552709056818,37.886896642381181],[-122.14539621254841,37.886933486718654],[-122.14519020984444,37.88696786143489],[-122.14489876949968,37.886962808670532],[-122.14458440350565,37.886961109579929],[-122.14411156167601,37.886836949979148],[-122.14374329079506,37.886904320636674],[-122.14358907598803,37.886847204415993],[-122.14343348085337,37.886444040542131],[-122.14326173597911,37.88633019737815],[-122.14299442676241,37.886316035034469],[-122.14283218082332,37.886291469096008],[-122.14264955503585,37.886195657916389],[-122.14231799990542,37.886021817853738]],[[-122.1422383475918,37.88596645628575],[-122.14202281859554,37.88591170839193],[-122.14177388193571,37.885830921916366],[-122.14149954345322,37.885803143006669],[-122.14122832754843,37.885796382565808],[-122.14102898234768,37.885794940544528],[-122.14088116405314,37.885751788921944],[-122.14077203140945,37.885592102981882],[-122.14068553277382,37.885559369606213]]]},"properties":{"LENGTH_MILES":4.5681276300000002,"GLOBALID":"{2E0DA133-949E-4FA9-9F4A-D2EDC14FD26C}","MILE":4.9699999999999998,"ELEVATION_GAIN":167,"HOUR":1.7,"SHAPE.LEN":24119.7141708323,"OBJECTID":11,"SURFACE_TY":"Dirt","TRAIL_NAME":"Rim Trail","TRAIL_TYPE":"Hikers and Leashed Dogs","REGIONAL_TRAIL_NAME":null,"WIDTH":"Wide","TRAIL_NAME_1":"Rim","TRAIL_START":"Parking lot entrance kiosk","TRAIL_END":"Starting point","DISTANCE":"4.97\nLoop\n","DOG":"Yes","HORSE":"No","BICYCLE":"No","SUNEXPO":"Full Sun","DIFFICULTY":"Moderate","TRAIL_DESC":"This dirt fire road traverses the ridgetops surrounding the Lafayette reservoir. It leads through brushland and oak forests overlooking the reservoir. Well-graded fire roads connect the Rim Trail with the Lakeside Nature Trail in several locations. ","WAY":"\nLoop\n","LABEL":"Rim","DOG_PIC":"dog","HORSE_PIC":"no-horse","BIKE_PIC":"no-bike","SUN_PIC":"sun"}},{"type":"Feature","id":12,"geometry":{"type":"LineString","coordinates":[[-122.15277956749613,37.884010464021131],[-122.15275116242267,37.883816250347721],[-122.15262599717731,37.883487022874405],[-122.15250040549797,37.883255310101639],[-122.15235980408414,37.883127498019924],[-122.15217753687709,37.882996145186553],[-122.15197895947826,37.88283274833173],[-122.15184712020027,37.882670478356715],[-122.1517141619146,37.882535690024653],[-122.15162395000645,37.882414034376502],[-122.15152941575735,37.882253987978871],[-122.15142366177601,37.882134614122414],[-122.15128280105029,37.881995128217788],[-122.15100213494414,37.881775955850905],[-122.15071865716249,37.881560796211147],[-122.15040411518758,37.881324857101795],[-122.15004328842423,37.881072396265033],[-122.14982256703995,37.880886643236423],[-122.14964448881101,37.880748365780114],[-122.14950425405793,37.880625252847118],[-122.14941347970105,37.880555797074457],[-122.14927837005401,37.880498749431446],[-122.1491850369745,37.880462945707229],[-122.14908321674744,37.880416609775807],[-122.14900412896641,37.880337559926097],[-122.14888835651375,37.879899894530503],[-122.1488236710187,37.87957863161553],[-122.14879485650047,37.879352721158085],[-122.14870233353774,37.878936747710959],[-122.14864173588197,37.878899415850277]]},"properties":{"LENGTH_MILES":0.43700181999999999,"GLOBALID":"{5D471568-2B09-418A-8D10-AFBEAD433418}","MILE":null,"ELEVATION_GAIN":74,"HOUR":null,"SHAPE.LEN":2307.3695895626302,"OBJECTID":12,"SURFACE_TY":"Dirt","TRAIL_NAME":"Westview Trail","TRAIL_TYPE":"Hikers and Leashed Dogs","REGIONAL_TRAIL_NAME":null,"WIDTH":"Wide","TRAIL_NAME_1":"Westview","TRAIL_START":null,"TRAIL_END":null,"DISTANCE":null,"DOG":null,"HORSE":null,"BICYCLE":null,"SUNEXPO":null,"DIFFICULTY":null,"TRAIL_DESC":null,"WAY":null,"LABEL":"Westview","DOG_PIC":"no-dog","HORSE_PIC":"no-horse","BIKE_PIC":"no-bike","SUN_PIC":null}},{"type":"Feature","id":14,"geometry":{"type":"LineString","coordinates":[[-122.1554782154401,37.873782118544518],[-122.15528583240382,37.873820180180743],[-122.15510585113717,37.873874144167957],[-122.15497864204885,37.873904217474248],[-122.15473867601523,37.873914666244907],[-122.15460401160543,37.873944753532136],[-122.15446613685282,37.873993912569368],[-122.15429663464778,37.874020428960868],[-122.15397240840466,37.87408746060737],[-122.15345665622591,37.874150991295657],[-122.15321771782237,37.874184993078487],[-122.15308056827912,37.874262008420629],[-122.15282787267027,37.874412909231999],[-122.15275109672679,37.874437559161279],[-122.15265271926405,37.874427148481509],[-122.15250322768465,37.874391520815088],[-122.1523006352954,37.874375498193452],[-122.15195621902267,37.874351016502331],[-122.15150636987846,37.874348107212455],[-122.15116031260693,37.87435274342193],[-122.15085917300431,37.874278955033475],[-122.15054105284484,37.874154941561812],[-122.15021107495313,37.874027537963649],[-122.14990144502079,37.873917135842355],[-122.14965362596529,37.873834945704886],[-122.14937513725522,37.873749254553083],[-122.14914220971475,37.873705262331605],[-122.14891839416872,37.873765491110284],[-122.14873138360676,37.873799998448341],[-122.14851255780096,37.873799951795384],[-122.1482338509401,37.87374315550619],[-122.14796619840843,37.873644776559132],[-122.14765520585776,37.873566716399928],[-122.14753453786554,37.873585416964715],[-122.14745549995601,37.873662891607594],[-122.14741427328899,37.87375685405469],[-122.14741970255723,37.873924631050421],[-122.1474737674648,37.874084229933459],[-122.14753353032614,37.874211832328335],[-122.14765842918429,37.874335751852705],[-122.14786194590778,37.874567068740056],[-122.14799132507102,37.874697791242752],[-122.14808242595203,37.874899087203239],[-122.14808896150726,37.875076161192212],[-122.14810849025218,37.875345023361938],[-122.14811950948643,37.875447488896825],[-122.14815591513765,37.87558449614378],[-122.14810122531475,37.875823095700603],[-122.14802504365649,37.876117007746714],[-122.14796824673327,37.876277282532939],[-122.1479167335838,37.87637368661872],[-122.14782902547215,37.876438724032987],[-122.14768656308577,37.876578908310393],[-122.14749602419248,37.876756997046925],[-122.14728284874758,37.876927705500314],[-122.14706131260053,37.877113919127069],[-122.14689676604847,37.87725443032609],[-122.14679581427585,37.877349254447481]]},"properties":{"LENGTH_MILES":0.75429517000000001,"GLOBALID":"{B05F3489-1E6A-499F-9602-BD75487395AE}","MILE":null,"ELEVATION_GAIN":82,"HOUR":null,"SHAPE.LEN":3982.6784601032105,"OBJECTID":14,"SURFACE_TY":"Dirt","TRAIL_NAME":"Canyon Trail","TRAIL_TYPE":"Hikers and Leashed Dogs","REGIONAL_TRAIL_NAME":null,"WIDTH":"Wide","TRAIL_NAME_1":"Canyon","TRAIL_START":null,"TRAIL_END":null,"DISTANCE":null,"DOG":null,"HORSE":null,"BICYCLE":null,"SUNEXPO":null,"DIFFICULTY":null,"TRAIL_DESC":null,"WAY":null,"LABEL":"Canyon","DOG_PIC":"no-dog","HORSE_PIC":"no-horse","BIKE_PIC":"no-bike","SUN_PIC":null}},{"type":"Feature","id":15,"geometry":{"type":"LineString","coordinates":[[-122.14050147724389,37.873258149371374],[-122.14063074575471,37.873337691517719],[-122.14078939207354,37.873421321935744],[-122.14089220122555,37.873487188051499],[-122.14108213137369,37.87361952019868],[-122.14118493090633,37.873719095489122],[-122.14129372586403,37.873786689354191],[-122.14148227215308,37.873821281631869],[-122.14178887883527,37.873882605324056],[-122.14254411687034,37.874110377713805],[-122.1426761464721,37.874204676113848],[-122.14280416784517,37.874313447637974],[-122.14289902049009,37.874411011651723],[-122.14322002400982,37.874550058210993],[-122.14339588829591,37.874667779309526],[-122.14373526824326,37.874971371789037],[-122.14388038358467,37.875108745443065],[-122.14399408167456,37.87527471285803],[-122.14402916874076,37.875450699932358],[-122.14403534065077,37.875963561729741],[-122.14407240491792,37.876189648568527],[-122.14414660000364,37.87637127282489],[-122.1442307667147,37.876611809560579],[-122.14434174852457,37.876850600286801],[-122.14444756575908,37.877012556971309],[-122.14451860238954,37.877168815278779],[-122.14461842966355,37.877334286827399],[-122.14466151221272,37.877479949460501],[-122.14476015724736,37.877670156781008],[-122.14494870590153,37.877851560644309],[-122.1450525041334,37.877886222462301],[-122.14514291285778,37.877900829164133],[-122.14525929734994,37.877883340729028],[-122.14541125758797,37.877815109167209],[-122.14553337606996,37.877755225275635],[-122.14560150454871,37.877716113773666],[-122.14575336025506,37.877711603484698]]},"properties":{"LENGTH_MILES":0.47996226000000003,"GLOBALID":"{7EE39AF8-E3CF-46BE-A1C3-6C61803E62B7}","MILE":null,"ELEVATION_GAIN":137,"HOUR":null,"SHAPE.LEN":2534.2007460127702,"OBJECTID":15,"SURFACE_TY":"Dirt","TRAIL_NAME":"Campolindo Trail","TRAIL_TYPE":"Hikers and Leashed Dogs","REGIONAL_TRAIL_NAME":null,"WIDTH":"Wide","TRAIL_NAME_1":"Campolindo","TRAIL_START":null,"TRAIL_END":null,"DISTANCE":null,"DOG":null,"HORSE":null,"BICYCLE":null,"SUNEXPO":null,"DIFFICULTY":null,"TRAIL_DESC":null,"WAY":null,"LABEL":"Campolindo","DOG_PIC":"no-dog","HORSE_PIC":"no-horse","BIKE_PIC":"no-bike","SUN_PIC":null}},{"type":"Feature","id":16,"geometry":{"type":"LineString","coordinates":[[-122.13631853805281,37.820983754400963],[-122.13624036118422,37.820926244596549],[-122.13604982990408,37.820780635034211],[-122.13580351743141,37.820647768779359],[-122.1357429341372,37.820607648539287],[-122.13556258859155,37.820475524275125],[-122.13541361853187,37.820323096035246],[-122.13533158898485,37.820234717622114],[-122.13526800391828,37.82015762910298],[-122.13522042785803,37.820098235454211],[-122.13519999933716,37.820017188232377],[-122.13519853381995,37.819950660738257],[-122.13520196998476,37.819895159451633],[-122.13521448455765,37.819828440866715],[-122.1352318972973,37.819772744930781],[-122.13525155404689,37.819714644233684],[-122.13527166751396,37.819626379948744],[-122.13531316308043,37.819536424247396],[-122.13531537455913,37.819439826396625],[-122.13530598215114,37.819393472168557],[-122.13528605606425,37.819343942297735],[-122.13525569372294,37.819276113996501],[-122.13525405856851,37.819201887547919],[-122.13526413132696,37.819149899783518],[-122.13530145501596,37.819093039264835],[-122.13534150696236,37.81904781631463],[-122.13543632249181,37.818945074666793],[-122.13556235672266,37.818826379438782],[-122.13568209499503,37.818763574691097],[-122.13582480811087,37.818700595402262],[-122.13588657506693,37.818617170206643],[-122.13592423691735,37.818509089255855],[-122.13595045801158,37.818449766425438],[-122.13602616536215,37.818387571951227],[-122.13612508985558,37.818379646675908],[-122.13620837055264,37.818411247739654],[-122.13626423953322,37.818432216828853],[-122.13633001190257,37.818472810917321],[-122.13641054047037,37.81851817916538],[-122.13649345254508,37.81857679466372],[-122.13655555140367,37.8186406804668],[-122.13661806149014,37.818711620207196],[-122.13668040197879,37.818807527959947],[-122.13680055562965,37.819052266334921],[-122.13685877560198,37.81915329117345],[-122.13691169758292,37.81922676269064],[-122.13697996550694,37.819285584670418],[-122.1370776707237,37.81935063511564],[-122.13714116714874,37.81938295797584],[-122.1375487323639,37.819704735865336],[-122.13766408291396,37.819843872028748],[-122.13771821784796,37.819926127065592],[-122.13777888616009,37.820019917213713],[-122.13790177268689,37.820137577550661],[-122.13797341145607,37.820246430434764],[-122.13807867568626,37.820430863297339],[-122.13814422595777,37.820625787349535],[-122.1381927820652,37.820857176631357],[-122.13826655152283,37.821181267530669],[-122.13834515280161,37.821401627434547],[-122.13841726540299,37.821565934348044],[-122.13846449957823,37.821619664104198],[-122.13855024832405,37.821698889734563],[-122.13858721059295,37.82184319424389],[-122.13863668543286,37.821998564176205],[-122.13868344341216,37.822125750256852],[-122.13872968008688,37.822216811624571],[-122.13879967523201,37.822369781408611],[-122.13885077751327,37.822454084036572],[-122.13895318758946,37.822631878184211],[-122.13895833551852,37.822692405939613],[-122.13875377030827,37.822539362824791],[-122.13859155056571,37.822411562876802],[-122.13819992521675,37.822223163812993]]},"properties":{"LENGTH_MILES":0.62689154999999996,"GLOBALID":"{A2B6F203-FE80-42BC-BF8C-35175494C0DF}","MILE":0.76000000000000001,"ELEVATION_GAIN":34,"HOUR":0.29999999999999999,"SHAPE.LEN":3309.9872563384101,"OBJECTID":16,"SURFACE_TY":"Dirt","TRAIL_NAME":"Riche Loop Trail","TRAIL_TYPE":"Hikers, Equestrians and Leashed Dogs","REGIONAL_TRAIL_NAME":null,"WIDTH":"Wide","TRAIL_NAME_1":"Riche Loop","TRAIL_START":"Valle Vista Staging","TRAIL_END":"Starting Point","DISTANCE":"0.76 Loop","DOG":"Yes","HORSE":"Yes","BICYCLE":"No","SUNEXPO":"Equal parts shade and sun","DIFFICULTY":"Easy","TRAIL_DESC":"This trail is a short, dog-friendly loop, accessible from the Valle Vista Staging Area. The trail passes through pasture and scrub habitat. It provides a view of the north shore of the Upper San Leandro Reservoir. ","WAY":"Loop","LABEL":"Riche Loop","DOG_PIC":"dog","HORSE_PIC":"horse","BIKE_PIC":"no-bike","SUN_PIC":"sunTree"}},{"type":"Feature","id":66,"geometry":{"type":"LineString","coordinates":[[-122.11284196211214,37.803256545336012],[-122.1118848126336,37.804050463502129],[-122.11178432910549,37.80420124046401],[-122.11168665837292,37.804430391235478],[-122.11160970837599,37.804583056062356],[-122.11149633976738,37.804782570341921]]},"properties":{"LENGTH_MILES":0.13064255,"GLOBALID":"{3C2E5E8E-79EE-40DE-A5C2-EAC81A948326}","MILE":7.25,"ELEVATION_GAIN":7,"HOUR":2.3999999999999999,"SHAPE.LEN":689.792619734396,"OBJECTID":66,"SURFACE_TY":"Dirt","TRAIL_NAME":"Rocky Ridge Trail","TRAIL_TYPE":"Hikers, Equestrians and Leashed Dogs","REGIONAL_TRAIL_NAME":null,"WIDTH":"Wide","TRAIL_NAME_1":"Rocky Ridge","TRAIL_START":"Valle Vista Staging","TRAIL_END":"Las Trampas","DISTANCE":"7.25","DOG":"Yes","HORSE":"Yes","BICYCLE":"No","SUNEXPO":"Equal parts shade and sun","DIFFICULTY":"Difficult","TRAIL_DESC":"This is a fairly strenuous hike through scenic countryside. The trail begins at the Valle Vista Staging Area and ends at Las Trampas Park on Rocky Ridge. The trail is also accessible from the Rancho Laguna trailhead. There are a number of loops to choose from along the trail that will extend the length of your adventure. ","WAY":null,"LABEL":"Rocky Ridge","DOG_PIC":"dog","HORSE_PIC":"horse","BIKE_PIC":"no-bike","SUN_PIC":"sunTree"}},{"type":"Feature","id":22,"geometry":{"type":"LineString","coordinates":[[-122.07336635183307,37.749146713585979],[-122.0734048677748,37.749368288255795],[-122.073409450968,37.749578185440591],[-122.0734031803696,37.74963113115475],[-122.07335592581916,37.74969825045428],[-122.07330020427655,37.749761172522661],[-122.07327490834741,37.749823370285398],[-122.07327132034452,37.7498740525117],[-122.07327795015291,37.749902492900695],[-122.07329589873434,37.749937263322245],[-122.07331669228276,37.749951651193065],[-122.07339661159185,37.74996697001847],[-122.07354630346543,37.749998009730277],[-122.07361288143483,37.75004326912493],[-122.07375962071559,37.75015255238575],[-122.07397796824452,37.750294527502284],[-122.07415042885832,37.750393166511408],[-122.07440926757039,37.750527732261567],[-122.07483874469486,37.750715638719669],[-122.0750003681795,37.750874163671135],[-122.07502281771687,37.751070886792995],[-122.07497355789492,37.751157853625905],[-122.07496576758255,37.751171238116981],[-122.07488424357457,37.751283171936031],[-122.07483950168951,37.751343632916488],[-122.07479024262594,37.751430600554471],[-122.07475046473813,37.751548139467204],[-122.07474455677402,37.751682471284674],[-122.07481590745614,37.751737969196142],[-122.07485539513377,37.751756828174088],[-122.07499135854388,37.751764590573167],[-122.07508998481966,37.751715528190346],[-122.07516730333066,37.751691147592737],[-122.07535542752666,37.751630951692007],[-122.07556685625592,37.751527868667658],[-122.07577127475069,37.751461274104599],[-122.07595427764748,37.751445093442541],[-122.07609966885414,37.751490530318279],[-122.0761983815563,37.751577792316418],[-122.07624372283183,37.751676755899354],[-122.07626637165963,37.751725207500243],[-122.07631583082312,37.751936731152135],[-122.07632367309402,37.752143318852426],[-122.07628373329929,37.752421273108489],[-122.07631836896275,37.752586301437468],[-122.07636269546538,37.752718925120305],[-122.07641716851245,37.752926318317385],[-122.07645675564582,37.753008763029818],[-122.07650928572791,37.753333282387956],[-122.07648999793406,37.753526334361815],[-122.07600726390858,37.754187689791976],[-122.07603259458564,37.754240225661754],[-122.07612980861916,37.754256780309717],[-122.07623096240998,37.754214224738988],[-122.07692653714749,37.753805958054144],[-122.07730119778516,37.753635434925258],[-122.07730619707714,37.753639482711684],[-122.07740885291484,37.753722595180967],[-122.07782968972899,37.753828205530148],[-122.07839999199577,37.754048546253088],[-122.07891512208882,37.754176811190071],[-122.07939045614403,37.754456108930853],[-122.07944416175499,37.754509056870468],[-122.07946277628557,37.754652326055201],[-122.07943255318118,37.754756106674954],[-122.07971324404248,37.755124154134862],[-122.07973572940348,37.755345774952069],[-122.07968928399951,37.755461637723947],[-122.07951198572744,37.755672692675304],[-122.07837758869259,37.755734811432454],[-122.07832245618687,37.755783107514553],[-122.07853925555274,37.756080195394453],[-122.07877713186539,37.756234722869351],[-122.07900499659304,37.756322363901745],[-122.07888826635916,37.756346268326283],[-122.07872290561549,37.756709245270933],[-122.07865173793334,37.757348815563262],[-122.07870114985727,37.757395022102031],[-122.0787638740368,37.757415981869087],[-122.07894472379235,37.757310108935904],[-122.07905823004496,37.757047879424505],[-122.07914166541443,37.756983732715113],[-122.07932507527609,37.756962805964008],[-122.07940366861429,37.756998145214006],[-122.07950370525131,37.757209508805111],[-122.07957282660873,37.7574649937443],[-122.07959596338583,37.757534874939836],[-122.07970407713607,37.757621750350431],[-122.07978283763191,37.757583612921351],[-122.07995227231832,37.757172763489208],[-122.0802084326951,37.756935858877164],[-122.08025267197341,37.756819902051639],[-122.08036465703324,37.756717456297721],[-122.08052088648031,37.756661800078035],[-122.08094382494187,37.756640133069759],[-122.08109506561071,37.756604490159233],[-122.08113031656852,37.756687274478665],[-122.08112063665111,37.756801392878224],[-122.08103353025213,37.756935093971762],[-122.08077056327841,37.757095870756032],[-122.08071824883638,37.757238715826588],[-122.08061221921611,37.757611552330999],[-122.08072238863667,37.757761053243804],[-122.08077700670505,37.758001453773254],[-122.08093466039563,37.758057207170395],[-122.08115519375755,37.758193632991663],[-122.08136477565127,37.758215617553162],[-122.08149955606552,37.757998131126193],[-122.08179576810035,37.758083864783714],[-122.08195462078064,37.758247960628722],[-122.08219589979204,37.758587820336921],[-122.08269680242469,37.758908946013278],[-122.08289767733196,37.759099909424293],[-122.08289757541584,37.7591390238073],[-122.08260479898348,37.759461905290408],[-122.08238595542295,37.759577942591079],[-122.08237386274571,37.75968220232744],[-122.08274481458875,37.759618138983349],[-122.08283712889805,37.759638249589585],[-122.08335017887008,37.759989091874949],[-122.08334999175781,37.760182748986047],[-122.08323333516277,37.760356644666778],[-122.08307614695103,37.760498992526564],[-122.0830821373532,37.760590264364538],[-122.08300991226054,37.760704148716876],[-122.08301996448793,37.760811478725145],[-122.0831824125848,37.760781795303764],[-122.08341732537953,37.760751110270022],[-122.08354922519034,37.760779671301314],[-122.08381209212148,37.760940034134606],[-122.0841294443036,37.761019338417249],[-122.08421660431675,37.761115795854934],[-122.08416287554844,37.761291095933849],[-122.08404577404424,37.761417927224528],[-122.08397309954383,37.761559947878546],[-122.08390175622606,37.761654849714994],[-122.08386758968751,37.761799946649553],[-122.08382621341779,37.761905940933055],[-122.08364443554738,37.762003199680905],[-122.08369868988919,37.762087078744536],[-122.08367779178209,37.762461062902204],[-122.08420332969186,37.762584431824095],[-122.08503808674313,37.762478373481564],[-122.08532314282878,37.762608445866817],[-122.08529214149544,37.762722922521732],[-122.08467598774118,37.76278764643304],[-122.08456148786183,37.763089364457741],[-122.08495674041595,37.763798279204359],[-122.08480003070125,37.763882738657315],[-122.08465820801422,37.764035629110282],[-122.08477855264825,37.764242657362352],[-122.08473651688355,37.764429964226409],[-122.08506818612314,37.764599783401977],[-122.08508029329485,37.764860872815106],[-122.08500446012437,37.765046395753515],[-122.08482202854152,37.765174226864588],[-122.08463348370685,37.765344907947686],[-122.08452761220457,37.765633297872206],[-122.08412922730272,37.765879831225099],[-122.08379492196084,37.765968877314755],[-122.08368053545563,37.766340153984999],[-122.0834815949005,37.76642142919868],[-122.08313918583234,37.76659863619772],[-122.08296142882891,37.766605275061558],[-122.08272372752617,37.76651480320492],[-122.08239785333897,37.766472329705408],[-122.08201763861905,37.766553055586336],[-122.0819605983022,37.766626693234834],[-122.08172332260266,37.766702125840744],[-122.08130010946486,37.7667330903653],[-122.08106770623515,37.766758978208351],[-122.08096518988981,37.766689009430166],[-122.08079160512247,37.766718142332991],[-122.08073411149898,37.766785050194436],[-122.08077218168673,37.766809932492862],[-122.08089759274905,37.7669216243874],[-122.08119722474162,37.766938398881976],[-122.08130849071081,37.76696421862087],[-122.08147959618915,37.766982362323475],[-122.08163105621597,37.766967827549038],[-122.08172472403804,37.76704789210951],[-122.08178964779593,37.767120439156876],[-122.08196999680648,37.767205174434686],[-122.08213660279092,37.76730506483139],[-122.08228537724938,37.767604316885595],[-122.08277861071142,37.767895678399903],[-122.08300443967607,37.767907350164954],[-122.0831759281228,37.767852043727238],[-122.08327862168463,37.767731381794448],[-122.08345270882356,37.767707267867912],[-122.08358619087065,37.767676182616263],[-122.08372710843533,37.767579873326817],[-122.08386296005246,37.767524331833592],[-122.08405705658542,37.767523475586749],[-122.08429056734887,37.767399241620353],[-122.08445586796044,37.767352767598602],[-122.08484211320658,37.767466885954455],[-122.08504299105161,37.767418508949469],[-122.08522711502739,37.767250584850856],[-122.08543260664855,37.767160083555396],[-122.08551725474706,37.767209119732499],[-122.08557360406063,37.767245996877151],[-122.08569205160143,37.767319064570763],[-122.08573822994377,37.767348720497786],[-122.08580416457588,37.767402642866955],[-122.0858595724488,37.767430024420143],[-122.08597973850982,37.767344077327145],[-122.08603207828233,37.767220049584665],[-122.08608175755508,37.767164102287538],[-122.08611685185804,37.767067646787929],[-122.08628468194522,37.766929144070552],[-122.08639040419365,37.766865599956532],[-122.08638103848914,37.766666509568729],[-122.08658026723748,37.76655770236475],[-122.08664882112745,37.76649801598478],[-122.08676242349905,37.766390336639184],[-122.08682143154367,37.766367859530483],[-122.08699179380108,37.766396798417588],[-122.08722276311617,37.766644759587194],[-122.08723428221774,37.766782697148763],[-122.08718846752598,37.766951511707362],[-122.08718946339543,37.767125313787666],[-122.0871958318029,37.767576913986211],[-122.08716212331228,37.767727230525857],[-122.08704701933142,37.767844396197638],[-122.08697115263688,37.768037828446673],[-122.08690858236979,37.768236047022341],[-122.0869017781655,37.768308647631905],[-122.08681734409825,37.768461204996242],[-122.08625068085775,37.768797985068474],[-122.08611908779214,37.768877122891702],[-122.08595276750984,37.769062315583177],[-122.08558396159512,37.769144865638594],[-122.08553001807941,37.769202259624187],[-122.08540120326126,37.769441211171134],[-122.08541111795974,37.769586558975561],[-122.08549698527874,37.769606265918199],[-122.08564327888186,37.76961438126812],[-122.08574537161782,37.769679103409743],[-122.08592883038656,37.769865543364475],[-122.08586811791383,37.77022553198023],[-122.0857420363313,37.770403180955213],[-122.08550097088813,37.77061445844938],[-122.08535802312136,37.770700541888395],[-122.0853850995519,37.77075748958557],[-122.08512785467708,37.77093009530261],[-122.08489115889131,37.771022246367892],[-122.08414692373262,37.771248753799206],[-122.08394784465334,37.771298891023193],[-122.08432434134998,37.771450511446197],[-122.08451253082389,37.771724198626124],[-122.08454141353072,37.771842363987922],[-122.08428910235857,37.772278116013091],[-122.08416032019875,37.772388990325325],[-122.08391604997792,37.772478544852305],[-122.08342922583367,37.772666564280868],[-122.08329898325361,37.772783367022782],[-122.08332253626709,37.772915526197764],[-122.0836198227727,37.772997697193553],[-122.08388591216965,37.773015653802346],[-122.08371968216164,37.773240915353512],[-122.08364887420792,37.773422225055882],[-122.08353120150713,37.773501953182269],[-122.08329590564449,37.774081277265005],[-122.08312840786947,37.774455629686507],[-122.08282792945319,37.774559399894699],[-122.08310543299949,37.774592594138333],[-122.08326404473704,37.774586577412684],[-122.08336189036297,37.774631270074792],[-122.08341094173164,37.774712075849187],[-122.08347333181491,37.77482684997991],[-122.083445565172,37.774924878591904],[-122.08338192196581,37.775017609933926],[-122.08333075277577,37.775119629545856],[-122.08329400839257,37.775354408469042],[-122.08333491473431,37.775447540639519],[-122.08331327719306,37.775523834795521],[-122.0833165990494,37.775724566092912],[-122.0830019313002,37.775915715022798],[-122.08285829969684,37.776343300329977],[-122.08275663957463,37.776409795374846],[-122.08250999686361,37.776610687614635],[-122.0823793212585,37.776793355071064],[-122.08208459152321,37.777044428349832],[-122.08135621279372,37.777347589951468],[-122.08133026206069,37.777455841561071],[-122.08118490016474,37.777471123812767],[-122.0810033381341,37.777643461791712],[-122.08088888478466,37.777764470032658],[-122.08058915847472,37.778018044938108],[-122.08051247622848,37.77813873203965],[-122.08041893992849,37.778465730334588],[-122.08041919516862,37.778874383919273],[-122.08032157958948,37.779186670422192],[-122.08012706343528,37.779403192991801],[-122.08010303149248,37.779410696384396],[-122.08007196847477,37.779498269755734],[-122.08009444019737,37.779622094654705],[-122.07991283518963,37.779974730038859],[-122.07980790815152,37.780047806760528],[-122.0793931639723,37.780128725255892],[-122.07921307645924,37.780160840562679],[-122.07916301800266,37.780213860974861],[-122.07907863461203,37.780287032239663],[-122.07894749460407,37.780382541159078],[-122.07889275462851,37.780442026853535],[-122.0787427367103,37.780655034035206],[-122.07873575007652,37.780745920771771],[-122.07863261603306,37.780818897602629],[-122.07833289557367,37.780890747474892],[-122.07806817305645,37.780911441782038],[-122.07774716283529,37.780958971774403],[-122.07758707196737,37.780925887848333],[-122.07731489286506,37.780923375466884],[-122.07712879752022,37.780974957169697],[-122.07706641364291,37.780928107937221],[-122.07694740656608,37.781007318904294],[-122.07678888190284,37.7810741456071],[-122.0767573278499,37.781206673281787],[-122.0766535718447,37.781221697091183],[-122.07669254808245,37.781323847130224],[-122.07666668511213,37.781334034501789],[-122.07644892163918,37.781221822077939],[-122.07640750051097,37.781257060450272],[-122.07625878568237,37.781336180380826],[-122.07598247946856,37.781332240384955],[-122.07586924448772,37.781402047931465],[-122.07584613023919,37.781462645013555],[-122.0759759655117,37.781550225730555],[-122.07602769448957,37.781644802524582],[-122.07607727365271,37.781683331890228],[-122.07606794178398,37.781821700048994],[-122.0763593703464,37.782029355442049],[-122.07639503243131,37.782108188344921],[-122.07638377032826,37.782241127644738],[-122.07623246469662,37.782413548023207],[-122.07628121466988,37.782492423163575],[-122.07646230320603,37.782589201093494],[-122.07648084044067,37.782686350009257],[-122.07643008884223,37.782749465979016],[-122.07641295955223,37.782939999892385],[-122.07634676150874,37.783084333416866],[-122.07634150844697,37.783294063515655],[-122.07628463480872,37.783440030478346],[-122.07614287649639,37.783320318406872],[-122.07607282748239,37.783190075566829],[-122.07604802824611,37.783097291690623],[-122.07597246485439,37.783168026744811],[-122.07584891888484,37.783225120671545],[-122.07591234637349,37.783485373351311],[-122.07589304504356,37.78353942212658],[-122.07578899693313,37.783615117431047],[-122.07570952346001,37.783713414991638],[-122.07573459632644,37.783862400253007],[-122.07574080369093,37.784073138698218],[-122.07577719955253,37.784255947929815],[-122.07588213684292,37.784462003720371],[-122.07545564555923,37.784225545106814],[-122.07536961037795,37.784160958187442],[-122.07523783050527,37.784061801315616],[-122.07502127568149,37.783977085019778],[-122.07501093326823,37.783993059155407],[-122.07504933447188,37.784024017180073],[-122.07519497052348,37.784172720230082]]},"properties":{"LENGTH_MILES":4.8499250400000005,"GLOBALID":"{6E5688F6-A2C7-4615-B55F-AD91300C94BE}","MILE":8.1600000000000001,"ELEVATION_GAIN":207,"HOUR":2.7000000000000002,"SHAPE.LEN":25607.603943073504,"OBJECTID":22,"SURFACE_TY":"Dirt","TRAIL_NAME":"Ramage Peak Trail","TRAIL_TYPE":"Hikers and Equestrians","REGIONAL_TRAIL_NAME":null,"WIDTH":"Narrow","TRAIL_NAME_1":"Ramage Peak","TRAIL_START":"Chabot Staging","TRAIL_END":"Rocky Ridge Loop Trail","DISTANCE":"8.16 One way","DOG":"No","HORSE":"Yes","BICYCLE":"No","SUNEXPO":"Equal parts shade and sun","DIFFICULTY":"Difficult","TRAIL_DESC":"This spectacular route passes through some of the most remote watershed lands in the East Bay. Start early and carry water. From Chabot Staging Area, cross the service road and follow the path above the Christmas tree farm. The trail zigzags along fire roads and narrow foot trails through ranch lands, old homesteads and a number of different ecosystems. The trail climbs up to Ramage Peak and connects to the Rocky Ridge Loop Trail. ","WAY":"One way","LABEL":"Ramage Peak","DOG_PIC":"no-dog","HORSE_PIC":"horse","BIKE_PIC":"no-bike","SUN_PIC":"sunTree"}},{"type":"Feature","id":29,"geometry":{"type":"LineString","coordinates":[[-122.20641153487624,37.911036049807542],[-122.20582712353243,37.910885004790039],[-122.20524617724871,37.910871198470979],[-122.20468756065699,37.910789850903925],[-122.20454843253475,37.910815078897748],[-122.20448799175581,37.91082297114724],[-122.20441696113276,37.910936224901384],[-122.20434847869167,37.911034759350407],[-122.20431619087994,37.91113822705227],[-122.20431026987818,37.911210631818413],[-122.20432091914904,37.911385663179331],[-122.20437635705287,37.911450261667277],[-122.20440547762306,37.911478218746048],[-122.20454824411286,37.911550034057406],[-122.20453775274603,37.911584132798239],[-122.2045247385046,37.91168936981127],[-122.20447559667602,37.911736758717311],[-122.20440325690124,37.911909571388485],[-122.20431937185619,37.911955329455715],[-122.20420622906764,37.912203790477434],[-122.2039618211672,37.912646155555414],[-122.20389233086975,37.912831289652502],[-122.20381216012133,37.912946615890235],[-122.20379389035216,37.912987298830089]]},"properties":{"LENGTH_MILES":0.27452719000000003,"GLOBALID":"{55BE8AF0-D274-4AAB-B3D4-4ED452DAA959}","MILE":3.8100000000000001,"ELEVATION_GAIN":44,"HOUR":1.3,"SHAPE.LEN":1449.5035744596701,"OBJECTID":29,"SURFACE_TY":"Dirt","TRAIL_NAME":"Bear Creek Trail","TRAIL_TYPE":"Hikers, Equestrians and Leashed Dogs","REGIONAL_TRAIL_NAME":"Mokelumne Coast to Crest/American Discovery","WIDTH":"Narrow","TRAIL_NAME_1":"Bear Creek","TRAIL_START":"Bear Creek Staging","TRAIL_END":"Briones Overlook Staging","DISTANCE":"3.81 One way","DOG":"No","HORSE":"Yes","BICYCLE":"No","SUNEXPO":"Full shade","DIFFICULTY":"Moderate","TRAIL_DESC":"At the Bear Creek Staging Area, head through the south gate and cross the creek to get on the trail. This trail traverses the southeast slopes of Briones Reservoir. It is moderately steep in a few sections, mostly forested, and botanically fascinating. If you hike past the Briones Overlook Staging Area, the trail continues downhill along the Briones Dam spillway to the Orinda Connector trail.","WAY":"One way","LABEL":"Bear Creek","DOG_PIC":"no-dog","HORSE_PIC":"horse","BIKE_PIC":"no-bike","SUN_PIC":"shade"}},{"type":"Feature","id":43,"geometry":{"type":"MultiLineString","coordinates":[[[-122.0913637241454,37.812834079815907],[-122.09183372332289,37.812651258042926],[-122.09199250327954,37.812388230690445],[-122.09276223510791,37.812201359258161],[-122.09292430265094,37.81209174790223],[-122.09321910053704,37.811857575049025],[-122.09358190792148,37.811637828317131],[-122.09378281327669,37.811535364320228],[-122.0938673632738,37.811419125721208],[-122.09403107451661,37.81138622100886],[-122.09423510833847,37.811429501504563],[-122.09456813224436,37.811624499685891],[-122.09469629873983,37.811737863047433],[-122.09479498161517,37.811894639637408]],[[-122.07932308912741,37.814454261888869],[-122.07974531313724,37.814448607892231],[-122.08036311579546,37.814812616072963],[-122.08047080983778,37.81546267013303],[-122.08024059466298,37.815670511008548],[-122.07994832349695,37.816270079623813],[-122.07997811906017,37.816567507706452],[-122.08068295444752,37.817712145175257],[-122.08022053049328,37.818034782051633],[-122.08004871048836,37.818781650862952],[-122.07989044283823,37.819062983575563],[-122.0798542195794,37.819566052061859],[-122.07965220159781,37.819996883335833],[-122.08021195325202,37.820938709640473],[-122.08044614576963,37.820916958143236],[-122.08081110769227,37.821526336005448],[-122.08121387676742,37.821707079279349],[-122.08115776943018,37.822377941660704],[-122.08100385936802,37.822863973474014],[-122.0811048321515,37.823197675304677],[-122.08161096584946,37.823823772617352],[-122.08159385022412,37.824121828913093],[-122.08214334460637,37.824579814664034],[-122.08268887901059,37.824851709825133],[-122.08296524103901,37.824606018282914],[-122.08389848291652,37.824351507599474],[-122.08442614585699,37.823785996227301],[-122.08488898469049,37.82348195201655],[-122.08566116790891,37.823378504729341],[-122.08638881604922,37.823387336084529],[-122.08739638908817,37.823317940044724],[-122.08778010178168,37.823703674077791],[-122.08853200956979,37.823749394031921],[-122.08953599901261,37.823512499779568],[-122.0896214686791,37.823120450069155],[-122.09015186981885,37.822685175334236],[-122.09023693774915,37.822274516318487],[-122.09134503136977,37.821421933725958],[-122.09143248500999,37.82112292644171],[-122.09154658751602,37.820972473753123],[-122.09156565741158,37.820767459748382],[-122.09158552519295,37.820599663298687],[-122.09150876539452,37.820302871354315],[-122.09151793236575,37.820174989751614],[-122.09141817837657,37.820006909313101],[-122.09118441788365,37.819605612754764],[-122.09117105074233,37.819430413816534],[-122.09127479318376,37.819337511570041],[-122.09140540654906,37.819152745672284],[-122.09141142002994,37.818984909915294],[-122.09120681117857,37.81840815530208],[-122.09091865907652,37.817969783182996],[-122.09048343402553,37.817396136482216],[-122.09045182940839,37.817266934751231],[-122.09062300113271,37.817180747576003],[-122.09191048314695,37.817155754838872],[-122.09289576248349,37.817730663361388],[-122.09311561255853,37.81777237615664],[-122.09324719573391,37.817633347323543],[-122.0932623272389,37.817442511581675],[-122.09356589615788,37.817255405995844],[-122.09367760917718,37.817086142902355],[-122.09375088179378,37.816917399068501],[-122.09370005346466,37.816788456952835],[-122.09357055030912,37.816576702121353],[-122.09351710548961,37.816325791961141],[-122.09355631359004,37.815913499953702],[-122.09366115237145,37.815780650595102],[-122.09367796031083,37.815759352779516],[-122.09393462291936,37.815626258633138],[-122.09421083209882,37.815508147227256],[-122.0943740197708,37.815498316947028],[-122.09454944014406,37.815610324432924],[-122.09465546894009,37.815624141272117],[-122.09483965580196,37.81551411484039],[-122.09497611897497,37.815337672398329],[-122.09502154237737,37.815215054813301],[-122.09494838455996,37.814941535999445],[-122.09452749929058,37.814588842623237],[-122.09443676363179,37.814391814800707],[-122.09428435747117,37.81420209524682],[-122.0941153926983,37.813997244554812],[-122.0940307069569,37.81388541158681],[-122.09389737643991,37.813718994374746],[-122.09379241912355,37.813547176923912],[-122.09369797264337,37.81342291985559],[-122.09362259179238,37.813302170138996],[-122.09361689795703,37.813184242992108],[-122.09366629957749,37.813083555751128],[-122.09384803813316,37.812894903148994],[-122.09402058938345,37.812824784018773],[-122.09408606120024,37.812778705516187],[-122.09408706369953,37.812683569030888],[-122.09409957290221,37.812523689640827],[-122.09411216661772,37.812382718883619],[-122.09416583046364,37.812280465268643],[-122.09423396814492,37.812171677290735],[-122.09430704529565,37.812090379746174],[-122.09440516986329,37.811945889990668],[-122.0944926856646,37.81181915117741],[-122.09460030990789,37.811813209391367],[-122.09472089314262,37.811853789124804],[-122.09478073285527,37.811900285166402],[-122.09480177647549,37.811916636817102]]]},"properties":{"LENGTH_MILES":2.7352271099999999,"GLOBALID":"{10F76CFA-48EA-430F-BEA3-A455DD89C6EE}","MILE":3.5600000000000001,"ELEVATION_GAIN":189,"HOUR":1.2,"SHAPE.LEN":14441.999271086499,"OBJECTID":43,"SURFACE_TY":"Dirt","TRAIL_NAME":"Carr Ranch Loop Trail","TRAIL_TYPE":"Hikers, Equestrians and Leashed Dogs","REGIONAL_TRAIL_NAME":null,"WIDTH":"Wide","TRAIL_NAME_1":"Carr Ranch Loop","TRAIL_START":"Rocky Ridge Trail ","TRAIL_END":"Starting point","DISTANCE":"3.56 Loop","DOG":"Yes","HORSE":"Yes","BICYCLE":"No","SUNEXPO":"Equal parts shade and sun","DIFFICULTY":"Moderate","TRAIL_DESC":"The loop is accessible from the Rocky Ridge Trail, approximately 2.3 miles from the Rancho Laguna trailhead. The loop passes through a range of ecosystems including live oak woodlands, riparian woodlands along Buckhorn Creek, coastal scrub and annual grasslands. The trail follows a rolling ridge line before reconnecting with the Rocky Ridge Trail. Dogs are allowed on this trail. ","WAY":"Loop","LABEL":"Carr Ranch Loop","DOG_PIC":"dog","HORSE_PIC":"horse","BIKE_PIC":"no-bike","SUN_PIC":"sunTree"}},{"type":"Feature","id":67,"geometry":{"type":"LineString","coordinates":[[-122.21559928284842,37.988984776895819],[-122.21553207043384,37.98897251079854],[-122.21540626177413,37.988886932000035],[-122.21507104644226,37.988573963347406],[-122.21495491147178,37.9884723521726],[-122.21482004944806,37.988429281028118],[-122.21463066131804,37.988432866637133],[-122.21448385805952,37.988423055392012],[-122.21434020789413,37.988397169693776],[-122.21420250987543,37.988355712359919],[-122.2140880831618,37.988306834547217],[-122.21398713551781,37.988273553680571],[-122.21387010687434,37.988255356596966],[-122.21375086193983,37.988256814716223],[-122.21363796230962,37.988276964081166],[-122.21359664598867,37.988301540389834],[-122.2135455235869,37.988323445446909],[-122.2134907005241,37.988338750105854],[-122.21327735418711,37.988401654863516],[-122.21316442556322,37.988435430304975],[-122.21308345383206,37.98844624570188],[-122.21302173745836,37.988411785522203],[-122.21296408462992,37.988377266438874],[-122.21281436761605,37.988225158726493],[-122.21268960144833,37.98809840248645],[-122.21265172572136,37.988041096243606],[-122.21261687104243,37.987938749683039],[-122.212581198062,37.987801061499511],[-122.21255003212912,37.987682590581777],[-122.21251510231846,37.987577030713908],[-122.2124684406155,37.987490926924707],[-122.2124218532569,37.987408033697797],[-122.21237541120151,37.987331567971403],[-122.21234115155475,37.987254925791788],[-122.21231974060503,37.987207024968207],[-122.2122987505217,37.987136057909581],[-122.21228550257722,37.987084922721266],[-122.2122066415251,37.986486953587907],[-122.21220190527276,37.986403980443868],[-122.212215041109,37.986329172321888],[-122.21224438888397,37.986257306828577],[-122.212301114276,37.98617221711708],[-122.21232248479969,37.986102705560278],[-122.21231276849154,37.986048696849522],[-122.21225717089733,37.986030241105425],[-122.21219860665408,37.986018896830885],[-122.21213852585083,37.986014940397766],[-122.21203457035547,37.986035281370143],[-122.21180833346921,37.986133091125133],[-122.21158311263275,37.986133446506287],[-122.2114536822527,37.986123189923376],[-122.2113415696255,37.986100710906612],[-122.21122511835537,37.986062382274717],[-122.21094951400592,37.985983216579484],[-122.21067058610186,37.985911712056854],[-122.21038867580761,37.985847952959837],[-122.21003780320639,37.985780174023795],[-122.20997284046705,37.985776115888605],[-122.20990856613534,37.985784614137287],[-122.20984880329759,37.985805166516307],[-122.20979534077514,37.985837927390456],[-122.20970742347072,37.985893360800766],[-122.20961061348677,37.985938572256181],[-122.20950679755036,37.985972677472652],[-122.20940505361177,37.985993951969327],[-122.20931544641277,37.986005440271803],[-122.2092247382011,37.986008197073701],[-122.2091342830881,37.986002186577615],[-122.20904833650796,37.985988123151451],[-122.20896795124608,37.985946350378732],[-122.20888475972117,37.9858895375652],[-122.20882077259739,37.985832722876779],[-122.2087620883415,37.985764971896081],[-122.20862781915453,37.985672501939888],[-122.20848206936427,37.98559164759741],[-122.20792027469402,37.985340415110265],[-122.2078444309784,37.98529319348183],[-122.20777908292951,37.985237392755842],[-122.20762881094701,37.984673326773368],[-122.20752754527277,37.984224070611468],[-122.20752271005711,37.984171584253076],[-122.20753803361792,37.98413468840927],[-122.20756552081556,37.984100039143634],[-122.20762921931873,37.984056496180663],[-122.20768816791308,37.984041156233111],[-122.20790067499156,37.983926159764565],[-122.20795119135629,37.983893144008533],[-122.20797621229639,37.983845218651489],[-122.20796987926929,37.983793606417649],[-122.20793393150859,37.983750578212778],[-122.20784418434394,37.983745568519211],[-122.2077329756743,37.983732361112367],[-122.20764531911712,37.9837162992456],[-122.20754563497853,37.983691641149051],[-122.20747819530784,37.983665740505188],[-122.20742507812139,37.983623871166664],[-122.20739208132133,37.983570596592372],[-122.20738274757066,37.983512713387967],[-122.2073325465817,37.983350245782667],[-122.20729315896197,37.983185923352217],[-122.20726469168494,37.983020191526172],[-122.2072516774425,37.982907591152497],[-122.20724644258577,37.98285331367088],[-122.20722684815979,37.982805189260361],[-122.20719105175041,37.982758709989454],[-122.20714598710261,37.98272287001344],[-122.20707384788548,37.98268972516923],[-122.20698863903831,37.982674487174791],[-122.20668902717934,37.982548344981147],[-122.20659368005093,37.982568090175853],[-122.20648267968369,37.98260035276509],[-122.20632561661253,37.982665518302809],[-122.2058263656665,37.98283615150951],[-122.20499802483651,37.983107660625386],[-122.20484755980637,37.983104978735682],[-122.2047273881083,37.983079116928266],[-122.20466673358347,37.983000444438233]]},"properties":{"LENGTH_MILES":0.97353429000000002,"GLOBALID":"{5A6A344A-78BC-4BB3-85BA-1AE64636235B}","MILE":2.96,"ELEVATION_GAIN":98,"HOUR":1,"SHAPE.LEN":5140.2610188952003,"OBJECTID":67,"SURFACE_TY":"Dirt","TRAIL_NAME":"Pinole Ridge Trail","TRAIL_TYPE":"Hikers and Equestrians","REGIONAL_TRAIL_NAME":"Bay Area Ridge Trail","WIDTH":"Wide","TRAIL_NAME_1":"Pinole Ridge","TRAIL_START":"Pereira","TRAIL_END":"Pinole Valley Multi-Use Trail at Fernandez Ranch access","DISTANCE":"2.96 One way","DOG":"No","HORSE":"Yes","BICYCLE":"No","SUNEXPO":"Mostly sun","DIFFICULTY":"Difficult","TRAIL_DESC":"From the Pereira trailhead, cross the creek and make a right at the trail junction. The single track trail continues up a steep hill through grasslands and coyote brush scrub to Pinole Peak. The trail has nice views of the Pinole Valley and the Bay. It continues along the Pinole Valley Multi-Use trail along the Bay Area Ridge Trail alignment. ","WAY":"One way","LABEL":"Pinole Ridge","DOG_PIC":"no-dog","HORSE_PIC":"horse","BIKE_PIC":"no-bike","SUN_PIC":"sun"}},{"type":"Feature","id":70,"geometry":{"type":"LineString","coordinates":[[-122.16480273160145,37.923115146551389],[-122.16484803273495,37.92318811623398],[-122.16486939256154,37.923310647394239],[-122.16476364723997,37.923405749382553],[-122.16430937464801,37.923729572829266],[-122.16366771600464,37.924196080290081]]},"properties":{"LENGTH_MILES":0.10384332,"GLOBALID":"{FDC10E5A-B3B4-4B7B-80A1-74C50760D18F}","MILE":3.8100000000000001,"ELEVATION_GAIN":13,"HOUR":1.3,"SHAPE.LEN":548.29272470259104,"OBJECTID":70,"SURFACE_TY":"Dirt","TRAIL_NAME":"Bear Creek Trail","TRAIL_TYPE":"Hikers and Equestrians","REGIONAL_TRAIL_NAME":"Mokelumne Coast to Crest/American Discovery","WIDTH":"Wide","TRAIL_NAME_1":"Bear Creek","TRAIL_START":"Bear Creek Staging","TRAIL_END":"Briones Overlook Staging","DISTANCE":"3.81 One way","DOG":"No","HORSE":"Yes","BICYCLE":"No","SUNEXPO":"Full shade","DIFFICULTY":"Moderate","TRAIL_DESC":"At the Bear Creek Staging Area, head through the south gate and cross the creek to get on the trail. This trail traverses the southeast slopes of Briones Reservoir. It is moderately steep in a few sections, mostly forested, and botanically fascinating. If you hike past the Briones Overlook Staging Area, the trail continues downhill along the Briones Dam spillway to the Orinda Connector trail.","WAY":"One way","LABEL":"Bear Creek","DOG_PIC":"no-dog","HORSE_PIC":"horse","BIKE_PIC":"no-bike","SUN_PIC":"shade"}},{"type":"Feature","id":17,"geometry":{"type":"LineString","coordinates":[[-122.13232480159182,37.822061542326274],[-122.13222929319983,37.822329315265662],[-122.13204818980307,37.822445511798065],[-122.13175782637485,37.822455474385301],[-122.13156017531556,37.822427779726333],[-122.1313179773542,37.822370659802374],[-122.13102288120828,37.822154264970834],[-122.1306272179512,37.822099911506484],[-122.13019783689469,37.821978645893651],[-122.12965059747984,37.821736086479838],[-122.12922978283862,37.821411372870593],[-122.12851508397738,37.821211838806789],[-122.12832159476247,37.820982816112242],[-122.12803029608556,37.820720481832133],[-122.12758726905312,37.820655844529185],[-122.12724359682096,37.820529843286387],[-122.12711127968458,37.82029122277325],[-122.12652265954581,37.819841938546645],[-122.12642900015977,37.819663170746495],[-122.12639423905804,37.819053565227208],[-122.12582849665615,37.818803993721986],[-122.1256105151617,37.818560539696229],[-122.12546595007447,37.818036768262232],[-122.12527767200315,37.817703597895658],[-122.12526210837018,37.81767663525217],[-122.12518743693373,37.817525265855288],[-122.12518994643834,37.817481375590027],[-122.1251039255676,37.817369999940041],[-122.12505792350068,37.817111798963623],[-122.12507510797766,37.81677858750615],[-122.12513281478556,37.816377948300214],[-122.12511439773388,37.816291613477901],[-122.12501949748945,37.816189994361991],[-122.12503690576938,37.814939281182426],[-122.12519124173917,37.814800274475687],[-122.12581342834555,37.814772324520384],[-122.12611911253479,37.814892494807239],[-122.12636743933365,37.815013318194971],[-122.12644521690251,37.815003365767652],[-122.1264806784888,37.81493922985522],[-122.1265582308781,37.81493123957307],[-122.12665013893599,37.814924533673725]]},"properties":{"LENGTH_MILES":0.86915183000000007,"GLOBALID":"{D70EDA0D-A4F6-4732-B68B-E102285042BE}","MILE":1.6799999999999999,"ELEVATION_GAIN":77,"HOUR":0.59999999999999998,"SHAPE.LEN":4589.1216840418301,"OBJECTID":17,"SURFACE_TY":"Dirt","TRAIL_NAME":"Rimer Creek Trail","TRAIL_TYPE":"Hikers and Equestrians","REGIONAL_TRAIL_NAME":null,"WIDTH":"Wide","TRAIL_NAME_1":"Rimer Creek","TRAIL_START":"Rocky Ridge Trail bridge ","TRAIL_END":"Starting point","DISTANCE":"1.68 Loop","DOG":"No","HORSE":"Yes","BICYCLE":"No","SUNEXPO":"Equal parts shade and sun","DIFFICULTY":"Moderate","TRAIL_DESC":"This trail starts just beyond the bridge that crosses Moraga Creek on Rocky Ridge Trail, approximately 0.4 miles from the Valle Vista Staging Area. It branches left (east) to parallel Rimer Creek through great birding habitat. The trail climbs uphill to reconnect with Rocky Ridge Trail. Make a right (west) on Rocky Ridge Trail to loop back to Valle Vista Staging Area, passing horse stables along the way. ","WAY":"Loop","LABEL":"Rimer Creek","DOG_PIC":"no-dog","HORSE_PIC":"horse","BIKE_PIC":"no-bike","SUN_PIC":"sunTree"}},{"type":"Feature","id":19,"geometry":{"type":"LineString","coordinates":[[-122.11149633976738,37.804782570341921],[-122.11147354758003,37.804822680445447],[-122.11155835397324,37.804895266897972],[-122.11158798826493,37.805013083786562],[-122.1119149944581,37.805750583962414],[-122.11191914632074,37.805964575302234],[-122.11188955531881,37.806049057616953],[-122.11177504887957,37.806197954368088],[-122.11156066326689,37.806277054186005],[-122.11143502798724,37.80632310409429],[-122.11138245126845,37.806345947627378],[-122.11134415827949,37.806367113587719],[-122.11130828405638,37.806419292224099],[-122.11128355515289,37.806454136239054],[-122.11137774414021,37.80683183337019],[-122.11134443355846,37.807198601233758],[-122.11119193606643,37.807629141917388],[-122.11113676974171,37.807798376541285],[-122.11112358031629,37.807882841828842],[-122.11110163166857,37.808221226515982],[-122.11106296752385,37.808355825924423]]},"properties":{"LENGTH_MILES":0.27165854,"GLOBALID":"{8FBAB23F-8E1C-4BF2-8ED1-ACFBF75CF804}","MILE":null,"ELEVATION_GAIN":20,"HOUR":null,"SHAPE.LEN":1434.3570923654299,"OBJECTID":19,"SURFACE_TY":"Dirt","TRAIL_NAME":"Rancho Laguna Connector","TRAIL_TYPE":"Hikers, Equestrians and Leashed Dogs","REGIONAL_TRAIL_NAME":null,"WIDTH":"Wide","TRAIL_NAME_1":"Rancho Laguna Connector","TRAIL_START":null,"TRAIL_END":null,"DISTANCE":null,"DOG":null,"HORSE":null,"BICYCLE":null,"SUNEXPO":null,"DIFFICULTY":null,"TRAIL_DESC":null,"WAY":null,"LABEL":"Rancho Laguna Connector","DOG_PIC":"no-dog","HORSE_PIC":"no-horse","BIKE_PIC":"no-bike","SUN_PIC":null}},{"type":"Feature","id":21,"geometry":{"type":"LineString","coordinates":[[-122.11341480068963,37.804011158346341],[-122.11372131473529,37.80372137727548],[-122.11389000324044,37.803487803249546],[-122.11415358309017,37.803345297067352],[-122.11432288577285,37.802941990902539],[-122.11456237771668,37.802760863646121],[-122.1149833000854,37.802260336976822],[-122.11518184783765,37.801905746516034],[-122.11542491220864,37.801501681525565],[-122.11580926416677,37.801239140988109],[-122.11585466255038,37.800876759949851],[-122.11601576980875,37.800717295856472],[-122.11630538534418,37.800465315615526],[-122.11659364260774,37.800359222812098],[-122.11736237137971,37.799949096464424],[-122.11760417586002,37.799681855935134],[-122.1178328783019,37.799545494136211],[-122.11811925671346,37.79950942347525],[-122.11829079580973,37.799364928123772],[-122.11871127517227,37.798706487763667],[-122.11917344247088,37.798165757666688],[-122.11944341378116,37.797931305242159],[-122.11955297991815,37.797671841992916],[-122.11982507784026,37.797443334111641],[-122.11982044240898,37.797236466403675],[-122.12041989945224,37.796572012012064],[-122.12070293077224,37.796123688693271],[-122.12095070250949,37.795929017463187],[-122.12136842406981,37.795751681446454],[-122.12171253544066,37.795863059604692],[-122.12207757449441,37.795893187811785],[-122.12269325890455,37.796300681907823],[-122.12270580716617,37.796580337381684],[-122.12277112275351,37.796692408885562],[-122.12293931201432,37.796726594897777],[-122.12317019394457,37.796634682682132],[-122.12329108720211,37.796647074894963],[-122.1238855305722,37.796898616675016],[-122.12397668615219,37.797228282634947],[-122.12389188026772,37.797497522999642],[-122.1239922782039,37.797795854488079],[-122.12423217013279,37.797696768190086],[-122.12435178263208,37.797733173064522],[-122.1244946770266,37.797976876227779],[-122.12449064977682,37.798316255324828],[-122.12469277857974,37.798711365271629],[-122.12500989497833,37.798614684765603],[-122.12529955221783,37.798476661741901],[-122.12544711313795,37.798476531205651],[-122.12557000925223,37.798560487972459],[-122.12565232122859,37.799114949045936],[-122.125878776408,37.799251372667634],[-122.12618977813021,37.799108861014545],[-122.12632102865733,37.79912600966658],[-122.12669366197674,37.799626002853316],[-122.12697731553332,37.800221683865452],[-122.12700965765717,37.800446595226987],[-122.1271369957756,37.800542354688915],[-122.12728951615749,37.800530935838751],[-122.12772756905798,37.800135699350449],[-122.12812360392721,37.799932394487954],[-122.12841940909269,37.799878249057066],[-122.12876048843231,37.799984694263969],[-122.12910797397015,37.800050134620577],[-122.12928453852572,37.800165997034362],[-122.12968145018647,37.800280171590693],[-122.12971297951346,37.80040584336178],[-122.12932041361968,37.800584198474702],[-122.1292364134336,37.800876409380379],[-122.12925232338941,37.801240200603068],[-122.12915365330772,37.801503434502095],[-122.12896858170028,37.802034981782612],[-122.1290565671617,37.802088706566259],[-122.12965483242654,37.801820725834887],[-122.12999551764982,37.801750782645776],[-122.13039151106601,37.801651088942272],[-122.13080474280513,37.801749289127706],[-122.13085243645341,37.801907755583706],[-122.13047135922051,37.802275260445107],[-122.13051200381261,37.802426164611425],[-122.1307772230282,37.802610365978246],[-122.13118862677617,37.80273737772103],[-122.13124398711862,37.802821095774647],[-122.13101819362417,37.803070837343007],[-122.13089179598759,37.803493863214669],[-122.13095296248845,37.803639932568565],[-122.13128068198431,37.803641418015047],[-122.13147138464684,37.803920485432094],[-122.13146951346341,37.804174814164512],[-122.13159753553667,37.804299640784812],[-122.13172793412369,37.80438989563018],[-122.13161390472712,37.804601334453828],[-122.13147526970627,37.804732270474986],[-122.13157858142749,37.804838743474775],[-122.13191215346335,37.804927824631186],[-122.13213941473497,37.805025589003407],[-122.13225204957445,37.805177024646625],[-122.13218480249239,37.805332561912046],[-122.13210115521125,37.805529836211662],[-122.13206662446849,37.805761293939774],[-122.1314911594405,37.806243139695262],[-122.13147409116779,37.806411615093531],[-122.13163972127644,37.806465630984377],[-122.13187912877207,37.806450645978629],[-122.13199103330197,37.806347941496966],[-122.13214918008914,37.806297603196029],[-122.13248790249828,37.806451932993312],[-122.13282192969081,37.806335072320891],[-122.13294293719422,37.806338740863318],[-122.13319378017822,37.80671052496627],[-122.13314319369101,37.806835284518584],[-122.13300142585395,37.807108750711457],[-122.13284523123608,37.80727584439078],[-122.13264135112796,37.807415219532807],[-122.13271741614992,37.807459389461883],[-122.13291525682835,37.807534626076027],[-122.13318253407691,37.807469515806567],[-122.13365276954194,37.807488594550328],[-122.13372757039303,37.807599988943139],[-122.13359982536564,37.80793815049045],[-122.13365494584929,37.808181266068246],[-122.13348816821784,37.808357410596969],[-122.13348340784567,37.808665911012717],[-122.13378389371883,37.808726167530523],[-122.13381611212846,37.80885273607506],[-122.13383719307286,37.809168488823374],[-122.13438695318669,37.809176720710838],[-122.13443086633444,37.809222748105512],[-122.13440574988073,37.809463824721284],[-122.13432312430348,37.809754048118023],[-122.13407314294223,37.810120665450491],[-122.13412141736693,37.810227394109482],[-122.13454106155503,37.810244896836089],[-122.13473066460615,37.810260011151939],[-122.13476299011211,37.810387109632728],[-122.13475683526825,37.81047678100537],[-122.13452551874209,37.810844709466259],[-122.13442322545144,37.811060531729652],[-122.13426219820346,37.811135830781375],[-122.1340432150562,37.811166456432559],[-122.13395177016751,37.811270868139182],[-122.13379576353368,37.811482367570981],[-122.13384437027963,37.811702186288031],[-122.13407100911998,37.811861642804516],[-122.13386352869804,37.812108809547695],[-122.13381017630698,37.81236013837232],[-122.13367495587012,37.812519177944544],[-122.13294284343381,37.812825901529258],[-122.13290426762207,37.813042309952607],[-122.13276891756111,37.813194669926872],[-122.1322697625002,37.813499260901935],[-122.13167671334996,37.813858343067032],[-122.13123152292781,37.814287005103402],[-122.13096692866378,37.814439750690291],[-122.13081241012864,37.814671483298163],[-122.13096597114732,37.815062419124857]]},"properties":{"LENGTH_MILES":3.1106462499999998,"GLOBALID":"{FB6DE2F1-254D-4374-AC6C-25145003B529}","MILE":4.6900000000000004,"ELEVATION_GAIN":57,"HOUR":1.6000000000000001,"SHAPE.LEN":16424.211662688598,"OBJECTID":21,"SURFACE_TY":"Dirt","TRAIL_NAME":"King's Canyon Loop Trail","TRAIL_TYPE":"Hikers, Equestrians and Leashed Dogs","REGIONAL_TRAIL_NAME":null,"WIDTH":"Wide","TRAIL_NAME_1":"Kings Canyon Loop","TRAIL_START":"Rocky Ridge Trail ","TRAIL_END":"Starting Point","DISTANCE":"4.69 Loop","DOG":"Yes","HORSE":"Yes","BICYCLE":"No","SUNEXPO":"Mostly shade","DIFFICULTY":"Moderate","TRAIL_DESC":"The King's Canyon Loop Trail is accessible from the Rocky Ridge Trail, 0.85 mile from the Valle Vista Staging Area. The trail goes through oak forests and skirts Upper San Leandro Reservoir. Loop back to the Valle Vista Staging area by following the Rocky Ridge Trail up and down a moderately steep hill to the starting point. Dogs are allowed on this trail. ","WAY":"Loop","LABEL":"Kings Canyon Loop","DOG_PIC":"dog","HORSE_PIC":"horse","BIKE_PIC":"no-bike","SUN_PIC":"shade"}},{"type":"Feature","id":23,"geometry":{"type":"LineString","coordinates":[[-122.06169481122339,37.79953532409516],[-122.06147230949928,37.799372423734596],[-122.06134517196372,37.79921136488494],[-122.06124394603451,37.799047901939645],[-122.06111843964291,37.798923215071568],[-122.06090095319136,37.798786698700376],[-122.06072472082407,37.798738629869845],[-122.06054478740117,37.798722058060569],[-122.06043778387811,37.798736520807878],[-122.06033151488874,37.798785994199328],[-122.06017964012959,37.798930145417444],[-122.05998339756542,37.799145611822269],[-122.05975626688695,37.799373845666068],[-122.05947797654673,37.799638463596807],[-122.05943838097112,37.799813402753863],[-122.05935720000058,37.799986145058426],[-122.05925813904322,37.800090457062751],[-122.05912807452223,37.800284445761484],[-122.05901033927782,37.800447370925596],[-122.05890497566129,37.800581292964949],[-122.0587854087005,37.800698234853229],[-122.05880487380449,37.800800978859399],[-122.05886901061267,37.800888025534434],[-122.05896446590576,37.80106530021326],[-122.05896524280186,37.801267172458928],[-122.05895448381933,37.801496665096835],[-122.05884161897592,37.801768020316317],[-122.05869662771954,37.801828304079201],[-122.05849258904531,37.801879068751752],[-122.05837798126561,37.801902556820927],[-122.05831451915765,37.801971376212649],[-122.05828668563679,37.802170879739386],[-122.05826304749669,37.80240534914266],[-122.05827018136959,37.802621557498355],[-122.05818835994714,37.80280529499403],[-122.05806835326129,37.802984042594225],[-122.05798422433799,37.803140342513231],[-122.05791200427673,37.803369273483455],[-122.05788385322073,37.803512473704011],[-122.05782425238091,37.803641669162062],[-122.05776073068077,37.80370774319649],[-122.05759770842656,37.803816330912781],[-122.05747688137021,37.803873547252003],[-122.05735505432389,37.804089398516254],[-122.05733291266212,37.804312861047968],[-122.05730951814503,37.804476598516793],[-122.05732487214729,37.804589697985314],[-122.05732998762043,37.804709798489391],[-122.05729711881068,37.80487572106788],[-122.05725874178894,37.805026609520077],[-122.05725651790702,37.805126894264049],[-122.05733107992326,37.805298265041962],[-122.05736082357225,37.805478467682292],[-122.05728718951147,37.805598922223766],[-122.05719621019486,37.805635143870653],[-122.0570952644867,37.805691410583826],[-122.05701620807046,37.805800948838765],[-122.0569084793034,37.806028974423917],[-122.05681531482814,37.80624994000285],[-122.05670245258263,37.806439579365545],[-122.05656977906909,37.806551198306124],[-122.05634219973764,37.806718316741716],[-122.05609271621331,37.806872677808769],[-122.05598369108536,37.806956517085268],[-122.05589577787306,37.807056557930679],[-122.05582008867773,37.807244331737024],[-122.05579245001179,37.807412245689669],[-122.05570556302678,37.807726515125019],[-122.0557179598902,37.8078224868663],[-122.05573624304742,37.807868939535958],[-122.05584335298563,37.808024088332324],[-122.0559498303425,37.808149031723808],[-122.05615263444156,37.808410039833994],[-122.0561870068414,37.80856340128976],[-122.05620770792764,37.808725184104389],[-122.05627294218603,37.808864404849842],[-122.05635946106641,37.809028064960707],[-122.05642111970377,37.809161840315426],[-122.05646870401594,37.809284813684698],[-122.05663528359453,37.809634193251966],[-122.05675036935966,37.809880563590042],[-122.05698957467287,37.810267437809536],[-122.05722614192425,37.810734687210953],[-122.05731211787968,37.810872260186557],[-122.05748500452182,37.811274429154246],[-122.05759228259771,37.81139592804405],[-122.05772629966968,37.811471752341639],[-122.05839828185792,37.811775999079607],[-122.05845178538964,37.811809626756308],[-122.05853140574006,37.811891662259264],[-122.05860318038596,37.812012255114688],[-122.05884631070658,37.812379160227991],[-122.05897309204833,37.812481172365359],[-122.05913488870817,37.812560747968661],[-122.05933842191729,37.812731786789563],[-122.05951446804208,37.812954001648613],[-122.05970097226691,37.813220712657994],[-122.05987575144077,37.813423716874681],[-122.06012453180379,37.813647029867468],[-122.06038685459595,37.813855742147361],[-122.06068930407811,37.814202631936901],[-122.06128306120563,37.814860162099492],[-122.06146394614477,37.814941542839549],[-122.06166636253113,37.814976630201386],[-122.06195029475629,37.815018877916778],[-122.06222424522976,37.815039283589812],[-122.06242648843637,37.815024931430756],[-122.06256415008259,37.815067741710813],[-122.0626252324425,37.815173366988645],[-122.06270159441311,37.815429172284944],[-122.06279244559005,37.815550883264748],[-122.06291613476623,37.815628898629591],[-122.06306676650289,37.815712050241622],[-122.06312409966624,37.815803992369887],[-122.06327111023069,37.816167354636796],[-122.06337770270964,37.816378811726494],[-122.06347490061944,37.816472971119467],[-122.06357300643995,37.816527977992507],[-122.06375962278453,37.816593484903457],[-122.06388821757757,37.81665770076053],[-122.06397194692556,37.816769892737142],[-122.06401533756073,37.816898412107996],[-122.06401355415146,37.817000747447658]]},"properties":{"LENGTH_MILES":1.64433765,"GLOBALID":"{7C318CA5-86AF-44E1-BC63-3A19C4E5E0B8}","MILE":4.2800000000000002,"ELEVATION_GAIN":278,"HOUR":1.4000000000000001,"SHAPE.LEN":8682.102705658961,"OBJECTID":23,"SURFACE_TY":"Dirt","TRAIL_NAME":"Rocky Ridge Loop Trail","TRAIL_TYPE":"Hikers and Equestrians","REGIONAL_TRAIL_NAME":null,"WIDTH":"Wide","TRAIL_NAME_1":"Rocky Ridge Loop","TRAIL_START":"Rocky Ridge Trail ","TRAIL_END":"Starting point","DISTANCE":"4.28","DOG":"No","HORSE":"Yes","BICYCLE":"No","SUNEXPO":"Mostly sun","DIFFICULTY":"Moderate","TRAIL_DESC":"This loop trail begins along Rocky Ridge Trail, approximately 3.5 miles from the Rancho Laguna Trailhead. However, more direct access is available via Las Trampas Park. This trail of unpaved fire roads offers a close-up view of Rocky Ridge and splendid views of the lands beyond. The trail is steep in multiple areas. ","WAY":null,"LABEL":"Rocky Ridge Loop","DOG_PIC":"no-dog","HORSE_PIC":"horse","BIKE_PIC":"no-bike","SUN_PIC":"sun"}},{"type":"Feature","id":72,"geometry":{"type":"LineString","coordinates":[[-122.17359575381296,37.92152054286155],[-122.17329153970877,37.921494454178259],[-122.17317894926055,37.921463263520842],[-122.17205541896924,37.921239682011745],[-122.17118585775965,37.921080319137772],[-122.16926338287193,37.920792207306455],[-122.16903898376108,37.920788996230456],[-122.16818987333149,37.920968053802284],[-122.16733603331107,37.921121564139156],[-122.16666026798637,37.921253328184825],[-122.16560292526442,37.9214293004529],[-122.16537452642898,37.921473554290529],[-122.16526745946476,37.921483855257129],[-122.1651858920047,37.921476213548466],[-122.16507566656581,37.921465828044639]]},"properties":{"LENGTH_MILES":0.47660086000000002,"GLOBALID":"{B5587D2A-8099-4460-90A9-CAEDFAE539B9}","MILE":3.8100000000000001,"ELEVATION_GAIN":14,"HOUR":1.3,"SHAPE.LEN":2516.4524744524001,"OBJECTID":72,"SURFACE_TY":"Dirt","TRAIL_NAME":"Bear Creek Trail","TRAIL_TYPE":"Hikers and Equestrians","REGIONAL_TRAIL_NAME":"Mokelumne Coast to Crest/American Discovery","WIDTH":"Wide","TRAIL_NAME_1":"Bear Creek","TRAIL_START":"Bear Creek Staging","TRAIL_END":"Briones Overlook Staging","DISTANCE":"3.81 One way","DOG":"No","HORSE":"Yes","BICYCLE":"No","SUNEXPO":"Full shade","DIFFICULTY":"Moderate","TRAIL_DESC":"At the Bear Creek Staging Area, head through the south gate and cross the creek to get on the trail. This trail traverses the southeast slopes of Briones Reservoir. It is moderately steep in a few sections, mostly forested, and botanically fascinating. If you hike past the Briones Overlook Staging Area, the trail continues downhill along the Briones Dam spillway to the Orinda Connector trail.","WAY":"One way","LABEL":"Bear Creek","DOG_PIC":"no-dog","HORSE_PIC":"horse","BIKE_PIC":"no-bike","SUN_PIC":"shade"}},{"type":"Feature","id":73,"geometry":{"type":"LineString","coordinates":[[-122.23336151518829,37.91083950213789],[-122.23316879631162,37.9107593183452],[-122.23296445570814,37.910766578323162],[-122.23258147023364,37.910766555875895],[-122.23218295657047,37.911049224273007],[-122.23209875912083,37.91116897305848],[-122.23209985950824,37.911231942448133],[-122.23203797716539,37.911516838121457],[-122.23204606330199,37.911761145966402]]},"properties":{"LENGTH_MILES":0.12380832,"GLOBALID":"{8BFA6580-364D-4FDC-BC97-3D5674B3C0CD}","MILE":1.98,"ELEVATION_GAIN":7,"HOUR":0.70000000000000007,"SHAPE.LEN":653.70793790700304,"OBJECTID":73,"SURFACE_TY":"Dirt","TRAIL_NAME":"Inspiration Trail","TRAIL_TYPE":"Hikers and Equestrians","REGIONAL_TRAIL_NAME":"Mokelumne Coast to Crest/American Discovery","WIDTH":"Narrow","TRAIL_NAME_1":"Inspiration","TRAIL_START":"Inspiration Point","TRAIL_END":"Old San Pablo Trail","DISTANCE":"1.98 One way","DOG":"No","HORSE":"Yes","BICYCLE":"No","SUNEXPO":"Mostly sun","DIFFICULTY":"Difficult","TRAIL_DESC":"The trail begins at Inspiration Point in Tilden Regional Park and drops down the broad shoulders of San Pablo Ridge through grassy pastures to the San Pablo Reservoir below. Use the pedestrian crosswalk at San Pablo Dam Road to connect with Old San Pablo Trail. ","WAY":"One way","LABEL":"Inspiration","DOG_PIC":"no-dog","HORSE_PIC":"horse","BIKE_PIC":"no-bike","SUN_PIC":"sun"}},{"type":"Feature","id":75,"geometry":{"type":"LineString","coordinates":[[-122.13285411269129,37.821798441514659],[-122.1326604585213,37.821897501524489],[-122.13232480159182,37.822061542326274]]},"properties":{"LENGTH_MILES":0.034172420000000002,"GLOBALID":"{88511C74-0FA6-409D-B73D-C025AEB9BFEB}","MILE":1.6799999999999999,"ELEVATION_GAIN":9,"HOUR":0.59999999999999998,"SHAPE.LEN":180.43037689634403,"OBJECTID":75,"SURFACE_TY":"Dirt","TRAIL_NAME":"Rimer Creek Trail","TRAIL_TYPE":"Hikers and Equestrians","REGIONAL_TRAIL_NAME":null,"WIDTH":"Narrow","TRAIL_NAME_1":"Rimer Creek","TRAIL_START":"Rocky Ridge Trail bridge ","TRAIL_END":"Starting point","DISTANCE":"1.68 Loop","DOG":"No","HORSE":"Yes","BICYCLE":"No","SUNEXPO":"Equal parts shade and sun","DIFFICULTY":"Moderate","TRAIL_DESC":"This trail starts just beyond the bridge that crosses Moraga Creek on Rocky Ridge Trail, approximately 0.4 miles from the Valle Vista Staging Area. It branches left (east) to parallel Rimer Creek through great birding habitat. The trail climbs uphill to reconnect with Rocky Ridge Trail. Make a right (west) on Rocky Ridge Trail to loop back to Valle Vista Staging Area, passing horse stables along the way. ","WAY":"Loop","LABEL":"Rimer Creek","DOG_PIC":"no-dog","HORSE_PIC":"horse","BIKE_PIC":"no-bike","SUN_PIC":"sunTree"}},{"type":"Feature","id":78,"geometry":{"type":"LineString","coordinates":[[-122.0654659903968,37.796705967233372],[-122.06514281235833,37.79737841030947],[-122.06504997167053,37.797602991629226],[-122.06502664421267,37.798025428763282],[-122.0649815783766,37.798085756850078],[-122.06480326294951,37.79815369884664],[-122.06398665873412,37.798062266370074],[-122.06314940710875,37.797857717478365],[-122.06280783004816,37.797852537421839],[-122.06251488890402,37.798032796684744],[-122.06218690468303,37.798465161824254],[-122.06181382115994,37.798649210454123],[-122.06164167307381,37.798854806617143],[-122.06170885338992,37.799200627006286],[-122.06169481122339,37.79953532409516]]},"properties":{"LENGTH_MILES":0.36588901000000001,"GLOBALID":"{B30E47F6-1FF1-4395-9438-5AA0152BDE12}","MILE":8.1600000000000001,"ELEVATION_GAIN":50,"HOUR":2.7000000000000002,"SHAPE.LEN":1931.8940041738399,"OBJECTID":78,"SURFACE_TY":"Dirt","TRAIL_NAME":"Ramage Peak Trail","TRAIL_TYPE":"Hikers and Equestrians","REGIONAL_TRAIL_NAME":null,"WIDTH":"Wide","TRAIL_NAME_1":"Ramage Peak","TRAIL_START":"Chabot Staging","TRAIL_END":"Rocky Ridge Loop Trail","DISTANCE":"8.16 One way","DOG":"No","HORSE":"Yes","BICYCLE":"No","SUNEXPO":"Equal parts shade and sun","DIFFICULTY":"Difficult","TRAIL_DESC":"This spectacular route passes through some of the most remote watershed lands in the East Bay. Start early and carry water. From Chabot Staging Area, cross the service road and follow the path above the Christmas tree farm. The trail zigzags along fire roads and narrow foot trails through ranch lands, old homesteads and a number of different ecosystems. The trail climbs up to Ramage Peak and connects to the Rocky Ridge Loop Trail. ","WAY":"One way","LABEL":"Ramage Peak","DOG_PIC":"no-dog","HORSE_PIC":"horse","BIKE_PIC":"no-bike","SUN_PIC":"sunTree"}},{"type":"Feature","id":79,"geometry":{"type":"LineString","coordinates":[[-122.07226095884747,37.79084009754159],[-122.07218056686249,37.790865717722902],[-122.07203188596088,37.791087722641969],[-122.07200807244404,37.791312445067739],[-122.07196788020866,37.791674320415879],[-122.0723425177063,37.791765017999829],[-122.07257981513132,37.791946257305881],[-122.07270914008423,37.792329809393514],[-122.07268091693463,37.792524365191021],[-122.07246058376047,37.792668359989406],[-122.07222282315017,37.792712597585719],[-122.07188348611002,37.792619639334511],[-122.07179831779359,37.792551197554126],[-122.07162675627815,37.792440333781997],[-122.07173576393845,37.792662507177447],[-122.07170683104562,37.792683943727233],[-122.07117195415339,37.792466021571329],[-122.07128232486974,37.792652907919653],[-122.07136387577511,37.792858721215602],[-122.0713907984622,37.792960371049901],[-122.07140076289696,37.793029419699721],[-122.07139995582294,37.79307488816297],[-122.07140854352571,37.793181266451235],[-122.07143605101842,37.793236327936391],[-122.07151125977339,37.793281011365892],[-122.0717055073752,37.793348133816963],[-122.07147983637333,37.793362501365237],[-122.07135112663011,37.793381583547919],[-122.07112582218336,37.793225911695394],[-122.07083603193234,37.793154678491696],[-122.07070600220317,37.793169005958489],[-122.07072716931812,37.793246354633659],[-122.0708715442273,37.793302899078377],[-122.07089108058167,37.793393601989877],[-122.07093742882806,37.793471282026346],[-122.07093006801678,37.793579934632035],[-122.07089183975872,37.793688820912131],[-122.07081247497553,37.79376875054578],[-122.07096132653895,37.793846506042541],[-122.0711019591575,37.793977892061619],[-122.07109265009686,37.79416851685739],[-122.07103943865566,37.794308485261645],[-122.07106214713393,37.79455730970205],[-122.07121699626586,37.794708363059584],[-122.07129563980465,37.794826431208051],[-122.07136172239302,37.794926085838014],[-122.07131927871953,37.794922383548517],[-122.0711760693559,37.79494250488424],[-122.07090043959737,37.79476049558312],[-122.07065243599396,37.794536980123219],[-122.07046873194625,37.794494576476474],[-122.07021504244381,37.794528255995182],[-122.07000114282967,37.79476251969168],[-122.06984352386921,37.794976568888238],[-122.06968053739139,37.794976604583177],[-122.06932484162252,37.794751191870503],[-122.06905952355065,37.794606028856933],[-122.06883506839074,37.794601495986576],[-122.06848754897752,37.794637752839485],[-122.06858128249699,37.794843711360876],[-122.0688358449609,37.794865566224793],[-122.06896028348442,37.794940705857421],[-122.0691189672947,37.795199663402293],[-122.06946425473831,37.795484037909361],[-122.06966926955799,37.795679767914088],[-122.06998280116953,37.795986810343919],[-122.07016411201973,37.796302609968329],[-122.07024274639149,37.796451446010494],[-122.07030241253683,37.796777284567433],[-122.07025135746095,37.796860368364221],[-122.07015423660503,37.796782154774121],[-122.06969712686214,37.796876916115309],[-122.06926254548327,37.796851063219755],[-122.06878247084148,37.796847481205255],[-122.0688393208743,37.796706473392234],[-122.06888050000221,37.796633567643525],[-122.06878408821765,37.79656550398839],[-122.06857053694341,37.796557568722527],[-122.06814527751317,37.796558413202405],[-122.06804899415829,37.796533070808294],[-122.06824948816164,37.796277227262046],[-122.06832807150805,37.796197412586125],[-122.0677771609504,37.796088439991287],[-122.06753543194959,37.796106613445104],[-122.06733042334871,37.79606537752057],[-122.06715823999244,37.79611333437439],[-122.06700260564584,37.796204270433272],[-122.06695787640855,37.79635000501905],[-122.06689948806391,37.79637785141329],[-122.06683728983187,37.796166641586929],[-122.06693964985411,37.795840763627211],[-122.06684659457314,37.795741061272615],[-122.06671591430327,37.795726040624629],[-122.06660116385505,37.795921178237542],[-122.06651353788128,37.795890086501082],[-122.06645697347473,37.795892196821264],[-122.06639462444616,37.796037198305527],[-122.06635468054952,37.796048383173847],[-122.06625272735711,37.795945413826679],[-122.06618968782377,37.795929393258881],[-122.06576419228359,37.796221913133962],[-122.06559563033628,37.796430436154495],[-122.0654659903968,37.796705967233372]]},"properties":{"LENGTH_MILES":1.36001134,"GLOBALID":"{F8C04024-83FB-4B4C-A69C-039336821733}","MILE":8.1600000000000001,"ELEVATION_GAIN":134,"HOUR":2.7000000000000002,"SHAPE.LEN":7180.8598355642498,"OBJECTID":79,"SURFACE_TY":"Dirt","TRAIL_NAME":"Ramage Peak Trail","TRAIL_TYPE":"Hikers and Equestrians","REGIONAL_TRAIL_NAME":null,"WIDTH":"Narrow","TRAIL_NAME_1":"Ramage Peak","TRAIL_START":"Chabot Staging","TRAIL_END":"Rocky Ridge Loop Trail","DISTANCE":"8.16 One way","DOG":"No","HORSE":"Yes","BICYCLE":"No","SUNEXPO":"Equal parts shade and sun","DIFFICULTY":"Difficult","TRAIL_DESC":"This spectacular route passes through some of the most remote watershed lands in the East Bay. Start early and carry water. From Chabot Staging Area, cross the service road and follow the path above the Christmas tree farm. The trail zigzags along fire roads and narrow foot trails through ranch lands, old homesteads and a number of different ecosystems. The trail climbs up to Ramage Peak and connects to the Rocky Ridge Loop Trail. ","WAY":"One way","LABEL":"Ramage Peak","DOG_PIC":"no-dog","HORSE_PIC":"horse","BIKE_PIC":"no-bike","SUN_PIC":"sunTree"}},{"type":"Feature","id":24,"geometry":{"type":"LineString","coordinates":[[-122.07415113374461,37.813372382748867],[-122.07379340887404,37.813357731071427],[-122.07375210085866,37.813248319519573],[-122.07370552779729,37.813094419086028],[-122.07379300750601,37.812973103525387],[-122.07385177540365,37.812887169826482],[-122.07392015118232,37.812671770474203],[-122.07396478078006,37.81242009588221],[-122.0738814785293,37.812294836606817],[-122.07371718288368,37.812176130599987],[-122.07350388461769,37.812155006584803],[-122.07336013012959,37.81215143171778],[-122.07330847013864,37.812082766568587],[-122.07333495433092,37.812025418327742],[-122.07336619149584,37.811926770998177],[-122.07346585107997,37.811749001990478],[-122.07354049832996,37.811595565074569],[-122.07359383705074,37.811354865738629],[-122.07358538657539,37.811263300961492],[-122.07345556391289,37.811223596226938],[-122.07326515503878,37.811182425891822],[-122.07271765464876,37.811084336221498],[-122.07258183569526,37.810931392787339],[-122.07259987486832,37.810665988233694],[-122.0726471264759,37.81043568322611],[-122.07256857902483,37.810276221401914],[-122.07239165740152,37.81015238317152],[-122.07211939408525,37.810047517696248],[-122.07193973371973,37.809995223295545],[-122.07168287368114,37.809784229563554],[-122.07150088286772,37.809695254543449],[-122.07116647150713,37.809501560500728],[-122.07079640834776,37.809539529237199],[-122.07064049108823,37.809446464992561],[-122.07064921976853,37.809368067738482],[-122.07065210227394,37.809190184874339],[-122.07061012569986,37.808883851206446],[-122.07040307580405,37.808451885700954],[-122.07019696637373,37.808228071878659],[-122.07008961739753,37.808117525062357],[-122.06988884827679,37.808015863389436],[-122.06973447947966,37.807940283091682],[-122.06952597707527,37.807903231594814],[-122.06946253710777,37.807894305534255],[-122.06929709805837,37.807966703691271],[-122.06923311325511,37.807965103889281],[-122.06919417668415,37.807847217243157],[-122.06911977067449,37.807766070117729],[-122.06915572352568,37.807584044492664],[-122.06923198608847,37.807506810656605],[-122.06934395163383,37.807360912655],[-122.06947481535114,37.806946313392196],[-122.06968576869873,37.806748400891742],[-122.06982381394407,37.806447281947484],[-122.06967646934929,37.806363400433675],[-122.06923339774738,37.806473863952462],[-122.06903186762096,37.806460450630404],[-122.06887009985358,37.806261406576958],[-122.06858890288474,37.806275742451007],[-122.06820005302289,37.806443368954966],[-122.06778506492861,37.806470308162062],[-122.06735044965335,37.805824327632628],[-122.06726064143518,37.805647651360438],[-122.0669502921743,37.805269722937062],[-122.06679313311049,37.804967262967722],[-122.06670947203484,37.80461249610093],[-122.06649260165258,37.804442192151363],[-122.06618129295114,37.804176864970735],[-122.06610804607938,37.80393824458212],[-122.06585994165975,37.803655132051077],[-122.06502317267189,37.803148966611175],[-122.06465811676782,37.803045318281512],[-122.06453544556852,37.803044297208487],[-122.06439326629835,37.802998830570651],[-122.06443260761516,37.802817794116493],[-122.06453322721433,37.802551218691377],[-122.06449753470758,37.80232074925231],[-122.06440750812438,37.801881563531964],[-122.06428003623432,37.801661694196525],[-122.06417856644408,37.801557962425086],[-122.06400284975972,37.801497051085718],[-122.06377558154679,37.80119323428243],[-122.06326549270324,37.800809594627239],[-122.06290999506935,37.800635253435125],[-122.06288786764216,37.800570697269499],[-122.06307838361957,37.800436783853939],[-122.06313708190824,37.800365017810137],[-122.06313603601188,37.800283669597391],[-122.0631170685507,37.800226152817558],[-122.06308958180895,37.800197530761515],[-122.0627913660918,37.799941058010582],[-122.06242372594612,37.799863950815833],[-122.06217140373782,37.799786807294659],[-122.06183753766071,37.799642943432232],[-122.06169478450353,37.79953529561223]]},"properties":{"LENGTH_MILES":1.46730793,"GLOBALID":"{5A1060F9-E572-4954-928E-C25491709483}","MILE":4.2800000000000002,"ELEVATION_GAIN":93,"HOUR":1.4000000000000001,"SHAPE.LEN":7747.3858364922999,"OBJECTID":24,"SURFACE_TY":"Dirt","TRAIL_NAME":"Rocky Ridge Loop Trail","TRAIL_TYPE":"Hikers and Equestrians","REGIONAL_TRAIL_NAME":null,"WIDTH":"Wide","TRAIL_NAME_1":"Rocky Ridge Loop","TRAIL_START":"Rocky Ridge Trail ","TRAIL_END":"Starting point","DISTANCE":"4.28","DOG":"No","HORSE":"Yes","BICYCLE":"No","SUNEXPO":"Mostly sun","DIFFICULTY":"Moderate","TRAIL_DESC":"This loop trail begins along Rocky Ridge Trail, approximately 3.5 miles from the Rancho Laguna Trailhead. However, more direct access is available via Las Trampas Park. This trail of unpaved fire roads offers a close-up view of Rocky Ridge and splendid views of the lands beyond. The trail is steep in multiple areas. ","WAY":null,"LABEL":"Rocky Ridge Loop","DOG_PIC":"no-dog","HORSE_PIC":"horse","BIKE_PIC":"no-bike","SUN_PIC":"sun"}},{"type":"Feature","id":25,"geometry":{"type":"LineString","coordinates":[[-122.21671051505989,37.904757442668362],[-122.21680334852348,37.904772719519279],[-122.21711980823595,37.904796135671383],[-122.21763114869307,37.90501494419145],[-122.21781201188891,37.905070845502422],[-122.21829153477456,37.905392025799117],[-122.21839649965588,37.905479118302587],[-122.21844175798603,37.905558322965526],[-122.21864464451583,37.905667072604935],[-122.21872615210179,37.905740804995546],[-122.21886687766272,37.905779147657093],[-122.21904239308756,37.905818495004432],[-122.21915452795044,37.905898661628861],[-122.21941439198461,37.905945565938012],[-122.2195696409736,37.905978115462446],[-122.22070089616858,37.906123398197415],[-122.22084084847204,37.906167157637768],[-122.22096042831325,37.906276266492853],[-122.22111109828451,37.906275927229416],[-122.22135334933918,37.906310425430938],[-122.22141519663255,37.906307152130701],[-122.22164000165496,37.906455609314698],[-122.22171057165495,37.906482172172929],[-122.22185893072157,37.906447541482777],[-122.22209162002713,37.906456243189588],[-122.22218440395066,37.90642057326702],[-122.22242594538329,37.906457674961963],[-122.22310871182243,37.906730573235379],[-122.22346740227562,37.906811087199387],[-122.22395773095684,37.906975341717313],[-122.22414768779282,37.906956645284609],[-122.2244161692345,37.906960339357305],[-122.22484965875246,37.906873497954713],[-122.2251747161033,37.906611590418734],[-122.22528335240548,37.906706222752966],[-122.22557453112223,37.906875470393707],[-122.22591651375302,37.907189134266325],[-122.22612303767201,37.907192471869607],[-122.22678301247225,37.907240676712505],[-122.22701478708409,37.907251570148553],[-122.2273948888752,37.907328329369193],[-122.22758941068028,37.90740513022304],[-122.22763806588112,37.907424340388438],[-122.22781480957181,37.907596247797386],[-122.22788528897449,37.907781632888664],[-122.22823101047433,37.908325933689362],[-122.22822720193405,37.908551479805503],[-122.22829264609767,37.908902086276427],[-122.22853734957654,37.909004413711436],[-122.22876097000392,37.909062851070921],[-122.22908282725821,37.909248737933837],[-122.22953431434054,37.909352636226714],[-122.22994153177004,37.909256789882392],[-122.23022937896374,37.909251099930266],[-122.2305059883155,37.909390658561641],[-122.23072700996717,37.909592326110662],[-122.23083054938016,37.909934585225926],[-122.23080174974977,37.91014475086353],[-122.23070647032227,37.910419826013111],[-122.23074594287925,37.910553645356707],[-122.23092977300909,37.910559879148906],[-122.23100588494805,37.910652591313223],[-122.23120705201102,37.910985518733895],[-122.23130997758871,37.911182665748747],[-122.23149833745362,37.911663343175988],[-122.2316050268454,37.911733218326539],[-122.23179370042655,37.911703884106188],[-122.23204606330199,37.911761145966402]]},"properties":{"LENGTH_MILES":1.1238580899999999,"GLOBALID":"{1DCF56B7-E59A-4140-9C7C-1798A7A5850A}","MILE":3.6000000000000001,"ELEVATION_GAIN":14,"HOUR":1.2,"SHAPE.LEN":5933.9709885485599,"OBJECTID":25,"SURFACE_TY":"Dirt","TRAIL_NAME":"Old San Pablo Trail","TRAIL_TYPE":"Hikers and Equestrians","REGIONAL_TRAIL_NAME":"Mokelumne Coast to Crest/American Discovery","WIDTH":"Narrow","TRAIL_NAME_1":"Old San Pablo","TRAIL_START":"San Pablo Boat Launch","TRAIL_END":"Kennedy Grove","DISTANCE":"3.6 One way","DOG":"Limited to Park Hours","HORSE":"Yes","BICYCLE":"Yes","SUNEXPO":"Equal parts shade and sun","DIFFICULTY":"Easy","TRAIL_DESC":"This was once the main road through the San Pablo Valley before the construction of the modern San Pablo Dam Road. Biking is allowed on the paved and gravel portions of the old roadbed. The trail takes a leisurely route along the west side of the San Pablo Reservoir.","WAY":"One way","LABEL":"Old San Pablo","DOG_PIC":"dog","HORSE_PIC":"horse","BIKE_PIC":"bike","SUN_PIC":"sunTree"}},{"type":"Feature","id":26,"geometry":{"type":"LineString","coordinates":[[-122.13631853805281,37.820983754400963],[-122.13604467543867,37.820933445578589],[-122.13593120629861,37.820899254066774],[-122.13579417656081,37.820818895722113],[-122.13554564906032,37.820793729989823],[-122.13529804956394,37.820843579467535],[-122.13508874542862,37.820928816867202],[-122.13476653397503,37.820954977918817],[-122.1346037355201,37.821021789213184],[-122.13451116944854,37.821112068362034],[-122.13442544879616,37.821343453166669],[-122.13443545543389,37.821455689770495],[-122.13435882639779,37.821564815562176],[-122.13405469293005,37.821676322403661],[-122.13392464353355,37.821765600017677],[-122.13377961750997,37.821941337376906],[-122.13348790281027,37.822060054803856],[-122.1331882368346,37.822132185411213],[-122.13299595515868,37.822144569882155]]},"properties":{"LENGTH_MILES":0.22851071000000001,"GLOBALID":"{8BE0E01D-5F16-4405-9AB6-67645A797473}","MILE":7.25,"ELEVATION_GAIN":13,"HOUR":2.3999999999999999,"SHAPE.LEN":1206.5365246575202,"OBJECTID":26,"SURFACE_TY":"Dirt","TRAIL_NAME":"Rocky Ridge Trail","TRAIL_TYPE":"Hikers, Equestrians and Leashed Dogs","REGIONAL_TRAIL_NAME":null,"WIDTH":"Narrow","TRAIL_NAME_1":"Rocky Ridge","TRAIL_START":"Valle Vista Staging","TRAIL_END":"Las Trampas","DISTANCE":"7.25","DOG":"Yes","HORSE":"Yes","BICYCLE":"No","SUNEXPO":"Equal parts shade and sun","DIFFICULTY":"Difficult","TRAIL_DESC":"This is a fairly strenuous hike through scenic countryside. The trail begins at the Valle Vista Staging Area and ends at Las Trampas Park on Rocky Ridge. The trail is also accessible from the Rancho Laguna trailhead. There are a number of loops to choose from along the trail that will extend the length of your adventure. ","WAY":null,"LABEL":"Rocky Ridge","DOG_PIC":"dog","HORSE_PIC":"horse","BIKE_PIC":"no-bike","SUN_PIC":"sunTree"}},{"type":"Feature","id":27,"geometry":{"type":"LineString","coordinates":[[-122.20375647653218,37.93825317187158],[-122.20364393554404,37.938503107603886],[-122.20350772145939,37.938687728729981],[-122.2033742727187,37.938804326367588],[-122.20326877052288,37.938929447745636],[-122.20325178444111,37.939020334497407],[-122.20325659236028,37.939116401369255],[-122.2032472028515,37.939236016216185],[-122.20320608727377,37.939295662877754],[-122.20303909139663,37.939423732262277],[-122.20301721168698,37.939469937636758],[-122.20301703702515,37.939532697835027],[-122.20303737004615,37.939577236829635],[-122.20307818794304,37.939615335634464],[-122.20314741553436,37.939645886933135],[-122.20324729347128,37.939654887894058],[-122.20338836966782,37.939681694463957],[-122.20348193736156,37.939716051659069],[-122.20356420338469,37.939786967256218],[-122.2037871309836,37.940092756213538],[-122.20403944550314,37.940465624065183],[-122.20406961849856,37.940528962183009],[-122.20408666813836,37.940586647425768],[-122.20409511379064,37.940654008913015],[-122.20409272841728,37.940713224340229],[-122.20407830122323,37.940915316360112],[-122.20404888216176,37.941031100059796],[-122.20401454516755,37.941121551341851],[-122.2039480410446,37.941170575783204],[-122.2038613922915,37.941210965718447],[-122.20375295330813,37.941246176398685],[-122.20362517677242,37.941345527358585],[-122.20356948167546,37.94141225195343],[-122.20356541941108,37.941461751035355],[-122.20358056615608,37.941517152330213],[-122.20363649927445,37.941574027386658],[-122.20373640189926,37.94161996831982],[-122.20399480065988,37.941695895433696],[-122.20411701783537,37.941749260501759],[-122.20415804423122,37.941787591132297],[-122.2041849799305,37.941848329232933],[-122.20417715678091,37.941956985188092],[-122.20414598411017,37.942048727247702],[-122.2041063485446,37.942122347634609],[-122.20405889680283,37.942183553888867],[-122.203993264362,37.942245388174733],[-122.20392529026668,37.942292931563202],[-122.20386343344015,37.942317857134192],[-122.20372974540727,37.942424158336181],[-122.20365548505194,37.942513124189205],[-122.20362962544674,37.942557444147795],[-122.20365096634529,37.942618251307813],[-122.20368452022052,37.942682314839573],[-122.20370970827949,37.942759545784007],[-122.20374943917808,37.942790561701834],[-122.20380089830756,37.942803551374972],[-122.20384427757087,37.942825319355691],[-122.20391134025732,37.942875297726438],[-122.20394213059576,37.942909178386579],[-122.20396926922889,37.942950920133462],[-122.20398620683372,37.942990449781114],[-122.20399603243553,37.943031461643677],[-122.20401335314681,37.943106059283679],[-122.20401119738007,37.943200850426415],[-122.20401986702534,37.943276260395244],[-122.20407222883506,37.943366145277714],[-122.20416729780739,37.943465716113202],[-122.20426641875804,37.943628403299606],[-122.20436174818401,37.943890025178668],[-122.20437337382153,37.943981925810895],[-122.20436847520143,37.944067426942418],[-122.20434859937977,37.944151554477926],[-122.20431413433451,37.944232675343109],[-122.20424045696647,37.944347039118192],[-122.20406591890018,37.944562424163969],[-122.20390201594154,37.944712424308278],[-122.2037836710746,37.944834464402646],[-122.20364782465961,37.944982953917368],[-122.20366133842728,37.945143004464093],[-122.20376335239047,37.945389499242495],[-122.20396624574292,37.945712855158341],[-122.20438911016007,37.946286123154835]]},"properties":{"LENGTH_MILES":0.66942131999999999,"GLOBALID":"{F168BFBC-8441-4351-BF17-DE7E637BB3F0}","MILE":0.67000000000000004,"ELEVATION_GAIN":71,"HOUR":0.20000000000000001,"SHAPE.LEN":3534.5444065131301,"OBJECTID":27,"SURFACE_TY":"Gravel","TRAIL_NAME":"Hampton Trail","TRAIL_TYPE":"Hikers, Equestrians and Leashed Dogs","REGIONAL_TRAIL_NAME":null,"WIDTH":"Wide","TRAIL_NAME_1":"Hampton","TRAIL_START":"Hampton Rd","TRAIL_END":"Oursan Trail","DISTANCE":"0.67 One way","DOG":"Yes","HORSE":"Yes","BICYCLE":"No","SUNEXPO":"Mostly shade","DIFFICULTY":"Moderate","TRAIL_DESC":"From the Hampton trailhead, follow the trail south along a shady hillside to connect with Oursan Trail. ","WAY":"One way","LABEL":"Hampton","DOG_PIC":"dog","HORSE_PIC":"horse","BIKE_PIC":"no-bike","SUN_PIC":"shade"}},{"type":"Feature","id":28,"geometry":{"type":"LineString","coordinates":[[-122.13122911729332,37.875500389630396],[-122.13115793849431,37.875390284213722],[-122.13061001302913,37.875224573051284],[-122.13018701547554,37.8752622417054],[-122.13008889565728,37.87526359660243],[-122.12975253366817,37.875183368836701],[-122.12960159344388,37.875217280134976],[-122.1294015166354,37.875248332447164],[-122.12927666670636,37.875219758141846]]},"properties":{"LENGTH_MILES":0.11525017,"GLOBALID":"{4EC2B978-A186-4AEA-A018-34B86EF4C3ED}","MILE":null,"ELEVATION_GAIN":22,"HOUR":null,"SHAPE.LEN":608.52087950895805,"OBJECTID":28,"SURFACE_TY":"Dirt","TRAIL_NAME":"None","TRAIL_TYPE":"Hikers and Leashed Dogs","REGIONAL_TRAIL_NAME":null,"WIDTH":"Wide","TRAIL_NAME_1":"None","TRAIL_START":null,"TRAIL_END":null,"DISTANCE":null,"DOG":null,"HORSE":null,"BICYCLE":null,"SUNEXPO":null,"DIFFICULTY":null,"TRAIL_DESC":null,"WAY":null,"LABEL":"None","DOG_PIC":"no-dog","HORSE_PIC":"no-horse","BIKE_PIC":"no-bike","SUN_PIC":null}},{"type":"Feature","id":82,"geometry":{"type":"LineString","coordinates":[[-122.13276222812787,37.820855355460267],[-122.13286405314581,37.820227042357487],[-122.13249725243126,37.818262802268521],[-122.13246358896146,37.816133814808779],[-122.13240261633065,37.815934195095707],[-122.13229008626253,37.815876105590654],[-122.13176747430424,37.815884945838071],[-122.13154245978366,37.815818899920188],[-122.13132562895711,37.815540033763867],[-122.13123212334992,37.815447227082338],[-122.13114681414804,37.815372065205068],[-122.13096597114732,37.815062419124857]]},"properties":{"LENGTH_MILES":0.45198989000000001,"GLOBALID":"{63FF32DD-CE50-4978-BDA4-90BCC2F3F327}","MILE":7.25,"ELEVATION_GAIN":8,"HOUR":2.3999999999999999,"SHAPE.LEN":2386.5066256731302,"OBJECTID":82,"SURFACE_TY":"Dirt","TRAIL_NAME":"Rocky Ridge Trail","TRAIL_TYPE":"Hikers, Equestrians and Leashed Dogs","REGIONAL_TRAIL_NAME":null,"WIDTH":"Wide","TRAIL_NAME_1":"Rocky Ridge","TRAIL_START":"Valle Vista Staging","TRAIL_END":"Las Trampas","DISTANCE":"7.25","DOG":"Yes","HORSE":"Yes","BICYCLE":"No","SUNEXPO":"Equal parts shade and sun","DIFFICULTY":"Difficult","TRAIL_DESC":"This is a fairly strenuous hike through scenic countryside. The trail begins at the Valle Vista Staging Area and ends at Las Trampas Park on Rocky Ridge. The trail is also accessible from the Rancho Laguna trailhead. There are a number of loops to choose from along the trail that will extend the length of your adventure. ","WAY":null,"LABEL":"Rocky Ridge","DOG_PIC":"dog","HORSE_PIC":"horse","BIKE_PIC":"no-bike","SUN_PIC":"sunTree"}},{"type":"Feature","id":84,"geometry":{"type":"LineString","coordinates":[[-122.1372936779471,37.821732084588653],[-122.13724778906037,37.821655100247128],[-122.13716267116997,37.821591534269174],[-122.13699658238436,37.821453327929177],[-122.13687809284345,37.82136256469829],[-122.13662706099042,37.821204336741054],[-122.13641628355037,37.82105565904439],[-122.13631853805281,37.820983754400963]]},"properties":{"LENGTH_MILES":0.074709109999999995,"GLOBALID":"{6B5A53E3-88E7-4155-81C9-0C559CA01431}","MILE":7.25,"ELEVATION_GAIN":6,"HOUR":2.3999999999999999,"SHAPE.LEN":394.46410831857605,"OBJECTID":84,"SURFACE_TY":"Dirt","TRAIL_NAME":"Rocky Ridge Trail","TRAIL_TYPE":"Hikers, Equestrians and Leashed Dogs","REGIONAL_TRAIL_NAME":null,"WIDTH":"Wide","TRAIL_NAME_1":"Rocky Ridge","TRAIL_START":"Valle Vista Staging","TRAIL_END":"Las Trampas","DISTANCE":"7.25","DOG":"Yes","HORSE":"Yes","BICYCLE":"No","SUNEXPO":"Equal parts shade and sun","DIFFICULTY":"Difficult","TRAIL_DESC":"This is a fairly strenuous hike through scenic countryside. The trail begins at the Valle Vista Staging Area and ends at Las Trampas Park on Rocky Ridge. The trail is also accessible from the Rancho Laguna trailhead. There are a number of loops to choose from along the trail that will extend the length of your adventure. ","WAY":null,"LABEL":"Rocky Ridge","DOG_PIC":"dog","HORSE_PIC":"horse","BIKE_PIC":"no-bike","SUN_PIC":"sunTree"}}]}